Workbook

Sheet Overview
B1: Loan ID | C1: Investuota | E1: Grąžinta | K1: Pinigai | O1: Grąžinta | Q1: Vertė
C2: Suma | D2: Data | E2: Data | F2: Laikas | G2: Paskola | H2: Palūkanos | I2: XIRR | K2: Įnešta | L2: Investuota | M2: Premijos | N2: Gryni | O2: Paskola | P2: Palūkanos | Q2: Viso | R2: Eur | S2: % | T2: XIRR
A3: 1 | B3: ='J035'!$B$1 -> J035 | C3: ='J035'!$B$10 -> 0.12 | D3: ='J035'!$B$7 -> 45769 | E3: =IF(C3=G3,'J035'!$B$9,"") | F3: ='J035'!$B$14 | G3: ='J035'!$B$11 -> 0 | H3: ='J035'!$B$12 -> 0 | I3: ='J035'!$B$13 | K3: =Pinigai!F2 -> 550 | L3: =SUM(C3:C201)-O3 -> 636.74 | M3: =Pinigai!H2 -> 84.49 | N3: =Q3-L3 -> 0.32 | O3: =SUM(G3:G201) -> 23.87 | P3: =SUM(H3:H201) -> 2.57 | Q3: =K3+M3+P3 -> 637.06 | R3: =Q3-K3 -> 87.06 | S3: =(Q3-K3)/Q3 -> 0.13665903 | T3: =XIRR(Pinigai!K2:K200,Pinigai!A2:A200) -> 0.12463425
A4: 2 | B4: ='J036'!$B$1 -> J036 | C4: ='J036'!$B$10 -> 0.62 | D4: ='J036'!$B$7 -> 45741 | E4: =IF(C4=G4,'J036'!$B$9,"") | F4: ='J036'!$B$14 | G4: ='J036'!$B$11 -> 0 | H4: ='J036'!$B$12 -> 0 | I4: ='J036'!$B$13
A5: 3 | B5: ='J037'!$B$1 -> J037 | C5: ='J037'!$B$10 -> 0.13 | D5: ='J037'!$B$7 -> 45769 | E5: =IF(C5=G5,'J037'!$B$9,"") | F5: ='J037'!$B$14 | G5: ='J037'!$B$11 -> 0 | H5: ='J037'!$B$12 -> 0 | I5: ='J037'!$B$13
A6: 4 | B6: ='J038'!$B$1 -> J038 | C6: ='J038'!$B$10 -> 0.76 | D6: ='J038'!$B$7 -> 45741 | E6: =IF(C6=G6,'J038'!$B$9,"") -> 45996 | F6: ='J038'!$B$14 -> 255 | G6: ='J038'!$B$11 -> 0.76 | H6: ='J038'!$B$12 -> 0.11 | I6: ='J038'!$B$13 -> 0.21347175
A7: 5 | B7: ='J039'!$B$1 -> J039 | C7: ='J039'!$B$10 -> 0.13 | D7: ='J039'!$B$7 -> 45769 | E7: =IF(C7=G7,'J039'!$B$9,"") | F7: ='J039'!$B$14 | G7: ='J039'!$B$11 -> 0 | H7: ='J039'!$B$12 -> 0 | I7: ='J039'!$B$13
A8: 6 | B8: ='J040'!$B$1 -> J040 | C8: ='J040'!$B$10 -> 21.51 | D8: ='J040'!$B$7 -> 45743.935 | E8: =IF(C8=G8,'J040'!$B$9,"") | F8: ='J040'!$B$14 | G8: ='J040'!$B$11 -> 0 | H8: ='J040'!$B$12 -> 0 | I8: ='J040'!$B$13
A9: 7 | B9: ='J041'!$B$1 -> J041 | C9: ='J041'!$B$10 -> 6.79 | D9: ='J041'!$B$7 -> 45762.969 | E9: =IF(C9=G9,'J041'!$B$9,"") -> 45995 | F9: ='J041'!$B$14 -> 232.03093 | G9: ='J041'!$B$11 -> 6.79 | H9: ='J041'!$B$12 -> 0.68 | I9: ='J041'!$B$13 -> 0.16198474
A10: 8 | B10: ='J042'!$B$1 -> J042 | C10: ='J042'!$B$10 -> 0.97 | D10: ='J042'!$B$7 -> 45807.031 | E10: =IF(C10=G10,'J042'!$B$9,"") | F10: ='J042'!$B$14 | G10: ='J042'!$B$11 -> 0 | H10: ='J042'!$B$12 -> 0 | I10: ='J042'!$B$13
A11: 9 | B11: ='J043'!$B$1 -> J043 | C11: ='J043'!$B$10 -> 1.09 | D11: ='J043'!$B$7 -> 45867 | E11: =IF(C11=G11,'J043'!$B$9,"") | F11: ='J043'!$B$14 | G11: ='J043'!$B$11 -> 0 | H11: ='J043'!$B$12 -> 0 | I11: ='J043'!$B$13
A12: 10 | B12: ='J044'!$B$1 -> J044 | C12: ='J044'!$B$10 -> 3.11 | D12: ='J044'!$B$7 -> 45742.733 | E12: =IF(C12=G12,'J044'!$B$9,"") -> 46169 | F12: ='J044'!$B$14 -> 426.26688 | G12: ='J044'!$B$11 -> 3.11 | H12: ='J044'!$B$12 -> 0.51 | I12: ='J044'!$B$13 -> 0.13885676
A13: 11 | B13: ='J046'!$B$1 -> J046 | C13: ='J046'!$B$10 -> 14.66 | D13: ='J046'!$B$7 -> 45744.046 | E13: =IF(C13=G13,'J046'!$B$9,"") | F13: ='J046'!$B$14 | G13: ='J046'!$B$11 -> 0 | H13: ='J046'!$B$12 -> 0 | I13: ='J046'!$B$13
A14: 12 | B14: ='J048'!$B$1 -> J048 | C14: ='J048'!$B$10 -> 6.88 | D14: ='J048'!$B$7 -> 45763.078 | E14: =IF(C14=G14,'J048'!$B$9,"") | F14: ='J048'!$B$14 | G14: ='J048'!$B$11 -> 0 | H14: ='J048'!$B$12 -> 0 | I14: ='J048'!$B$13
A15: 13 | B15: ='J049'!$B$1 -> J049 | C15: ='J049'!$B$10 -> 3.22 | D15: ='J049'!$B$7 -> 45771.37 | E15: =IF(C15=G15,'J049'!$B$9,"") | F15: ='J049'!$B$14 | G15: ='J049'!$B$11 -> 0 | H15: ='J049'!$B$12 -> 0 | I15: ='J049'!$B$13
A16: 14 | B16: ='J050'!$B$1 -> J050 | C16: ='J050'!$B$10 -> 5.12 | D16: ='J050'!$B$7 -> 45770.887 | E16: =IF(C16=G16,'J050'!$B$9,"") | F16: ='J050'!$B$14 | G16: ='J050'!$B$11 -> 0 | H16: ='J050'!$B$12 -> 0 | I16: ='J050'!$B$13
A17: 15 | B17: ='J051'!$B$1 -> J051 | C17: ='J051'!$B$10 -> 0.21 | D17: ='J051'!$B$7 -> 45769 | E17: =IF(C17=G17,'J051'!$B$9,"") -> 46099 | F17: ='J051'!$B$14 -> 330 | G17: ='J051'!$B$11 -> 0.21 | H17: ='J051'!$B$12 -> 0.03 | I17: ='J051'!$B$13 -> 0.15915793
A18: 16 | B18: ='J052'!$B$1 -> J052 | C18: ='J052'!$B$10 -> 14.66 | D18: ='J052'!$B$7 -> 45743.946 | E18: =IF(C18=G18,'J052'!$B$9,"") | F18: ='J052'!$B$14 | G18: ='J052'!$B$11 -> 0 | H18: ='J052'!$B$12 -> 0 | I18: ='J052'!$B$13
A19: 17 | B19: ='J053'!$B$1 -> J053 | C19: ='J053'!$B$10 -> 4.02 | D19: ='J053'!$B$7 -> 45743.786 | E19: =IF(C19=G19,'J053'!$B$9,"") | F19: ='J053'!$B$14 | G19: ='J053'!$B$11 -> 0 | H19: ='J053'!$B$12 -> 0 | I19: ='J053'!$B$13
A20: 18 | B20: ='J054'!$B$1 -> J054 | C20: ='J054'!$B$10 -> 5.6 | D20: ='J054'!$B$7 -> 45872.55 | E20: =IF(C20=G20,'J054'!$B$9,"") | F20: ='J054'!$B$14 | G20: ='J054'!$B$11 -> 0 | H20: ='J054'!$B$12 -> 0 | I20: ='J054'!$B$13
A21: 19 | B21: ='J055'!$B$1 -> J055 | C21: ='J055'!$B$10 -> 2.08 | D21: ='J055'!$B$7 -> 45806.019 | E21: =IF(C21=G21,'J055'!$B$9,"") | F21: ='J055'!$B$14 | G21: ='J055'!$B$11 -> 0 | H21: ='J055'!$B$12 -> 0 | I21: ='J055'!$B$13
A22: 20 | B22: ='J056'!$B$1 -> J056 | C22: ='J056'!$B$10 -> 5.01 | D22: ='J056'!$B$7 -> 45811.992 | E22: =IF(C22=G22,'J056'!$B$9,"") | F22: ='J056'!$B$14 | G22: ='J056'!$B$11 -> 0 | H22: ='J056'!$B$12 -> 0 | I22: ='J056'!$B$13
A23: 21 | B23: ='J057'!$B$1 -> J057 | C23: ='J057'!$B$10 -> 3.85 | D23: ='J057'!$B$7 -> 45804 | E23: =IF(C23=G23,'J057'!$B$9,"") | F23: ='J057'!$B$14 | G23: ='J057'!$B$11 -> 0 | H23: ='J057'!$B$12 -> 0 | I23: ='J057'!$B$13
A24: 22 | B24: ='J059'!$B$1 -> J059 | C24: ='J059'!$B$10 -> 10.86 | D24: ='J059'!$B$7 -> 45744.184 | E24: =IF(C24=G24,'J059'!$B$9,"") | F24: ='J059'!$B$14 | G24: ='J059'!$B$11 -> 0 | H24: ='J059'!$B$12 -> 0 | I24: ='J059'!$B$13
A25: 23 | B25: ='J060'!$B$1 -> J060 | C25: ='J060'!$B$10 -> 5.97 | D25: ='J060'!$B$7 -> 45768.812 | E25: =IF(C25=G25,'J060'!$B$9,"") | F25: ='J060'!$B$14 | G25: ='J060'!$B$11 -> 0 | H25: ='J060'!$B$12 -> 0 | I25: ='J060'!$B$13
A26: 24 | B26: ='J061'!$B$1 -> J061 | C26: ='J061'!$B$10 -> 3.58 | D26: ='J061'!$B$7 -> 45744.754 | E26: =IF(C26=G26,'J061'!$B$9,"") | F26: ='J061'!$B$14 | G26: ='J061'!$B$11 -> 0 | H26: ='J061'!$B$12 -> 0 | I26: ='J061'!$B$13
A27: 25 | B27: ='J062'!$B$1 -> J062 | C27: ='J062'!$B$10 -> 40.03 | D27: ='J062'!$B$7 -> 45747.528 | E27: =IF(C27=G27,'J062'!$B$9,"") | F27: ='J062'!$B$14 | G27: ='J062'!$B$11 -> 0 | H27: ='J062'!$B$12 -> 0 | I27: ='J062'!$B$13
A28: 26 | B28: ='J063'!$B$1 -> J063 | C28: ='J063'!$B$10 -> 10.45 | D28: ='J063'!$B$7 -> 45743.854 | E28: =IF(C28=G28,'J063'!$B$9,"") | F28: ='J063'!$B$14 | G28: ='J063'!$B$11 -> 0 | H28: ='J063'!$B$12 -> 0 | I28: ='J063'!$B$13
A29: 27 | B29: ='J064'!$B$1 -> J064 | C29: ='J064'!$B$10 -> 2.27 | D29: ='J064'!$B$7 -> 45804 | E29: =IF(C29=G29,'J064'!$B$9,"") | F29: ='J064'!$B$14 | G29: ='J064'!$B$11 -> 0 | H29: ='J064'!$B$12 -> 0 | I29: ='J064'!$B$13
A30: 28 | B30: ='J065'!$B$1 -> J065 | C30: ='J065'!$B$10 -> 0.11 | D30: ='J065'!$B$7 -> 45776 | E30: =IF(C30=G30,'J065'!$B$9,"") -> 46233 | F30: ='J065'!$B$14 -> 457 | G30: ='J065'!$B$11 -> 0.11 | H30: ='J065'!$B$12 -> 0.03 | I30: ='J065'!$B$13 -> 0.21241352
A31: 29 | B31: ='J066'!$B$1 -> J066 | C31: ='J066'!$B$10 -> 0.63 | D31: ='J066'!$B$7 -> 45748 | E31: =IF(C31=G31,'J066'!$B$9,"") | F31: ='J066'!$B$14 | G31: ='J066'!$B$11 -> 0 | H31: ='J066'!$B$12 -> 0 | I31: ='J066'!$B$13
A32: 30 | B32: ='J067'!$B$1 -> J067 | C32: ='J067'!$B$10 -> 3.03 | D32: ='J067'!$B$7 -> 45742.848 | E32: =IF(C32=G32,'J067'!$B$9,"") | F32: ='J067'!$B$14 | G32: ='J067'!$B$11 -> 0 | H32: ='J067'!$B$12 -> 0 | I32: ='J067'!$B$13
A33: 31 | B33: ='J068'!$B$1 -> J068 | C33: ='J068'!$B$10 -> 0.43 | D33: ='J068'!$B$7 -> 45804 | E33: =IF(C33=G33,'J068'!$B$9,"") | F33: ='J068'!$B$14 | G33: ='J068'!$B$11 -> 0 | H33: ='J068'!$B$12 -> 0 | I33: ='J068'!$B$13
A34: 32 | B34: ='J069'!$B$1 -> J069 | C34: ='J069'!$B$10 -> 2.33 | D34: ='J069'!$B$7 -> 45804 | E34: =IF(C34=G34,'J069'!$B$9,"") | F34: ='J069'!$B$14 | G34: ='J069'!$B$11 -> 0 | H34: ='J069'!$B$12 -> 0 | I34: ='J069'!$B$13
A35: 33 | B35: ='J071'!$B$1 -> J071 | C35: ='J071'!$B$10 -> 12.65 | D35: ='J071'!$B$7 -> 45744.138 | E35: =IF(C35=G35,'J071'!$B$9,"") | F35: ='J071'!$B$14 | G35: ='J071'!$B$11 -> 0 | H35: ='J071'!$B$12 -> 0 | I35: ='J071'!$B$13
A36: 34 | B36: ='J072'!$B$1 -> J072 | C36: ='J072'!$B$10 -> 4.83 | D36: ='J072'!$B$7 -> 45770.71 | E36: =IF(C36=G36,'J072'!$B$9,"") | F36: ='J072'!$B$14 | G36: ='J072'!$B$11 -> 0 | H36: ='J072'!$B$12 -> 0 | I36: ='J072'!$B$13
A37: 35 | B37: ='J073'!$B$1 -> J073 | C37: ='J073'!$B$10 -> 2.87 | D37: ='J073'!$B$7 -> 45769.293 | E37: =IF(C37=G37,'J073'!$B$9,"") | F37: ='J073'!$B$14 | G37: ='J073'!$B$11 -> 0 | H37: ='J073'!$B$12 -> 0 | I37: ='J073'!$B$13
A38: 36 | B38: ='J074'!$B$1 -> J074 | C38: ='J074'!$B$10 -> 0.49 | D38: ='J074'!$B$7 -> 45748 | E38: =IF(C38=G38,'J074'!$B$9,"") | F38: ='J074'!$B$14 | G38: ='J074'!$B$11 -> 0 | H38: ='J074'!$B$12 -> 0 | I38: ='J074'!$B$13
A39: 37 | B39: ='J076'!$B$1 -> J076 | C39: ='J076'!$B$10 -> 13.41 | D39: ='J076'!$B$7 -> 45767.846 | E39: =IF(C39=G39,'J076'!$B$9,"") | F39: ='J076'!$B$14 | G39: ='J076'!$B$11 -> 0 | H39: ='J076'!$B$12 -> 0 | I39: ='J076'!$B$13
A40: 38 | B40: ='R030'!$B$1 -> R030 | C40: ='R030'!$B$10 -> 0.08 | D40: ='R030'!$B$7 -> 45769 | E40: =IF(C40=G40,'R030'!$B$9,"") | F40: ='R030'!$B$14 | G40: ='R030'!$B$11 -> 0 | H40: ='R030'!$B$12 -> 0 | I40: ='R030'!$B$13
A41: 39 | B41: ='R077'!$B$1 -> R077 | C41: ='R077'!$B$10 -> 9.12 | D41: ='R077'!$B$7 -> 45743.471 | E41: =IF(C41=G41,'R077'!$B$9,"") | F41: ='R077'!$B$14 | G41: ='R077'!$B$11 -> 0 | H41: ='R077'!$B$12 -> 0 | I41: ='R077'!$B$13
A42: 40 | B42: ='R078'!$B$1 -> R078 | C42: ='R078'!$B$10 -> 5.5 | D42: ='R078'!$B$7 -> 45743.851 | E42: =IF(C42=G42,'R078'!$B$9,"") | F42: ='R078'!$B$14 | G42: ='R078'!$B$11 -> 0 | H42: ='R078'!$B$12 -> 0 | I42: ='R078'!$B$13
A43: 41 | B43: ='R079'!$B$1 -> R079 | C43: ='R079'!$B$10 -> 2.01 | D43: ='R079'!$B$7 -> 45743.856 | E43: =IF(C43=G43,'R079'!$B$9,"") -> 45817 | F43: ='R079'!$B$14 -> 73.144279 | G43: ='R079'!$B$11 -> 2.01 | H43: ='R079'!$B$12 -> 0.11 | I43: ='R079'!$B$13 -> 0.30452541
A44: 42 | B44: ='R080'!$B$1 -> R080 | C44: ='R080'!$B$10 -> 8.52 | D44: ='R080'!$B$7 -> 45744.023 | E44: =IF(C44=G44,'R080'!$B$9,"") | F44: ='R080'!$B$14 | G44: ='R080'!$B$11 -> 0 | H44: ='R080'!$B$12 -> 0 | I44: ='R080'!$B$13
A45: 43 | B45: ='R081'!$B$1 -> R081 | C45: ='R081'!$B$10 -> 2.44 | D45: ='R081'!$B$7 -> 45746.049 | E45: =IF(C45=G45,'R081'!$B$9,"") | F45: ='R081'!$B$14 | G45: ='R081'!$B$11 -> 0 | H45: ='R081'!$B$12 -> 0 | I45: ='R081'!$B$13
A46: 44 | B46: ='R084'!$B$1 -> R084 | C46: ='R084'!$B$10 -> 24.25 | D46: ='R084'!$B$7 -> 45773.757 | E46: =IF(C46=G46,'R084'!$B$9,"") | F46: ='R084'!$B$14 | G46: ='R084'!$B$11 -> 0 | H46: ='R084'!$B$12 -> 0 | I46: ='R084'!$B$13
A47: 45 | B47: ='R085'!$B$1 -> R085 | C47: ='R085'!$B$10 -> 25.09 | D47: ='R085'!$B$7 -> 45782.735 | E47: =IF(C47=G47,'R085'!$B$9,"") | F47: ='R085'!$B$14 | G47: ='R085'!$B$11 -> 0 | H47: ='R085'!$B$12 -> 0 | I47: ='R085'!$B$13
A48: 46 | B48: ='R086'!$B$1 -> R086 | C48: ='R086'!$B$10 -> 25.09 | D48: ='R086'!$B$7 -> 45781.996 | E48: =IF(C48=G48,'R086'!$B$9,"") | F48: ='R086'!$B$14 | G48: ='R086'!$B$11 -> 0 | H48: ='R086'!$B$12 -> 0 | I48: ='R086'!$B$13
A49: 47 | B49: ='R087'!$B$1 -> R087 | C49: ='R087'!$B$10 -> 30.77 | D49: ='R087'!$B$7 -> 45785.848 | E49: =IF(C49=G49,'R087'!$B$9,"") | F49: ='R087'!$B$14 | G49: ='R087'!$B$11 -> 0 | H49: ='R087'!$B$12 -> 0 | I49: ='R087'!$B$13
A50: 48 | B50: ='R088'!$B$1 -> R088 | C50: ='R088'!$B$10 -> 25.31 | D50: ='R088'!$B$7 -> 45782.74 | E50: =IF(C50=G50,'R088'!$B$9,"") | F50: ='R088'!$B$14 | G50: ='R088'!$B$11 -> 0 | H50: ='R088'!$B$12 -> 0 | I50: ='R088'!$B$13
A51: 49 | B51: ='R089'!$B$1 -> R089 | C51: ='R089'!$B$10 -> 6.04 | D51: ='R089'!$B$7 -> 45825 | E51: =IF(C51=G51,'R089'!$B$9,"") | F51: ='R089'!$B$14 | G51: ='R089'!$B$11 -> 0 | H51: ='R089'!$B$12 -> 0 | I51: ='R089'!$B$13
A52: 50 | B52: ='R090'!$B$1 -> R090 | C52: ='R090'!$B$10 -> 1.94 | D52: ='R090'!$B$7 -> 45825 | E52: =IF(C52=G52,'R090'!$B$9,"") | F52: ='R090'!$B$14 | G52: ='R090'!$B$11 -> 0 | H52: ='R090'!$B$12 -> 0 | I52: ='R090'!$B$13
A53: 51 | B53: ='R091'!$B$1 -> R091 | C53: ='R091'!$B$10 -> 5.21 | D53: ='R091'!$B$7 -> 45826.948 | E53: =IF(C53=G53,'R091'!$B$9,"") | F53: ='R091'!$B$14 | G53: ='R091'!$B$11 -> 0 | H53: ='R091'!$B$12 -> 0 | I53: ='R091'!$B$13
A54: 52 | B54: ='R092'!$B$1 -> R092 | C54: ='R092'!$B$10 -> 7.62 | D54: ='R092'!$B$7 -> 45826.442 | E54: =IF(C54=G54,'R092'!$B$9,"") | F54: ='R092'!$B$14 | G54: ='R092'!$B$11 -> 0 | H54: ='R092'!$B$12 -> 0 | I54: ='R092'!$B$13
A55: 53 | B55: ='R093'!$B$1 -> R093 | C55: ='R093'!$B$10 -> 4.67 | D55: ='R093'!$B$7 -> 45827.039 | E55: =IF(C55=G55,'R093'!$B$9,"") | F55: ='R093'!$B$14 | G55: ='R093'!$B$11 -> 0 | H55: ='R093'!$B$12 -> 0 | I55: ='R093'!$B$13
A56: 54 | B56: ='R094'!$B$1 -> R094 | C56: ='R094'!$B$10 -> 3.9 | D56: ='R094'!$B$7 -> 45825 | E56: =IF(C56=G56,'R094'!$B$9,"") | F56: ='R094'!$B$14 | G56: ='R094'!$B$11 -> 0 | H56: ='R094'!$B$12 -> 0 | I56: ='R094'!$B$13
A57: 55 | B57: ='R095'!$B$1 -> R095 | C57: ='R095'!$B$10 -> 3.94 | D57: ='R095'!$B$7 -> 45829.051 | E57: =IF(C57=G57,'R095'!$B$9,"") | F57: ='R095'!$B$14 | G57: ='R095'!$B$11 -> 0 | H57: ='R095'!$B$12 -> 0 | I57: ='R095'!$B$13
A58: 56 | B58: ='R096'!$B$1 -> R096 | C58: ='R096'!$B$10 -> 2.19 | D58: ='R096'!$B$7 -> 45825 | E58: =IF(C58=G58,'R096'!$B$9,"") | F58: ='R096'!$B$14 | G58: ='R096'!$B$11 -> 0 | H58: ='R096'!$B$12 -> 0 | I58: ='R096'!$B$13
A59: 57 | B59: ='R097'!$B$1 -> R097 | C59: ='R097'!$B$10 -> 4.86 | D59: ='R097'!$B$7 -> 45827.751 | E59: =IF(C59=G59,'R097'!$B$9,"") | F59: ='R097'!$B$14 | G59: ='R097'!$B$11 -> 0 | H59: ='R097'!$B$12 -> 0 | I59: ='R097'!$B$13
A60: 58 | B60: ='R098'!$B$1 -> R098 | C60: ='R098'!$B$10 -> 25.99 | D60: ='R098'!$B$7 -> 45896.632 | E60: =IF(C60=G60,'R098'!$B$9,"") | F60: ='R098'!$B$14 | G60: ='R098'!$B$11 -> 0 | H60: ='R098'!$B$12 -> 0 | I60: ='R098'!$B$13
A61: 59 | B61: ='R099'!$B$1 -> R099 | C61: ='R099'!$B$10 -> 3.97 | D61: ='R099'!$B$7 -> 45846 | E61: =IF(C61=G61,'R099'!$B$9,"") -> 45945 | F61: ='R099'!$B$14 -> 99 | G61: ='R099'!$B$11 -> 3.97 | H61: ='R099'!$B$12 -> 0.28 | I61: ='R099'!$B$13 -> 0.28565813
A62: 60 | B62: ='R100'!$B$1 -> R100 | C62: ='R100'!$B$10 -> 5.41 | D62: ='R100'!$B$7 -> 45846 | E62: =IF(C62=G62,'R100'!$B$9,"") | F62: ='R100'!$B$14 | G62: ='R100'!$B$11 -> 0 | H62: ='R100'!$B$12 -> 0 | I62: ='R100'!$B$13
A63: 61 | B63: ='R101'!$B$1 -> R101 | C63: ='R101'!$B$10 -> 8.77 | D63: ='R101'!$B$7 -> 45853.766 | E63: =IF(C63=G63,'R101'!$B$9,"") | F63: ='R101'!$B$14 | G63: ='R101'!$B$11 -> 0 | H63: ='R101'!$B$12 -> 0 | I63: ='R101'!$B$13
A64: 62 | B64: ='R102'!$B$1 -> R102 | C64: ='R102'!$B$10 -> 5.3 | D64: ='R102'!$B$7 -> 45846 | E64: =IF(C64=G64,'R102'!$B$9,"") | F64: ='R102'!$B$14 | G64: ='R102'!$B$11 -> 0 | H64: ='R102'!$B$12 -> 0 | I64: ='R102'!$B$13
A65: 63 | B65: ='R103'!$B$1 -> R103 | C65: ='R103'!$B$10 -> 4.45 | D65: ='R103'!$B$7 -> 45846 | E65: =IF(C65=G65,'R103'!$B$9,"") | F65: ='R103'!$B$14 | G65: ='R103'!$B$11 -> 0 | H65: ='R103'!$B$12 -> 0 | I65: ='R103'!$B$13
A66: 64 | B66: ='R104'!$B$1 -> R104 | C66: ='R104'!$B$10 -> 4.38 | D66: ='R104'!$B$7 -> 45846 | E66: =IF(C66=G66,'R104'!$B$9,"") | F66: ='R104'!$B$14 | G66: ='R104'!$B$11 -> 0 | H66: ='R104'!$B$12 -> 0 | I66: ='R104'!$B$13
A67: 65 | B67: ='R105'!$B$1 -> R105 | C67: ='R105'!$B$10 -> 4.59 | D67: ='R105'!$B$7 -> 45872.505 | E67: =IF(C67=G67,'R105'!$B$9,"") | F67: ='R105'!$B$14 | G67: ='R105'!$B$11 -> 0 | H67: ='R105'!$B$12 -> 0 | I67: ='R105'!$B$13
A68: 66 | B68: ='R107'!$B$1 -> R107 | C68: ='R107'!$B$10 -> 12.45 | D68: ='R107'!$B$7 -> 45881.011 | E68: =IF(C68=G68,'R107'!$B$9,"") | F68: ='R107'!$B$14 | G68: ='R107'!$B$11 -> 0 | H68: ='R107'!$B$12 -> 0 | I68: ='R107'!$B$13
A69: 67 | B69: ='R108'!$B$1 -> R108 | C69: ='R108'!$B$10 -> 3.47 | D69: ='R108'!$B$7 -> 45867.605 | E69: =IF(C69=G69,'R108'!$B$9,"") | F69: ='R108'!$B$14 | G69: ='R108'!$B$11 -> 0 | H69: ='R108'!$B$12 -> 0 | I69: ='R108'!$B$13
A70: 68 | B70: ='R111'!$B$1 -> R111 | C70: ='R111'!$B$10 -> 2.59 | D70: ='R111'!$B$7 -> 45867 | E70: =IF(C70=G70,'R111'!$B$9,"") | F70: ='R111'!$B$14 | G70: ='R111'!$B$11 -> 0 | H70: ='R111'!$B$12 -> 0 | I70: ='R111'!$B$13
A71: 69 | B71: ='R119'!$B$1 -> R119 | C71: ='R119'!$B$10 -> 5.91 | D71: ='R119'!$B$7 -> 45895.663 | E71: =IF(C71=G71,'R119'!$B$9,"") | F71: ='R119'!$B$14 | G71: ='R119'!$B$11 -> 0 | H71: ='R119'!$B$12 -> 0 | I71: ='R119'!$B$13
A72: 70 | B72: ='R120'!$B$1 -> R120 | C72: ='R120'!$B$10 -> 7.56 | D72: ='R120'!$B$7 -> 45896.343 | E72: =IF(C72=G72,'R120'!$B$9,"") | F72: ='R120'!$B$14 | G72: ='R120'!$B$11 -> 0 | H72: ='R120'!$B$12 -> 0 | I72: ='R120'!$B$13
A73: 71 | B73: ='R121'!$B$1 -> R121 | C73: ='R121'!$B$10 -> 19.63 | D73: ='R121'!$B$7 -> 45904.525 | E73: =IF(C73=G73,'R121'!$B$9,"") | F73: ='R121'!$B$14 | G73: ='R121'!$B$11 -> 0 | H73: ='R121'!$B$12 -> 0 | I73: ='R121'!$B$13
A74: 72 | B74: ='R122'!$B$1 -> R122 | C74: ='R122'!$B$10 -> 8.19 | D74: ='R122'!$B$7 -> 45895.709 | E74: =IF(C74=G74,'R122'!$B$9,"") | F74: ='R122'!$B$14 | G74: ='R122'!$B$11 -> 0 | H74: ='R122'!$B$12 -> 0 | I74: ='R122'!$B$13
A75: 73 | B75: ='R123'!$B$1 -> R123 | C75: ='R123'!$B$10 -> 8.12 | D75: ='R123'!$B$7 -> 45896.276 | E75: =IF(C75=G75,'R123'!$B$9,"") | F75: ='R123'!$B$14 | G75: ='R123'!$B$11 -> 0 | H75: ='R123'!$B$12 -> 0 | I75: ='R123'!$B$13
A76: 74 | B76: ='R128'!$B$1 -> R128 | C76: ='R128'!$B$10 -> 5.78 | D76: ='R128'!$B$7 -> 45919.536 | E76: =IF(C76=G76,'R128'!$B$9,"") | F76: ='R128'!$B$14 | G76: ='R128'!$B$11 -> 0 | H76: ='R128'!$B$12 -> 0 | I76: ='R128'!$B$13
A77: 75 | B77: ='R129'!$B$1 -> R129 | C77: ='R129'!$B$10 -> 4.79 | D77: ='R129'!$B$7 -> 45916.102 | E77: =IF(C77=G77,'R129'!$B$9,"") | F77: ='R129'!$B$14 | G77: ='R129'!$B$11 -> 0 | H77: ='R129'!$B$12 -> 0 | I77: ='R129'!$B$13
A78: 76 | B78: ='R130'!$B$1 -> R130 | C78: ='R130'!$B$10 -> 2.67 | D78: ='R130'!$B$7 -> 45916.079 | E78: =IF(C78=G78,'R130'!$B$9,"") | F78: ='R130'!$B$14 | G78: ='R130'!$B$11 -> 0 | H78: ='R130'!$B$12 -> 0 | I78: ='R130'!$B$13
A79: 77 | B79: ='R131'!$B$1 -> R131 | C79: ='R131'!$B$10 -> 6.91 | D79: ='R131'!$B$7 -> 45916.962 | E79: =IF(C79=G79,'R131'!$B$9,"") -> 46203 | F79: ='R131'!$B$14 -> 286.03763 | G79: ='R131'!$B$11 -> 6.91 | H79: ='R131'!$B$12 -> 0.82 | I79: ='R131'!$B$13 -> 0.15380992
A80: 78 | B80: ='R150'!$B$1 -> R150 | C80: ='R150'!$B$10 -> 6.46 | D80: ='R150'!$B$7 -> 45951 | E80: =IF(C80=G80,'R150'!$B$9,"") | F80: ='R150'!$B$14 | G80: ='R150'!$B$11 -> 0 | H80: ='R150'!$B$12 -> 0 | I80: ='R150'!$B$13
A81: 79 | B81: ='R151'!$B$1 -> R151 | C81: ='R151'!$B$10 -> 3.06 | D81: ='R151'!$B$7 -> 45951 | E81: =IF(C81=G81,'R151'!$B$9,"") | F81: ='R151'!$B$14 | G81: ='R151'!$B$11 -> 0 | H81: ='R151'!$B$12 -> 0 | I81: ='R151'!$B$13
A82: 80 | B82: ='R152'!$B$1 -> R152 | C82: ='R152'!$B$10 -> 3.33 | D82: ='R152'!$B$7 -> 45951 | E82: =IF(C82=G82,'R152'!$B$9,"") | F82: ='R152'!$B$14 | G82: ='R152'!$B$11 -> 0 | H82: ='R152'!$B$12 -> 0 | I82: ='R152'!$B$13
A83: 81 | B83: ='R156'!$B$1 -> R156 | C83: ='R156'!$B$10 -> 4.37 | D83: ='R156'!$B$7 -> 45951 | E83: =IF(C83=G83,'R156'!$B$9,"") | F83: ='R156'!$B$14 | G83: ='R156'!$B$11 -> 0 | H83: ='R156'!$B$12 -> 0 | I83: ='R156'!$B$13
A84: 82 | B84: ='R157'!$B$1 -> R157 | C84: ='R157'!$B$10 -> 5.4 | D84: ='R157'!$B$7 -> 45951 | E84: =IF(C84=G84,'R157'!$B$9,"") | F84: ='R157'!$B$14 | G84: ='R157'!$B$11 -> 0 | H84: ='R157'!$B$12 -> 0 | I84: ='R157'!$B$13
A85: 83 | B85: ='R158'!$B$1 -> R158 | C85: ='R158'!$B$10 -> 3.45 | D85: ='R158'!$B$7 -> 45951 | E85: =IF(C85=G85,'R158'!$B$9,"") | F85: ='R158'!$B$14 | G85: ='R158'!$B$11 -> 0 | H85: ='R158'!$B$12 -> 0 | I85: ='R158'!$B$13
A86: 84 | B86: ='R175'!$B$1 -> R175 | C86: ='R175'!$B$10 -> 17.47 | D86: ='R175'!$B$7 -> 45996 | E86: =IF(C86=G86,'R175'!$B$9,"") | F86: ='R175'!$B$14 | G86: ='R175'!$B$11 -> 0 | H86: ='R175'!$B$12 -> 0 | I86: ='R175'!$B$13
A87: 85 | B87: ='R180'!$B$1 -> R180 | C87: ='R180'!$B$10 -> 10.86 | D87: ='R180'!$B$7 -> 45996 | E87: =IF(C87=G87,'R180'!$B$9,"") | F87: ='R180'!$B$14 | G87: ='R180'!$B$11 -> 0 | H87: ='R180'!$B$12 -> 0 | I87: ='R180'!$B$13
A88: 86 | B88: ='R256'!$B$1 -> R256 | C88: ='R256'!$B$10 -> 13.87 | D88: ='R256'!$B$7 -> 46169 | E88: =IF(C88=G88,'R256'!$B$9,"") | F88: ='R256'!$B$14 | G88: ='R256'!$B$11 -> 0 | H88: ='R256'!$B$12 -> 0 | I88: ='R256'!$B$13
A89: 87 | B89: R259 | C89: ='R259'!$B$10 -> 10.67 | D89: ='R259'!$B$7 -> 46233 | E89: =IF(C89=G89,'R259'!$B$9,"") | F89: ='R259'!$B$14 | G89: ='R259'!$B$11 -> 0 | H89: ='R259'!$B$12 -> 0 | I89: ='R259'!$B$13
A90: 87 | B90: ='C004'!$B$1 -> C004 | C90: ='C004'!$B$10 -> 17.71 | D90: ='C004'!$B$7 -> 46204 | E90: =IF(C90=G90,'C004'!$B$9,"") | F90: ='C004'!$B$14 | G90: ='C004'!$B$11 -> 0 | H90: ='C004'!$B$12 -> 0 | I90: ='C004'!$B$13

Sheet Pinigai
A1: Data | B1: Įnešta | C1: Išimta | D1: Premijos | F1: Įnešta | G1: Išimta | H1: Premijos | I1: XIRR | K1: XIRR
A2: 45737 | B2: 60 | C2: 0 | D2: 0 | F2: =SUM(B2:B200) -> 550 | G2: =SUM(C2:C200) -> 0 | H2: =SUM(D2:D200) -> 84.49 | I2: =XIRR(K2:K200,A2:A200) -> 0.12463425 | K2: =B2*-1 -> -60
A3: 45738 | B3: 0 | C3: 0 | D3: 30 | K3: =B3*-1 -> 0
A4: 45738 | B4: 0 | C4: 0 | D4: 25 | K4: =B4*-1 -> 0
A5: 45740 | B5: 0 | C5: 0 | D5: 25 | K5: =B5*-1 -> 0
A6: 45747 | B6: 20 | C6: 0 | D6: 0 | K6: =B6*-1 -> -20
A7: 45750 | B7: 20 | C7: 0 | D7: 0 | K7: =B7*-1 -> -20
A8: 45755 | B8: 30 | C8: 0 | D8: 3 | K8: =B8*-1 -> -30
A9: 45755 | B9: 0 | C9: 0 | D9: 0.15 | K9: =B9*-1 -> 0
A10: 45761 | B10: 30 | C10: 0 | D10: 0.15 | K10: =B10*-1 -> -30
A11: 45761 | B11: 0 | C11: 0 | D11: 0.15 | K11: =B11*-1 -> 0
A12: 45761 | B12: 0 | C12: 0 | D12: 0.2 | K12: =B12*-1 -> 0
A13: 45769 | B13: 30 | C13: 0 | D13: 0 | K13: =B13*-1 -> -30
A14: 45776 | B14: 30 | C14: 0 | D14: 0 | K14: =B14*-1 -> -30
... A28: 46233 | B28: 10 | C28: 0 | D28: 0.31 | K28: =B28*-1 -> -10
K29: =B29*-1 -> 0
K30: =B30*-1 -> 0
K31: =B31*-1 -> 0
K32: =B32*-1 -> 0
K33: =B33*-1 -> 0
A200: =TODAY() -> 46295 | I200: 614.37 | J200: 615.37 | K200: =Overview!Q3 -> 637.06

Sheet J035
A1: Mortgage loan ID | B1: J035 | E1: Note | F1: Investuota | H1: Grąžinimas
A2: Pavadinimas | B2: House at Calle Pino Apolinario | F2: Data | G2: Suma | H2: Grąž. Data | I2: Paskola | J2: Palūkanos | K2: Pelnas | L2: Laikas
A3: PTV | B3: 0.62 | D3: 1 | E3: LV0000104107 | F3: 45769 | G3: 0.12 | H3: =IF(B9>0,B9,"") | L3: =IF(B10=B11,H3-F3,"") | W3: =F3 -> 45769 | X3: =H3 | Y3: =G3*(-1) -> -0.12 | Z3: =I3+J3 -> 0
A4: PDT | B4: 0.38 | W4: =F4 -> 0 | X4: =H4 -> 0 | Y4: =G4*(-1) -> 0 | Z4: =I4+J4 -> 0
W5: =F5 -> 0 | X5: =H5 -> 0 | Y5: =G5*(-1) -> 0 | Z5: =I5+J5 -> 0
A7: Investuota | B7: =SUMPRODUCT(F3:F20,G3:G20)/SUM(G3:G20) -> 45769
A8: Paskolos pradžia | B8: 45551
A9: Paskola grąžinta
A10: Investuota | B10: =SUM(G3:G20) -> 0.12
A11: Grąžinta | B11: =SUM(I3:I20) -> 0
A12: Palūkanos | B12: =SUM(J3:J20) -> 0
A13: XIRR | B13: =IF(B10=B11,XIRR(Y3:Z20,W3:X20),"")
A14: Terminas | B14: =IF(B10=B11,SUMPRODUCT(L3:L20,G3:G20)/SUM(G3:G20),"")

Sheet J036
A1: Mortgage loan ID | B1: J036 | E1: Note | F1: Investuota | H1: Grąžinimas
A2: Pavadinimas | B2: Flat at Calle Noguera | F2: Data | G2: Suma | H2: Grąž. Data | I2: Paskola | J2: Palūkanos | K2: Pelnas | L2: Laikas
A3: PTV | B3: 0.59 | D3: 1 | E3: LV0000103620 | F3: 45741 | G3: 0.62 | H3: =IF(B9>0,B9,"") | L3: =IF(B10=B11,H3-F3,"") | W3: =F3 -> 45741 | X3: =H3 | Y3: =G3*(-1) -> -0.62 | Z3: =I3+J3 -> 0
A4: PDT | B4: 0.51 | W4: =F4 -> 0 | X4: =H4 -> 0 | Y4: =G4*(-1) -> 0 | Z4: =I4+J4 -> 0
W5: =F5 -> 0 | X5: =H5 -> 0 | Y5: =G5*(-1) -> 0 | Z5: =I5+J5 -> 0
A7: Investuota | B7: =SUMPRODUCT(F3:F20,G3:G20)/SUM(G3:G20) -> 45741
A8: Paskolos pradžia | B8: 45551
A9: Paskola grąžinta
A10: Investuota | B10: =SUM(G3:G20) -> 0.62
A11: Grąžinta | B11: =SUM(I3:I20) -> 0
A12: Palūkanos | B12: =SUM(J3:J20) -> 0
A13: XIRR | B13: =IF(B10=B11,XIRR(Y3:Z20,W3:X20),"")
A14: Terminas | B14: =IF(B10=B11,SUMPRODUCT(L3:L20,G3:G20)/SUM(G3:G20),"")

Sheet J037
A1: Mortgage loan ID | B1: J037 | E1: Note | F1: Investuota | H1: Grąžinimas
A2: Pavadinimas | B2: House at Calle Concepción Arenal | F2: Data | G2: Suma | H2: Grąž. Data | I2: Paskola | J2: Palūkanos | K2: Pelnas | L2: Laikas
A3: PTV | B3: 0.59 | D3: 1 | E3: LV0000104081 | F3: 45769 | G3: 0.13 | H3: =IF(B9>0,B9,"") | L3: =IF(B10=B11,H3-F3,"") | W3: =F3 -> 45769 | X3: =H3 | Y3: =G3*(-1) -> -0.13 | Z3: =I3+J3 -> 0
A4: PDT | B4: 0.61 | W4: =F4 -> 0 | X4: =H4 -> 0 | Y4: =G4*(-1) -> 0 | Z4: =I4+J4 -> 0
W5: =F5 -> 0 | X5: =H5 -> 0 | Y5: =G5*(-1) -> 0 | Z5: =I5+J5 -> 0
A7: Investuota | B7: =SUMPRODUCT(F3:F20,G3:G20)/SUM(G3:G20) -> 45769
A8: Paskolos pradžia | B8: 45551
A9: Paskola grąžinta
A10: Investuota | B10: =SUM(G3:G20) -> 0.13
A11: Grąžinta | B11: =SUM(I3:I20) -> 0
A12: Palūkanos | B12: =SUM(J3:J20) -> 0
A13: XIRR | B13: =IF(B10=B11,XIRR(Y3:Z20,W3:X20),"")
A14: Terminas | B14: =IF(B10=B11,SUMPRODUCT(L3:L20,G3:G20)/SUM(G3:G20),"")

Sheet J038
A1: Mortgage loan ID | B1: J038 | E1: Note | F1: Investuota | H1: Grąžinimas
A2: Pavadinimas | B2: House at Calle Virgen María | F2: Data | G2: Suma | H2: Grąž. Data | I2: Paskola | J2: Palūkanos | K2: Pelnas | L2: Laikas
A3: PTV | B3: 0.59 | D3: 1 | E3: LV0000103620 | F3: 45741 | G3: 0.76 | H3: =IF(B9>0,B9,"") -> 45996 | I3: 0.76 | J3: 0.11 | K3: 0.2128 | L3: =IF(B10=B11,H3-F3,"") -> 255 | W3: =F3 -> 45741 | X3: =H3 -> 45996 | Y3: =G3*(-1) -> -0.76 | Z3: =I3+J3 -> 0.87
A4: PDT | B4: 0.64 | W4: =F4 -> 0 | X4: =H4 -> 0 | Y4: =G4*(-1) -> 0 | Z4: =I4+J4 -> 0
W5: =F5 -> 0 | X5: =H5 -> 0 | Y5: =G5*(-1) -> 0 | Z5: =I5+J5 -> 0
A7: Investuota | B7: =SUMPRODUCT(F3:F20,G3:G20)/SUM(G3:G20) -> 45741
A8: Paskolos pradžia | B8: 45551
A9: Paskola grąžinta | B9: 45996
A10: Investuota | B10: =SUM(G3:G20) -> 0.76
A11: Grąžinta | B11: =SUM(I3:I20) -> 0.76
A12: Palūkanos | B12: =SUM(J3:J20) -> 0.11
A13: XIRR | B13: =IF(B10=B11,XIRR(Y3:Z20,W3:X20),"") -> 0.21347175
A14: Terminas | B14: =IF(B10=B11,SUMPRODUCT(L3:L20,G3:G20)/SUM(G3:G20),"") -> 255

Sheet J039
A1: Mortgage loan ID | B1: J039 | E1: Note | F1: Investuota | H1: Grąžinimas
A2: Pavadinimas | B2: Flat at Calle Mercurio | F2: Data | G2: Suma | H2: Grąž. Data | I2: Paskola | J2: Palūkanos | K2: Pelnas | L2: Laikas
A3: PTV | B3: 0.52 | D3: 1 | E3: LV0000104099 | F3: 45769 | G3: 0.13 | H3: =IF(B9>0,B9,"") | L3: =IF(B10=B11,H3-F3,"") | W3: =F3 -> 45769 | X3: =H3 | Y3: =G3*(-1) -> -0.13 | Z3: =I3+J3 -> 0
A4: PDT | B4: 0.76 | W4: =F4 -> 0 | X4: =H4 -> 0 | Y4: =G4*(-1) -> 0 | Z4: =I4+J4 -> 0
W5: =F5 -> 0 | X5: =H5 -> 0 | Y5: =G5*(-1) -> 0 | Z5: =I5+J5 -> 0
A7: Investuota | B7: =SUMPRODUCT(F3:F20,G3:G20)/SUM(G3:G20) -> 45769
A8: Paskolos pradžia | B8: 45551
A9: Paskola grąžinta
A10: Investuota | B10: =SUM(G3:G20) -> 0.13
A11: Grąžinta | B11: =SUM(I3:I20) -> 0
A12: Palūkanos | B12: =SUM(J3:J20) -> 0
A13: XIRR | B13: =IF(B10=B11,XIRR(Y3:Z20,W3:X20),"")
A14: Terminas | B14: =IF(B10=B11,SUMPRODUCT(L3:L20,G3:G20)/SUM(G3:G20),"")

Sheet J040
A1: Mortgage loan ID | B1: J040 | E1: Note | F1: Investuota | H1: Grąžinimas
A2: Pavadinimas | B2: Apartment in Cambrils | F2: Data | G2: Suma | H2: Grąž. Data | I2: Paskola | J2: Palūkanos | K2: Pelnas | L2: Laikas
A3: PTV | B3: 0.58 | D3: 1 | E3: LV0000103620 | F3: 45741 | G3: 7.82 | H3: =IF($B$9>0,$B$9,"") | L3: =IF($B$10=$B$11,H3-F3,"") | W3: =F3 -> 45741 | X3: =H3 | Y3: =G3*(-1) -> -7.82 | Z3: =I3+J3 -> 0
A4: PDT | B4: 0.55 | D4: 2 | E4: LV0000103612 | F4: 45741 | G4: 6.95 | H4: =IF($B$9>0,$B$9,"") | L4: =IF($B$10=$B$11,H4-F4,"") | W4: =F4 -> 45741 | X4: =H4 | Y4: =G4*(-1) -> -6.95 | Z4: =I4+J4 -> 0
D5: 3 | E5: LV0000103745 | F5: 45748 | G5: 2.9 | H5: =IF($B$9>0,$B$9,"") | L5: =IF($B$10=$B$11,H5-F5,"") | W5: =F5 -> 45748 | X5: =H5 | Y5: =G5*(-1) -> -2.9 | Z5: =I5+J5 -> 0
D6: 4 | E6: LV0000103752 | F6: 45748 | G6: 1.8 | H6: =IF($B$9>0,$B$9,"") | L6: =IF($B$10=$B$11,H6-F6,"") | W6: =F6 -> 45748 | X6: =H6 | Y6: =G6*(-1) -> -1.8 | Z6: =I6+J6 -> 0
A7: Investuota | B7: =SUMPRODUCT(F3:F20,G3:G20)/SUM(G3:G20) -> 45743.935 | D7: 5 | E7: LV0000103828 | F7: 45755 | G7: 2 | H7: =IF($B$9>0,$B$9,"") | L7: =IF($B$10=$B$11,H7-F7,"") | W7: =F7 -> 45755 | X7: =H7 | Y7: =G7*(-1) -> -2 | Z7: =I7+J7 -> 0
A8: Paskolos pradžia | B8: 45551 | D8: 6 | E8: LV0000104586 | F8: 45797 | G8: 0.04 | H8: =IF($B$9>0,$B$9,"") | L8: =IF($B$10=$B$11,H8-F8,"") | W8: =F8 -> 45797 | X8: =H8 | Y8: =G8*(-1) -> -0.04 | Z8: =I8+J8 -> 0
A9: Paskola grąžinta | W9: =F9 -> 0 | X9: =H9 -> 0 | Y9: =G9*(-1) -> 0 | Z9: =I9+J9 -> 0
A10: Investuota | B10: =SUM(G3:G20) -> 21.51 | W10: =F10 -> 0 | X10: =H10 -> 0 | Y10: =G10*(-1) -> 0 | Z10: =I10+J10 -> 0
A11: Grąžinta | B11: =SUM(I3:I20) -> 0 | W11: =F11 -> 0 | X11: =H11 -> 0 | Y11: =G11*(-1) -> 0 | Z11: =I11+J11 -> 0
A12: Palūkanos | B12: =SUM(J3:J20) -> 0 | W12: =F12 -> 0 | X12: =H12 -> 0 | Y12: =G12*(-1) -> 0 | Z12: =I12+J12 -> 0
A13: XIRR | B13: =IF(B10=B11,XIRR(Y3:Z20,W3:X20),"") | W13: =F13 -> 0 | X13: =H13 -> 0 | Y13: =G13*(-1) -> 0 | Z13: =I13+J13 -> 0
A14: Terminas | B14: =IF(B10=B11,SUMPRODUCT(L3:L20,G3:G20)/SUM(G3:G20),"") | W14: =F14 -> 0 | X14: =H14 -> 0 | Y14: =G14*(-1) -> 0 | Z14: =I14+J14 -> 0
W15: =F15 -> 0 | X15: =H15 -> 0 | Y15: =G15*(-1) -> 0 | Z15: =I15+J15 -> 0
W16: =F16 -> 0 | X16: =H16 -> 0 | Y16: =G16*(-1) -> 0 | Z16: =I16+J16 -> 0
W17: =F17 -> 0 | X17: =H17 -> 0 | Y17: =G17*(-1) -> 0 | Z17: =I17+J17 -> 0
W18: =F18 -> 0 | X18: =H18 -> 0 | Y18: =G18*(-1) -> 0 | Z18: =I18+J18 -> 0
W19: =F19 -> 0 | X19: =H19 -> 0 | Y19: =G19*(-1) -> 0 | Z19: =I19+J19 -> 0
W20: =F20 -> 0 | X20: =H20 -> 0 | Y20: =G20*(-1) -> 0 | Z20: =I20+J20 -> 0
W21: =F21 -> 0 | X21: =H21 -> 0 | Y21: =G21*(-1) -> 0 | Z21: =I21+J21 -> 0
W22: =F22 -> 0 | X22: =H22 -> 0 | Y22: =G22*(-1) -> 0 | Z22: =I22+J22 -> 0
W23: =F23 -> 0 | X23: =H23 -> 0 | Y23: =G23*(-1) -> 0 | Z23: =I23+J23 -> 0

Sheet J041
A1: Mortgage loan ID | B1: J041 | E1: Note | F1: Investuota | H1: Grąžinimas
A2: Pavadinimas | B2: House in Piera | F2: Data | G2: Suma | H2: Grąž. Data | I2: Paskola | J2: Palūkanos | K2: Pelnas | L2: Laikas
A3: PTV | B3: 0.57 | D3: 1 | E3: LV0000103935 | F3: 45755 | G3: 0.9 | H3: =IF($B$9>0,$B$9,"") -> 45995 | I3: 0.9 | J3: 0.09 | K3: 0.159 | L3: =IF($B$10=$B$11,H3-F3,"") -> 240 | W3: =F3 -> 45755 | X3: =H3 -> 45995 | Y3: =G3*(-1) -> -0.9 | Z3: =I3+J3 -> 0.99
A4: PDT | B4: 0.35 | D4: 2 | E4: LV0000103927 | F4: 45755 | G4: 0.97 | H4: =IF($B$9>0,$B$9,"") -> 45995 | I4: 0.97 | J4: 0.1 | K4: 0.159 | L4: =IF($B$10=$B$11,H4-F4,"") -> 240 | W4: =F4 -> 45755 | X4: =H4 -> 45995 | Y4: =G4*(-1) -> -0.97 | Z4: =I4+J4 -> 1.07
D5: 3 | E5: LV0000103950 | F5: 45762 | G5: 1.21 | H5: =IF($B$9>0,$B$9,"") -> 45995 | I5: 1.21 | J5: 0.12 | K5: 0.1638 | L5: =IF($B$10=$B$11,H5-F5,"") -> 233 | W5: =F5 -> 45762 | X5: =H5 -> 45995 | Y5: =G5*(-1) -> -1.21 | Z5: =I5+J5 -> 1.33
D6: 4 | E6: LV0000103976 | F6: 45762 | G6: 1.85 | H6: =IF($B$9>0,$B$9,"") -> 45995 | I6: 1.85 | J6: 0.19 | K6: 0.1638 | L6: =IF($B$10=$B$11,H6-F6,"") -> 233 | W6: =F6 -> 45762 | X6: =H6 -> 45995 | Y6: =G6*(-1) -> -1.85 | Z6: =I6+J6 -> 2.04
A7: Investuota | B7: =SUMPRODUCT(F3:F20,G3:G20)/SUM(G3:G20) -> 45762.969 | D7: 5 | E7: LV0000104099 | F7: 45762 | G7: 0.88 | H7: =IF($B$9>0,$B$9,"") -> 45995 | I7: 0.88 | J7: 0.09 | K7: 0.1689 | L7: =IF($B$10=$B$11,H7-F7,"") -> 233 | W7: =F7 -> 45762 | X7: =H7 -> 45995 | Y7: =G7*(-1) -> -0.88 | Z7: =I7+J7 -> 0.97
A8: Paskolos pradžia | B8: 45551 | D8: 6 | E8: LV0000104180 | F8: 45776 | G8: 0.41 | H8: =IF($B$9>0,$B$9,"") -> 45995 | I8: 0.41 | J8: 0.04 | K8: 0.1743 | L8: =IF($B$10=$B$11,H8-F8,"") -> 219 | W8: =F8 -> 45776 | X8: =H8 -> 45995 | Y8: =G8*(-1) -> -0.41 | Z8: =I8+J8 -> 0.45
A9: Paskola grąžinta | B9: 45995 | D9: 7 | E9: LV0000104289 | F9: 45783 | G9: 0.43 | H9: =IF($B$9>0,$B$9,"") -> 45995 | I9: 0.43 | J9: 0.04 | K9: 0.18 | L9: =IF($B$10=$B$11,H9-F9,"") -> 212 | W9: =F9 -> 45783 | X9: =H9 -> 45995 | Y9: =G9*(-1) -> -0.43 | Z9: =I9+J9 -> 0.47
A10: Investuota | B10: =SUM(G3:G20) -> 6.79 | D10: 8 | E10: LV0000104560 | F10: 45797 | G10: 0.14 | H10: =IF($B$9>0,$B$9,"") -> 45995 | I10: 0.14 | J10: 0.01 | K10: 0.1927 | L10: =IF($B$10=$B$11,H10-F10,"") -> 198 | W10: =F10 -> 45797 | X10: =H10 -> 45995 | Y10: =G10*(-1) -> -0.14 | Z10: =I10+J10 -> 0.15
A11: Grąžinta | B11: =SUM(I3:I20) -> 6.79 | W11: =F11 -> 0 | X11: =H11 -> 0 | Y11: =G11*(-1) -> 0 | Z11: =I11+J11 -> 0
A12: Palūkanos | B12: =SUM(J3:J20) -> 0.68 | W12: =F12 -> 0 | X12: =H12 -> 0 | Y12: =G12*(-1) -> 0 | Z12: =I12+J12 -> 0
A13: XIRR | B13: =IF(B10=B11,XIRR(Y3:Z20,W3:X20),"") -> 0.16198474 | W13: =F13 -> 0 | X13: =H13 -> 0 | Y13: =G13*(-1) -> 0 | Z13: =I13+J13 -> 0
A14: Terminas | B14: =IF(B10=B11,SUMPRODUCT(L3:L20,G3:G20)/SUM(G3:G20),"") -> 232.03093 | W14: =F14 -> 0 | X14: =H14 -> 0 | Y14: =G14*(-1) -> 0 | Z14: =I14+J14 -> 0
W15: =F15 -> 0 | X15: =H15 -> 0 | Y15: =G15*(-1) -> 0 | Z15: =I15+J15 -> 0
W16: =F16 -> 0 | X16: =H16 -> 0 | Y16: =G16*(-1) -> 0 | Z16: =I16+J16 -> 0
W17: =F17 -> 0 | X17: =H17 -> 0 | Y17: =G17*(-1) -> 0 | Z17: =I17+J17 -> 0
W18: =F18 -> 0 | X18: =H18 -> 0 | Y18: =G18*(-1) -> 0 | Z18: =I18+J18 -> 0
W19: =F19 -> 0 | X19: =H19 -> 0 | Y19: =G19*(-1) -> 0 | Z19: =I19+J19 -> 0
W20: =F20 -> 0 | X20: =H20 -> 0 | Y20: =G20*(-1) -> 0 | Z20: =I20+J20 -> 0

Sheet J042
A1: Mortgage loan ID | B1: J042 | E1: Note | F1: Investuota | H1: Grąžinimas
A2: Pavadinimas | B2: Apartment in Madrid | F2: Data | G2: Suma | H2: Grąž. Data | I2: Paskola | J2: Palūkanos | K2: Pelnas | L2: Laikas
A3: PTV | B3: 0.34 | D3: 1 | E3: LV0000104636 | F3: 45804 | G3: 0.9 | H3: =IF($B$9>0,$B$9,"") | L3: =IF($B$10=$B$11,H3-F3,"") | W3: =F3 -> 45804 | X3: =H3 | Y3: =G3*(-1) -> -0.9 | Z3: =I3+J3 -> 0
A4: PDT | B4: 0.58 | D4: 2 | E4: LV0000105385 | F4: 45846 | G4: 0.07 | H4: =IF($B$9>0,$B$9,"") | L4: =IF($B$10=$B$11,H4-F4,"") | W4: =F4 -> 45846 | X4: =H4 | Y4: =G4*(-1) -> -0.07 | Z4: =I4+J4 -> 0
H5: =IF($B$9>0,$B$9,"") | L5: =IF($B$10=$B$11,H5-F5,"") | W5: =F5 -> 0 | X5: =H5 | Y5: =G5*(-1) -> 0 | Z5: =I5+J5 -> 0
H6: =IF($B$9>0,$B$9,"") | L6: =IF($B$10=$B$11,H6-F6,"") | W6: =F6 -> 0 | X6: =H6 | Y6: =G6*(-1) -> 0 | Z6: =I6+J6 -> 0
A7: Investuota | B7: =SUMPRODUCT(F3:F20,G3:G20)/SUM(G3:G20) -> 45807.031 | H7: =IF($B$9>0,$B$9,"") | L7: =IF($B$10=$B$11,H7-F7,"") | W7: =F7 -> 0 | X7: =H7 | Y7: =G7*(-1) -> 0 | Z7: =I7+J7 -> 0
A8: Paskolos pradžia | B8: 45551 | H8: =IF($B$9>0,$B$9,"") | L8: =IF($B$10=$B$11,H8-F8,"") | W8: =F8 -> 0 | X8: =H8 | Y8: =G8*(-1) -> 0 | Z8: =I8+J8 -> 0
A9: Paskola grąžinta | H9: =IF($B$9>0,$B$9,"") | L9: =IF($B$10=$B$11,H9-F9,"") | W9: =F9 -> 0 | X9: =H9 | Y9: =G9*(-1) -> 0 | Z9: =I9+J9 -> 0
A10: Investuota | B10: =SUM(G3:G20) -> 0.97 | H10: =IF($B$9>0,$B$9,"") | L10: =IF($B$10=$B$11,H10-F10,"") | W10: =F10 -> 0 | X10: =H10 | Y10: =G10*(-1) -> 0 | Z10: =I10+J10 -> 0
A11: Grąžinta | B11: =SUM(I3:I20) -> 0 | W11: =F11 -> 0 | X11: =H11 -> 0 | Y11: =G11*(-1) -> 0 | Z11: =I11+J11 -> 0
A12: Palūkanos | B12: =SUM(J3:J20) -> 0 | W12: =F12 -> 0 | X12: =H12 -> 0 | Y12: =G12*(-1) -> 0 | Z12: =I12+J12 -> 0
A13: XIRR | B13: =IF(B10=B11,XIRR(Y3:Z20,W3:X20),"") | W13: =F13 -> 0 | X13: =H13 -> 0 | Y13: =G13*(-1) -> 0 | Z13: =I13+J13 -> 0
A14: Terminas | B14: =IF(B10=B11,SUMPRODUCT(L3:L20,G3:G20)/SUM(G3:G20),"") | W14: =F14 -> 0 | X14: =H14 -> 0 | Y14: =G14*(-1) -> 0 | Z14: =I14+J14 -> 0
W15: =F15 -> 0 | X15: =H15 -> 0 | Y15: =G15*(-1) -> 0 | Z15: =I15+J15 -> 0
W16: =F16 -> 0 | X16: =H16 -> 0 | Y16: =G16*(-1) -> 0 | Z16: =I16+J16 -> 0
W17: =F17 -> 0 | X17: =H17 -> 0 | Y17: =G17*(-1) -> 0 | Z17: =I17+J17 -> 0
W18: =F18 -> 0 | X18: =H18 -> 0 | Y18: =G18*(-1) -> 0 | Z18: =I18+J18 -> 0
W19: =F19 -> 0 | X19: =H19 -> 0 | Y19: =G19*(-1) -> 0 | Z19: =I19+J19 -> 0
W20: =F20 -> 0 | X20: =H20 -> 0 | Y20: =G20*(-1) -> 0 | Z20: =I20+J20 -> 0

Sheet J043
A1: Mortgage loan ID | B1: J043 | E1: Note | F1: Investuota | H1: Grąžinimas
A2: Pavadinimas | B2: House in Elche | F2: Data | G2: Suma | H2: Grąž. Data | I2: Paskola | J2: Palūkanos | K2: Pelnas | L2: Laikas
A3: PTV | B3: 0.63 | D3: 1 | E3: LV0000105799 | F3: 45867 | G3: 0.5 | H3: =IF($B$9>0,$B$9,"") | L3: =IF($B$10=$B$11,H3-F3,"") | W3: =F3 -> 45867 | X3: =H3 | Y3: =G3*(-1) -> -0.5 | Z3: =I3+J3 -> 0
A4: PDT | B4: 0.34 | D4: 2 | E4: LV0000105807 | F4: 45867 | G4: 0.59 | H4: =IF($B$9>0,$B$9,"") | L4: =IF($B$10=$B$11,H4-F4,"") | W4: =F4 -> 45867 | X4: =H4 | Y4: =G4*(-1) -> -0.59 | Z4: =I4+J4 -> 0
H5: =IF($B$9>0,$B$9,"") | L5: =IF($B$10=$B$11,H5-F5,"") | W5: =F5 -> 0 | X5: =H5 | Y5: =G5*(-1) -> 0 | Z5: =I5+J5 -> 0
H6: =IF($B$9>0,$B$9,"") | L6: =IF($B$10=$B$11,H6-F6,"") | W6: =F6 -> 0 | X6: =H6 | Y6: =G6*(-1) -> 0 | Z6: =I6+J6 -> 0
A7: Investuota | B7: =SUMPRODUCT(F3:F20,G3:G20)/SUM(G3:G20) -> 45867 | H7: =IF($B$9>0,$B$9,"") | L7: =IF($B$10=$B$11,H7-F7,"") | W7: =F7 -> 0 | X7: =H7 | Y7: =G7*(-1) -> 0 | Z7: =I7+J7 -> 0
A8: Paskolos pradžia | B8: 45551 | H8: =IF($B$9>0,$B$9,"") | L8: =IF($B$10=$B$11,H8-F8,"") | W8: =F8 -> 0 | X8: =H8 | Y8: =G8*(-1) -> 0 | Z8: =I8+J8 -> 0
A9: Paskola grąžinta | H9: =IF($B$9>0,$B$9,"") | L9: =IF($B$10=$B$11,H9-F9,"") | W9: =F9 -> 0 | X9: =H9 | Y9: =G9*(-1) -> 0 | Z9: =I9+J9 -> 0
A10: Investuota | B10: =SUM(G3:G20) -> 1.09 | H10: =IF($B$9>0,$B$9,"") | L10: =IF($B$10=$B$11,H10-F10,"") | W10: =F10 -> 0 | X10: =H10 | Y10: =G10*(-1) -> 0 | Z10: =I10+J10 -> 0
A11: Grąžinta | B11: =SUM(I3:I20) -> 0 | W11: =F11 -> 0 | X11: =H11 -> 0 | Y11: =G11*(-1) -> 0 | Z11: =I11+J11 -> 0
A12: Palūkanos | B12: =SUM(J3:J20) -> 0 | W12: =F12 -> 0 | X12: =H12 -> 0 | Y12: =G12*(-1) -> 0 | Z12: =I12+J12 -> 0
A13: XIRR | B13: =IF(B10=B11,XIRR(Y3:Z20,W3:X20),"") | W13: =F13 -> 0 | X13: =H13 -> 0 | Y13: =G13*(-1) -> 0 | Z13: =I13+J13 -> 0
A14: Terminas | B14: =IF(B10=B11,SUMPRODUCT(L3:L20,G3:G20)/SUM(G3:G20),"") | W14: =F14 -> 0 | X14: =H14 -> 0 | Y14: =G14*(-1) -> 0 | Z14: =I14+J14 -> 0
W15: =F15 -> 0 | X15: =H15 -> 0 | Y15: =G15*(-1) -> 0 | Z15: =I15+J15 -> 0
W16: =F16 -> 0 | X16: =H16 -> 0 | Y16: =G16*(-1) -> 0 | Z16: =I16+J16 -> 0
W17: =F17 -> 0 | X17: =H17 -> 0 | Y17: =G17*(-1) -> 0 | Z17: =I17+J17 -> 0
W18: =F18 -> 0 | X18: =H18 -> 0 | Y18: =G18*(-1) -> 0 | Z18: =I18+J18 -> 0
W19: =F19 -> 0 | X19: =H19 -> 0 | Y19: =G19*(-1) -> 0 | Z19: =I19+J19 -> 0
W20: =F20 -> 0 | X20: =H20 -> 0 | Y20: =G20*(-1) -> 0 | Z20: =I20+J20 -> 0

Sheet J044
A1: Mortgage loan ID | B1: J044 | E1: Note | F1: Investuota | H1: Grąžinimas
A2: Pavadinimas | B2: Apartment in Adeje | F2: Data | G2: Suma | H2: Grąž. Data | I2: Paskola | J2: Palūkanos | K2: Pelnas | L2: Laikas
A3: PTV | B3: 0.2 | D3: 1 | E3: LV0000103612 | F3: 45741 | G3: 2.61 | H3: =IF($B$9>0,$B$9,"") -> 46169 | I3: 2.61 | J3: 0.44 | K3: 0.1452 | L3: =IF($B$10=$B$11,H3-F3,"") -> 428 | W3: =F3 -> 45741 | X3: =H3 -> 46169 | Y3: =G3*(-1) -> -2.61 | Z3: =I3+J3 -> 3.05
A4: PDT | B4: 0.64 | D4: 2 | E4: LV0000103752 | F4: 45748 | G4: 0.23 | H4: =IF($B$9>0,$B$9,"") -> 46169 | I4: 0.23 | J4: 0.03 | K4: 0.1477 | L4: =IF($B$10=$B$11,H4-F4,"") -> 421 | W4: =F4 -> 45748 | X4: =H4 -> 46169 | Y4: =G4*(-1) -> -0.23 | Z4: =I4+J4 -> 0.26
D5: 3 | E5: LV0000103810 | F5: 45755 | G5: 0.27 | H5: =IF($B$9>0,$B$9,"") -> 46169 | I5: 0.27 | J5: 0.04 | K5: 0.1502 | L5: =IF($B$10=$B$11,H5-F5,"") -> 414 | W5: =F5 -> 45755 | X5: =H5 -> 46169 | Y5: =G5*(-1) -> -0.27 | Z5: =I5+J5 -> 0.31
W6: =F6 -> 0 | X6: =H6 -> 0 | Y6: =G6*(-1) -> 0 | Z6: =I6+J6 -> 0
A7: Investuota | B7: =SUMPRODUCT(F3:F20,G3:G20)/SUM(G3:G20) -> 45742.733 | W7: =F7 -> 0 | X7: =H7 -> 0 | Y7: =G7*(-1) -> 0 | Z7: =I7+J7 -> 0
A8: Paskolos pradžia | B8: 45551 | W8: =F8 -> 0 | X8: =H8 -> 0 | Y8: =G8*(-1) -> 0 | Z8: =I8+J8 -> 0
A9: Paskola grąžinta | B9: 46169 | W9: =F9 -> 0 | X9: =H9 -> 0 | Y9: =G9*(-1) -> 0 | Z9: =I9+J9 -> 0
A10: Investuota | B10: =SUM(G3:G20) -> 3.11 | W10: =F10 -> 0 | X10: =H10 -> 0 | Y10: =G10*(-1) -> 0 | Z10: =I10+J10 -> 0
A11: Grąžinta | B11: =SUM(I3:I20) -> 3.11 | W11: =F11 -> 0 | X11: =H11 -> 0 | Y11: =G11*(-1) -> 0 | Z11: =I11+J11 -> 0
A12: Palūkanos | B12: =SUM(J3:J20) -> 0.51 | W12: =F12 -> 0 | X12: =H12 -> 0 | Y12: =G12*(-1) -> 0 | Z12: =I12+J12 -> 0
A13: XIRR | B13: =IF(B10=B11,XIRR(Y3:Z20,W3:X20),"") -> 0.13885676 | W13: =F13 -> 0 | X13: =H13 -> 0 | Y13: =G13*(-1) -> 0 | Z13: =I13+J13 -> 0
A14: Terminas | B14: =IF(B10=B11,SUMPRODUCT(L3:L20,G3:G20)/SUM(G3:G20),"") -> 426.26688 | W14: =F14 -> 0 | X14: =H14 -> 0 | Y14: =G14*(-1) -> 0 | Z14: =I14+J14 -> 0
W15: =F15 -> 0 | X15: =H15 -> 0 | Y15: =G15*(-1) -> 0 | Z15: =I15+J15 -> 0
W16: =F16 -> 0 | X16: =H16 -> 0 | Y16: =G16*(-1) -> 0 | Z16: =I16+J16 -> 0
W17: =F17 -> 0 | X17: =H17 -> 0 | Y17: =G17*(-1) -> 0 | Z17: =I17+J17 -> 0
W18: =F18 -> 0 | X18: =H18 -> 0 | Y18: =G18*(-1) -> 0 | Z18: =I18+J18 -> 0
W19: =F19 -> 0 | X19: =H19 -> 0 | Y19: =G19*(-1) -> 0 | Z19: =I19+J19 -> 0
W20: =F20 -> 0 | X20: =H20 -> 0 | Y20: =G20*(-1) -> 0 | Z20: =I20+J20 -> 0

Sheet J046
A1: Mortgage loan ID | B1: J046 | E1: Note | F1: Investuota | H1: Grąžinimas
A2: Pavadinimas | B2: House in Torrevieja | F2: Data | G2: Suma | H2: Grąž. Data | I2: Paskola | J2: Palūkanos | K2: Pelnas | L2: Laikas
A3: PTV | B3: 0.58 | D3: 1 | E3: LV0000103620 | F3: 45741 | G3: 3.92 | H3: =IF($B$9>0,$B$9,"") | L3: =IF($B$10=$B$11,H3-F3,"") | W3: =F3 -> 45741 | X3: =H3 | Y3: =G3*(-1) -> -3.92 | Z3: =I3+J3 -> 0
A4: PDT | B4: 0.52 | D4: 2 | E4: LV0000103612 | F4: 45741 | G4: 5.96 | H4: =IF($B$9>0,$B$9,"") | L4: =IF($B$10=$B$11,H4-F4,"") | W4: =F4 -> 45741 | X4: =H4 | Y4: =G4*(-1) -> -5.96 | Z4: =I4+J4 -> 0
D5: 3 | E5: LV0000103745 | F5: 45748 | G5: 2.03 | H5: =IF($B$9>0,$B$9,"") | L5: =IF($B$10=$B$11,H5-F5,"") | W5: =F5 -> 45748 | X5: =H5 | Y5: =G5*(-1) -> -2.03 | Z5: =I5+J5 -> 0
D6: 4 | E6: LV0000103752 | F6: 45748 | G6: 1.33 | H6: =IF($B$9>0,$B$9,"") | L6: =IF($B$10=$B$11,H6-F6,"") | W6: =F6 -> 45748 | X6: =H6 | Y6: =G6*(-1) -> -1.33 | Z6: =I6+J6 -> 0
A7: Investuota | B7: =SUMPRODUCT(F3:F20,G3:G20)/SUM(G3:G20) -> 45744.046 | D7: 5 | E7: LV0000103828 | F7: 45755 | G7: 1.39 | H7: =IF($B$9>0,$B$9,"") | L7: =IF($B$10=$B$11,H7-F7,"") | W7: =F7 -> 45755 | X7: =H7 | Y7: =G7*(-1) -> -1.39 | Z7: =I7+J7 -> 0
A8: Paskolos pradžia | B8: 45551 | D8: 6 | E8: LV0000104586 | F8: 45797 | G8: 0.03 | H8: =IF($B$9>0,$B$9,"") | L8: =IF($B$10=$B$11,H8-F8,"") | W8: =F8 -> 45797 | X8: =H8 | Y8: =G8*(-1) -> -0.03 | Z8: =I8+J8 -> 0
A9: Paskola grąžinta | H9: =IF($B$9>0,$B$9,"") | L9: =IF($B$10=$B$11,H9-F9,"") | W9: =F9 -> 0 | X9: =H9 | Y9: =G9*(-1) -> 0 | Z9: =I9+J9 -> 0
A10: Investuota | B10: =SUM(G3:G20) -> 14.66 | H10: =IF($B$9>0,$B$9,"") | L10: =IF($B$10=$B$11,H10-F10,"") | W10: =F10 -> 0 | X10: =H10 | Y10: =G10*(-1) -> 0 | Z10: =I10+J10 -> 0
A11: Grąžinta | B11: =SUM(I3:I20) -> 0 | W11: =F11 -> 0 | X11: =H11 -> 0 | Y11: =G11*(-1) -> 0 | Z11: =I11+J11 -> 0
A12: Palūkanos | B12: =SUM(J3:J20) -> 0 | W12: =F12 -> 0 | X12: =H12 -> 0 | Y12: =G12*(-1) -> 0 | Z12: =I12+J12 -> 0
A13: XIRR | B13: =IF(B10=B11,XIRR(Y3:Z20,W3:X20),"") | W13: =F13 -> 0 | X13: =H13 -> 0 | Y13: =G13*(-1) -> 0 | Z13: =I13+J13 -> 0
A14: Terminas | B14: =IF(B10=B11,SUMPRODUCT(L3:L20,G3:G20)/SUM(G3:G20),"") | W14: =F14 -> 0 | X14: =H14 -> 0 | Y14: =G14*(-1) -> 0 | Z14: =I14+J14 -> 0
W15: =F15 -> 0 | X15: =H15 -> 0 | Y15: =G15*(-1) -> 0 | Z15: =I15+J15 -> 0
W16: =F16 -> 0 | X16: =H16 -> 0 | Y16: =G16*(-1) -> 0 | Z16: =I16+J16 -> 0
W17: =F17 -> 0 | X17: =H17 -> 0 | Y17: =G17*(-1) -> 0 | Z17: =I17+J17 -> 0
W18: =F18 -> 0 | X18: =H18 -> 0 | Y18: =G18*(-1) -> 0 | Z18: =I18+J18 -> 0
W19: =F19 -> 0 | X19: =H19 -> 0 | Y19: =G19*(-1) -> 0 | Z19: =I19+J19 -> 0
W20: =F20 -> 0 | X20: =H20 -> 0 | Y20: =G20*(-1) -> 0 | Z20: =I20+J20 -> 0

Sheet J048
A1: Mortgage loan ID | B1: J048 | E1: Note | F1: Investuota | H1: Grąžinimas
A2: Pavadinimas | B2: Apartment in Roquetas de Mar | F2: Data | G2: Suma | H2: Grąž. Data | I2: Paskola | J2: Palūkanos | K2: Pelnas | L2: Laikas
A3: PTV | B3: 0.57 | D3: 1 | E3: LV0000103935 | F3: 45755 | G3: 0.94 | H3: =IF($B$9>0,$B$9,"") | L3: =IF($B$10=$B$11,H3-F3,"") | W3: =F3 -> 45755 | X3: =H3 | Y3: =G3*(-1) -> -0.94 | Z3: =I3+J3 -> 0
A4: PDT | B4: 0.51 | D4: 2 | E4: LV0000103927 | F4: 45755 | G4: 1 | H4: =IF($B$9>0,$B$9,"") | L4: =IF($B$10=$B$11,H4-F4,"") | W4: =F4 -> 45755 | X4: =H4 | Y4: =G4*(-1) -> -1 | Z4: =I4+J4 -> 0
D5: 3 | E5: LV0000103950 | F5: 45762 | G5: 1.24 | H5: =IF($B$9>0,$B$9,"") | L5: =IF($B$10=$B$11,H5-F5,"") | W5: =F5 -> 45762 | X5: =H5 | Y5: =G5*(-1) -> -1.24 | Z5: =I5+J5 -> 0
D6: 4 | E6: LV0000103976 | F6: 45762 | G6: 1.9 | H6: =IF($B$9>0,$B$9,"") | L6: =IF($B$10=$B$11,H6-F6,"") | W6: =F6 -> 45762 | X6: =H6 | Y6: =G6*(-1) -> -1.9 | Z6: =I6+J6 -> 0
A7: Investuota | B7: =SUMPRODUCT(F3:F20,G3:G20)/SUM(G3:G20) -> 45763.078 | D7: 5 | E7: LV0000104107 | F7: 45769 | G7: 1.2 | H7: =IF($B$9>0,$B$9,"") | L7: =IF($B$10=$B$11,H7-F7,"") | W7: =F7 -> 45769 | X7: =H7 | Y7: =G7*(-1) -> -1.2 | Z7: =I7+J7 -> 0
A8: Paskolos pradžia | B8: 45551 | D8: 6 | E8: LV0000104198 | F8: 45776 | G8: 0.4 | H8: =IF($B$9>0,$B$9,"") | L8: =IF($B$10=$B$11,H8-F8,"") | W8: =F8 -> 45776 | X8: =H8 | Y8: =G8*(-1) -> -0.4 | Z8: =I8+J8 -> 0
A9: Paskola grąžinta | D9: 7 | E9: LV0000104560 | F9: 45797 | G9: 0.2 | H9: =IF($B$9>0,$B$9,"") | L9: =IF($B$10=$B$11,H9-F9,"") | W9: =F9 -> 45797 | X9: =H9 | Y9: =G9*(-1) -> -0.2 | Z9: =I9+J9 -> 0
A10: Investuota | B10: =SUM(G3:G20) -> 6.88 | H10: =IF($B$9>0,$B$9,"") | L10: =IF($B$10=$B$11,H10-F10,"") | W10: =F10 -> 0 | X10: =H10 | Y10: =G10*(-1) -> 0 | Z10: =I10+J10 -> 0
A11: Grąžinta | B11: =SUM(I3:I20) -> 0 | W11: =F11 -> 0 | X11: =H11 -> 0 | Y11: =G11*(-1) -> 0 | Z11: =I11+J11 -> 0
A12: Palūkanos | B12: =SUM(J3:J20) -> 0 | W12: =F12 -> 0 | X12: =H12 -> 0 | Y12: =G12*(-1) -> 0 | Z12: =I12+J12 -> 0
A13: XIRR | B13: =IF(B10=B11,XIRR(Y3:Z20,W3:X20),"") | W13: =F13 -> 0 | X13: =H13 -> 0 | Y13: =G13*(-1) -> 0 | Z13: =I13+J13 -> 0
A14: Terminas | B14: =IF(B10=B11,SUMPRODUCT(L3:L20,G3:G20)/SUM(G3:G20),"") | W14: =F14 -> 0 | X14: =H14 -> 0 | Y14: =G14*(-1) -> 0 | Z14: =I14+J14 -> 0
W15: =F15 -> 0 | X15: =H15 -> 0 | Y15: =G15*(-1) -> 0 | Z15: =I15+J15 -> 0
W16: =F16 -> 0 | X16: =H16 -> 0 | Y16: =G16*(-1) -> 0 | Z16: =I16+J16 -> 0
W17: =F17 -> 0 | X17: =H17 -> 0 | Y17: =G17*(-1) -> 0 | Z17: =I17+J17 -> 0
W18: =F18 -> 0 | X18: =H18 -> 0 | Y18: =G18*(-1) -> 0 | Z18: =I18+J18 -> 0
W19: =F19 -> 0 | X19: =H19 -> 0 | Y19: =G19*(-1) -> 0 | Z19: =I19+J19 -> 0
W20: =F20 -> 0 | X20: =H20 -> 0 | Y20: =G20*(-1) -> 0 | Z20: =I20+J20 -> 0

Sheet J049
A1: Mortgage loan ID | B1: J049 | E1: Note | F1: Investuota | H1: Grąžinimas
A2: Pavadinimas | B2: House in Fines | F2: Data | G2: Suma | H2: Grąž. Data | I2: Paskola | J2: Palūkanos | K2: Pelnas | L2: Laikas
A3: PTV | B3: 0.58 | D3: 1 | E3: LV0000103927 | F3: 45755 | G3: 0.43 | H3: =IF($B$9>0,$B$9,"") | L3: =IF($B$10=$B$11,H3-F3,"") | W3: =F3 -> 45755 | X3: =H3 | Y3: =G3*(-1) -> -0.43 | Z3: =I3+J3 -> 0
A4: PDT | B4: 0.38 | D4: 2 | E4: LV0000103950 | F4: 45762 | G4: 0.67 | H4: =IF($B$9>0,$B$9,"") | L4: =IF($B$10=$B$11,H4-F4,"") | W4: =F4 -> 45762 | X4: =H4 | Y4: =G4*(-1) -> -0.67 | Z4: =I4+J4 -> 0
D5: 3 | E5: LV0000103976 | F5: 45762 | G5: 0.14 | H5: =IF($B$9>0,$B$9,"") | L5: =IF($B$10=$B$11,H5-F5,"") | W5: =F5 -> 45762 | X5: =H5 | Y5: =G5*(-1) -> -0.14 | Z5: =I5+J5 -> 0
D6: 4 | E6: LV0000103968 | F6: 45762 | G6: 0.6 | H6: =IF($B$9>0,$B$9,"") | L6: =IF($B$10=$B$11,H6-F6,"") | W6: =F6 -> 45762 | X6: =H6 | Y6: =G6*(-1) -> -0.6 | Z6: =I6+J6 -> 0
A7: Investuota | B7: =SUMPRODUCT(F3:F20,G3:G20)/SUM(G3:G20) -> 45771.37 | D7: 5 | E7: LV0000104198 | F7: 45776 | G7: 0.44 | H7: =IF($B$9>0,$B$9,"") | L7: =IF($B$10=$B$11,H7-F7,"") | W7: =F7 -> 45776 | X7: =H7 | Y7: =G7*(-1) -> -0.44 | Z7: =I7+J7 -> 0
A8: Paskolos pradžia | B8: 45551 | D8: 6 | E8: LV0000104297 | F8: 45783 | G8: 0.42 | H8: =IF($B$9>0,$B$9,"") | L8: =IF($B$10=$B$11,H8-F8,"") | W8: =F8 -> 45783 | X8: =H8 | Y8: =G8*(-1) -> -0.42 | Z8: =I8+J8 -> 0
A9: Paskola grąžinta | D9: 7 | E9: LV0000104578 | F9: 45797 | G9: 0.52 | H9: =IF($B$9>0,$B$9,"") | L9: =IF($B$10=$B$11,H9-F9,"") | W9: =F9 -> 45797 | X9: =H9 | Y9: =G9*(-1) -> -0.52 | Z9: =I9+J9 -> 0
A10: Investuota | B10: =SUM(G3:G20) -> 3.22 | H10: =IF($B$9>0,$B$9,"") | L10: =IF($B$10=$B$11,H10-F10,"") | W10: =F10 -> 0 | X10: =H10 | Y10: =G10*(-1) -> 0 | Z10: =I10+J10 -> 0
A11: Grąžinta | B11: =SUM(I3:I20) -> 0 | W11: =F11 -> 0 | X11: =H11 -> 0 | Y11: =G11*(-1) -> 0 | Z11: =I11+J11 -> 0
A12: Palūkanos | B12: =SUM(J3:J20) -> 0 | W12: =F12 -> 0 | X12: =H12 -> 0 | Y12: =G12*(-1) -> 0 | Z12: =I12+J12 -> 0
A13: XIRR | B13: =IF(B10=B11,XIRR(Y3:Z20,W3:X20),"") | W13: =F13 -> 0 | X13: =H13 -> 0 | Y13: =G13*(-1) -> 0 | Z13: =I13+J13 -> 0
A14: Terminas | B14: =IF(B10=B11,SUMPRODUCT(L3:L20,G3:G20)/SUM(G3:G20),"") | W14: =F14 -> 0 | X14: =H14 -> 0 | Y14: =G14*(-1) -> 0 | Z14: =I14+J14 -> 0
W15: =F15 -> 0 | X15: =H15 -> 0 | Y15: =G15*(-1) -> 0 | Z15: =I15+J15 -> 0
W16: =F16 -> 0 | X16: =H16 -> 0 | Y16: =G16*(-1) -> 0 | Z16: =I16+J16 -> 0
W17: =F17 -> 0 | X17: =H17 -> 0 | Y17: =G17*(-1) -> 0 | Z17: =I17+J17 -> 0
W18: =F18 -> 0 | X18: =H18 -> 0 | Y18: =G18*(-1) -> 0 | Z18: =I18+J18 -> 0
W19: =F19 -> 0 | X19: =H19 -> 0 | Y19: =G19*(-1) -> 0 | Z19: =I19+J19 -> 0
W20: =F20 -> 0 | X20: =H20 -> 0 | Y20: =G20*(-1) -> 0 | Z20: =I20+J20 -> 0

Sheet J050
A1: Mortgage loan ID | B1: J050 | E1: Note | F1: Investuota | H1: Grąžinimas
A2: Pavadinimas | B2: Apartment in Almeria | F2: Data | G2: Suma | H2: Grąž. Data | I2: Paskola | J2: Palūkanos | K2: Pelnas | L2: Laikas
A3: PTV | B3: 0.58 | D3: 1 | E3: LV0000103927 | F3: 45755 | G3: 0.75 | H3: =IF($B$9>0,$B$9,"") | L3: =IF($B$10=$B$11,H3-F3,"") | W3: =F3 -> 45755 | X3: =H3 | Y3: =G3*(-1) -> -0.75 | Z3: =I3+J3 -> 0
A4: PDT | B4: 0.22 | D4: 2 | E4: LV0000103950 | F4: 45762 | G4: 1.17 | H4: =IF($B$9>0,$B$9,"") | L4: =IF($B$10=$B$11,H4-F4,"") | W4: =F4 -> 45762 | X4: =H4 | Y4: =G4*(-1) -> -1.17 | Z4: =I4+J4 -> 0
D5: 3 | E5: LV0000103968 | F5: 45762 | G5: 1.04 | H5: =IF($B$9>0,$B$9,"") | L5: =IF($B$10=$B$11,H5-F5,"") | W5: =F5 -> 45762 | X5: =H5 | Y5: =G5*(-1) -> -1.04 | Z5: =I5+J5 -> 0
D6: 4 | E6: LV0000104198 | F6: 45776 | G6: 0.76 | H6: =IF($B$9>0,$B$9,"") | L6: =IF($B$10=$B$11,H6-F6,"") | W6: =F6 -> 45776 | X6: =H6 | Y6: =G6*(-1) -> -0.76 | Z6: =I6+J6 -> 0
A7: Investuota | B7: =SUMPRODUCT(F3:F20,G3:G20)/SUM(G3:G20) -> 45770.887 | D7: 5 | E7: LV0000104297 | F7: 45783 | G7: 0.89 | H7: =IF($B$9>0,$B$9,"") | L7: =IF($B$10=$B$11,H7-F7,"") | W7: =F7 -> 45783 | X7: =H7 | Y7: =G7*(-1) -> -0.89 | Z7: =I7+J7 -> 0
A8: Paskolos pradžia | B8: 45551 | D8: 6 | E8: LV0000104628 | F8: 45804 | G8: 0.51 | H8: =IF($B$9>0,$B$9,"") | L8: =IF($B$10=$B$11,H8-F8,"") | W8: =F8 -> 45804 | X8: =H8 | Y8: =G8*(-1) -> -0.51 | Z8: =I8+J8 -> 0
A9: Paskola grąžinta | H9: =IF($B$9>0,$B$9,"") | L9: =IF($B$10=$B$11,H9-F9,"") | W9: =F9 -> 0 | X9: =H9 | Y9: =G9*(-1) -> 0 | Z9: =I9+J9 -> 0
A10: Investuota | B10: =SUM(G3:G20) -> 5.12 | H10: =IF($B$9>0,$B$9,"") | L10: =IF($B$10=$B$11,H10-F10,"") | W10: =F10 -> 0 | X10: =H10 | Y10: =G10*(-1) -> 0 | Z10: =I10+J10 -> 0
A11: Grąžinta | B11: =SUM(I3:I20) -> 0 | W11: =F11 -> 0 | X11: =H11 -> 0 | Y11: =G11*(-1) -> 0 | Z11: =I11+J11 -> 0
A12: Palūkanos | B12: =SUM(J3:J20) -> 0 | W12: =F12 -> 0 | X12: =H12 -> 0 | Y12: =G12*(-1) -> 0 | Z12: =I12+J12 -> 0
A13: XIRR | B13: =IF(B10=B11,XIRR(Y3:Z20,W3:X20),"") | W13: =F13 -> 0 | X13: =H13 -> 0 | Y13: =G13*(-1) -> 0 | Z13: =I13+J13 -> 0
A14: Terminas | B14: =IF(B10=B11,SUMPRODUCT(L3:L20,G3:G20)/SUM(G3:G20),"") | W14: =F14 -> 0 | X14: =H14 -> 0 | Y14: =G14*(-1) -> 0 | Z14: =I14+J14 -> 0
W15: =F15 -> 0 | X15: =H15 -> 0 | Y15: =G15*(-1) -> 0 | Z15: =I15+J15 -> 0
W16: =F16 -> 0 | X16: =H16 -> 0 | Y16: =G16*(-1) -> 0 | Z16: =I16+J16 -> 0
W17: =F17 -> 0 | X17: =H17 -> 0 | Y17: =G17*(-1) -> 0 | Z17: =I17+J17 -> 0
W18: =F18 -> 0 | X18: =H18 -> 0 | Y18: =G18*(-1) -> 0 | Z18: =I18+J18 -> 0
W19: =F19 -> 0 | X19: =H19 -> 0 | Y19: =G19*(-1) -> 0 | Z19: =I19+J19 -> 0
W20: =F20 -> 0 | X20: =H20 -> 0 | Y20: =G20*(-1) -> 0 | Z20: =I20+J20 -> 0

Sheet J051
A1: Mortgage loan ID | B1: J051 | E1: Note | F1: Investuota | H1: Grąžinimas
A2: Pavadinimas | B2: House in Aznalcázar | F2: Data | G2: Suma | H2: Grąž. Data | I2: Paskola | J2: Palūkanos | K2: Pelnas | L2: Laikas
A3: PTV | B3: 0.53 | D3: 1 | E3: LV0000104107 | F3: 45769 | G3: 0.21 | H3: =IF($B$9>0,$B$9,"") -> 46099 | I3: 0.21 | J3: 0.03 | K3: 0.1791 | L3: =IF($B$10=$B$11,H3-F3,"") -> 330 | W3: =F3 -> 45769 | X3: =H3 -> 46099 | Y3: =G3*(-1) -> -0.21 | Z3: =I3+J3 -> 0.24
A4: PDT | B4: 0.13 | W4: =F4 -> 0 | X4: =H4 -> 0 | Y4: =G4*(-1) -> 0 | Z4: =I4+J4 -> 0
W5: =F5 -> 0 | X5: =H5 -> 0 | Y5: =G5*(-1) -> 0 | Z5: =I5+J5 -> 0
W6: =F6 -> 0 | X6: =H6 -> 0 | Y6: =G6*(-1) -> 0 | Z6: =I6+J6 -> 0
A7: Investuota | B7: =SUMPRODUCT(F3:F20,G3:G20)/SUM(G3:G20) -> 45769 | W7: =F7 -> 0 | X7: =H7 -> 0 | Y7: =G7*(-1) -> 0 | Z7: =I7+J7 -> 0
A8: Paskolos pradžia | B8: 45551 | W8: =F8 -> 0 | X8: =H8 -> 0 | Y8: =G8*(-1) -> 0 | Z8: =I8+J8 -> 0
A9: Paskola grąžinta | B9: 46099 | W9: =F9 -> 0 | X9: =H9 -> 0 | Y9: =G9*(-1) -> 0 | Z9: =I9+J9 -> 0
A10: Investuota | B10: =SUM(G3:G20) -> 0.21 | W10: =F10 -> 0 | X10: =H10 -> 0 | Y10: =G10*(-1) -> 0 | Z10: =I10+J10 -> 0
A11: Grąžinta | B11: =SUM(I3:I20) -> 0.21 | W11: =F11 -> 0 | X11: =H11 -> 0 | Y11: =G11*(-1) -> 0 | Z11: =I11+J11 -> 0
A12: Palūkanos | B12: =SUM(J3:J20) -> 0.03 | W12: =F12 -> 0 | X12: =H12 -> 0 | Y12: =G12*(-1) -> 0 | Z12: =I12+J12 -> 0
A13: XIRR | B13: =IF(B10=B11,XIRR(Y3:Z20,W3:X20),"") -> 0.15915793 | W13: =F13 -> 0 | X13: =H13 -> 0 | Y13: =G13*(-1) -> 0 | Z13: =I13+J13 -> 0
A14: Terminas | B14: =IF(B10=B11,SUMPRODUCT(L3:L20,G3:G20)/SUM(G3:G20),"") -> 330 | W14: =F14 -> 0 | X14: =H14 -> 0 | Y14: =G14*(-1) -> 0 | Z14: =I14+J14 -> 0
W15: =F15 -> 0 | X15: =H15 -> 0 | Y15: =G15*(-1) -> 0 | Z15: =I15+J15 -> 0
W16: =F16 -> 0 | X16: =H16 -> 0 | Y16: =G16*(-1) -> 0 | Z16: =I16+J16 -> 0
W17: =F17 -> 0 | X17: =H17 -> 0 | Y17: =G17*(-1) -> 0 | Z17: =I17+J17 -> 0
W18: =F18 -> 0 | X18: =H18 -> 0 | Y18: =G18*(-1) -> 0 | Z18: =I18+J18 -> 0
W19: =F19 -> 0 | X19: =H19 -> 0 | Y19: =G19*(-1) -> 0 | Z19: =I19+J19 -> 0
W20: =F20 -> 0 | X20: =H20 -> 0 | Y20: =G20*(-1) -> 0 | Z20: =I20+J20 -> 0

Sheet J052
A1: Mortgage loan ID | B1: J052 | E1: Note | F1: Investuota | H1: Grąžinimas
A2: Pavadinimas | B2: Apartment on Ronda de los Tejares | F2: Data | G2: Suma | H2: Grąž. Data | I2: Paskola | J2: Palūkanos | K2: Pelnas | L2: Laikas
A3: PTV | B3: 0.37 | D3: 1 | E3: LV0000103620 | F3: 45741 | G3: 3.92 | H3: =IF($B$9>0,$B$9,"") | L3: =IF($B$10=$B$11,H3-F3,"") | W3: =F3 -> 45741 | X3: =H3 | Y3: =G3*(-1) -> -3.92 | Z3: =I3+J3 -> 0
A4: PDT | B4: 0.68 | D4: 2 | E4: LV0000103612 | F4: 45741 | G4: 5.96 | H4: =IF($B$9>0,$B$9,"") | L4: =IF($B$10=$B$11,H4-F4,"") | W4: =F4 -> 45741 | X4: =H4 | Y4: =G4*(-1) -> -5.96 | Z4: =I4+J4 -> 0
D5: 3 | E5: LV0000103745 | F5: 45748 | G5: 2.13 | H5: =IF($B$9>0,$B$9,"") | L5: =IF($B$10=$B$11,H5-F5,"") | W5: =F5 -> 45748 | X5: =H5 | Y5: =G5*(-1) -> -2.13 | Z5: =I5+J5 -> 0
D6: 4 | E6: LV0000103752 | F6: 45748 | G6: 1.26 | H6: =IF($B$9>0,$B$9,"") | L6: =IF($B$10=$B$11,H6-F6,"") | W6: =F6 -> 45748 | X6: =H6 | Y6: =G6*(-1) -> -1.26 | Z6: =I6+J6 -> 0
A7: Investuota | B7: =SUMPRODUCT(F3:F20,G3:G20)/SUM(G3:G20) -> 45743.946 | D7: 5 | E7: LV0000103828 | F7: 45755 | G7: 1.39 | H7: =IF($B$9>0,$B$9,"") | L7: =IF($B$10=$B$11,H7-F7,"") | W7: =F7 -> 45755 | X7: =H7 | Y7: =G7*(-1) -> -1.39 | Z7: =I7+J7 -> 0
A8: Paskolos pradžia | B8: 45551 | H8: =IF($B$9>0,$B$9,"") | L8: =IF($B$10=$B$11,H8-F8,"") | W8: =F8 -> 0 | X8: =H8 | Y8: =G8*(-1) -> 0 | Z8: =I8+J8 -> 0
A9: Paskola grąžinta | H9: =IF($B$9>0,$B$9,"") | L9: =IF($B$10=$B$11,H9-F9,"") | W9: =F9 -> 0 | X9: =H9 | Y9: =G9*(-1) -> 0 | Z9: =I9+J9 -> 0
A10: Investuota | B10: =SUM(G3:G20) -> 14.66 | H10: =IF($B$9>0,$B$9,"") | L10: =IF($B$10=$B$11,H10-F10,"") | W10: =F10 -> 0 | X10: =H10 | Y10: =G10*(-1) -> 0 | Z10: =I10+J10 -> 0
A11: Grąžinta | B11: =SUM(I3:I20) -> 0 | W11: =F11 -> 0 | X11: =H11 -> 0 | Y11: =G11*(-1) -> 0 | Z11: =I11+J11 -> 0
A12: Palūkanos | B12: =SUM(J3:J20) -> 0 | W12: =F12 -> 0 | X12: =H12 -> 0 | Y12: =G12*(-1) -> 0 | Z12: =I12+J12 -> 0
A13: XIRR | B13: =IF(B10=B11,XIRR(Y3:Z20,W3:X20),"") | W13: =F13 -> 0 | X13: =H13 -> 0 | Y13: =G13*(-1) -> 0 | Z13: =I13+J13 -> 0
A14: Terminas | B14: =IF(B10=B11,SUMPRODUCT(L3:L20,G3:G20)/SUM(G3:G20),"") | W14: =F14 -> 0 | X14: =H14 -> 0 | Y14: =G14*(-1) -> 0 | Z14: =I14+J14 -> 0
W15: =F15 -> 0 | X15: =H15 -> 0 | Y15: =G15*(-1) -> 0 | Z15: =I15+J15 -> 0
W16: =F16 -> 0 | X16: =H16 -> 0 | Y16: =G16*(-1) -> 0 | Z16: =I16+J16 -> 0
W17: =F17 -> 0 | X17: =H17 -> 0 | Y17: =G17*(-1) -> 0 | Z17: =I17+J17 -> 0
W18: =F18 -> 0 | X18: =H18 -> 0 | Y18: =G18*(-1) -> 0 | Z18: =I18+J18 -> 0
W19: =F19 -> 0 | X19: =H19 -> 0 | Y19: =G19*(-1) -> 0 | Z19: =I19+J19 -> 0
W20: =F20 -> 0 | X20: =H20 -> 0 | Y20: =G20*(-1) -> 0 | Z20: =I20+J20 -> 0

Sheet J053
A1: Mortgage loan ID | B1: J053 | E1: Note | F1: Investuota | H1: Grąžinimas
A2: Pavadinimas | B2: Apartment in Vic | F2: Data | G2: Suma | H2: Grąž. Data | I2: Paskola | J2: Palūkanos | K2: Pelnas | L2: Laikas
A3: PTV | B3: 0.57 | D3: 1 | E3: LV0000103604 | F3: 45741 | G3: 3.22 | H3: =IF($B$9>0,$B$9,"") | L3: =IF($B$10=$B$11,H3-F3,"") | W3: =F3 -> 45741 | X3: =H3 | Y3: =G3*(-1) -> -3.22 | Z3: =I3+J3 -> 0
A4: PDT | B4: 0.48 | D4: 2 | E4: LV0000103810 | F4: 45755 | G4: 0.8 | H4: =IF($B$9>0,$B$9,"") | L4: =IF($B$10=$B$11,H4-F4,"") | W4: =F4 -> 45755 | X4: =H4 | Y4: =G4*(-1) -> -0.8 | Z4: =I4+J4 -> 0
H5: =IF($B$9>0,$B$9,"") | L5: =IF($B$10=$B$11,H5-F5,"") | W5: =F5 -> 0 | X5: =H5 | Y5: =G5*(-1) -> 0 | Z5: =I5+J5 -> 0
H6: =IF($B$9>0,$B$9,"") | L6: =IF($B$10=$B$11,H6-F6,"") | W6: =F6 -> 0 | X6: =H6 | Y6: =G6*(-1) -> 0 | Z6: =I6+J6 -> 0
A7: Investuota | B7: =SUMPRODUCT(F3:F20,G3:G20)/SUM(G3:G20) -> 45743.786 | H7: =IF($B$9>0,$B$9,"") | L7: =IF($B$10=$B$11,H7-F7,"") | W7: =F7 -> 0 | X7: =H7 | Y7: =G7*(-1) -> 0 | Z7: =I7+J7 -> 0
A8: Paskolos pradžia | B8: 45551 | H8: =IF($B$9>0,$B$9,"") | L8: =IF($B$10=$B$11,H8-F8,"") | W8: =F8 -> 0 | X8: =H8 | Y8: =G8*(-1) -> 0 | Z8: =I8+J8 -> 0
A9: Paskola grąžinta | H9: =IF($B$9>0,$B$9,"") | L9: =IF($B$10=$B$11,H9-F9,"") | W9: =F9 -> 0 | X9: =H9 | Y9: =G9*(-1) -> 0 | Z9: =I9+J9 -> 0
A10: Investuota | B10: =SUM(G3:G20) -> 4.02 | H10: =IF($B$9>0,$B$9,"") | L10: =IF($B$10=$B$11,H10-F10,"") | W10: =F10 -> 0 | X10: =H10 | Y10: =G10*(-1) -> 0 | Z10: =I10+J10 -> 0
A11: Grąžinta | B11: =SUM(I3:I20) -> 0 | W11: =F11 -> 0 | X11: =H11 -> 0 | Y11: =G11*(-1) -> 0 | Z11: =I11+J11 -> 0
A12: Palūkanos | B12: =SUM(J3:J20) -> 0 | W12: =F12 -> 0 | X12: =H12 -> 0 | Y12: =G12*(-1) -> 0 | Z12: =I12+J12 -> 0
A13: XIRR | B13: =IF(B10=B11,XIRR(Y3:Z20,W3:X20),"") | W13: =F13 -> 0 | X13: =H13 -> 0 | Y13: =G13*(-1) -> 0 | Z13: =I13+J13 -> 0
A14: Terminas | B14: =IF(B10=B11,SUMPRODUCT(L3:L20,G3:G20)/SUM(G3:G20),"") | W14: =F14 -> 0 | X14: =H14 -> 0 | Y14: =G14*(-1) -> 0 | Z14: =I14+J14 -> 0
W15: =F15 -> 0 | X15: =H15 -> 0 | Y15: =G15*(-1) -> 0 | Z15: =I15+J15 -> 0
W16: =F16 -> 0 | X16: =H16 -> 0 | Y16: =G16*(-1) -> 0 | Z16: =I16+J16 -> 0
W17: =F17 -> 0 | X17: =H17 -> 0 | Y17: =G17*(-1) -> 0 | Z17: =I17+J17 -> 0
W18: =F18 -> 0 | X18: =H18 -> 0 | Y18: =G18*(-1) -> 0 | Z18: =I18+J18 -> 0
W19: =F19 -> 0 | X19: =H19 -> 0 | Y19: =G19*(-1) -> 0 | Z19: =I19+J19 -> 0
W20: =F20 -> 0 | X20: =H20 -> 0 | Y20: =G20*(-1) -> 0 | Z20: =I20+J20 -> 0

Sheet J054
A1: Mortgage loan ID | B1: J054 | E1: Note | F1: Investuota | H1: Grąžinimas
A2: Pavadinimas | B2: Apartments in Igualada | F2: Data | G2: Suma | H2: Grąž. Data | I2: Paskola | J2: Palūkanos | K2: Pelnas | L2: Laikas
A3: PTV | B3: 0.63 | D3: 1 | E3: LV0000105799 | F3: 45867 | G3: 1.47 | H3: =IF($B$9>0,$B$9,"") | L3: =IF($B$10=$B$11,H3-F3,"") | W3: =F3 -> 45867 | X3: =H3 | Y3: =G3*(-1) -> -1.47 | Z3: =I3+J3 -> 0
A4: PDT | B4: 0.48 | D4: 2 | E4: LV0000105807 | F4: 45867 | G4: 1.75 | H4: =IF($B$9>0,$B$9,"") | L4: =IF($B$10=$B$11,H4-F4,"") | W4: =F4 -> 45867 | X4: =H4 | Y4: =G4*(-1) -> -1.75 | Z4: =I4+J4 -> 0
D5: 3 | E5: LV0000105815 | F5: 45867 | G5: 1.44 | H5: =IF($B$9>0,$B$9,"") | L5: =IF($B$10=$B$11,H5-F5,"") | W5: =F5 -> 45867 | X5: =H5 | Y5: =G5*(-1) -> -1.44 | Z5: =I5+J5 -> 0
D6: 4 | E6: LV0000106102 | F6: 45888 | G6: 0.13 | H6: =IF($B$9>0,$B$9,"") | L6: =IF($B$10=$B$11,H6-F6,"") | W6: =F6 -> 45888 | X6: =H6 | Y6: =G6*(-1) -> -0.13 | Z6: =I6+J6 -> 0
A7: Investuota | B7: =SUMPRODUCT(F3:F20,G3:G20)/SUM(G3:G20) -> 45872.55 | D7: 5 | E7: LV0000106391 | F7: 45902 | G7: 0.81 | H7: =IF($B$9>0,$B$9,"") | L7: =IF($B$10=$B$11,H7-F7,"") | W7: =F7 -> 45902 | X7: =H7 | Y7: =G7*(-1) -> -0.81 | Z7: =I7+J7 -> 0
A8: Paskolos pradžia | B8: 45551 | H8: =IF($B$9>0,$B$9,"") | L8: =IF($B$10=$B$11,H8-F8,"") | W8: =F8 -> 0 | X8: =H8 | Y8: =G8*(-1) -> 0 | Z8: =I8+J8 -> 0
A9: Paskola grąžinta | H9: =IF($B$9>0,$B$9,"") | L9: =IF($B$10=$B$11,H9-F9,"") | W9: =F9 -> 0 | X9: =H9 | Y9: =G9*(-1) -> 0 | Z9: =I9+J9 -> 0
A10: Investuota | B10: =SUM(G3:G20) -> 5.6 | H10: =IF($B$9>0,$B$9,"") | L10: =IF($B$10=$B$11,H10-F10,"") | W10: =F10 -> 0 | X10: =H10 | Y10: =G10*(-1) -> 0 | Z10: =I10+J10 -> 0
A11: Grąžinta | B11: =SUM(I3:I20) -> 0 | W11: =F11 -> 0 | X11: =H11 -> 0 | Y11: =G11*(-1) -> 0 | Z11: =I11+J11 -> 0
A12: Palūkanos | B12: =SUM(J3:J20) -> 0 | W12: =F12 -> 0 | X12: =H12 -> 0 | Y12: =G12*(-1) -> 0 | Z12: =I12+J12 -> 0
A13: XIRR | B13: =IF(B10=B11,XIRR(Y3:Z20,W3:X20),"") | W13: =F13 -> 0 | X13: =H13 -> 0 | Y13: =G13*(-1) -> 0 | Z13: =I13+J13 -> 0
A14: Terminas | B14: =IF(B10=B11,SUMPRODUCT(L3:L20,G3:G20)/SUM(G3:G20),"") | W14: =F14 -> 0 | X14: =H14 -> 0 | Y14: =G14*(-1) -> 0 | Z14: =I14+J14 -> 0
W15: =F15 -> 0 | X15: =H15 -> 0 | Y15: =G15*(-1) -> 0 | Z15: =I15+J15 -> 0
W16: =F16 -> 0 | X16: =H16 -> 0 | Y16: =G16*(-1) -> 0 | Z16: =I16+J16 -> 0
W17: =F17 -> 0 | X17: =H17 -> 0 | Y17: =G17*(-1) -> 0 | Z17: =I17+J17 -> 0
W18: =F18 -> 0 | X18: =H18 -> 0 | Y18: =G18*(-1) -> 0 | Z18: =I18+J18 -> 0
W19: =F19 -> 0 | X19: =H19 -> 0 | Y19: =G19*(-1) -> 0 | Z19: =I19+J19 -> 0
W20: =F20 -> 0 | X20: =H20 -> 0 | Y20: =G20*(-1) -> 0 | Z20: =I20+J20 -> 0

Sheet J055
A1: Mortgage loan ID | B1: J055 | E1: Note | F1: Investuota | H1: Grąžinimas
A2: Pavadinimas | B2: Apartment in Sabinanigo | F2: Data | G2: Suma | H2: Grąž. Data | I2: Paskola | J2: Palūkanos | K2: Pelnas | L2: Laikas
A3: PTV | B3: 0.59 | D3: 1 | E3: LV0000104644 | F3: 45804 | G3: 1.01 | H3: =IF($B$9>0,$B$9,"") | L3: =IF($B$10=$B$11,H3-F3,"") | W3: =F3 -> 45804 | X3: =H3 | Y3: =G3*(-1) -> -1.01 | Z3: =I3+J3 -> 0
A4: PDT | B4: 0.33 | D4: 2 | E4: LV0000104636 | F4: 45804 | G4: 0.98 | H4: =IF($B$9>0,$B$9,"") | L4: =IF($B$10=$B$11,H4-F4,"") | W4: =F4 -> 45804 | X4: =H4 | Y4: =G4*(-1) -> -0.98 | Z4: =I4+J4 -> 0
D5: 3 | E5: LV0000105369 | F5: 45846 | G5: 0.07 | H5: =IF($B$9>0,$B$9,"") | L5: =IF($B$10=$B$11,H5-F5,"") | W5: =F5 -> 45846 | X5: =H5 | Y5: =G5*(-1) -> -0.07 | Z5: =I5+J5 -> 0
D6: 4 | E6: LV0000105807 | F6: 45867 | G6: 0.02 | H6: =IF($B$9>0,$B$9,"") | L6: =IF($B$10=$B$11,H6-F6,"") | W6: =F6 -> 45867 | X6: =H6 | Y6: =G6*(-1) -> -0.02 | Z6: =I6+J6 -> 0
A7: Investuota | B7: =SUMPRODUCT(F3:F20,G3:G20)/SUM(G3:G20) -> 45806.019 | H7: =IF($B$9>0,$B$9,"") | L7: =IF($B$10=$B$11,H7-F7,"") | W7: =F7 -> 0 | X7: =H7 | Y7: =G7*(-1) -> 0 | Z7: =I7+J7 -> 0
A8: Paskolos pradžia | B8: 45551 | H8: =IF($B$9>0,$B$9,"") | L8: =IF($B$10=$B$11,H8-F8,"") | W8: =F8 -> 0 | X8: =H8 | Y8: =G8*(-1) -> 0 | Z8: =I8+J8 -> 0
A9: Paskola grąžinta | H9: =IF($B$9>0,$B$9,"") | L9: =IF($B$10=$B$11,H9-F9,"") | W9: =F9 -> 0 | X9: =H9 | Y9: =G9*(-1) -> 0 | Z9: =I9+J9 -> 0
A10: Investuota | B10: =SUM(G3:G20) -> 2.08 | H10: =IF($B$9>0,$B$9,"") | L10: =IF($B$10=$B$11,H10-F10,"") | W10: =F10 -> 0 | X10: =H10 | Y10: =G10*(-1) -> 0 | Z10: =I10+J10 -> 0
A11: Grąžinta | B11: =SUM(I3:I20) -> 0 | W11: =F11 -> 0 | X11: =H11 -> 0 | Y11: =G11*(-1) -> 0 | Z11: =I11+J11 -> 0
A12: Palūkanos | B12: =SUM(J3:J20) -> 0 | W12: =F12 -> 0 | X12: =H12 -> 0 | Y12: =G12*(-1) -> 0 | Z12: =I12+J12 -> 0
A13: XIRR | B13: =IF(B10=B11,XIRR(Y3:Z20,W3:X20),"") | W13: =F13 -> 0 | X13: =H13 -> 0 | Y13: =G13*(-1) -> 0 | Z13: =I13+J13 -> 0
A14: Terminas | B14: =IF(B10=B11,SUMPRODUCT(L3:L20,G3:G20)/SUM(G3:G20),"") | W14: =F14 -> 0 | X14: =H14 -> 0 | Y14: =G14*(-1) -> 0 | Z14: =I14+J14 -> 0
W15: =F15 -> 0 | X15: =H15 -> 0 | Y15: =G15*(-1) -> 0 | Z15: =I15+J15 -> 0
W16: =F16 -> 0 | X16: =H16 -> 0 | Y16: =G16*(-1) -> 0 | Z16: =I16+J16 -> 0
W17: =F17 -> 0 | X17: =H17 -> 0 | Y17: =G17*(-1) -> 0 | Z17: =I17+J17 -> 0
W18: =F18 -> 0 | X18: =H18 -> 0 | Y18: =G18*(-1) -> 0 | Z18: =I18+J18 -> 0
W19: =F19 -> 0 | X19: =H19 -> 0 | Y19: =G19*(-1) -> 0 | Z19: =I19+J19 -> 0
W20: =F20 -> 0 | X20: =H20 -> 0 | Y20: =G20*(-1) -> 0 | Z20: =I20+J20 -> 0

Sheet J056
A1: Mortgage loan ID | B1: J056 | E1: Note | F1: Investuota | H1: Grąžinimas
A2: Pavadinimas | B2: House in Alicante and Apartment in Albacete | F2: Data | G2: Suma | H2: Grąž. Data | I2: Paskola | J2: Palūkanos | K2: Pelnas | L2: Laikas
A3: PTV | B3: 0.63 | D3: 1 | E3: LV0000104644 | F3: 45804 | G3: 1.97 | H3: =IF($B$9>0,$B$9,"") | L3: =IF($B$10=$B$11,H3-F3,"") | W3: =F3 -> 45804 | X3: =H3 | Y3: =G3*(-1) -> -1.97 | Z3: =I3+J3 -> 0
A4: PDT | B4: 0.31 | D4: 2 | E4: LV0000104636 | F4: 45804 | G4: 1.61 | H4: =IF($B$9>0,$B$9,"") | L4: =IF($B$10=$B$11,H4-F4,"") | W4: =F4 -> 45804 | X4: =H4 | Y4: =G4*(-1) -> -1.61 | Z4: =I4+J4 -> 0
D5: 3 | E5: LV0000105054 | F5: 45832 | G5: 1.43 | H5: =IF($B$9>0,$B$9,"") | L5: =IF($B$10=$B$11,H5-F5,"") | W5: =F5 -> 45832 | X5: =H5 | Y5: =G5*(-1) -> -1.43 | Z5: =I5+J5 -> 0
H6: =IF($B$9>0,$B$9,"") | L6: =IF($B$10=$B$11,H6-F6,"") | W6: =F6 -> 0 | X6: =H6 | Y6: =G6*(-1) -> 0 | Z6: =I6+J6 -> 0
A7: Investuota | B7: =SUMPRODUCT(F3:F20,G3:G20)/SUM(G3:G20) -> 45811.992 | H7: =IF($B$9>0,$B$9,"") | L7: =IF($B$10=$B$11,H7-F7,"") | W7: =F7 -> 0 | X7: =H7 | Y7: =G7*(-1) -> 0 | Z7: =I7+J7 -> 0
A8: Paskolos pradžia | B8: 45551 | H8: =IF($B$9>0,$B$9,"") | L8: =IF($B$10=$B$11,H8-F8,"") | W8: =F8 -> 0 | X8: =H8 | Y8: =G8*(-1) -> 0 | Z8: =I8+J8 -> 0
A9: Paskola grąžinta | H9: =IF($B$9>0,$B$9,"") | L9: =IF($B$10=$B$11,H9-F9,"") | W9: =F9 -> 0 | X9: =H9 | Y9: =G9*(-1) -> 0 | Z9: =I9+J9 -> 0
A10: Investuota | B10: =SUM(G3:G20) -> 5.01 | H10: =IF($B$9>0,$B$9,"") | L10: =IF($B$10=$B$11,H10-F10,"") | W10: =F10 -> 0 | X10: =H10 | Y10: =G10*(-1) -> 0 | Z10: =I10+J10 -> 0
A11: Grąžinta | B11: =SUM(I3:I20) -> 0 | W11: =F11 -> 0 | X11: =H11 -> 0 | Y11: =G11*(-1) -> 0 | Z11: =I11+J11 -> 0
A12: Palūkanos | B12: =SUM(J3:J20) -> 0 | W12: =F12 -> 0 | X12: =H12 -> 0 | Y12: =G12*(-1) -> 0 | Z12: =I12+J12 -> 0
A13: XIRR | B13: =IF(B10=B11,XIRR(Y3:Z20,W3:X20),"") | W13: =F13 -> 0 | X13: =H13 -> 0 | Y13: =G13*(-1) -> 0 | Z13: =I13+J13 -> 0
A14: Terminas | B14: =IF(B10=B11,SUMPRODUCT(L3:L20,G3:G20)/SUM(G3:G20),"") | W14: =F14 -> 0 | X14: =H14 -> 0 | Y14: =G14*(-1) -> 0 | Z14: =I14+J14 -> 0
W15: =F15 -> 0 | X15: =H15 -> 0 | Y15: =G15*(-1) -> 0 | Z15: =I15+J15 -> 0
W16: =F16 -> 0 | X16: =H16 -> 0 | Y16: =G16*(-1) -> 0 | Z16: =I16+J16 -> 0
W17: =F17 -> 0 | X17: =H17 -> 0 | Y17: =G17*(-1) -> 0 | Z17: =I17+J17 -> 0
W18: =F18 -> 0 | X18: =H18 -> 0 | Y18: =G18*(-1) -> 0 | Z18: =I18+J18 -> 0
W19: =F19 -> 0 | X19: =H19 -> 0 | Y19: =G19*(-1) -> 0 | Z19: =I19+J19 -> 0
W20: =F20 -> 0 | X20: =H20 -> 0 | Y20: =G20*(-1) -> 0 | Z20: =I20+J20 -> 0

Sheet J057
A1: Mortgage loan ID | B1: J057 | E1: Note | F1: Investuota | H1: Grąžinimas
A2: Pavadinimas | B2: Apartment in Vigo | F2: Data | G2: Suma | H2: Grąž. Data | I2: Paskola | J2: Palūkanos | K2: Pelnas | L2: Laikas
A3: PTV | B3: 0.61 | D3: 1 | E3: LV0000104644 | F3: 45804 | G3: 1.97 | H3: =IF($B$9>0,$B$9,"") | L3: =IF($B$10=$B$11,H3-F3,"") | W3: =F3 -> 45804 | X3: =H3 | Y3: =G3*(-1) -> -1.97 | Z3: =I3+J3 -> 0
A4: PDT | B4: 0.32 | D4: 2 | E4: LV0000104636 | F4: 45804 | G4: 1.88 | H4: =IF($B$9>0,$B$9,"") | L4: =IF($B$10=$B$11,H4-F4,"") | W4: =F4 -> 45804 | X4: =H4 | Y4: =G4*(-1) -> -1.88 | Z4: =I4+J4 -> 0
H5: =IF($B$9>0,$B$9,"") | L5: =IF($B$10=$B$11,H5-F5,"") | W5: =F5 -> 0 | X5: =H5 | Y5: =G5*(-1) -> 0 | Z5: =I5+J5 -> 0
H6: =IF($B$9>0,$B$9,"") | L6: =IF($B$10=$B$11,H6-F6,"") | W6: =F6 -> 0 | X6: =H6 | Y6: =G6*(-1) -> 0 | Z6: =I6+J6 -> 0
A7: Investuota | B7: =SUMPRODUCT(F3:F20,G3:G20)/SUM(G3:G20) -> 45804 | H7: =IF($B$9>0,$B$9,"") | L7: =IF($B$10=$B$11,H7-F7,"") | W7: =F7 -> 0 | X7: =H7 | Y7: =G7*(-1) -> 0 | Z7: =I7+J7 -> 0
A8: Paskolos pradžia | B8: 45551 | H8: =IF($B$9>0,$B$9,"") | L8: =IF($B$10=$B$11,H8-F8,"") | W8: =F8 -> 0 | X8: =H8 | Y8: =G8*(-1) -> 0 | Z8: =I8+J8 -> 0
A9: Paskola grąžinta | H9: =IF($B$9>0,$B$9,"") | L9: =IF($B$10=$B$11,H9-F9,"") | W9: =F9 -> 0 | X9: =H9 | Y9: =G9*(-1) -> 0 | Z9: =I9+J9 -> 0
A10: Investuota | B10: =SUM(G3:G20) -> 3.85 | H10: =IF($B$9>0,$B$9,"") | L10: =IF($B$10=$B$11,H10-F10,"") | W10: =F10 -> 0 | X10: =H10 | Y10: =G10*(-1) -> 0 | Z10: =I10+J10 -> 0
A11: Grąžinta | B11: =SUM(I3:I20) -> 0 | W11: =F11 -> 0 | X11: =H11 -> 0 | Y11: =G11*(-1) -> 0 | Z11: =I11+J11 -> 0
A12: Palūkanos | B12: =SUM(J3:J20) -> 0 | W12: =F12 -> 0 | X12: =H12 -> 0 | Y12: =G12*(-1) -> 0 | Z12: =I12+J12 -> 0
A13: XIRR | B13: =IF(B10=B11,XIRR(Y3:Z20,W3:X20),"") | W13: =F13 -> 0 | X13: =H13 -> 0 | Y13: =G13*(-1) -> 0 | Z13: =I13+J13 -> 0
A14: Terminas | B14: =IF(B10=B11,SUMPRODUCT(L3:L20,G3:G20)/SUM(G3:G20),"") | W14: =F14 -> 0 | X14: =H14 -> 0 | Y14: =G14*(-1) -> 0 | Z14: =I14+J14 -> 0
W15: =F15 -> 0 | X15: =H15 -> 0 | Y15: =G15*(-1) -> 0 | Z15: =I15+J15 -> 0
W16: =F16 -> 0 | X16: =H16 -> 0 | Y16: =G16*(-1) -> 0 | Z16: =I16+J16 -> 0
W17: =F17 -> 0 | X17: =H17 -> 0 | Y17: =G17*(-1) -> 0 | Z17: =I17+J17 -> 0
W18: =F18 -> 0 | X18: =H18 -> 0 | Y18: =G18*(-1) -> 0 | Z18: =I18+J18 -> 0
W19: =F19 -> 0 | X19: =H19 -> 0 | Y19: =G19*(-1) -> 0 | Z19: =I19+J19 -> 0
W20: =F20 -> 0 | X20: =H20 -> 0 | Y20: =G20*(-1) -> 0 | Z20: =I20+J20 -> 0

Sheet J059
A1: Mortgage loan ID | B1: J059 | E1: Note | F1: Investuota | H1: Grąžinimas
A2: Pavadinimas | B2: House in Arroyomolinos | F2: Data | G2: Suma | H2: Grąž. Data | I2: Paskola | J2: Palūkanos | K2: Pelnas | L2: Laikas
A3: PTV | B3: 0.59 | D3: 1 | E3: LV0000103604 | F3: 45741 | G3: 7.88 | H3: =IF($B$9>0,$B$9,"") | L3: =IF($B$10=$B$11,H3-F3,"") | W3: =F3 -> 45741 | X3: =H3 | Y3: =G3*(-1) -> -7.88 | Z3: =I3+J3 -> 0
A4: PDT | B4: 0.45 | D4: 2 | E4: LV0000103752 | F4: 45748 | G4: 1.02 | H4: =IF($B$9>0,$B$9,"") | L4: =IF($B$10=$B$11,H4-F4,"") | W4: =F4 -> 45748 | X4: =H4 | Y4: =G4*(-1) -> -1.02 | Z4: =I4+J4 -> 0
D5: 3 | E5: LV0000103810 | F5: 45755 | G5: 1.96 | H5: =IF($B$9>0,$B$9,"") | L5: =IF($B$10=$B$11,H5-F5,"") | W5: =F5 -> 45755 | X5: =H5 | Y5: =G5*(-1) -> -1.96 | Z5: =I5+J5 -> 0
H6: =IF($B$9>0,$B$9,"") | L6: =IF($B$10=$B$11,H6-F6,"") | W6: =F6 -> 0 | X6: =H6 | Y6: =G6*(-1) -> 0 | Z6: =I6+J6 -> 0
A7: Investuota | B7: =SUMPRODUCT(F3:F20,G3:G20)/SUM(G3:G20) -> 45744.184 | H7: =IF($B$9>0,$B$9,"") | L7: =IF($B$10=$B$11,H7-F7,"") | W7: =F7 -> 0 | X7: =H7 | Y7: =G7*(-1) -> 0 | Z7: =I7+J7 -> 0
A8: Paskolos pradžia | B8: 45551 | H8: =IF($B$9>0,$B$9,"") | L8: =IF($B$10=$B$11,H8-F8,"") | W8: =F8 -> 0 | X8: =H8 | Y8: =G8*(-1) -> 0 | Z8: =I8+J8 -> 0
A9: Paskola grąžinta | H9: =IF($B$9>0,$B$9,"") | L9: =IF($B$10=$B$11,H9-F9,"") | W9: =F9 -> 0 | X9: =H9 | Y9: =G9*(-1) -> 0 | Z9: =I9+J9 -> 0
A10: Investuota | B10: =SUM(G3:G20) -> 10.86 | H10: =IF($B$9>0,$B$9,"") | L10: =IF($B$10=$B$11,H10-F10,"") | W10: =F10 -> 0 | X10: =H10 | Y10: =G10*(-1) -> 0 | Z10: =I10+J10 -> 0
A11: Grąžinta | B11: =SUM(I3:I20) -> 0 | W11: =F11 -> 0 | X11: =H11 -> 0 | Y11: =G11*(-1) -> 0 | Z11: =I11+J11 -> 0
A12: Palūkanos | B12: =SUM(J3:J20) -> 0 | W12: =F12 -> 0 | X12: =H12 -> 0 | Y12: =G12*(-1) -> 0 | Z12: =I12+J12 -> 0
A13: XIRR | B13: =IF(B10=B11,XIRR(Y3:Z20,W3:X20),"") | W13: =F13 -> 0 | X13: =H13 -> 0 | Y13: =G13*(-1) -> 0 | Z13: =I13+J13 -> 0
A14: Terminas | B14: =IF(B10=B11,SUMPRODUCT(L3:L20,G3:G20)/SUM(G3:G20),"") | W14: =F14 -> 0 | X14: =H14 -> 0 | Y14: =G14*(-1) -> 0 | Z14: =I14+J14 -> 0
W15: =F15 -> 0 | X15: =H15 -> 0 | Y15: =G15*(-1) -> 0 | Z15: =I15+J15 -> 0
W16: =F16 -> 0 | X16: =H16 -> 0 | Y16: =G16*(-1) -> 0 | Z16: =I16+J16 -> 0
W17: =F17 -> 0 | X17: =H17 -> 0 | Y17: =G17*(-1) -> 0 | Z17: =I17+J17 -> 0
W18: =F18 -> 0 | X18: =H18 -> 0 | Y18: =G18*(-1) -> 0 | Z18: =I18+J18 -> 0
W19: =F19 -> 0 | X19: =H19 -> 0 | Y19: =G19*(-1) -> 0 | Z19: =I19+J19 -> 0
W20: =F20 -> 0 | X20: =H20 -> 0 | Y20: =G20*(-1) -> 0 | Z20: =I20+J20 -> 0

Sheet J060
A1: Mortgage loan ID | B1: J060 | E1: Note | F1: Investuota | H1: Grąžinimas
A2: Pavadinimas | B2: Apartment in Tona | F2: Data | G2: Suma | H2: Grąž. Data | I2: Paskola | J2: Palūkanos | K2: Pelnas | L2: Laikas
A3: PTV | B3: 0.39 | D3: 1 | E3: LV0000103935 | F3: 45755 | G3: 1.02 | H3: =IF($B$9>0,$B$9,"") | L3: =IF($B$10=$B$11,H3-F3,"") | W3: =F3 -> 45755 | X3: =H3 | Y3: =G3*(-1) -> -1.02 | Z3: =I3+J3 -> 0
A4: PDT | B4: 0.69 | D4: 2 | E4: LV0000103927 | F4: 45755 | G4: 1.07 | H4: =IF($B$9>0,$B$9,"") | L4: =IF($B$10=$B$11,H4-F4,"") | W4: =F4 -> 45755 | X4: =H4 | Y4: =G4*(-1) -> -1.07 | Z4: =I4+J4 -> 0
D5: 3 | E5: LV0000103976 | F5: 45762 | G5: 0.34 | H5: =IF($B$9>0,$B$9,"") | L5: =IF($B$10=$B$11,H5-F5,"") | W5: =F5 -> 45762 | X5: =H5 | Y5: =G5*(-1) -> -0.34 | Z5: =I5+J5 -> 0
D6: 4 | E6: LV0000103968 | F6: 45762 | G6: 1.49 | H6: =IF($B$9>0,$B$9,"") | L6: =IF($B$10=$B$11,H6-F6,"") | W6: =F6 -> 45762 | X6: =H6 | Y6: =G6*(-1) -> -1.49 | Z6: =I6+J6 -> 0
A7: Investuota | B7: =SUMPRODUCT(F3:F20,G3:G20)/SUM(G3:G20) -> 45768.812 | D7: 5 | E7: LV0000104206 | F7: 45776 | G7: 0.53 | H7: =IF($B$9>0,$B$9,"") | L7: =IF($B$10=$B$11,H7-F7,"") | W7: =F7 -> 45776 | X7: =H7 | Y7: =G7*(-1) -> -0.53 | Z7: =I7+J7 -> 0
A8: Paskolos pradžia | B8: 45551 | D8: 6 | E8: LV0000104305 | F8: 45783 | G8: 0.76 | H8: =IF($B$9>0,$B$9,"") | L8: =IF($B$10=$B$11,H8-F8,"") | W8: =F8 -> 45783 | X8: =H8 | Y8: =G8*(-1) -> -0.76 | Z8: =I8+J8 -> 0
A9: Paskola grąžinta | D9: 7 | E9: LV0000104628 | F9: 45804 | G9: 0.76 | H9: =IF($B$9>0,$B$9,"") | L9: =IF($B$10=$B$11,H9-F9,"") | W9: =F9 -> 45804 | X9: =H9 | Y9: =G9*(-1) -> -0.76 | Z9: =I9+J9 -> 0
A10: Investuota | B10: =SUM(G3:G20) -> 5.97 | H10: =IF($B$9>0,$B$9,"") | L10: =IF($B$10=$B$11,H10-F10,"") | W10: =F10 -> 0 | X10: =H10 | Y10: =G10*(-1) -> 0 | Z10: =I10+J10 -> 0
A11: Grąžinta | B11: =SUM(I3:I20) -> 0 | W11: =F11 -> 0 | X11: =H11 -> 0 | Y11: =G11*(-1) -> 0 | Z11: =I11+J11 -> 0
A12: Palūkanos | B12: =SUM(J3:J20) -> 0 | W12: =F12 -> 0 | X12: =H12 -> 0 | Y12: =G12*(-1) -> 0 | Z12: =I12+J12 -> 0
A13: XIRR | B13: =IF(B10=B11,XIRR(Y3:Z20,W3:X20),"") | W13: =F13 -> 0 | X13: =H13 -> 0 | Y13: =G13*(-1) -> 0 | Z13: =I13+J13 -> 0
A14: Terminas | B14: =IF(B10=B11,SUMPRODUCT(L3:L20,G3:G20)/SUM(G3:G20),"") | W14: =F14 -> 0 | X14: =H14 -> 0 | Y14: =G14*(-1) -> 0 | Z14: =I14+J14 -> 0
W15: =F15 -> 0 | X15: =H15 -> 0 | Y15: =G15*(-1) -> 0 | Z15: =I15+J15 -> 0
W16: =F16 -> 0 | X16: =H16 -> 0 | Y16: =G16*(-1) -> 0 | Z16: =I16+J16 -> 0
W17: =F17 -> 0 | X17: =H17 -> 0 | Y17: =G17*(-1) -> 0 | Z17: =I17+J17 -> 0
W18: =F18 -> 0 | X18: =H18 -> 0 | Y18: =G18*(-1) -> 0 | Z18: =I18+J18 -> 0
W19: =F19 -> 0 | X19: =H19 -> 0 | Y19: =G19*(-1) -> 0 | Z19: =I19+J19 -> 0
W20: =F20 -> 0 | X20: =H20 -> 0 | Y20: =G20*(-1) -> 0 | Z20: =I20+J20 -> 0

Sheet J061
A1: Mortgage loan ID | B1: J061 | E1: Note | F1: Investuota | H1: Grąžinimas
A2: Pavadinimas | B2: Apartment in Fuenlabrada | F2: Data | G2: Suma | H2: Grąž. Data | I2: Paskola | J2: Palūkanos | K2: Pelnas | L2: Laikas
A3: PTV | B3: 0.55 | D3: 1 | E3: LV0000103604 | F3: 45741 | G3: 2.62 | H3: =IF($B$9>0,$B$9,"") | L3: =IF($B$10=$B$11,H3-F3,"") | W3: =F3 -> 45741 | X3: =H3 | Y3: =G3*(-1) -> -2.62 | Z3: =I3+J3 -> 0
A4: PDT | B4: 0.42 | D4: 2 | E4: LV0000103828 | F4: 45755 | G4: 0.96 | H4: =IF($B$9>0,$B$9,"") | L4: =IF($B$10=$B$11,H4-F4,"") | W4: =F4 -> 45755 | X4: =H4 | Y4: =G4*(-1) -> -0.96 | Z4: =I4+J4 -> 0
H5: =IF($B$9>0,$B$9,"") | L5: =IF($B$10=$B$11,H5-F5,"") | W5: =F5 -> 0 | X5: =H5 | Y5: =G5*(-1) -> 0 | Z5: =I5+J5 -> 0
H6: =IF($B$9>0,$B$9,"") | L6: =IF($B$10=$B$11,H6-F6,"") | W6: =F6 -> 0 | X6: =H6 | Y6: =G6*(-1) -> 0 | Z6: =I6+J6 -> 0
A7: Investuota | B7: =SUMPRODUCT(F3:F20,G3:G20)/SUM(G3:G20) -> 45744.754 | H7: =IF($B$9>0,$B$9,"") | L7: =IF($B$10=$B$11,H7-F7,"") | W7: =F7 -> 0 | X7: =H7 | Y7: =G7*(-1) -> 0 | Z7: =I7+J7 -> 0
A8: Paskolos pradžia | B8: 45551 | H8: =IF($B$9>0,$B$9,"") | L8: =IF($B$10=$B$11,H8-F8,"") | W8: =F8 -> 0 | X8: =H8 | Y8: =G8*(-1) -> 0 | Z8: =I8+J8 -> 0
A9: Paskola grąžinta | H9: =IF($B$9>0,$B$9,"") | L9: =IF($B$10=$B$11,H9-F9,"") | W9: =F9 -> 0 | X9: =H9 | Y9: =G9*(-1) -> 0 | Z9: =I9+J9 -> 0
A10: Investuota | B10: =SUM(G3:G20) -> 3.58 | H10: =IF($B$9>0,$B$9,"") | L10: =IF($B$10=$B$11,H10-F10,"") | W10: =F10 -> 0 | X10: =H10 | Y10: =G10*(-1) -> 0 | Z10: =I10+J10 -> 0
A11: Grąžinta | B11: =SUM(I3:I20) -> 0 | W11: =F11 -> 0 | X11: =H11 -> 0 | Y11: =G11*(-1) -> 0 | Z11: =I11+J11 -> 0
A12: Palūkanos | B12: =SUM(J3:J20) -> 0 | W12: =F12 -> 0 | X12: =H12 -> 0 | Y12: =G12*(-1) -> 0 | Z12: =I12+J12 -> 0
A13: XIRR | B13: =IF(B10=B11,XIRR(Y3:Z20,W3:X20),"") | W13: =F13 -> 0 | X13: =H13 -> 0 | Y13: =G13*(-1) -> 0 | Z13: =I13+J13 -> 0
A14: Terminas | B14: =IF(B10=B11,SUMPRODUCT(L3:L20,G3:G20)/SUM(G3:G20),"") | W14: =F14 -> 0 | X14: =H14 -> 0 | Y14: =G14*(-1) -> 0 | Z14: =I14+J14 -> 0
W15: =F15 -> 0 | X15: =H15 -> 0 | Y15: =G15*(-1) -> 0 | Z15: =I15+J15 -> 0
W16: =F16 -> 0 | X16: =H16 -> 0 | Y16: =G16*(-1) -> 0 | Z16: =I16+J16 -> 0
W17: =F17 -> 0 | X17: =H17 -> 0 | Y17: =G17*(-1) -> 0 | Z17: =I17+J17 -> 0
W18: =F18 -> 0 | X18: =H18 -> 0 | Y18: =G18*(-1) -> 0 | Z18: =I18+J18 -> 0
W19: =F19 -> 0 | X19: =H19 -> 0 | Y19: =G19*(-1) -> 0 | Z19: =I19+J19 -> 0
W20: =F20 -> 0 | X20: =H20 -> 0 | Y20: =G20*(-1) -> 0 | Z20: =I20+J20 -> 0

Sheet J062
A1: Mortgage loan ID | B1: J062 | E1: Note | F1: Investuota | H1: Grąžinimas
A2: Pavadinimas | B2: Apartment and House in Malaga | F2: Data | G2: Suma | H2: Grąž. Data | I2: Paskola | J2: Palūkanos | K2: Pelnas | L2: Laikas
A3: PTV | B3: 0.49 | D3: 1 | E3: LV0000103604 | F3: 45741 | G3: 7.9 | H3: =IF($B$9>0,$B$9,"") | L3: =IF($B$10=$B$11,H3-F3,"") | W3: =F3 -> 45741 | X3: =H3 | Y3: =G3*(-1) -> -7.9 | Z3: =I3+J3 -> 0
A4: PDT | B4: 0.68 | D4: 2 | E4: LV0000103620 | F4: 45741 | G4: 7.92 | H4: =IF($B$9>0,$B$9,"") | L4: =IF($B$10=$B$11,H4-F4,"") | W4: =F4 -> 45741 | X4: =H4 | Y4: =G4*(-1) -> -7.92 | Z4: =I4+J4 -> 0
D5: 3 | E5: LV0000103612 | F5: 45741 | G5: 6.98 | H5: =IF($B$9>0,$B$9,"") | L5: =IF($B$10=$B$11,H5-F5,"") | W5: =F5 -> 45741 | X5: =H5 | Y5: =G5*(-1) -> -6.98 | Z5: =I5+J5 -> 0
D6: 4 | E6: LV0000103745 | F6: 45748 | G6: 2.99 | H6: =IF($B$9>0,$B$9,"") | L6: =IF($B$10=$B$11,H6-F6,"") | W6: =F6 -> 45748 | X6: =H6 | Y6: =G6*(-1) -> -2.99 | Z6: =I6+J6 -> 0
A7: Investuota | B7: =SUMPRODUCT(F3:F20,G3:G20)/SUM(G3:G20) -> 45747.528 | D7: 5 | E7: LV0000103752 | F7: 45748 | G7: 2 | H7: =IF($B$9>0,$B$9,"") | L7: =IF($B$10=$B$11,H7-F7,"") | W7: =F7 -> 45748 | X7: =H7 | Y7: =G7*(-1) -> -2 | Z7: =I7+J7 -> 0
A8: Paskolos pradžia | B8: 45551 | D8: 6 | E8: LV0000103810 | F8: 45755 | G8: 1.99 | H8: =IF($B$9>0,$B$9,"") | L8: =IF($B$10=$B$11,H8-F8,"") | W8: =F8 -> 45755 | X8: =H8 | Y8: =G8*(-1) -> -1.99 | Z8: =I8+J8 -> 0
A9: Paskola grąžinta | D9: 7 | E9: LV0000103828 | F9: 45755 | G9: 1.99 | H9: =IF($B$9>0,$B$9,"") | L9: =IF($B$10=$B$11,H9-F9,"") | W9: =F9 -> 45755 | X9: =H9 | Y9: =G9*(-1) -> -1.99 | Z9: =I9+J9 -> 0
A10: Investuota | B10: =SUM(G3:G20) -> 40.03 | D10: 8 | E10: LV0000103935 | F10: 45755 | G10: 2 | H10: =IF($B$9>0,$B$9,"") | L10: =IF($B$10=$B$11,H10-F10,"") | W10: =F10 -> 45755 | X10: =H10 | Y10: =G10*(-1) -> -2 | Z10: =I10+J10 -> 0
A11: Grąžinta | B11: =SUM(I3:I20) -> 0 | D11: 9 | E11: LV0000103927 | F11: 45755 | G11: 2 | H11: =IF($B$9>0,$B$9,"") | L11: =IF($B$10=$B$11,H11-F11,"") | W11: =F11 -> 45755 | X11: =H11 | Y11: =G11*(-1) -> -2 | Z11: =I11+J11 -> 0
A12: Palūkanos | B12: =SUM(J3:J20) -> 0 | D12: 10 | E12: LV0000103950 | F12: 45762 | G12: 0.74 | H12: =IF($B$9>0,$B$9,"") | L12: =IF($B$10=$B$11,H12-F12,"") | W12: =F12 -> 45762 | X12: =H12 | Y12: =G12*(-1) -> -0.74 | Z12: =I12+J12 -> 0
A13: XIRR | B13: =IF(B10=B11,XIRR(Y3:Z20,W3:X20),"") | D13: 11 | E13: LV0000103976 | F13: 45762 | G13: 0.83 | H13: =IF($B$9>0,$B$9,"") | L13: =IF($B$10=$B$11,H13-F13,"") | W13: =F13 -> 45762 | X13: =H13 | Y13: =G13*(-1) -> -0.83 | Z13: =I13+J13 -> 0
A14: Terminas | B14: =IF(B10=B11,SUMPRODUCT(L3:L20,G3:G20)/SUM(G3:G20),"") | D14: 12 | E14: LV0000103968 | F14: 45762 | G14: 0.71 | H14: =IF($B$9>0,$B$9,"") | L14: =IF($B$10=$B$11,H14-F14,"") | W14: =F14 -> 45762 | X14: =H14 | Y14: =G14*(-1) -> -0.71 | Z14: =I14+J14 -> 0
D15: 13 | E15: LV0000104081 | F15: 45769 | G15: 1.07 | H15: =IF($B$9>0,$B$9,"") | L15: =IF($B$10=$B$11,H15-F15,"") | W15: =F15 -> 45769 | X15: =H15 | Y15: =G15*(-1) -> -1.07 | Z15: =I15+J15 -> 0
D16: 14 | E16: LV0000104180 | F16: 45776 | G16: 0.44 | H16: =IF($B$9>0,$B$9,"") | L16: =IF($B$10=$B$11,H16-F16,"") | W16: =F16 -> 45776 | X16: =H16 | Y16: =G16*(-1) -> -0.44 | Z16: =I16+J16 -> 0
D17: 15 | E17: LV0000104289 | F17: 45783 | G17: 0.35 | H17: =IF($B$9>0,$B$9,"") | L17: =IF($B$10=$B$11,H17-F17,"") | W17: =F17 -> 45783 | X17: =H17 | Y17: =G17*(-1) -> -0.35 | Z17: =I17+J17 -> 0
D18: 16 | E18: LV0000104578 | F18: 45797 | G18: 0.12 | H18: =IF($B$9>0,$B$9,"") | L18: =IF($B$10=$B$11,H18-F18,"") | W18: =F18 -> 45797 | X18: =H18 | Y18: =G18*(-1) -> -0.12 | Z18: =I18+J18 -> 0
W19: =F19 -> 0 | X19: =H19 -> 0 | Y19: =G19*(-1) -> 0 | Z19: =I19+J19 -> 0
W20: =F20 -> 0 | X20: =H20 -> 0 | Y20: =G20*(-1) -> 0 | Z20: =I20+J20 -> 0

Sheet J063
A1: Mortgage loan ID | B1: J063 | E1: Note | F1: Investuota | H1: Grąžinimas
A2: Pavadinimas | B2: Apartment in Torrejón de Ardoz | F2: Data | G2: Suma | H2: Grąž. Data | I2: Paskola | J2: Palūkanos | K2: Pelnas | L2: Laikas
A3: PTV | B3: 0.57 | D3: 1 | E3: LV0000103620 | F3: 45741 | G3: 7.06 | H3: =IF($B$9>0,$B$9,"") | L3: =IF($B$10=$B$11,H3-F3,"") | W3: =F3 -> 45741 | X3: =H3 | Y3: =G3*(-1) -> -7.06 | Z3: =I3+J3 -> 0
A4: PDT | B4: 0.17 | D4: 2 | E4: LV0000103745 | F4: 45748 | G4: 1.59 | H4: =IF($B$9>0,$B$9,"") | L4: =IF($B$10=$B$11,H4-F4,"") | W4: =F4 -> 45748 | X4: =H4 | Y4: =G4*(-1) -> -1.59 | Z4: =I4+J4 -> 0
D5: 3 | E5: LV0000103752 | F5: 45748 | G5: 0.93 | H5: =IF($B$9>0,$B$9,"") | L5: =IF($B$10=$B$11,H5-F5,"") | W5: =F5 -> 45748 | X5: =H5 | Y5: =G5*(-1) -> -0.93 | Z5: =I5+J5 -> 0
D6: 4 | E6: LV0000103828 | F6: 45755 | G6: 0.87 | H6: =IF($B$9>0,$B$9,"") | L6: =IF($B$10=$B$11,H6-F6,"") | W6: =F6 -> 45755 | X6: =H6 | Y6: =G6*(-1) -> -0.87 | Z6: =I6+J6 -> 0
A7: Investuota | B7: =SUMPRODUCT(F3:F20,G3:G20)/SUM(G3:G20) -> 45743.854 | H7: =IF($B$9>0,$B$9,"") | L7: =IF($B$10=$B$11,H7-F7,"") | W7: =F7 -> 0 | X7: =H7 | Y7: =G7*(-1) -> 0 | Z7: =I7+J7 -> 0
A8: Paskolos pradžia | B8: 45551 | H8: =IF($B$9>0,$B$9,"") | L8: =IF($B$10=$B$11,H8-F8,"") | W8: =F8 -> 0 | X8: =H8 | Y8: =G8*(-1) -> 0 | Z8: =I8+J8 -> 0
A9: Paskola grąžinta | H9: =IF($B$9>0,$B$9,"") | L9: =IF($B$10=$B$11,H9-F9,"") | W9: =F9 -> 0 | X9: =H9 | Y9: =G9*(-1) -> 0 | Z9: =I9+J9 -> 0
A10: Investuota | B10: =SUM(G3:G20) -> 10.45 | H10: =IF($B$9>0,$B$9,"") | L10: =IF($B$10=$B$11,H10-F10,"") | W10: =F10 -> 0 | X10: =H10 | Y10: =G10*(-1) -> 0 | Z10: =I10+J10 -> 0
A11: Grąžinta | B11: =SUM(I3:I20) -> 0 | H11: =IF($B$9>0,$B$9,"") | L11: =IF($B$10=$B$11,H11-F11,"") | W11: =F11 -> 0 | X11: =H11 | Y11: =G11*(-1) -> 0 | Z11: =I11+J11 -> 0
A12: Palūkanos | B12: =SUM(J3:J20) -> 0 | H12: =IF($B$9>0,$B$9,"") | L12: =IF($B$10=$B$11,H12-F12,"") | W12: =F12 -> 0 | X12: =H12 | Y12: =G12*(-1) -> 0 | Z12: =I12+J12 -> 0
A13: XIRR | B13: =IF(B10=B11,XIRR(Y3:Z20,W3:X20),"") | H13: =IF($B$9>0,$B$9,"") | L13: =IF($B$10=$B$11,H13-F13,"") | W13: =F13 -> 0 | X13: =H13 | Y13: =G13*(-1) -> 0 | Z13: =I13+J13 -> 0
A14: Terminas | B14: =IF(B10=B11,SUMPRODUCT(L3:L20,G3:G20)/SUM(G3:G20),"") | H14: =IF($B$9>0,$B$9,"") | L14: =IF($B$10=$B$11,H14-F14,"") | W14: =F14 -> 0 | X14: =H14 | Y14: =G14*(-1) -> 0 | Z14: =I14+J14 -> 0
H15: =IF($B$9>0,$B$9,"") | L15: =IF($B$10=$B$11,H15-F15,"") | W15: =F15 -> 0 | X15: =H15 | Y15: =G15*(-1) -> 0 | Z15: =I15+J15 -> 0
H16: =IF($B$9>0,$B$9,"") | L16: =IF($B$10=$B$11,H16-F16,"") | W16: =F16 -> 0 | X16: =H16 | Y16: =G16*(-1) -> 0 | Z16: =I16+J16 -> 0
H17: =IF($B$9>0,$B$9,"") | L17: =IF($B$10=$B$11,H17-F17,"") | W17: =F17 -> 0 | X17: =H17 | Y17: =G17*(-1) -> 0 | Z17: =I17+J17 -> 0
H18: =IF($B$9>0,$B$9,"") | L18: =IF($B$10=$B$11,H18-F18,"") | W18: =F18 -> 0 | X18: =H18 | Y18: =G18*(-1) -> 0 | Z18: =I18+J18 -> 0
W19: =F19 -> 0 | X19: =H19 -> 0 | Y19: =G19*(-1) -> 0 | Z19: =I19+J19 -> 0
W20: =F20 -> 0 | X20: =H20 -> 0 | Y20: =G20*(-1) -> 0 | Z20: =I20+J20 -> 0

Sheet J064
A1: Mortgage loan ID | B1: J064 | E1: Note | F1: Investuota | H1: Grąžinimas
A2: Pavadinimas | B2: Apartment in Adra | F2: Data | G2: Suma | H2: Grąž. Data | I2: Paskola | J2: Palūkanos | K2: Pelnas | L2: Laikas
A3: PTV | B3: 0.6 | D3: 1 | E3: LV0000104644 | F3: 45804 | G3: 1.15 | H3: =IF($B$9>0,$B$9,"") | L3: =IF($B$10=$B$11,H3-F3,"") | W3: =F3 -> 45804 | X3: =H3 | Y3: =G3*(-1) -> -1.15 | Z3: =I3+J3 -> 0
A4: PDT | B4: 0.25 | D4: 2 | E4: LV0000104636 | F4: 45804 | G4: 1.12 | H4: =IF($B$9>0,$B$9,"") | L4: =IF($B$10=$B$11,H4-F4,"") | W4: =F4 -> 45804 | X4: =H4 | Y4: =G4*(-1) -> -1.12 | Z4: =I4+J4 -> 0
H5: =IF($B$9>0,$B$9,"") | L5: =IF($B$10=$B$11,H5-F5,"") | W5: =F5 -> 0 | X5: =H5 | Y5: =G5*(-1) -> 0 | Z5: =I5+J5 -> 0
H6: =IF($B$9>0,$B$9,"") | L6: =IF($B$10=$B$11,H6-F6,"") | W6: =F6 -> 0 | X6: =H6 | Y6: =G6*(-1) -> 0 | Z6: =I6+J6 -> 0
A7: Investuota | B7: =SUMPRODUCT(F3:F20,G3:G20)/SUM(G3:G20) -> 45804 | H7: =IF($B$9>0,$B$9,"") | L7: =IF($B$10=$B$11,H7-F7,"") | W7: =F7 -> 0 | X7: =H7 | Y7: =G7*(-1) -> 0 | Z7: =I7+J7 -> 0
A8: Paskolos pradžia | B8: 45551 | H8: =IF($B$9>0,$B$9,"") | L8: =IF($B$10=$B$11,H8-F8,"") | W8: =F8 -> 0 | X8: =H8 | Y8: =G8*(-1) -> 0 | Z8: =I8+J8 -> 0
A9: Paskola grąžinta | H9: =IF($B$9>0,$B$9,"") | L9: =IF($B$10=$B$11,H9-F9,"") | W9: =F9 -> 0 | X9: =H9 | Y9: =G9*(-1) -> 0 | Z9: =I9+J9 -> 0
A10: Investuota | B10: =SUM(G3:G20) -> 2.27 | H10: =IF($B$9>0,$B$9,"") | L10: =IF($B$10=$B$11,H10-F10,"") | W10: =F10 -> 0 | X10: =H10 | Y10: =G10*(-1) -> 0 | Z10: =I10+J10 -> 0
A11: Grąžinta | B11: =SUM(I3:I20) -> 0 | H11: =IF($B$9>0,$B$9,"") | L11: =IF($B$10=$B$11,H11-F11,"") | W11: =F11 -> 0 | X11: =H11 | Y11: =G11*(-1) -> 0 | Z11: =I11+J11 -> 0
A12: Palūkanos | B12: =SUM(J3:J20) -> 0 | H12: =IF($B$9>0,$B$9,"") | L12: =IF($B$10=$B$11,H12-F12,"") | W12: =F12 -> 0 | X12: =H12 | Y12: =G12*(-1) -> 0 | Z12: =I12+J12 -> 0
A13: XIRR | B13: =IF(B10=B11,XIRR(Y3:Z20,W3:X20),"") | H13: =IF($B$9>0,$B$9,"") | L13: =IF($B$10=$B$11,H13-F13,"") | W13: =F13 -> 0 | X13: =H13 | Y13: =G13*(-1) -> 0 | Z13: =I13+J13 -> 0
A14: Terminas | B14: =IF(B10=B11,SUMPRODUCT(L3:L20,G3:G20)/SUM(G3:G20),"") | H14: =IF($B$9>0,$B$9,"") | L14: =IF($B$10=$B$11,H14-F14,"") | W14: =F14 -> 0 | X14: =H14 | Y14: =G14*(-1) -> 0 | Z14: =I14+J14 -> 0
H15: =IF($B$9>0,$B$9,"") | L15: =IF($B$10=$B$11,H15-F15,"") | W15: =F15 -> 0 | X15: =H15 | Y15: =G15*(-1) -> 0 | Z15: =I15+J15 -> 0
H16: =IF($B$9>0,$B$9,"") | L16: =IF($B$10=$B$11,H16-F16,"") | W16: =F16 -> 0 | X16: =H16 | Y16: =G16*(-1) -> 0 | Z16: =I16+J16 -> 0
H17: =IF($B$9>0,$B$9,"") | L17: =IF($B$10=$B$11,H17-F17,"") | W17: =F17 -> 0 | X17: =H17 | Y17: =G17*(-1) -> 0 | Z17: =I17+J17 -> 0
H18: =IF($B$9>0,$B$9,"") | L18: =IF($B$10=$B$11,H18-F18,"") | W18: =F18 -> 0 | X18: =H18 | Y18: =G18*(-1) -> 0 | Z18: =I18+J18 -> 0
W19: =F19 -> 0 | X19: =H19 -> 0 | Y19: =G19*(-1) -> 0 | Z19: =I19+J19 -> 0
W20: =F20 -> 0 | X20: =H20 -> 0 | Y20: =G20*(-1) -> 0 | Z20: =I20+J20 -> 0

Sheet J065
A1: Mortgage loan ID | B1: J065 | E1: Note | F1: Investuota | H1: Grąžinimas
A2: Pavadinimas | B2: House in Camas | F2: Data | G2: Suma | H2: Grąž. Data | I2: Paskola | J2: Palūkanos | K2: Pelnas | L2: Laikas
A3: PTV | B3: 0.41 | D3: 1 | E3: LV0000104180 | F3: 45776 | G3: 0.11 | H3: =IF($B$9>0,$B$9,"") -> 46233 | I3: 0.11 | J3: 0.03 | K3: 0.2515 | L3: =IF($B$10=$B$11,H3-F3,"") -> 457 | W3: =F3 -> 45776 | X3: =H3 -> 46233 | Y3: =G3*(-1) -> -0.11 | Z3: =I3+J3 -> 0.14
A4: PDT | B4: 0.15 | W4: =F4 -> 0 | X4: =H4 -> 0 | Y4: =G4*(-1) -> 0 | Z4: =I4+J4 -> 0
W5: =F5 -> 0 | X5: =H5 -> 0 | Y5: =G5*(-1) -> 0 | Z5: =I5+J5 -> 0
W6: =F6 -> 0 | X6: =H6 -> 0 | Y6: =G6*(-1) -> 0 | Z6: =I6+J6 -> 0
A7: Investuota | B7: =SUMPRODUCT(F3:F20,G3:G20)/SUM(G3:G20) -> 45776 | W7: =F7 -> 0 | X7: =H7 -> 0 | Y7: =G7*(-1) -> 0 | Z7: =I7+J7 -> 0
A8: Paskolos pradžia | B8: 45551 | W8: =F8 -> 0 | X8: =H8 -> 0 | Y8: =G8*(-1) -> 0 | Z8: =I8+J8 -> 0
A9: Paskola grąžinta | B9: 46233 | W9: =F9 -> 0 | X9: =H9 -> 0 | Y9: =G9*(-1) -> 0 | Z9: =I9+J9 -> 0
A10: Investuota | B10: =SUM(G3:G20) -> 0.11 | W10: =F10 -> 0 | X10: =H10 -> 0 | Y10: =G10*(-1) -> 0 | Z10: =I10+J10 -> 0
A11: Grąžinta | B11: =SUM(I3:I20) -> 0.11 | W11: =F11 -> 0 | X11: =H11 -> 0 | Y11: =G11*(-1) -> 0 | Z11: =I11+J11 -> 0
A12: Palūkanos | B12: =SUM(J3:J20) -> 0.03 | W12: =F12 -> 0 | X12: =H12 -> 0 | Y12: =G12*(-1) -> 0 | Z12: =I12+J12 -> 0
A13: XIRR | B13: =IF(B10=B11,XIRR(Y3:Z20,W3:X20),"") -> 0.21241352 | W13: =F13 -> 0 | X13: =H13 -> 0 | Y13: =G13*(-1) -> 0 | Z13: =I13+J13 -> 0
A14: Terminas | B14: =IF(B10=B11,SUMPRODUCT(L3:L20,G3:G20)/SUM(G3:G20),"") -> 457 | W14: =F14 -> 0 | X14: =H14 -> 0 | Y14: =G14*(-1) -> 0 | Z14: =I14+J14 -> 0
W15: =F15 -> 0 | X15: =H15 -> 0 | Y15: =G15*(-1) -> 0 | Z15: =I15+J15 -> 0
W16: =F16 -> 0 | X16: =H16 -> 0 | Y16: =G16*(-1) -> 0 | Z16: =I16+J16 -> 0
W17: =F17 -> 0 | X17: =H17 -> 0 | Y17: =G17*(-1) -> 0 | Z17: =I17+J17 -> 0
W18: =F18 -> 0 | X18: =H18 -> 0 | Y18: =G18*(-1) -> 0 | Z18: =I18+J18 -> 0
W19: =F19 -> 0 | X19: =H19 -> 0 | Y19: =G19*(-1) -> 0 | Z19: =I19+J19 -> 0
W20: =F20 -> 0 | X20: =H20 -> 0 | Y20: =G20*(-1) -> 0 | Z20: =I20+J20 -> 0

Sheet J066
A1: Mortgage loan ID | B1: J066 | E1: Note | F1: Investuota | H1: Grąžinimas
A2: Pavadinimas | B2: Apartment in Parla | F2: Data | G2: Suma | H2: Grąž. Data | I2: Paskola | J2: Palūkanos | K2: Pelnas | L2: Laikas
A3: PTV | B3: 0.53 | D3: 1 | E3: LV0000103745 | F3: 45748 | G3: 0.63 | H3: =IF($B$9>0,$B$9,"") | L3: =IF($B$10=$B$11,H3-F3,"") | W3: =F3 -> 45748 | X3: =H3 | Y3: =G3*(-1) -> -0.63 | Z3: =I3+J3 -> 0
A4: PDT | B4: 0.2 | H4: =IF($B$9>0,$B$9,"") | L4: =IF($B$10=$B$11,H4-F4,"") | W4: =F4 -> 0 | X4: =H4 | Y4: =G4*(-1) -> 0 | Z4: =I4+J4 -> 0
H5: =IF($B$9>0,$B$9,"") | L5: =IF($B$10=$B$11,H5-F5,"") | W5: =F5 -> 0 | X5: =H5 | Y5: =G5*(-1) -> 0 | Z5: =I5+J5 -> 0
H6: =IF($B$9>0,$B$9,"") | L6: =IF($B$10=$B$11,H6-F6,"") | W6: =F6 -> 0 | X6: =H6 | Y6: =G6*(-1) -> 0 | Z6: =I6+J6 -> 0
A7: Investuota | B7: =SUMPRODUCT(F3:F20,G3:G20)/SUM(G3:G20) -> 45748 | H7: =IF($B$9>0,$B$9,"") | L7: =IF($B$10=$B$11,H7-F7,"") | W7: =F7 -> 0 | X7: =H7 | Y7: =G7*(-1) -> 0 | Z7: =I7+J7 -> 0
A8: Paskolos pradžia | B8: 45551 | H8: =IF($B$9>0,$B$9,"") | L8: =IF($B$10=$B$11,H8-F8,"") | W8: =F8 -> 0 | X8: =H8 | Y8: =G8*(-1) -> 0 | Z8: =I8+J8 -> 0
A9: Paskola grąžinta | H9: =IF($B$9>0,$B$9,"") | L9: =IF($B$10=$B$11,H9-F9,"") | W9: =F9 -> 0 | X9: =H9 | Y9: =G9*(-1) -> 0 | Z9: =I9+J9 -> 0
A10: Investuota | B10: =SUM(G3:G20) -> 0.63 | H10: =IF($B$9>0,$B$9,"") | L10: =IF($B$10=$B$11,H10-F10,"") | W10: =F10 -> 0 | X10: =H10 | Y10: =G10*(-1) -> 0 | Z10: =I10+J10 -> 0
A11: Grąžinta | B11: =SUM(I3:I20) -> 0 | H11: =IF($B$9>0,$B$9,"") | L11: =IF($B$10=$B$11,H11-F11,"") | W11: =F11 -> 0 | X11: =H11 | Y11: =G11*(-1) -> 0 | Z11: =I11+J11 -> 0
A12: Palūkanos | B12: =SUM(J3:J20) -> 0 | H12: =IF($B$9>0,$B$9,"") | L12: =IF($B$10=$B$11,H12-F12,"") | W12: =F12 -> 0 | X12: =H12 | Y12: =G12*(-1) -> 0 | Z12: =I12+J12 -> 0
A13: XIRR | B13: =IF(B10=B11,XIRR(Y3:Z20,W3:X20),"") | H13: =IF($B$9>0,$B$9,"") | L13: =IF($B$10=$B$11,H13-F13,"") | W13: =F13 -> 0 | X13: =H13 | Y13: =G13*(-1) -> 0 | Z13: =I13+J13 -> 0
A14: Terminas | B14: =IF(B10=B11,SUMPRODUCT(L3:L20,G3:G20)/SUM(G3:G20),"") | H14: =IF($B$9>0,$B$9,"") | L14: =IF($B$10=$B$11,H14-F14,"") | W14: =F14 -> 0 | X14: =H14 | Y14: =G14*(-1) -> 0 | Z14: =I14+J14 -> 0
H15: =IF($B$9>0,$B$9,"") | L15: =IF($B$10=$B$11,H15-F15,"") | W15: =F15 -> 0 | X15: =H15 | Y15: =G15*(-1) -> 0 | Z15: =I15+J15 -> 0
H16: =IF($B$9>0,$B$9,"") | L16: =IF($B$10=$B$11,H16-F16,"") | W16: =F16 -> 0 | X16: =H16 | Y16: =G16*(-1) -> 0 | Z16: =I16+J16 -> 0
H17: =IF($B$9>0,$B$9,"") | L17: =IF($B$10=$B$11,H17-F17,"") | W17: =F17 -> 0 | X17: =H17 | Y17: =G17*(-1) -> 0 | Z17: =I17+J17 -> 0
H18: =IF($B$9>0,$B$9,"") | L18: =IF($B$10=$B$11,H18-F18,"") | W18: =F18 -> 0 | X18: =H18 | Y18: =G18*(-1) -> 0 | Z18: =I18+J18 -> 0
W19: =F19 -> 0 | X19: =H19 -> 0 | Y19: =G19*(-1) -> 0 | Z19: =I19+J19 -> 0
W20: =F20 -> 0 | X20: =H20 -> 0 | Y20: =G20*(-1) -> 0 | Z20: =I20+J20 -> 0

Sheet J067
A1: Mortgage loan ID | B1: J067 | E1: Note | F1: Investuota | H1: Grąžinimas
A2: Pavadinimas | B2: Apartment on Calle Guadalajara | F2: Data | G2: Suma | H2: Grąž. Data | I2: Paskola | J2: Palūkanos | K2: Pelnas | L2: Laikas
A3: PTV | B3: 0.53 | D3: 1 | E3: LV0000103612 | F3: 45741 | G3: 2.63 | H3: =IF($B$9>0,$B$9,"") | L3: =IF($B$10=$B$11,H3-F3,"") | W3: =F3 -> 45741 | X3: =H3 | Y3: =G3*(-1) -> -2.63 | Z3: =I3+J3 -> 0
A4: PDT | B4: 0.15 | D4: 2 | E4: LV0000103828 | F4: 45755 | G4: 0.4 | H4: =IF($B$9>0,$B$9,"") | L4: =IF($B$10=$B$11,H4-F4,"") | W4: =F4 -> 45755 | X4: =H4 | Y4: =G4*(-1) -> -0.4 | Z4: =I4+J4 -> 0
H5: =IF($B$9>0,$B$9,"") | L5: =IF($B$10=$B$11,H5-F5,"") | W5: =F5 -> 0 | X5: =H5 | Y5: =G5*(-1) -> 0 | Z5: =I5+J5 -> 0
H6: =IF($B$9>0,$B$9,"") | L6: =IF($B$10=$B$11,H6-F6,"") | W6: =F6 -> 0 | X6: =H6 | Y6: =G6*(-1) -> 0 | Z6: =I6+J6 -> 0
A7: Investuota | B7: =SUMPRODUCT(F3:F20,G3:G20)/SUM(G3:G20) -> 45742.848 | H7: =IF($B$9>0,$B$9,"") | L7: =IF($B$10=$B$11,H7-F7,"") | W7: =F7 -> 0 | X7: =H7 | Y7: =G7*(-1) -> 0 | Z7: =I7+J7 -> 0
A8: Paskolos pradžia | B8: 45551 | H8: =IF($B$9>0,$B$9,"") | L8: =IF($B$10=$B$11,H8-F8,"") | W8: =F8 -> 0 | X8: =H8 | Y8: =G8*(-1) -> 0 | Z8: =I8+J8 -> 0
A9: Paskola grąžinta | H9: =IF($B$9>0,$B$9,"") | L9: =IF($B$10=$B$11,H9-F9,"") | W9: =F9 -> 0 | X9: =H9 | Y9: =G9*(-1) -> 0 | Z9: =I9+J9 -> 0
A10: Investuota | B10: =SUM(G3:G20) -> 3.03 | H10: =IF($B$9>0,$B$9,"") | L10: =IF($B$10=$B$11,H10-F10,"") | W10: =F10 -> 0 | X10: =H10 | Y10: =G10*(-1) -> 0 | Z10: =I10+J10 -> 0
A11: Grąžinta | B11: =SUM(I3:I20) -> 0 | H11: =IF($B$9>0,$B$9,"") | L11: =IF($B$10=$B$11,H11-F11,"") | W11: =F11 -> 0 | X11: =H11 | Y11: =G11*(-1) -> 0 | Z11: =I11+J11 -> 0
A12: Palūkanos | B12: =SUM(J3:J20) -> 0 | H12: =IF($B$9>0,$B$9,"") | L12: =IF($B$10=$B$11,H12-F12,"") | W12: =F12 -> 0 | X12: =H12 | Y12: =G12*(-1) -> 0 | Z12: =I12+J12 -> 0
A13: XIRR | B13: =IF(B10=B11,XIRR(Y3:Z20,W3:X20),"") | H13: =IF($B$9>0,$B$9,"") | L13: =IF($B$10=$B$11,H13-F13,"") | W13: =F13 -> 0 | X13: =H13 | Y13: =G13*(-1) -> 0 | Z13: =I13+J13 -> 0
A14: Terminas | B14: =IF(B10=B11,SUMPRODUCT(L3:L20,G3:G20)/SUM(G3:G20),"") | H14: =IF($B$9>0,$B$9,"") | L14: =IF($B$10=$B$11,H14-F14,"") | W14: =F14 -> 0 | X14: =H14 | Y14: =G14*(-1) -> 0 | Z14: =I14+J14 -> 0
H15: =IF($B$9>0,$B$9,"") | L15: =IF($B$10=$B$11,H15-F15,"") | W15: =F15 -> 0 | X15: =H15 | Y15: =G15*(-1) -> 0 | Z15: =I15+J15 -> 0
H16: =IF($B$9>0,$B$9,"") | L16: =IF($B$10=$B$11,H16-F16,"") | W16: =F16 -> 0 | X16: =H16 | Y16: =G16*(-1) -> 0 | Z16: =I16+J16 -> 0
H17: =IF($B$9>0,$B$9,"") | L17: =IF($B$10=$B$11,H17-F17,"") | W17: =F17 -> 0 | X17: =H17 | Y17: =G17*(-1) -> 0 | Z17: =I17+J17 -> 0
H18: =IF($B$9>0,$B$9,"") | L18: =IF($B$10=$B$11,H18-F18,"") | W18: =F18 -> 0 | X18: =H18 | Y18: =G18*(-1) -> 0 | Z18: =I18+J18 -> 0
W19: =F19 -> 0 | X19: =H19 -> 0 | Y19: =G19*(-1) -> 0 | Z19: =I19+J19 -> 0
W20: =F20 -> 0 | X20: =H20 -> 0 | Y20: =G20*(-1) -> 0 | Z20: =I20+J20 -> 0

Sheet J068
A1: Mortgage loan ID | B1: J068 | E1: Note | F1: Investuota | H1: Grąžinimas
A2: Pavadinimas | B2: Apartment in Santa Cruz de Tenerife | F2: Data | G2: Suma | H2: Grąž. Data | I2: Paskola | J2: Palūkanos | K2: Pelnas | L2: Laikas
A3: PTV | B3: 0.34 | D3: 1 | E3: LV0000104636 | F3: 45804 | G3: 0.43 | H3: =IF($B$9>0,$B$9,"") | L3: =IF($B$10=$B$11,H3-F3,"") | W3: =F3 -> 45804 | X3: =H3 | Y3: =G3*(-1) -> -0.43 | Z3: =I3+J3 -> 0
A4: PDT | B4: 0.33 | H4: =IF($B$9>0,$B$9,"") | L4: =IF($B$10=$B$11,H4-F4,"") | W4: =F4 -> 0 | X4: =H4 | Y4: =G4*(-1) -> 0 | Z4: =I4+J4 -> 0
H5: =IF($B$9>0,$B$9,"") | L5: =IF($B$10=$B$11,H5-F5,"") | W5: =F5 -> 0 | X5: =H5 | Y5: =G5*(-1) -> 0 | Z5: =I5+J5 -> 0
H6: =IF($B$9>0,$B$9,"") | L6: =IF($B$10=$B$11,H6-F6,"") | W6: =F6 -> 0 | X6: =H6 | Y6: =G6*(-1) -> 0 | Z6: =I6+J6 -> 0
A7: Investuota | B7: =SUMPRODUCT(F3:F20,G3:G20)/SUM(G3:G20) -> 45804 | H7: =IF($B$9>0,$B$9,"") | L7: =IF($B$10=$B$11,H7-F7,"") | W7: =F7 -> 0 | X7: =H7 | Y7: =G7*(-1) -> 0 | Z7: =I7+J7 -> 0
A8: Paskolos pradžia | B8: 45551 | H8: =IF($B$9>0,$B$9,"") | L8: =IF($B$10=$B$11,H8-F8,"") | W8: =F8 -> 0 | X8: =H8 | Y8: =G8*(-1) -> 0 | Z8: =I8+J8 -> 0
A9: Paskola grąžinta | H9: =IF($B$9>0,$B$9,"") | L9: =IF($B$10=$B$11,H9-F9,"") | W9: =F9 -> 0 | X9: =H9 | Y9: =G9*(-1) -> 0 | Z9: =I9+J9 -> 0
A10: Investuota | B10: =SUM(G3:G20) -> 0.43 | H10: =IF($B$9>0,$B$9,"") | L10: =IF($B$10=$B$11,H10-F10,"") | W10: =F10 -> 0 | X10: =H10 | Y10: =G10*(-1) -> 0 | Z10: =I10+J10 -> 0
A11: Grąžinta | B11: =SUM(I3:I20) -> 0 | H11: =IF($B$9>0,$B$9,"") | L11: =IF($B$10=$B$11,H11-F11,"") | W11: =F11 -> 0 | X11: =H11 | Y11: =G11*(-1) -> 0 | Z11: =I11+J11 -> 0
A12: Palūkanos | B12: =SUM(J3:J20) -> 0 | H12: =IF($B$9>0,$B$9,"") | L12: =IF($B$10=$B$11,H12-F12,"") | W12: =F12 -> 0 | X12: =H12 | Y12: =G12*(-1) -> 0 | Z12: =I12+J12 -> 0
A13: XIRR | B13: =IF(B10=B11,XIRR(Y3:Z20,W3:X20),"") | H13: =IF($B$9>0,$B$9,"") | L13: =IF($B$10=$B$11,H13-F13,"") | W13: =F13 -> 0 | X13: =H13 | Y13: =G13*(-1) -> 0 | Z13: =I13+J13 -> 0
A14: Terminas | B14: =IF(B10=B11,SUMPRODUCT(L3:L20,G3:G20)/SUM(G3:G20),"") | H14: =IF($B$9>0,$B$9,"") | L14: =IF($B$10=$B$11,H14-F14,"") | W14: =F14 -> 0 | X14: =H14 | Y14: =G14*(-1) -> 0 | Z14: =I14+J14 -> 0
H15: =IF($B$9>0,$B$9,"") | L15: =IF($B$10=$B$11,H15-F15,"") | W15: =F15 -> 0 | X15: =H15 | Y15: =G15*(-1) -> 0 | Z15: =I15+J15 -> 0
H16: =IF($B$9>0,$B$9,"") | L16: =IF($B$10=$B$11,H16-F16,"") | W16: =F16 -> 0 | X16: =H16 | Y16: =G16*(-1) -> 0 | Z16: =I16+J16 -> 0
H17: =IF($B$9>0,$B$9,"") | L17: =IF($B$10=$B$11,H17-F17,"") | W17: =F17 -> 0 | X17: =H17 | Y17: =G17*(-1) -> 0 | Z17: =I17+J17 -> 0
H18: =IF($B$9>0,$B$9,"") | L18: =IF($B$10=$B$11,H18-F18,"") | W18: =F18 -> 0 | X18: =H18 | Y18: =G18*(-1) -> 0 | Z18: =I18+J18 -> 0
W19: =F19 -> 0 | X19: =H19 -> 0 | Y19: =G19*(-1) -> 0 | Z19: =I19+J19 -> 0
W20: =F20 -> 0 | X20: =H20 -> 0 | Y20: =G20*(-1) -> 0 | Z20: =I20+J20 -> 0

Sheet J069
A1: Mortgage loan ID | B1: J069 | E1: Note | F1: Investuota | H1: Grąžinimas
A2: Pavadinimas | B2: Apartments in Alicante and Almeria | F2: Data | G2: Suma | H2: Grąž. Data | I2: Paskola | J2: Palūkanos | K2: Pelnas | L2: Laikas
A3: PTV | B3: 0.55 | D3: 1 | E3: LV0000104644 | F3: 45804 | G3: 1.2 | H3: =IF($B$9>0,$B$9,"") | L3: =IF($B$10=$B$11,H3-F3,"") | W3: =F3 -> 45804 | X3: =H3 | Y3: =G3*(-1) -> -1.2 | Z3: =I3+J3 -> 0
A4: PDT | B4: 0.37 | D4: 2 | E4: LV0000104636 | F4: 45804 | G4: 1.13 | H4: =IF($B$9>0,$B$9,"") | L4: =IF($B$10=$B$11,H4-F4,"") | W4: =F4 -> 45804 | X4: =H4 | Y4: =G4*(-1) -> -1.13 | Z4: =I4+J4 -> 0
H5: =IF($B$9>0,$B$9,"") | L5: =IF($B$10=$B$11,H5-F5,"") | W5: =F5 -> 0 | X5: =H5 | Y5: =G5*(-1) -> 0 | Z5: =I5+J5 -> 0
H6: =IF($B$9>0,$B$9,"") | L6: =IF($B$10=$B$11,H6-F6,"") | W6: =F6 -> 0 | X6: =H6 | Y6: =G6*(-1) -> 0 | Z6: =I6+J6 -> 0
A7: Investuota | B7: =SUMPRODUCT(F3:F20,G3:G20)/SUM(G3:G20) -> 45804 | H7: =IF($B$9>0,$B$9,"") | L7: =IF($B$10=$B$11,H7-F7,"") | W7: =F7 -> 0 | X7: =H7 | Y7: =G7*(-1) -> 0 | Z7: =I7+J7 -> 0
A8: Paskolos pradžia | B8: 45551 | H8: =IF($B$9>0,$B$9,"") | L8: =IF($B$10=$B$11,H8-F8,"") | W8: =F8 -> 0 | X8: =H8 | Y8: =G8*(-1) -> 0 | Z8: =I8+J8 -> 0
A9: Paskola grąžinta | H9: =IF($B$9>0,$B$9,"") | L9: =IF($B$10=$B$11,H9-F9,"") | W9: =F9 -> 0 | X9: =H9 | Y9: =G9*(-1) -> 0 | Z9: =I9+J9 -> 0
A10: Investuota | B10: =SUM(G3:G20) -> 2.33 | H10: =IF($B$9>0,$B$9,"") | L10: =IF($B$10=$B$11,H10-F10,"") | W10: =F10 -> 0 | X10: =H10 | Y10: =G10*(-1) -> 0 | Z10: =I10+J10 -> 0
A11: Grąžinta | B11: =SUM(I3:I20) -> 0 | H11: =IF($B$9>0,$B$9,"") | L11: =IF($B$10=$B$11,H11-F11,"") | W11: =F11 -> 0 | X11: =H11 | Y11: =G11*(-1) -> 0 | Z11: =I11+J11 -> 0
A12: Palūkanos | B12: =SUM(J3:J20) -> 0 | H12: =IF($B$9>0,$B$9,"") | L12: =IF($B$10=$B$11,H12-F12,"") | W12: =F12 -> 0 | X12: =H12 | Y12: =G12*(-1) -> 0 | Z12: =I12+J12 -> 0
A13: XIRR | B13: =IF(B10=B11,XIRR(Y3:Z20,W3:X20),"") | H13: =IF($B$9>0,$B$9,"") | L13: =IF($B$10=$B$11,H13-F13,"") | W13: =F13 -> 0 | X13: =H13 | Y13: =G13*(-1) -> 0 | Z13: =I13+J13 -> 0
A14: Terminas | B14: =IF(B10=B11,SUMPRODUCT(L3:L20,G3:G20)/SUM(G3:G20),"") | H14: =IF($B$9>0,$B$9,"") | L14: =IF($B$10=$B$11,H14-F14,"") | W14: =F14 -> 0 | X14: =H14 | Y14: =G14*(-1) -> 0 | Z14: =I14+J14 -> 0
H15: =IF($B$9>0,$B$9,"") | L15: =IF($B$10=$B$11,H15-F15,"") | W15: =F15 -> 0 | X15: =H15 | Y15: =G15*(-1) -> 0 | Z15: =I15+J15 -> 0
H16: =IF($B$9>0,$B$9,"") | L16: =IF($B$10=$B$11,H16-F16,"") | W16: =F16 -> 0 | X16: =H16 | Y16: =G16*(-1) -> 0 | Z16: =I16+J16 -> 0
H17: =IF($B$9>0,$B$9,"") | L17: =IF($B$10=$B$11,H17-F17,"") | W17: =F17 -> 0 | X17: =H17 | Y17: =G17*(-1) -> 0 | Z17: =I17+J17 -> 0
H18: =IF($B$9>0,$B$9,"") | L18: =IF($B$10=$B$11,H18-F18,"") | W18: =F18 -> 0 | X18: =H18 | Y18: =G18*(-1) -> 0 | Z18: =I18+J18 -> 0
W19: =F19 -> 0 | X19: =H19 -> 0 | Y19: =G19*(-1) -> 0 | Z19: =I19+J19 -> 0
W20: =F20 -> 0 | X20: =H20 -> 0 | Y20: =G20*(-1) -> 0 | Z20: =I20+J20 -> 0

Sheet J071
A1: Mortgage loan ID | B1: J071 | E1: Note | F1: Investuota | H1: Grąžinimas
A2: Pavadinimas | B2: Apartments in Sevilla | F2: Data | G2: Suma | H2: Grąž. Data | I2: Paskola | J2: Palūkanos | K2: Pelnas | L2: Laikas
A3: PTV | B3: 0.6 | D3: 1 | E3: LV0000103620 | F3: 45741 | G3: 7.98 | H3: =IF($B$9>0,$B$9,"") | L3: =IF($B$10=$B$11,H3-F3,"") | W3: =F3 -> 45741 | X3: =H3 | Y3: =G3*(-1) -> -7.98 | Z3: =I3+J3 -> 0
A4: PDT | B4: 0.48 | D4: 2 | E4: LV0000103745 | F4: 45748 | G4: 2.24 | H4: =IF($B$9>0,$B$9,"") | L4: =IF($B$10=$B$11,H4-F4,"") | W4: =F4 -> 45748 | X4: =H4 | Y4: =G4*(-1) -> -2.24 | Z4: =I4+J4 -> 0
D5: 3 | E5: LV0000103752 | F5: 45748 | G5: 1.43 | H5: =IF($B$9>0,$B$9,"") | L5: =IF($B$10=$B$11,H5-F5,"") | W5: =F5 -> 45748 | X5: =H5 | Y5: =G5*(-1) -> -1.43 | Z5: =I5+J5 -> 0
D6: 4 | E6: LV0000103828 | F6: 45755 | G6: 1 | H6: =IF($B$9>0,$B$9,"") | L6: =IF($B$10=$B$11,H6-F6,"") | W6: =F6 -> 45755 | X6: =H6 | Y6: =G6*(-1) -> -1 | Z6: =I6+J6 -> 0
A7: Investuota | B7: =SUMPRODUCT(F3:F20,G3:G20)/SUM(G3:G20) -> 45744.138 | H7: =IF($B$9>0,$B$9,"") | L7: =IF($B$10=$B$11,H7-F7,"") | W7: =F7 -> 0 | X7: =H7 | Y7: =G7*(-1) -> 0 | Z7: =I7+J7 -> 0
A8: Paskolos pradžia | B8: 45551 | H8: =IF($B$9>0,$B$9,"") | L8: =IF($B$10=$B$11,H8-F8,"") | W8: =F8 -> 0 | X8: =H8 | Y8: =G8*(-1) -> 0 | Z8: =I8+J8 -> 0
A9: Paskola grąžinta | H9: =IF($B$9>0,$B$9,"") | L9: =IF($B$10=$B$11,H9-F9,"") | W9: =F9 -> 0 | X9: =H9 | Y9: =G9*(-1) -> 0 | Z9: =I9+J9 -> 0
A10: Investuota | B10: =SUM(G3:G20) -> 12.65 | H10: =IF($B$9>0,$B$9,"") | L10: =IF($B$10=$B$11,H10-F10,"") | W10: =F10 -> 0 | X10: =H10 | Y10: =G10*(-1) -> 0 | Z10: =I10+J10 -> 0
A11: Grąžinta | B11: =SUM(I3:I20) -> 0 | H11: =IF($B$9>0,$B$9,"") | L11: =IF($B$10=$B$11,H11-F11,"") | W11: =F11 -> 0 | X11: =H11 | Y11: =G11*(-1) -> 0 | Z11: =I11+J11 -> 0
A12: Palūkanos | B12: =SUM(J3:J20) -> 0 | H12: =IF($B$9>0,$B$9,"") | L12: =IF($B$10=$B$11,H12-F12,"") | W12: =F12 -> 0 | X12: =H12 | Y12: =G12*(-1) -> 0 | Z12: =I12+J12 -> 0
A13: XIRR | B13: =IF(B10=B11,XIRR(Y3:Z20,W3:X20),"") | H13: =IF($B$9>0,$B$9,"") | L13: =IF($B$10=$B$11,H13-F13,"") | W13: =F13 -> 0 | X13: =H13 | Y13: =G13*(-1) -> 0 | Z13: =I13+J13 -> 0
A14: Terminas | B14: =IF(B10=B11,SUMPRODUCT(L3:L20,G3:G20)/SUM(G3:G20),"") | H14: =IF($B$9>0,$B$9,"") | L14: =IF($B$10=$B$11,H14-F14,"") | W14: =F14 -> 0 | X14: =H14 | Y14: =G14*(-1) -> 0 | Z14: =I14+J14 -> 0
H15: =IF($B$9>0,$B$9,"") | L15: =IF($B$10=$B$11,H15-F15,"") | W15: =F15 -> 0 | X15: =H15 | Y15: =G15*(-1) -> 0 | Z15: =I15+J15 -> 0
H16: =IF($B$9>0,$B$9,"") | L16: =IF($B$10=$B$11,H16-F16,"") | W16: =F16 -> 0 | X16: =H16 | Y16: =G16*(-1) -> 0 | Z16: =I16+J16 -> 0
H17: =IF($B$9>0,$B$9,"") | L17: =IF($B$10=$B$11,H17-F17,"") | W17: =F17 -> 0 | X17: =H17 | Y17: =G17*(-1) -> 0 | Z17: =I17+J17 -> 0
H18: =IF($B$9>0,$B$9,"") | L18: =IF($B$10=$B$11,H18-F18,"") | W18: =F18 -> 0 | X18: =H18 | Y18: =G18*(-1) -> 0 | Z18: =I18+J18 -> 0
W19: =F19 -> 0 | X19: =H19 -> 0 | Y19: =G19*(-1) -> 0 | Z19: =I19+J19 -> 0
W20: =F20 -> 0 | X20: =H20 -> 0 | Y20: =G20*(-1) -> 0 | Z20: =I20+J20 -> 0

Sheet J072
A1: Mortgage loan ID | B1: J072 | E1: Note | F1: Investuota | H1: Grąžinimas
A2: Pavadinimas | B2: House in Vejer de la Frontera | F2: Data | G2: Suma | H2: Grąž. Data | I2: Paskola | J2: Palūkanos | K2: Pelnas | L2: Laikas
A3: PTV | B3: 0.58 | D3: 1 | E3: LV0000103935 | F3: 45755 | G3: 0.75 | H3: =IF($B$9>0,$B$9,"") | L3: =IF($B$10=$B$11,H3-F3,"") | W3: =F3 -> 45755 | X3: =H3 | Y3: =G3*(-1) -> -0.75 | Z3: =I3+J3 -> 0
A4: PDT | B4: 0.41 | D4: 2 | E4: LV0000103976 | F4: 45762 | G4: 1 | H4: =IF($B$9>0,$B$9,"") | L4: =IF($B$10=$B$11,H4-F4,"") | W4: =F4 -> 45762 | X4: =H4 | Y4: =G4*(-1) -> -1 | Z4: =I4+J4 -> 0
D5: 3 | E5: LV0000103968 | F5: 45762 | G5: 1.31 | H5: =IF($B$9>0,$B$9,"") | L5: =IF($B$10=$B$11,H5-F5,"") | W5: =F5 -> 45762 | X5: =H5 | Y5: =G5*(-1) -> -1.31 | Z5: =I5+J5 -> 0
D6: 4 | E6: LV0000104206 | F6: 45776 | G6: 0.59 | H6: =IF($B$9>0,$B$9,"") | L6: =IF($B$10=$B$11,H6-F6,"") | W6: =F6 -> 45776 | X6: =H6 | Y6: =G6*(-1) -> -0.59 | Z6: =I6+J6 -> 0
A7: Investuota | B7: =SUMPRODUCT(F3:F20,G3:G20)/SUM(G3:G20) -> 45770.71 | D7: 5 | E7: LV0000104305 | F7: 45783 | G7: 0.46 | H7: =IF($B$9>0,$B$9,"") | L7: =IF($B$10=$B$11,H7-F7,"") | W7: =F7 -> 45783 | X7: =H7 | Y7: =G7*(-1) -> -0.46 | Z7: =I7+J7 -> 0
A8: Paskolos pradžia | B8: 45551 | D8: 6 | E8: LV0000104586 | F8: 45797 | G8: 0.6 | H8: =IF($B$9>0,$B$9,"") | L8: =IF($B$10=$B$11,H8-F8,"") | W8: =F8 -> 45797 | X8: =H8 | Y8: =G8*(-1) -> -0.6 | Z8: =I8+J8 -> 0
A9: Paskola grąžinta | D9: 7 | E9: LV0000105054 | F9: 45832 | G9: 0.12 | H9: =IF($B$9>0,$B$9,"") | L9: =IF($B$10=$B$11,H9-F9,"") | W9: =F9 -> 45832 | X9: =H9 | Y9: =G9*(-1) -> -0.12 | Z9: =I9+J9 -> 0
A10: Investuota | B10: =SUM(G3:G20) -> 4.83 | H10: =IF($B$9>0,$B$9,"") | L10: =IF($B$10=$B$11,H10-F10,"") | W10: =F10 -> 0 | X10: =H10 | Y10: =G10*(-1) -> 0 | Z10: =I10+J10 -> 0
A11: Grąžinta | B11: =SUM(I3:I20) -> 0 | H11: =IF($B$9>0,$B$9,"") | L11: =IF($B$10=$B$11,H11-F11,"") | W11: =F11 -> 0 | X11: =H11 | Y11: =G11*(-1) -> 0 | Z11: =I11+J11 -> 0
A12: Palūkanos | B12: =SUM(J3:J20) -> 0 | H12: =IF($B$9>0,$B$9,"") | L12: =IF($B$10=$B$11,H12-F12,"") | W12: =F12 -> 0 | X12: =H12 | Y12: =G12*(-1) -> 0 | Z12: =I12+J12 -> 0
A13: XIRR | B13: =IF(B10=B11,XIRR(Y3:Z20,W3:X20),"") | H13: =IF($B$9>0,$B$9,"") | L13: =IF($B$10=$B$11,H13-F13,"") | W13: =F13 -> 0 | X13: =H13 | Y13: =G13*(-1) -> 0 | Z13: =I13+J13 -> 0
A14: Terminas | B14: =IF(B10=B11,SUMPRODUCT(L3:L20,G3:G20)/SUM(G3:G20),"") | H14: =IF($B$9>0,$B$9,"") | L14: =IF($B$10=$B$11,H14-F14,"") | W14: =F14 -> 0 | X14: =H14 | Y14: =G14*(-1) -> 0 | Z14: =I14+J14 -> 0
H15: =IF($B$9>0,$B$9,"") | L15: =IF($B$10=$B$11,H15-F15,"") | W15: =F15 -> 0 | X15: =H15 | Y15: =G15*(-1) -> 0 | Z15: =I15+J15 -> 0
H16: =IF($B$9>0,$B$9,"") | L16: =IF($B$10=$B$11,H16-F16,"") | W16: =F16 -> 0 | X16: =H16 | Y16: =G16*(-1) -> 0 | Z16: =I16+J16 -> 0
H17: =IF($B$9>0,$B$9,"") | L17: =IF($B$10=$B$11,H17-F17,"") | W17: =F17 -> 0 | X17: =H17 | Y17: =G17*(-1) -> 0 | Z17: =I17+J17 -> 0
H18: =IF($B$9>0,$B$9,"") | L18: =IF($B$10=$B$11,H18-F18,"") | W18: =F18 -> 0 | X18: =H18 | Y18: =G18*(-1) -> 0 | Z18: =I18+J18 -> 0
W19: =F19 -> 0 | X19: =H19 -> 0 | Y19: =G19*(-1) -> 0 | Z19: =I19+J19 -> 0
W20: =F20 -> 0 | X20: =H20 -> 0 | Y20: =G20*(-1) -> 0 | Z20: =I20+J20 -> 0

Sheet J073
A1: Mortgage loan ID | B1: J073 | E1: Note | F1: Investuota | H1: Grąžinimas
A2: Pavadinimas | B2: Apartment in Adra | F2: Data | G2: Suma | H2: Grąž. Data | I2: Paskola | J2: Palūkanos | K2: Pelnas | L2: Laikas
A3: PTV | B3: 0.57 | D3: 1 | E3: LV0000103935 | F3: 45755 | G3: 0.61 | H3: =IF($B$9>0,$B$9,"") | L3: =IF($B$10=$B$11,H3-F3,"") | W3: =F3 -> 45755 | X3: =H3 | Y3: =G3*(-1) -> -0.61 | Z3: =I3+J3 -> 0
A4: PDT | B4: 0.2 | D4: 2 | E4: LV0000103950 | F4: 45762 | G4: 1.01 | H4: =IF($B$9>0,$B$9,"") | L4: =IF($B$10=$B$11,H4-F4,"") | W4: =F4 -> 45762 | X4: =H4 | Y4: =G4*(-1) -> -1.01 | Z4: =I4+J4 -> 0
D5: 3 | E5: LV0000103968 | F5: 45762 | G5: 0.89 | H5: =IF($B$9>0,$B$9,"") | L5: =IF($B$10=$B$11,H5-F5,"") | W5: =F5 -> 45762 | X5: =H5 | Y5: =G5*(-1) -> -0.89 | Z5: =I5+J5 -> 0
D6: 4 | E6: LV0000105054 | F6: 45832 | G6: 0.36 | H6: =IF($B$9>0,$B$9,"") | L6: =IF($B$10=$B$11,H6-F6,"") | W6: =F6 -> 45832 | X6: =H6 | Y6: =G6*(-1) -> -0.36 | Z6: =I6+J6 -> 0
A7: Investuota | B7: =SUMPRODUCT(F3:F20,G3:G20)/SUM(G3:G20) -> 45769.293 | H7: =IF($B$9>0,$B$9,"") | L7: =IF($B$10=$B$11,H7-F7,"") | W7: =F7 -> 0 | X7: =H7 | Y7: =G7*(-1) -> 0 | Z7: =I7+J7 -> 0
A8: Paskolos pradžia | B8: 45551 | H8: =IF($B$9>0,$B$9,"") | L8: =IF($B$10=$B$11,H8-F8,"") | W8: =F8 -> 0 | X8: =H8 | Y8: =G8*(-1) -> 0 | Z8: =I8+J8 -> 0
A9: Paskola grąžinta | H9: =IF($B$9>0,$B$9,"") | L9: =IF($B$10=$B$11,H9-F9,"") | W9: =F9 -> 0 | X9: =H9 | Y9: =G9*(-1) -> 0 | Z9: =I9+J9 -> 0
A10: Investuota | B10: =SUM(G3:G20) -> 2.87 | H10: =IF($B$9>0,$B$9,"") | L10: =IF($B$10=$B$11,H10-F10,"") | W10: =F10 -> 0 | X10: =H10 | Y10: =G10*(-1) -> 0 | Z10: =I10+J10 -> 0
A11: Grąžinta | B11: =SUM(I3:I20) -> 0 | H11: =IF($B$9>0,$B$9,"") | L11: =IF($B$10=$B$11,H11-F11,"") | W11: =F11 -> 0 | X11: =H11 | Y11: =G11*(-1) -> 0 | Z11: =I11+J11 -> 0
A12: Palūkanos | B12: =SUM(J3:J20) -> 0 | H12: =IF($B$9>0,$B$9,"") | L12: =IF($B$10=$B$11,H12-F12,"") | W12: =F12 -> 0 | X12: =H12 | Y12: =G12*(-1) -> 0 | Z12: =I12+J12 -> 0
A13: XIRR | B13: =IF(B10=B11,XIRR(Y3:Z20,W3:X20),"") | H13: =IF($B$9>0,$B$9,"") | L13: =IF($B$10=$B$11,H13-F13,"") | W13: =F13 -> 0 | X13: =H13 | Y13: =G13*(-1) -> 0 | Z13: =I13+J13 -> 0
A14: Terminas | B14: =IF(B10=B11,SUMPRODUCT(L3:L20,G3:G20)/SUM(G3:G20),"") | H14: =IF($B$9>0,$B$9,"") | L14: =IF($B$10=$B$11,H14-F14,"") | W14: =F14 -> 0 | X14: =H14 | Y14: =G14*(-1) -> 0 | Z14: =I14+J14 -> 0
H15: =IF($B$9>0,$B$9,"") | L15: =IF($B$10=$B$11,H15-F15,"") | W15: =F15 -> 0 | X15: =H15 | Y15: =G15*(-1) -> 0 | Z15: =I15+J15 -> 0
H16: =IF($B$9>0,$B$9,"") | L16: =IF($B$10=$B$11,H16-F16,"") | W16: =F16 -> 0 | X16: =H16 | Y16: =G16*(-1) -> 0 | Z16: =I16+J16 -> 0
H17: =IF($B$9>0,$B$9,"") | L17: =IF($B$10=$B$11,H17-F17,"") | W17: =F17 -> 0 | X17: =H17 | Y17: =G17*(-1) -> 0 | Z17: =I17+J17 -> 0
H18: =IF($B$9>0,$B$9,"") | L18: =IF($B$10=$B$11,H18-F18,"") | W18: =F18 -> 0 | X18: =H18 | Y18: =G18*(-1) -> 0 | Z18: =I18+J18 -> 0
W19: =F19 -> 0 | X19: =H19 -> 0 | Y19: =G19*(-1) -> 0 | Z19: =I19+J19 -> 0
W20: =F20 -> 0 | X20: =H20 -> 0 | Y20: =G20*(-1) -> 0 | Z20: =I20+J20 -> 0

Sheet J074
A1: Mortgage loan ID | B1: J074 | E1: Note | F1: Investuota | H1: Grąžinimas
A2: Pavadinimas | B2: Apartment on Calle San Roque | F2: Data | G2: Suma | H2: Grąž. Data | I2: Paskola | J2: Palūkanos | K2: Pelnas | L2: Laikas
A3: PTV | B3: 0.49 | D3: 1 | E3: LV0000103745 | F3: 45748 | G3: 0.49 | H3: =IF($B$9>0,$B$9,"") | L3: =IF($B$10=$B$11,H3-F3,"") | W3: =F3 -> 45748 | X3: =H3 | Y3: =G3*(-1) -> -0.49 | Z3: =I3+J3 -> 0
A4: PDT | B4: 0.2 | H4: =IF($B$9>0,$B$9,"") | L4: =IF($B$10=$B$11,H4-F4,"") | W4: =F4 -> 0 | X4: =H4 | Y4: =G4*(-1) -> 0 | Z4: =I4+J4 -> 0
H5: =IF($B$9>0,$B$9,"") | L5: =IF($B$10=$B$11,H5-F5,"") | W5: =F5 -> 0 | X5: =H5 | Y5: =G5*(-1) -> 0 | Z5: =I5+J5 -> 0
H6: =IF($B$9>0,$B$9,"") | L6: =IF($B$10=$B$11,H6-F6,"") | W6: =F6 -> 0 | X6: =H6 | Y6: =G6*(-1) -> 0 | Z6: =I6+J6 -> 0
A7: Investuota | B7: =SUMPRODUCT(F3:F20,G3:G20)/SUM(G3:G20) -> 45748 | H7: =IF($B$9>0,$B$9,"") | L7: =IF($B$10=$B$11,H7-F7,"") | W7: =F7 -> 0 | X7: =H7 | Y7: =G7*(-1) -> 0 | Z7: =I7+J7 -> 0
A8: Paskolos pradžia | B8: 45551 | H8: =IF($B$9>0,$B$9,"") | L8: =IF($B$10=$B$11,H8-F8,"") | W8: =F8 -> 0 | X8: =H8 | Y8: =G8*(-1) -> 0 | Z8: =I8+J8 -> 0
A9: Paskola grąžinta | H9: =IF($B$9>0,$B$9,"") | L9: =IF($B$10=$B$11,H9-F9,"") | W9: =F9 -> 0 | X9: =H9 | Y9: =G9*(-1) -> 0 | Z9: =I9+J9 -> 0
A10: Investuota | B10: =SUM(G3:G20) -> 0.49 | H10: =IF($B$9>0,$B$9,"") | L10: =IF($B$10=$B$11,H10-F10,"") | W10: =F10 -> 0 | X10: =H10 | Y10: =G10*(-1) -> 0 | Z10: =I10+J10 -> 0
A11: Grąžinta | B11: =SUM(I3:I20) -> 0 | H11: =IF($B$9>0,$B$9,"") | L11: =IF($B$10=$B$11,H11-F11,"") | W11: =F11 -> 0 | X11: =H11 | Y11: =G11*(-1) -> 0 | Z11: =I11+J11 -> 0
A12: Palūkanos | B12: =SUM(J3:J20) -> 0 | H12: =IF($B$9>0,$B$9,"") | L12: =IF($B$10=$B$11,H12-F12,"") | W12: =F12 -> 0 | X12: =H12 | Y12: =G12*(-1) -> 0 | Z12: =I12+J12 -> 0
A13: XIRR | B13: =IF(B10=B11,XIRR(Y3:Z20,W3:X20),"") | H13: =IF($B$9>0,$B$9,"") | L13: =IF($B$10=$B$11,H13-F13,"") | W13: =F13 -> 0 | X13: =H13 | Y13: =G13*(-1) -> 0 | Z13: =I13+J13 -> 0
A14: Terminas | B14: =IF(B10=B11,SUMPRODUCT(L3:L20,G3:G20)/SUM(G3:G20),"") | H14: =IF($B$9>0,$B$9,"") | L14: =IF($B$10=$B$11,H14-F14,"") | W14: =F14 -> 0 | X14: =H14 | Y14: =G14*(-1) -> 0 | Z14: =I14+J14 -> 0
H15: =IF($B$9>0,$B$9,"") | L15: =IF($B$10=$B$11,H15-F15,"") | W15: =F15 -> 0 | X15: =H15 | Y15: =G15*(-1) -> 0 | Z15: =I15+J15 -> 0
H16: =IF($B$9>0,$B$9,"") | L16: =IF($B$10=$B$11,H16-F16,"") | W16: =F16 -> 0 | X16: =H16 | Y16: =G16*(-1) -> 0 | Z16: =I16+J16 -> 0
H17: =IF($B$9>0,$B$9,"") | L17: =IF($B$10=$B$11,H17-F17,"") | W17: =F17 -> 0 | X17: =H17 | Y17: =G17*(-1) -> 0 | Z17: =I17+J17 -> 0
H18: =IF($B$9>0,$B$9,"") | L18: =IF($B$10=$B$11,H18-F18,"") | W18: =F18 -> 0 | X18: =H18 | Y18: =G18*(-1) -> 0 | Z18: =I18+J18 -> 0
W19: =F19 -> 0 | X19: =H19 -> 0 | Y19: =G19*(-1) -> 0 | Z19: =I19+J19 -> 0
W20: =F20 -> 0 | X20: =H20 -> 0 | Y20: =G20*(-1) -> 0 | Z20: =I20+J20 -> 0

Sheet J076
A1: Mortgage loan ID | B1: J076 | E1: Note | F1: Investuota | H1: Grąžinimas
A2: Pavadinimas | B2: Apartment and Land in Madrid | F2: Data | G2: Suma | H2: Grąž. Data | I2: Paskola | J2: Palūkanos | K2: Pelnas | L2: Laikas
A3: PTV | B3: 0.57 | D3: 1 | E3: LV0000103935 | F3: 45755 | G3: 1.79 | H3: =IF($B$9>0,$B$9,"") | L3: =IF($B$10=$B$11,H3-F3,"") | W3: =F3 -> 45755 | X3: =H3 | Y3: =G3*(-1) -> -1.79 | Z3: =I3+J3 -> 0
A4: PDT | B4: 0.51 | D4: 2 | E4: LV0000103927 | F4: 45755 | G4: 1.79 | H4: =IF($B$9>0,$B$9,"") | L4: =IF($B$10=$B$11,H4-F4,"") | W4: =F4 -> 45755 | X4: =H4 | Y4: =G4*(-1) -> -1.79 | Z4: =I4+J4 -> 0
D5: 3 | E5: LV0000103950 | F5: 45762 | G5: 1.97 | H5: =IF($B$9>0,$B$9,"") | L5: =IF($B$10=$B$11,H5-F5,"") | W5: =F5 -> 45762 | X5: =H5 | Y5: =G5*(-1) -> -1.97 | Z5: =I5+J5 -> 0
D6: 4 | E6: LV0000103976 | F6: 45762 | G6: 1.95 | H6: =IF($B$9>0,$B$9,"") | L6: =IF($B$10=$B$11,H6-F6,"") | W6: =F6 -> 45762 | X6: =H6 | Y6: =G6*(-1) -> -1.95 | Z6: =I6+J6 -> 0
A7: Investuota | B7: =SUMPRODUCT(F3:F20,G3:G20)/SUM(G3:G20) -> 45767.846 | D7: 5 | E7: LV0000103968 | F7: 45762 | G7: 1.98 | H7: =IF($B$9>0,$B$9,"") | L7: =IF($B$10=$B$11,H7-F7,"") | W7: =F7 -> 45762 | X7: =H7 | Y7: =G7*(-1) -> -1.98 | Z7: =I7+J7 -> 0
A8: Paskolos pradžia | B8: 45551 | D8: 6 | E8: LV0000104206 | F8: 45776 | G8: 0.63 | H8: =IF($B$9>0,$B$9,"") | L8: =IF($B$10=$B$11,H8-F8,"") | W8: =F8 -> 45776 | X8: =H8 | Y8: =G8*(-1) -> -0.63 | Z8: =I8+J8 -> 0
A9: Paskola grąžinta | D9: 7 | E9: LV0000104297 | F9: 45783 | G9: 0.64 | H9: =IF($B$9>0,$B$9,"") | L9: =IF($B$10=$B$11,H9-F9,"") | W9: =F9 -> 45783 | X9: =H9 | Y9: =G9*(-1) -> -0.64 | Z9: =I9+J9 -> 0
A10: Investuota | B10: =SUM(G3:G20) -> 13.41 | D10: 8 | E10: LV0000104305 | F10: 45783 | G10: 0.5 | H10: =IF($B$9>0,$B$9,"") | L10: =IF($B$10=$B$11,H10-F10,"") | W10: =F10 -> 45783 | X10: =H10 | Y10: =G10*(-1) -> -0.5 | Z10: =I10+J10 -> 0
A11: Grąžinta | B11: =SUM(I3:I20) -> 0 | D11: 9 | E11: LV0000104289 | F11: 45783 | G11: 0.69 | H11: =IF($B$9>0,$B$9,"") | L11: =IF($B$10=$B$11,H11-F11,"") | W11: =F11 -> 45783 | X11: =H11 | Y11: =G11*(-1) -> -0.69 | Z11: =I11+J11 -> 0
A12: Palūkanos | B12: =SUM(J3:J20) -> 0 | D12: 10 | E12: LV0000104560 | F12: 45797 | G12: 0.79 | H12: =IF($B$9>0,$B$9,"") | L12: =IF($B$10=$B$11,H12-F12,"") | W12: =F12 -> 45797 | X12: =H12 | Y12: =G12*(-1) -> -0.79 | Z12: =I12+J12 -> 0
A13: XIRR | B13: =IF(B10=B11,XIRR(Y3:Z20,W3:X20),"") | D13: 11 | E13: LV0000104628 | F13: 45804 | G13: 0.68 | H13: =IF($B$9>0,$B$9,"") | L13: =IF($B$10=$B$11,H13-F13,"") | W13: =F13 -> 45804 | X13: =H13 | Y13: =G13*(-1) -> -0.68 | Z13: =I13+J13 -> 0
A14: Terminas | B14: =IF(B10=B11,SUMPRODUCT(L3:L20,G3:G20)/SUM(G3:G20),"") | H14: =IF($B$9>0,$B$9,"") | L14: =IF($B$10=$B$11,H14-F14,"") | W14: =F14 -> 0 | X14: =H14 | Y14: =G14*(-1) -> 0 | Z14: =I14+J14 -> 0
H15: =IF($B$9>0,$B$9,"") | L15: =IF($B$10=$B$11,H15-F15,"") | W15: =F15 -> 0 | X15: =H15 | Y15: =G15*(-1) -> 0 | Z15: =I15+J15 -> 0
H16: =IF($B$9>0,$B$9,"") | L16: =IF($B$10=$B$11,H16-F16,"") | W16: =F16 -> 0 | X16: =H16 | Y16: =G16*(-1) -> 0 | Z16: =I16+J16 -> 0
H17: =IF($B$9>0,$B$9,"") | L17: =IF($B$10=$B$11,H17-F17,"") | W17: =F17 -> 0 | X17: =H17 | Y17: =G17*(-1) -> 0 | Z17: =I17+J17 -> 0
H18: =IF($B$9>0,$B$9,"") | L18: =IF($B$10=$B$11,H18-F18,"") | W18: =F18 -> 0 | X18: =H18 | Y18: =G18*(-1) -> 0 | Z18: =I18+J18 -> 0
W19: =F19 -> 0 | X19: =H19 -> 0 | Y19: =G19*(-1) -> 0 | Z19: =I19+J19 -> 0
W20: =F20 -> 0 | X20: =H20 -> 0 | Y20: =G20*(-1) -> 0 | Z20: =I20+J20 -> 0

Sheet R030
A1: Mortgage loan ID | B1: R030 | E1: Note | F1: Investuota | H1: Grąžinimas
A2: Pavadinimas | B2: House at Carrer de la Roca | F2: Data | G2: Suma | H2: Grąž. Data | I2: Paskola | J2: Palūkanos | K2: Pelnas | L2: Laikas
A3: PTV | B3: 0.58 | D3: 1 | E3: LV0000104081 | F3: 45769 | G3: 0.08 | H3: =IF($B$9>0,$B$9,"") | L3: =IF($B$10=$B$11,H3-F3,"") | W3: =F3 -> 45769 | X3: =H3 | Y3: =G3*(-1) -> -0.08 | Z3: =I3+J3 -> 0
A4: PDT | B4: 0.66 | H4: =IF($B$9>0,$B$9,"") | L4: =IF($B$10=$B$11,H4-F4,"") | W4: =F4 -> 0 | X4: =H4 | Y4: =G4*(-1) -> 0 | Z4: =I4+J4 -> 0
H5: =IF($B$9>0,$B$9,"") | L5: =IF($B$10=$B$11,H5-F5,"") | W5: =F5 -> 0 | X5: =H5 | Y5: =G5*(-1) -> 0 | Z5: =I5+J5 -> 0
H6: =IF($B$9>0,$B$9,"") | L6: =IF($B$10=$B$11,H6-F6,"") | W6: =F6 -> 0 | X6: =H6 | Y6: =G6*(-1) -> 0 | Z6: =I6+J6 -> 0
A7: Investuota | B7: =SUMPRODUCT(F3:F20,G3:G20)/SUM(G3:G20) -> 45769 | H7: =IF($B$9>0,$B$9,"") | L7: =IF($B$10=$B$11,H7-F7,"") | W7: =F7 -> 0 | X7: =H7 | Y7: =G7*(-1) -> 0 | Z7: =I7+J7 -> 0
A8: Paskolos pradžia | B8: 45540 | H8: =IF($B$9>0,$B$9,"") | L8: =IF($B$10=$B$11,H8-F8,"") | W8: =F8 -> 0 | X8: =H8 | Y8: =G8*(-1) -> 0 | Z8: =I8+J8 -> 0
A9: Paskola grąžinta | H9: =IF($B$9>0,$B$9,"") | L9: =IF($B$10=$B$11,H9-F9,"") | W9: =F9 -> 0 | X9: =H9 | Y9: =G9*(-1) -> 0 | Z9: =I9+J9 -> 0
A10: Investuota | B10: =SUM(G3:G20) -> 0.08 | H10: =IF($B$9>0,$B$9,"") | L10: =IF($B$10=$B$11,H10-F10,"") | W10: =F10 -> 0 | X10: =H10 | Y10: =G10*(-1) -> 0 | Z10: =I10+J10 -> 0
A11: Grąžinta | B11: =SUM(I3:I20) -> 0 | H11: =IF($B$9>0,$B$9,"") | L11: =IF($B$10=$B$11,H11-F11,"") | W11: =F11 -> 0 | X11: =H11 | Y11: =G11*(-1) -> 0 | Z11: =I11+J11 -> 0
A12: Palūkanos | B12: =SUM(J3:J20) -> 0 | H12: =IF($B$9>0,$B$9,"") | L12: =IF($B$10=$B$11,H12-F12,"") | W12: =F12 -> 0 | X12: =H12 | Y12: =G12*(-1) -> 0 | Z12: =I12+J12 -> 0
A13: XIRR | B13: =IF(B10=B11,XIRR(Y3:Z20,W3:X20),"") | H13: =IF($B$9>0,$B$9,"") | L13: =IF($B$10=$B$11,H13-F13,"") | W13: =F13 -> 0 | X13: =H13 | Y13: =G13*(-1) -> 0 | Z13: =I13+J13 -> 0
A14: Terminas | B14: =IF(B10=B11,SUMPRODUCT(L3:L20,G3:G20)/SUM(G3:G20),"") | H14: =IF($B$9>0,$B$9,"") | L14: =IF($B$10=$B$11,H14-F14,"") | W14: =F14 -> 0 | X14: =H14 | Y14: =G14*(-1) -> 0 | Z14: =I14+J14 -> 0
H15: =IF($B$9>0,$B$9,"") | L15: =IF($B$10=$B$11,H15-F15,"") | W15: =F15 -> 0 | X15: =H15 | Y15: =G15*(-1) -> 0 | Z15: =I15+J15 -> 0
H16: =IF($B$9>0,$B$9,"") | L16: =IF($B$10=$B$11,H16-F16,"") | W16: =F16 -> 0 | X16: =H16 | Y16: =G16*(-1) -> 0 | Z16: =I16+J16 -> 0
H17: =IF($B$9>0,$B$9,"") | L17: =IF($B$10=$B$11,H17-F17,"") | W17: =F17 -> 0 | X17: =H17 | Y17: =G17*(-1) -> 0 | Z17: =I17+J17 -> 0
H18: =IF($B$9>0,$B$9,"") | L18: =IF($B$10=$B$11,H18-F18,"") | W18: =F18 -> 0 | X18: =H18 | Y18: =G18*(-1) -> 0 | Z18: =I18+J18 -> 0
W19: =F19 -> 0 | X19: =H19 -> 0 | Y19: =G19*(-1) -> 0 | Z19: =I19+J19 -> 0
W20: =F20 -> 0 | X20: =H20 -> 0 | Y20: =G20*(-1) -> 0 | Z20: =I20+J20 -> 0

Sheet R077
A1: Mortgage loan ID | B1: R077 | E1: Note | F1: Investuota | H1: Grąžinimas
A2: Pavadinimas | B2: House in Les Franqueses del Valles | F2: Data | G2: Suma | H2: Grąž. Data | I2: Paskola | J2: Palūkanos | K2: Pelnas | L2: Laikas
A3: PTV | B3: 0.59 | D3: 1 | E3: LV0000103604 | F3: 45741 | G3: 5.72 | H3: =IF($B$9>0,$B$9,"") | L3: =IF($B$10=$B$11,H3-F3,"") | W3: =F3 -> 45741 | X3: =H3 | Y3: =G3*(-1) -> -5.72 | Z3: =I3+J3 -> 0
A4: PDT | B4: 0.63 | D4: 2 | E4: LV0000103612 | F4: 45741 | G4: 1.79 | H4: =IF($B$9>0,$B$9,"") | L4: =IF($B$10=$B$11,H4-F4,"") | W4: =F4 -> 45741 | X4: =H4 | Y4: =G4*(-1) -> -1.79 | Z4: =I4+J4 -> 0
D5: 3 | E5: LV0000103810 | F5: 45755 | G5: 1.61 | H5: =IF($B$9>0,$B$9,"") | L5: =IF($B$10=$B$11,H5-F5,"") | W5: =F5 -> 45755 | X5: =H5 | Y5: =G5*(-1) -> -1.61 | Z5: =I5+J5 -> 0
H6: =IF($B$9>0,$B$9,"") | L6: =IF($B$10=$B$11,H6-F6,"") | W6: =F6 -> 0 | X6: =H6 | Y6: =G6*(-1) -> 0 | Z6: =I6+J6 -> 0
A7: Investuota | B7: =SUMPRODUCT(F3:F20,G3:G20)/SUM(G3:G20) -> 45743.471 | H7: =IF($B$9>0,$B$9,"") | L7: =IF($B$10=$B$11,H7-F7,"") | W7: =F7 -> 0 | X7: =H7 | Y7: =G7*(-1) -> 0 | Z7: =I7+J7 -> 0
A8: Paskolos pradžia | B8: 45624 | H8: =IF($B$9>0,$B$9,"") | L8: =IF($B$10=$B$11,H8-F8,"") | W8: =F8 -> 0 | X8: =H8 | Y8: =G8*(-1) -> 0 | Z8: =I8+J8 -> 0
A9: Paskola grąžinta | H9: =IF($B$9>0,$B$9,"") | L9: =IF($B$10=$B$11,H9-F9,"") | W9: =F9 -> 0 | X9: =H9 | Y9: =G9*(-1) -> 0 | Z9: =I9+J9 -> 0
A10: Investuota | B10: =SUM(G3:G20) -> 9.12 | H10: =IF($B$9>0,$B$9,"") | L10: =IF($B$10=$B$11,H10-F10,"") | W10: =F10 -> 0 | X10: =H10 | Y10: =G10*(-1) -> 0 | Z10: =I10+J10 -> 0
A11: Grąžinta | B11: =SUM(I3:I20) -> 0 | H11: =IF($B$9>0,$B$9,"") | L11: =IF($B$10=$B$11,H11-F11,"") | W11: =F11 -> 0 | X11: =H11 | Y11: =G11*(-1) -> 0 | Z11: =I11+J11 -> 0
A12: Palūkanos | B12: =SUM(J3:J20) -> 0 | H12: =IF($B$9>0,$B$9,"") | L12: =IF($B$10=$B$11,H12-F12,"") | W12: =F12 -> 0 | X12: =H12 | Y12: =G12*(-1) -> 0 | Z12: =I12+J12 -> 0
A13: XIRR | B13: =IF(B10=B11,XIRR(Y3:Z20,W3:X20),"") | H13: =IF($B$9>0,$B$9,"") | L13: =IF($B$10=$B$11,H13-F13,"") | W13: =F13 -> 0 | X13: =H13 | Y13: =G13*(-1) -> 0 | Z13: =I13+J13 -> 0
A14: Terminas | B14: =IF(B10=B11,SUMPRODUCT(L3:L20,G3:G20)/SUM(G3:G20),"") | H14: =IF($B$9>0,$B$9,"") | L14: =IF($B$10=$B$11,H14-F14,"") | W14: =F14 -> 0 | X14: =H14 | Y14: =G14*(-1) -> 0 | Z14: =I14+J14 -> 0
H15: =IF($B$9>0,$B$9,"") | L15: =IF($B$10=$B$11,H15-F15,"") | W15: =F15 -> 0 | X15: =H15 | Y15: =G15*(-1) -> 0 | Z15: =I15+J15 -> 0
H16: =IF($B$9>0,$B$9,"") | L16: =IF($B$10=$B$11,H16-F16,"") | W16: =F16 -> 0 | X16: =H16 | Y16: =G16*(-1) -> 0 | Z16: =I16+J16 -> 0
H17: =IF($B$9>0,$B$9,"") | L17: =IF($B$10=$B$11,H17-F17,"") | W17: =F17 -> 0 | X17: =H17 | Y17: =G17*(-1) -> 0 | Z17: =I17+J17 -> 0
H18: =IF($B$9>0,$B$9,"") | L18: =IF($B$10=$B$11,H18-F18,"") | W18: =F18 -> 0 | X18: =H18 | Y18: =G18*(-1) -> 0 | Z18: =I18+J18 -> 0
W19: =F19 -> 0 | X19: =H19 -> 0 | Y19: =G19*(-1) -> 0 | Z19: =I19+J19 -> 0
W20: =F20 -> 0 | X20: =H20 -> 0 | Y20: =G20*(-1) -> 0 | Z20: =I20+J20 -> 0

Sheet R078
A1: Mortgage loan ID | B1: R078 | E1: Note | F1: Investuota | H1: Grąžinimas
A2: Pavadinimas | B2: House in Lloret de Mar | F2: Data | G2: Suma | H2: Grąž. Data | I2: Paskola | J2: Palūkanos | K2: Pelnas | L2: Laikas
A3: PTV | B3: 0.74 | D3: 1 | E3: LV0000103604 | F3: 45741 | G3: 4.38 | H3: =IF($B$9>0,$B$9,"") | L3: =IF($B$10=$B$11,H3-F3,"") | W3: =F3 -> 45741 | X3: =H3 | Y3: =G3*(-1) -> -4.38 | Z3: =I3+J3 -> 0
A4: PDT | B4: 0.84 | D4: 2 | E4: LV0000103810 | F4: 45755 | G4: 1.12 | H4: =IF($B$9>0,$B$9,"") | L4: =IF($B$10=$B$11,H4-F4,"") | W4: =F4 -> 45755 | X4: =H4 | Y4: =G4*(-1) -> -1.12 | Z4: =I4+J4 -> 0
H5: =IF($B$9>0,$B$9,"") | L5: =IF($B$10=$B$11,H5-F5,"") | W5: =F5 -> 0 | X5: =H5 | Y5: =G5*(-1) -> 0 | Z5: =I5+J5 -> 0
H6: =IF($B$9>0,$B$9,"") | L6: =IF($B$10=$B$11,H6-F6,"") | W6: =F6 -> 0 | X6: =H6 | Y6: =G6*(-1) -> 0 | Z6: =I6+J6 -> 0
A7: Investuota | B7: =SUMPRODUCT(F3:F20,G3:G20)/SUM(G3:G20) -> 45743.851 | H7: =IF($B$9>0,$B$9,"") | L7: =IF($B$10=$B$11,H7-F7,"") | W7: =F7 -> 0 | X7: =H7 | Y7: =G7*(-1) -> 0 | Z7: =I7+J7 -> 0
A8: Paskolos pradžia | B8: 45624 | H8: =IF($B$9>0,$B$9,"") | L8: =IF($B$10=$B$11,H8-F8,"") | W8: =F8 -> 0 | X8: =H8 | Y8: =G8*(-1) -> 0 | Z8: =I8+J8 -> 0
A9: Paskola grąžinta | H9: =IF($B$9>0,$B$9,"") | L9: =IF($B$10=$B$11,H9-F9,"") | W9: =F9 -> 0 | X9: =H9 | Y9: =G9*(-1) -> 0 | Z9: =I9+J9 -> 0
A10: Investuota | B10: =SUM(G3:G20) -> 5.5 | H10: =IF($B$9>0,$B$9,"") | L10: =IF($B$10=$B$11,H10-F10,"") | W10: =F10 -> 0 | X10: =H10 | Y10: =G10*(-1) -> 0 | Z10: =I10+J10 -> 0
A11: Grąžinta | B11: =SUM(I3:I20) -> 0 | H11: =IF($B$9>0,$B$9,"") | L11: =IF($B$10=$B$11,H11-F11,"") | W11: =F11 -> 0 | X11: =H11 | Y11: =G11*(-1) -> 0 | Z11: =I11+J11 -> 0
A12: Palūkanos | B12: =SUM(J3:J20) -> 0 | H12: =IF($B$9>0,$B$9,"") | L12: =IF($B$10=$B$11,H12-F12,"") | W12: =F12 -> 0 | X12: =H12 | Y12: =G12*(-1) -> 0 | Z12: =I12+J12 -> 0
A13: XIRR | B13: =IF(B10=B11,XIRR(Y3:Z20,W3:X20),"") | H13: =IF($B$9>0,$B$9,"") | L13: =IF($B$10=$B$11,H13-F13,"") | W13: =F13 -> 0 | X13: =H13 | Y13: =G13*(-1) -> 0 | Z13: =I13+J13 -> 0
A14: Terminas | B14: =IF(B10=B11,SUMPRODUCT(L3:L20,G3:G20)/SUM(G3:G20),"") | H14: =IF($B$9>0,$B$9,"") | L14: =IF($B$10=$B$11,H14-F14,"") | W14: =F14 -> 0 | X14: =H14 | Y14: =G14*(-1) -> 0 | Z14: =I14+J14 -> 0
H15: =IF($B$9>0,$B$9,"") | L15: =IF($B$10=$B$11,H15-F15,"") | W15: =F15 -> 0 | X15: =H15 | Y15: =G15*(-1) -> 0 | Z15: =I15+J15 -> 0
H16: =IF($B$9>0,$B$9,"") | L16: =IF($B$10=$B$11,H16-F16,"") | W16: =F16 -> 0 | X16: =H16 | Y16: =G16*(-1) -> 0 | Z16: =I16+J16 -> 0
H17: =IF($B$9>0,$B$9,"") | L17: =IF($B$10=$B$11,H17-F17,"") | W17: =F17 -> 0 | X17: =H17 | Y17: =G17*(-1) -> 0 | Z17: =I17+J17 -> 0
H18: =IF($B$9>0,$B$9,"") | L18: =IF($B$10=$B$11,H18-F18,"") | W18: =F18 -> 0 | X18: =H18 | Y18: =G18*(-1) -> 0 | Z18: =I18+J18 -> 0
W19: =F19 -> 0 | X19: =H19 -> 0 | Y19: =G19*(-1) -> 0 | Z19: =I19+J19 -> 0
W20: =F20 -> 0 | X20: =H20 -> 0 | Y20: =G20*(-1) -> 0 | Z20: =I20+J20 -> 0

Sheet R079
A1: Mortgage loan ID | B1: R079 | E1: Note | F1: Investuota | H1: Grąžinimas
A2: Pavadinimas | B2: House in Les Preses | F2: Data | G2: Suma | H2: Grąž. Data | I2: Paskola | J2: Palūkanos | K2: Pelnas | L2: Laikas
A3: PTV | B3: 0.6 | D3: 1 | E3: LV0000103604 | F3: 45741 | G3: 1.6 | H3: =IF($B$9>0,$B$9,"") -> 45817 | I3: 1.6 | J3: 0.09 | K3: 0.2752 | L3: =IF($B$10=$B$11,H3-F3,"") -> 76 | W3: =F3 -> 45741 | X3: =H3 -> 45817 | Y3: =G3*(-1) -> -1.6 | Z3: =I3+J3 -> 1.69
A4: PDT | B4: 0.57 | D4: 2 | E4: LV0000103810 | F4: 45755 | G4: 0.41 | H4: =IF($B$9>0,$B$9,"") -> 45817 | I4: 0.41 | J4: 0.02 | K4: 0.3373 | L4: =IF($B$10=$B$11,H4-F4,"") -> 62 | W4: =F4 -> 45755 | X4: =H4 -> 45817 | Y4: =G4*(-1) -> -0.41 | Z4: =I4+J4 -> 0.43
W5: =F5 -> 0 | X5: =H5 -> 0 | Y5: =G5*(-1) -> 0 | Z5: =I5+J5 -> 0
W6: =F6 -> 0 | X6: =H6 -> 0 | Y6: =G6*(-1) -> 0 | Z6: =I6+J6 -> 0
A7: Investuota | B7: =SUMPRODUCT(F3:F20,G3:G20)/SUM(G3:G20) -> 45743.856 | W7: =F7 -> 0 | X7: =H7 -> 0 | Y7: =G7*(-1) -> 0 | Z7: =I7+J7 -> 0
A8: Paskolos pradžia | B8: 45624 | W8: =F8 -> 0 | X8: =H8 -> 0 | Y8: =G8*(-1) -> 0 | Z8: =I8+J8 -> 0
A9: Paskola grąžinta | B9: 45817 | W9: =F9 -> 0 | X9: =H9 -> 0 | Y9: =G9*(-1) -> 0 | Z9: =I9+J9 -> 0
A10: Investuota | B10: =SUM(G3:G20) -> 2.01 | W10: =F10 -> 0 | X10: =H10 -> 0 | Y10: =G10*(-1) -> 0 | Z10: =I10+J10 -> 0
A11: Grąžinta | B11: =SUM(I3:I20) -> 2.01 | W11: =F11 -> 0 | X11: =H11 -> 0 | Y11: =G11*(-1) -> 0 | Z11: =I11+J11 -> 0
A12: Palūkanos | B12: =SUM(J3:J20) -> 0.11 | W12: =F12 -> 0 | X12: =H12 -> 0 | Y12: =G12*(-1) -> 0 | Z12: =I12+J12 -> 0
A13: XIRR | B13: =IF(B10=B11,XIRR(Y3:Z20,W3:X20),"") -> 0.30452541 | W13: =F13 -> 0 | X13: =H13 -> 0 | Y13: =G13*(-1) -> 0 | Z13: =I13+J13 -> 0
A14: Terminas | B14: =IF(B10=B11,SUMPRODUCT(L3:L20,G3:G20)/SUM(G3:G20),"") -> 73.144279 | W14: =F14 -> 0 | X14: =H14 -> 0 | Y14: =G14*(-1) -> 0 | Z14: =I14+J14 -> 0
W15: =F15 -> 0 | X15: =H15 -> 0 | Y15: =G15*(-1) -> 0 | Z15: =I15+J15 -> 0
W16: =F16 -> 0 | X16: =H16 -> 0 | Y16: =G16*(-1) -> 0 | Z16: =I16+J16 -> 0
W17: =F17 -> 0 | X17: =H17 -> 0 | Y17: =G17*(-1) -> 0 | Z17: =I17+J17 -> 0
W18: =F18 -> 0 | X18: =H18 -> 0 | Y18: =G18*(-1) -> 0 | Z18: =I18+J18 -> 0
W19: =F19 -> 0 | X19: =H19 -> 0 | Y19: =G19*(-1) -> 0 | Z19: =I19+J19 -> 0
W20: =F20 -> 0 | X20: =H20 -> 0 | Y20: =G20*(-1) -> 0 | Z20: =I20+J20 -> 0

Sheet R080
A1: Mortgage loan ID | B1: R080 | E1: Note | F1: Investuota | H1: Grąžinimas
A2: Pavadinimas | B2: Apartament in St. Cugat Valles | F2: Data | G2: Suma | H2: Grąž. Data | I2: Paskola | J2: Palūkanos | K2: Pelnas | L2: Laikas
A3: PTV | B3: 0.55 | D3: 1 | E3: LV0000103604 | F3: 45741 | G3: 6.68 | H3: =IF($B$9>0,$B$9,"") | L3: =IF($B$10=$B$11,H3-F3,"") | W3: =F3 -> 45741 | X3: =H3 | Y3: =G3*(-1) -> -6.68 | Z3: =I3+J3 -> 0
A4: PDT | B4: 0.59 | D4: 2 | E4: LV0000103810 | F4: 45755 | G4: 1.84 | H4: =IF($B$9>0,$B$9,"") | L4: =IF($B$10=$B$11,H4-F4,"") | W4: =F4 -> 45755 | X4: =H4 | Y4: =G4*(-1) -> -1.84 | Z4: =I4+J4 -> 0
H5: =IF($B$9>0,$B$9,"") | L5: =IF($B$10=$B$11,H5-F5,"") | W5: =F5 -> 0 | X5: =H5 | Y5: =G5*(-1) -> 0 | Z5: =I5+J5 -> 0
H6: =IF($B$9>0,$B$9,"") | L6: =IF($B$10=$B$11,H6-F6,"") | W6: =F6 -> 0 | X6: =H6 | Y6: =G6*(-1) -> 0 | Z6: =I6+J6 -> 0
A7: Investuota | B7: =SUMPRODUCT(F3:F20,G3:G20)/SUM(G3:G20) -> 45744.023 | H7: =IF($B$9>0,$B$9,"") | L7: =IF($B$10=$B$11,H7-F7,"") | W7: =F7 -> 0 | X7: =H7 | Y7: =G7*(-1) -> 0 | Z7: =I7+J7 -> 0
A8: Paskolos pradžia | B8: 45624 | H8: =IF($B$9>0,$B$9,"") | L8: =IF($B$10=$B$11,H8-F8,"") | W8: =F8 -> 0 | X8: =H8 | Y8: =G8*(-1) -> 0 | Z8: =I8+J8 -> 0
A9: Paskola grąžinta | H9: =IF($B$9>0,$B$9,"") | L9: =IF($B$10=$B$11,H9-F9,"") | W9: =F9 -> 0 | X9: =H9 | Y9: =G9*(-1) -> 0 | Z9: =I9+J9 -> 0
A10: Investuota | B10: =SUM(G3:G20) -> 8.52 | H10: =IF($B$9>0,$B$9,"") | L10: =IF($B$10=$B$11,H10-F10,"") | W10: =F10 -> 0 | X10: =H10 | Y10: =G10*(-1) -> 0 | Z10: =I10+J10 -> 0
A11: Grąžinta | B11: =SUM(I3:I20) -> 0 | H11: =IF($B$9>0,$B$9,"") | L11: =IF($B$10=$B$11,H11-F11,"") | W11: =F11 -> 0 | X11: =H11 | Y11: =G11*(-1) -> 0 | Z11: =I11+J11 -> 0
A12: Palūkanos | B12: =SUM(J3:J20) -> 0 | H12: =IF($B$9>0,$B$9,"") | L12: =IF($B$10=$B$11,H12-F12,"") | W12: =F12 -> 0 | X12: =H12 | Y12: =G12*(-1) -> 0 | Z12: =I12+J12 -> 0
A13: XIRR | B13: =IF(B10=B11,XIRR(Y3:Z20,W3:X20),"") | H13: =IF($B$9>0,$B$9,"") | L13: =IF($B$10=$B$11,H13-F13,"") | W13: =F13 -> 0 | X13: =H13 | Y13: =G13*(-1) -> 0 | Z13: =I13+J13 -> 0
A14: Terminas | B14: =IF(B10=B11,SUMPRODUCT(L3:L20,G3:G20)/SUM(G3:G20),"") | H14: =IF($B$9>0,$B$9,"") | L14: =IF($B$10=$B$11,H14-F14,"") | W14: =F14 -> 0 | X14: =H14 | Y14: =G14*(-1) -> 0 | Z14: =I14+J14 -> 0
H15: =IF($B$9>0,$B$9,"") | L15: =IF($B$10=$B$11,H15-F15,"") | W15: =F15 -> 0 | X15: =H15 | Y15: =G15*(-1) -> 0 | Z15: =I15+J15 -> 0
H16: =IF($B$9>0,$B$9,"") | L16: =IF($B$10=$B$11,H16-F16,"") | W16: =F16 -> 0 | X16: =H16 | Y16: =G16*(-1) -> 0 | Z16: =I16+J16 -> 0
H17: =IF($B$9>0,$B$9,"") | L17: =IF($B$10=$B$11,H17-F17,"") | W17: =F17 -> 0 | X17: =H17 | Y17: =G17*(-1) -> 0 | Z17: =I17+J17 -> 0
H18: =IF($B$9>0,$B$9,"") | L18: =IF($B$10=$B$11,H18-F18,"") | W18: =F18 -> 0 | X18: =H18 | Y18: =G18*(-1) -> 0 | Z18: =I18+J18 -> 0
W19: =F19 -> 0 | X19: =H19 -> 0 | Y19: =G19*(-1) -> 0 | Z19: =I19+J19 -> 0
W20: =F20 -> 0 | X20: =H20 -> 0 | Y20: =G20*(-1) -> 0 | Z20: =I20+J20 -> 0

Sheet R081
A1: Mortgage loan ID | B1: R081 | E1: Note | F1: Investuota | H1: Grąžinimas
A2: Pavadinimas | B2: House in Llinars del Valles | F2: Data | G2: Suma | H2: Grąž. Data | I2: Paskola | J2: Palūkanos | K2: Pelnas | L2: Laikas
A3: PTV | B3: 0.46 | D3: 1 | E3: LV0000103612 | F3: 45741 | G3: 2.12 | H3: =IF($B$9>0,$B$9,"") | L3: =IF($B$10=$B$11,H3-F3,"") | W3: =F3 -> 45741 | X3: =H3 | Y3: =G3*(-1) -> -2.12 | Z3: =I3+J3 -> 0
A4: PDT | B4: 0.52 | D4: 2 | E4: LV0000104099 | F4: 45769 | G4: 0.2 | H4: =IF($B$9>0,$B$9,"") | L4: =IF($B$10=$B$11,H4-F4,"") | W4: =F4 -> 45769 | X4: =H4 | Y4: =G4*(-1) -> -0.2 | Z4: =I4+J4 -> 0
D5: 3 | E5: LV0000104578 | F5: 45797 | G5: 0.12 | H5: =IF($B$9>0,$B$9,"") | L5: =IF($B$10=$B$11,H5-F5,"") | W5: =F5 -> 45797 | X5: =H5 | Y5: =G5*(-1) -> -0.12 | Z5: =I5+J5 -> 0
H6: =IF($B$9>0,$B$9,"") | L6: =IF($B$10=$B$11,H6-F6,"") | W6: =F6 -> 0 | X6: =H6 | Y6: =G6*(-1) -> 0 | Z6: =I6+J6 -> 0
A7: Investuota | B7: =SUMPRODUCT(F3:F20,G3:G20)/SUM(G3:G20) -> 45746.049 | H7: =IF($B$9>0,$B$9,"") | L7: =IF($B$10=$B$11,H7-F7,"") | W7: =F7 -> 0 | X7: =H7 | Y7: =G7*(-1) -> 0 | Z7: =I7+J7 -> 0
A8: Paskolos pradžia | B8: 45666 | H8: =IF($B$9>0,$B$9,"") | L8: =IF($B$10=$B$11,H8-F8,"") | W8: =F8 -> 0 | X8: =H8 | Y8: =G8*(-1) -> 0 | Z8: =I8+J8 -> 0
A9: Paskola grąžinta | H9: =IF($B$9>0,$B$9,"") | L9: =IF($B$10=$B$11,H9-F9,"") | W9: =F9 -> 0 | X9: =H9 | Y9: =G9*(-1) -> 0 | Z9: =I9+J9 -> 0
A10: Investuota | B10: =SUM(G3:G20) -> 2.44 | H10: =IF($B$9>0,$B$9,"") | L10: =IF($B$10=$B$11,H10-F10,"") | W10: =F10 -> 0 | X10: =H10 | Y10: =G10*(-1) -> 0 | Z10: =I10+J10 -> 0
A11: Grąžinta | B11: =SUM(I3:I20) -> 0 | H11: =IF($B$9>0,$B$9,"") | L11: =IF($B$10=$B$11,H11-F11,"") | W11: =F11 -> 0 | X11: =H11 | Y11: =G11*(-1) -> 0 | Z11: =I11+J11 -> 0
A12: Palūkanos | B12: =SUM(J3:J20) -> 0 | H12: =IF($B$9>0,$B$9,"") | L12: =IF($B$10=$B$11,H12-F12,"") | W12: =F12 -> 0 | X12: =H12 | Y12: =G12*(-1) -> 0 | Z12: =I12+J12 -> 0
A13: XIRR | B13: =IF(B10=B11,XIRR(Y3:Z20,W3:X20),"") | H13: =IF($B$9>0,$B$9,"") | L13: =IF($B$10=$B$11,H13-F13,"") | W13: =F13 -> 0 | X13: =H13 | Y13: =G13*(-1) -> 0 | Z13: =I13+J13 -> 0
A14: Terminas | B14: =IF(B10=B11,SUMPRODUCT(L3:L20,G3:G20)/SUM(G3:G20),"") | H14: =IF($B$9>0,$B$9,"") | L14: =IF($B$10=$B$11,H14-F14,"") | W14: =F14 -> 0 | X14: =H14 | Y14: =G14*(-1) -> 0 | Z14: =I14+J14 -> 0
H15: =IF($B$9>0,$B$9,"") | L15: =IF($B$10=$B$11,H15-F15,"") | W15: =F15 -> 0 | X15: =H15 | Y15: =G15*(-1) -> 0 | Z15: =I15+J15 -> 0
H16: =IF($B$9>0,$B$9,"") | L16: =IF($B$10=$B$11,H16-F16,"") | W16: =F16 -> 0 | X16: =H16 | Y16: =G16*(-1) -> 0 | Z16: =I16+J16 -> 0
H17: =IF($B$9>0,$B$9,"") | L17: =IF($B$10=$B$11,H17-F17,"") | W17: =F17 -> 0 | X17: =H17 | Y17: =G17*(-1) -> 0 | Z17: =I17+J17 -> 0
H18: =IF($B$9>0,$B$9,"") | L18: =IF($B$10=$B$11,H18-F18,"") | W18: =F18 -> 0 | X18: =H18 | Y18: =G18*(-1) -> 0 | Z18: =I18+J18 -> 0
W19: =F19 -> 0 | X19: =H19 -> 0 | Y19: =G19*(-1) -> 0 | Z19: =I19+J19 -> 0
W20: =F20 -> 0 | X20: =H20 -> 0 | Y20: =G20*(-1) -> 0 | Z20: =I20+J20 -> 0

Sheet R084
A1: Mortgage loan ID | B1: R084 | E1: Note | F1: Investuota | H1: Grąžinimas
A2: Pavadinimas | B2: Apartment in Barcelona | F2: Data | G2: Suma | H2: Grąž. Data | I2: Paskola | J2: Palūkanos | K2: Pelnas | L2: Laikas
A3: PTV | B3: 0.39 | D3: 1 | E3: LV0000103935 | F3: 45755 | G3: 1.99 | H3: =IF($B$9>0,$B$9,"") | L3: =IF($B$10=$B$11,H3-F3,"") | W3: =F3 -> 45755 | X3: =H3 | Y3: =G3*(-1) -> -1.99 | Z3: =I3+J3 -> 0
A4: PDT | B4: 0.79 | D4: 2 | E4: LV0000103927 | F4: 45755 | G4: 1.99 | H4: =IF($B$9>0,$B$9,"") | L4: =IF($B$10=$B$11,H4-F4,"") | W4: =F4 -> 45755 | X4: =H4 | Y4: =G4*(-1) -> -1.99 | Z4: =I4+J4 -> 0
D5: 3 | E5: LV0000103950 | F5: 45762 | G5: 1.99 | H5: =IF($B$9>0,$B$9,"") | L5: =IF($B$10=$B$11,H5-F5,"") | W5: =F5 -> 45762 | X5: =H5 | Y5: =G5*(-1) -> -1.99 | Z5: =I5+J5 -> 0
D6: 4 | E6: LV0000103976 | F6: 45762 | G6: 1.99 | H6: =IF($B$9>0,$B$9,"") | L6: =IF($B$10=$B$11,H6-F6,"") | W6: =F6 -> 45762 | X6: =H6 | Y6: =G6*(-1) -> -1.99 | Z6: =I6+J6 -> 0
A7: Investuota | B7: =SUMPRODUCT(F3:F20,G3:G20)/SUM(G3:G20) -> 45773.757 | D7: 5 | E7: LV0000103968 | F7: 45762 | G7: 1.98 | H7: =IF($B$9>0,$B$9,"") | L7: =IF($B$10=$B$11,H7-F7,"") | W7: =F7 -> 45762 | X7: =H7 | Y7: =G7*(-1) -> -1.98 | Z7: =I7+J7 -> 0
A8: Paskolos pradžia | B8: 45740 | D8: 6 | E8: LV0000104081 | F8: 45769 | G8: 0.98 | H8: =IF($B$9>0,$B$9,"") | L8: =IF($B$10=$B$11,H8-F8,"") | W8: =F8 -> 45769 | X8: =H8 | Y8: =G8*(-1) -> -0.98 | Z8: =I8+J8 -> 0
A9: Paskola grąžinta | D9: 7 | E9: LV0000104099 | F9: 45769 | G9: 0.92 | H9: =IF($B$9>0,$B$9,"") | L9: =IF($B$10=$B$11,H9-F9,"") | W9: =F9 -> 45769 | X9: =H9 | Y9: =G9*(-1) -> -0.92 | Z9: =I9+J9 -> 0
A10: Investuota | B10: =SUM(G3:G20) -> 24.25 | D10: 8 | E10: LV0000104107 | F10: 45769 | G10: 1.36 | H10: =IF($B$9>0,$B$9,"") | L10: =IF($B$10=$B$11,H10-F10,"") | W10: =F10 -> 45769 | X10: =H10 | Y10: =G10*(-1) -> -1.36 | Z10: =I10+J10 -> 0
A11: Grąžinta | B11: =SUM(I3:I20) -> 0 | D11: 9 | E11: LV0000104198 | F11: 45776 | G11: 0.95 | H11: =IF($B$9>0,$B$9,"") | L11: =IF($B$10=$B$11,H11-F11,"") | W11: =F11 -> 45776 | X11: =H11 | Y11: =G11*(-1) -> -0.95 | Z11: =I11+J11 -> 0
A12: Palūkanos | B12: =SUM(J3:J20) -> 0 | D12: 10 | E12: LV0000104206 | F12: 45776 | G12: 0.93 | H12: =IF($B$9>0,$B$9,"") | L12: =IF($B$10=$B$11,H12-F12,"") | W12: =F12 -> 45776 | X12: =H12 | Y12: =G12*(-1) -> -0.93 | Z12: =I12+J12 -> 0
A13: XIRR | B13: =IF(B10=B11,XIRR(Y3:Z20,W3:X20),"") | D13: 11 | E13: LV0000104180 | F13: 45776 | G13: 1.15 | H13: =IF($B$9>0,$B$9,"") | L13: =IF($B$10=$B$11,H13-F13,"") | W13: =F13 -> 45776 | X13: =H13 | Y13: =G13*(-1) -> -1.15 | Z13: =I13+J13 -> 0
A14: Terminas | B14: =IF(B10=B11,SUMPRODUCT(L3:L20,G3:G20)/SUM(G3:G20),"") | D14: 12 | E14: LV0000104297 | F14: 45783 | G14: 0.91 | H14: =IF($B$9>0,$B$9,"") | L14: =IF($B$10=$B$11,H14-F14,"") | W14: =F14 -> 45783 | X14: =H14 | Y14: =G14*(-1) -> -0.91 | Z14: =I14+J14 -> 0
D15: 13 | E15: LV0000104305 | F15: 45783 | G15: 0.95 | H15: =IF($B$9>0,$B$9,"") | L15: =IF($B$10=$B$11,H15-F15,"") | W15: =F15 -> 45783 | X15: =H15 | Y15: =G15*(-1) -> -0.95 | Z15: =I15+J15 -> 0
D16: 14 | E16: LV0000104289 | F16: 45783 | G16: 0.98 | H16: =IF($B$9>0,$B$9,"") | L16: =IF($B$10=$B$11,H16-F16,"") | W16: =F16 -> 45783 | X16: =H16 | Y16: =G16*(-1) -> -0.98 | Z16: =I16+J16 -> 0
D17: 15 | E17: LV0000104586 | F17: 45797 | G17: 1.5 | H17: =IF($B$9>0,$B$9,"") | L17: =IF($B$10=$B$11,H17-F17,"") | W17: =F17 -> 45797 | X17: =H17 | Y17: =G17*(-1) -> -1.5 | Z17: =I17+J17 -> 0
D18: 16 | E18: LV0000104560 | F18: 45797 | G18: 1.23 | H18: =IF($B$9>0,$B$9,"") | L18: =IF($B$10=$B$11,H18-F18,"") | W18: =F18 -> 45797 | X18: =H18 | Y18: =G18*(-1) -> -1.23 | Z18: =I18+J18 -> 0
D19: 17 | E19: LV0000104578 | F19: 45797 | G19: 1.48 | H19: =IF($B$9>0,$B$9,"") | L19: =IF($B$10=$B$11,H19-F19,"") | W19: =F19 -> 45797 | X19: =H19 | Y19: =G19*(-1) -> -1.48 | Z19: =I19+J19 -> 0
D20: 18 | E20: LV0000104628 | F20: 45804 | G20: 0.97 | H20: =IF($B$9>0,$B$9,"") | L20: =IF($B$10=$B$11,H20-F20,"") | W20: =F20 -> 45804 | X20: =H20 | Y20: =G20*(-1) -> -0.97 | Z20: =I20+J20 -> 0

Sheet R085
A1: Mortgage loan ID | B1: R085 | E1: Note | F1: Investuota | H1: Grąžinimas
A2: Pavadinimas | B2: Apartment in Mataro | F2: Data | G2: Suma | H2: Grąž. Data | I2: Paskola | J2: Palūkanos | K2: Pelnas | L2: Laikas
A3: PTV | B3: 0.71 | D3: 1 | E3: LV0000104081 | F3: 45769 | G3: 1.91 | H3: =IF($B$9>0,$B$9,"") | L3: =IF($B$10=$B$11,H3-F3,"") | W3: =F3 -> 45769 | X3: =H3 | Y3: =G3*(-1) -> -1.91 | Z3: =I3+J3 -> 0
A4: PDT | B4: 0.51 | D4: 2 | E4: LV0000104099 | F4: 45769 | G4: 1.95 | H4: =IF($B$9>0,$B$9,"") | L4: =IF($B$10=$B$11,H4-F4,"") | W4: =F4 -> 45769 | X4: =H4 | Y4: =G4*(-1) -> -1.95 | Z4: =I4+J4 -> 0
D5: 3 | E5: LV0000104107 | F5: 45769 | G5: 2.63 | H5: =IF($B$9>0,$B$9,"") | L5: =IF($B$10=$B$11,H5-F5,"") | W5: =F5 -> 45769 | X5: =H5 | Y5: =G5*(-1) -> -2.63 | Z5: =I5+J5 -> 0
D6: 4 | E6: LV0000104198 | F6: 45776 | G6: 1.8 | H6: =IF($B$9>0,$B$9,"") | L6: =IF($B$10=$B$11,H6-F6,"") | W6: =F6 -> 45776 | X6: =H6 | Y6: =G6*(-1) -> -1.8 | Z6: =I6+J6 -> 0
A7: Investuota | B7: =SUMPRODUCT(F3:F20,G3:G20)/SUM(G3:G20) -> 45782.735 | D7: 5 | E7: LV0000104206 | F7: 45776 | G7: 1.77 | H7: =IF($B$9>0,$B$9,"") | L7: =IF($B$10=$B$11,H7-F7,"") | W7: =F7 -> 45776 | X7: =H7 | Y7: =G7*(-1) -> -1.77 | Z7: =I7+J7 -> 0
A8: Paskolos pradžia | B8: 45700 | D8: 6 | E8: LV0000104180 | F8: 45776 | G8: 2.02 | H8: =IF($B$9>0,$B$9,"") | L8: =IF($B$10=$B$11,H8-F8,"") | W8: =F8 -> 45776 | X8: =H8 | Y8: =G8*(-1) -> -2.02 | Z8: =I8+J8 -> 0
A9: Paskola grąžinta | D9: 7 | E9: LV0000104297 | F9: 45783 | G9: 1.71 | H9: =IF($B$9>0,$B$9,"") | L9: =IF($B$10=$B$11,H9-F9,"") | W9: =F9 -> 45783 | X9: =H9 | Y9: =G9*(-1) -> -1.71 | Z9: =I9+J9 -> 0
A10: Investuota | B10: =SUM(G3:G20) -> 25.09 | D10: 8 | E10: LV0000104305 | F10: 45783 | G10: 1.76 | H10: =IF($B$9>0,$B$9,"") | L10: =IF($B$10=$B$11,H10-F10,"") | W10: =F10 -> 45783 | X10: =H10 | Y10: =G10*(-1) -> -1.76 | Z10: =I10+J10 -> 0
A11: Grąžinta | B11: =SUM(I3:I20) -> 0 | D11: 9 | E11: LV0000104289 | F11: 45783 | G11: 1.84 | H11: =IF($B$9>0,$B$9,"") | L11: =IF($B$10=$B$11,H11-F11,"") | W11: =F11 -> 45783 | X11: =H11 | Y11: =G11*(-1) -> -1.84 | Z11: =I11+J11 -> 0
A12: Palūkanos | B12: =SUM(J3:J20) -> 0 | D12: 10 | E12: LV0000104586 | F12: 45797 | G12: 1.91 | H12: =IF($B$9>0,$B$9,"") | L12: =IF($B$10=$B$11,H12-F12,"") | W12: =F12 -> 45797 | X12: =H12 | Y12: =G12*(-1) -> -1.91 | Z12: =I12+J12 -> 0
A13: XIRR | B13: =IF(B10=B11,XIRR(Y3:Z20,W3:X20),"") | D13: 11 | E13: LV0000104560 | F13: 45797 | G13: 1.87 | H13: =IF($B$9>0,$B$9,"") | L13: =IF($B$10=$B$11,H13-F13,"") | W13: =F13 -> 45797 | X13: =H13 | Y13: =G13*(-1) -> -1.87 | Z13: =I13+J13 -> 0
A14: Terminas | B14: =IF(B10=B11,SUMPRODUCT(L3:L20,G3:G20)/SUM(G3:G20),"") | D14: 12 | E14: LV0000104578 | F14: 45797 | G14: 1.88 | H14: =IF($B$9>0,$B$9,"") | L14: =IF($B$10=$B$11,H14-F14,"") | W14: =F14 -> 45797 | X14: =H14 | Y14: =G14*(-1) -> -1.88 | Z14: =I14+J14 -> 0
D15: 13 | E15: LV0000104644 | F15: 45804 | G15: 0.35 | H15: =IF($B$9>0,$B$9,"") | L15: =IF($B$10=$B$11,H15-F15,"") | W15: =F15 -> 45804 | X15: =H15 | Y15: =G15*(-1) -> -0.35 | Z15: =I15+J15 -> 0
D16: 14 | E16: LV0000104628 | F16: 45804 | G16: 1.67 | H16: =IF($B$9>0,$B$9,"") | L16: =IF($B$10=$B$11,H16-F16,"") | W16: =F16 -> 45804 | X16: =H16 | Y16: =G16*(-1) -> -1.67 | Z16: =I16+J16 -> 0
D17: 15 | E17: LV0000105815 | F17: 45867 | G17: 0.02 | H17: =IF($B$9>0,$B$9,"") | L17: =IF($B$10=$B$11,H17-F17,"") | W17: =F17 -> 45867 | X17: =H17 | Y17: =G17*(-1) -> -0.02 | Z17: =I17+J17 -> 0
H18: =IF($B$9>0,$B$9,"") | L18: =IF($B$10=$B$11,H18-F18,"") | W18: =F18 -> 0 | X18: =H18 | Y18: =G18*(-1) -> 0 | Z18: =I18+J18 -> 0
H19: =IF($B$9>0,$B$9,"") | L19: =IF($B$10=$B$11,H19-F19,"") | W19: =F19 -> 0 | X19: =H19 | Y19: =G19*(-1) -> 0 | Z19: =I19+J19 -> 0
H20: =IF($B$9>0,$B$9,"") | L20: =IF($B$10=$B$11,H20-F20,"") | W20: =F20 -> 0 | X20: =H20 | Y20: =G20*(-1) -> 0 | Z20: =I20+J20 -> 0

Sheet R086
A1: Mortgage loan ID | B1: R086 | E1: Note | F1: Investuota | H1: Grąžinimas
A2: Pavadinimas | B2: House in Torrelles de Llobregat | F2: Data | G2: Suma | H2: Grąž. Data | I2: Paskola | J2: Palūkanos | K2: Pelnas | L2: Laikas
A3: PTV | B3: 0.68 | D3: 1 | E3: LV0000104081 | F3: 45769 | G3: 1.92 | H3: =IF($B$9>0,$B$9,"") | L3: =IF($B$10=$B$11,H3-F3,"") | W3: =F3 -> 45769 | X3: =H3 | Y3: =G3*(-1) -> -1.92 | Z3: =I3+J3 -> 0
A4: PDT | B4: 0.73 | D4: 2 | E4: LV0000104099 | F4: 45769 | G4: 1.97 | H4: =IF($B$9>0,$B$9,"") | L4: =IF($B$10=$B$11,H4-F4,"") | W4: =F4 -> 45769 | X4: =H4 | Y4: =G4*(-1) -> -1.97 | Z4: =I4+J4 -> 0
D5: 3 | E5: LV0000104107 | F5: 45769 | G5: 2.63 | H5: =IF($B$9>0,$B$9,"") | L5: =IF($B$10=$B$11,H5-F5,"") | W5: =F5 -> 45769 | X5: =H5 | Y5: =G5*(-1) -> -2.63 | Z5: =I5+J5 -> 0
D6: 4 | E6: LV0000104198 | F6: 45776 | G6: 1.84 | H6: =IF($B$9>0,$B$9,"") | L6: =IF($B$10=$B$11,H6-F6,"") | W6: =F6 -> 45776 | X6: =H6 | Y6: =G6*(-1) -> -1.84 | Z6: =I6+J6 -> 0
A7: Investuota | B7: =SUMPRODUCT(F3:F20,G3:G20)/SUM(G3:G20) -> 45781.996 | D7: 5 | E7: LV0000104206 | F7: 45776 | G7: 1.78 | H7: =IF($B$9>0,$B$9,"") | L7: =IF($B$10=$B$11,H7-F7,"") | W7: =F7 -> 45776 | X7: =H7 | Y7: =G7*(-1) -> -1.78 | Z7: =I7+J7 -> 0
A8: Paskolos pradžia | B8: 45758 | D8: 6 | E8: LV0000104180 | F8: 45776 | G8: 2.02 | H8: =IF($B$9>0,$B$9,"") | L8: =IF($B$10=$B$11,H8-F8,"") | W8: =F8 -> 45776 | X8: =H8 | Y8: =G8*(-1) -> -2.02 | Z8: =I8+J8 -> 0
A9: Paskola grąžinta | D9: 7 | E9: LV0000104297 | F9: 45776 | G9: 1.73 | H9: =IF($B$9>0,$B$9,"") | L9: =IF($B$10=$B$11,H9-F9,"") | W9: =F9 -> 45776 | X9: =H9 | Y9: =G9*(-1) -> -1.73 | Z9: =I9+J9 -> 0
A10: Investuota | B10: =SUM(G3:G20) -> 25.09 | D10: 8 | E10: LV0000104305 | F10: 45783 | G10: 1.8 | H10: =IF($B$9>0,$B$9,"") | L10: =IF($B$10=$B$11,H10-F10,"") | W10: =F10 -> 45783 | X10: =H10 | Y10: =G10*(-1) -> -1.8 | Z10: =I10+J10 -> 0
A11: Grąžinta | B11: =SUM(I3:I20) -> 0 | D11: 9 | E11: LV0000104289 | F11: 45783 | G11: 1.87 | H11: =IF($B$9>0,$B$9,"") | L11: =IF($B$10=$B$11,H11-F11,"") | W11: =F11 -> 45783 | X11: =H11 | Y11: =G11*(-1) -> -1.87 | Z11: =I11+J11 -> 0
A12: Palūkanos | B12: =SUM(J3:J20) -> 0 | D12: 10 | E12: LV0000104586 | F12: 45797 | G12: 1.95 | H12: =IF($B$9>0,$B$9,"") | L12: =IF($B$10=$B$11,H12-F12,"") | W12: =F12 -> 45797 | X12: =H12 | Y12: =G12*(-1) -> -1.95 | Z12: =I12+J12 -> 0
A13: XIRR | B13: =IF(B10=B11,XIRR(Y3:Z20,W3:X20),"") | D13: 11 | E13: LV0000104560 | F13: 45797 | G13: 1.9 | H13: =IF($B$9>0,$B$9,"") | L13: =IF($B$10=$B$11,H13-F13,"") | W13: =F13 -> 45797 | X13: =H13 | Y13: =G13*(-1) -> -1.9 | Z13: =I13+J13 -> 0
A14: Terminas | B14: =IF(B10=B11,SUMPRODUCT(L3:L20,G3:G20)/SUM(G3:G20),"") | D14: 12 | E14: LV0000104578 | F14: 45797 | G14: 1.93 | H14: =IF($B$9>0,$B$9,"") | L14: =IF($B$10=$B$11,H14-F14,"") | W14: =F14 -> 45797 | X14: =H14 | Y14: =G14*(-1) -> -1.93 | Z14: =I14+J14 -> 0
D15: 13 | E15: LV0000104628 | F15: 45804 | G15: 1.75 | H15: =IF($B$9>0,$B$9,"") | L15: =IF($B$10=$B$11,H15-F15,"") | W15: =F15 -> 45804 | X15: =H15 | Y15: =G15*(-1) -> -1.75 | Z15: =I15+J15 -> 0
H16: =IF($B$9>0,$B$9,"") | L16: =IF($B$10=$B$11,H16-F16,"") | W16: =F16 -> 0 | X16: =H16 | Y16: =G16*(-1) -> 0 | Z16: =I16+J16 -> 0
H17: =IF($B$9>0,$B$9,"") | L17: =IF($B$10=$B$11,H17-F17,"") | W17: =F17 -> 0 | X17: =H17 | Y17: =G17*(-1) -> 0 | Z17: =I17+J17 -> 0
H18: =IF($B$9>0,$B$9,"") | L18: =IF($B$10=$B$11,H18-F18,"") | W18: =F18 -> 0 | X18: =H18 | Y18: =G18*(-1) -> 0 | Z18: =I18+J18 -> 0
H19: =IF($B$9>0,$B$9,"") | L19: =IF($B$10=$B$11,H19-F19,"") | W19: =F19 -> 0 | X19: =H19 | Y19: =G19*(-1) -> 0 | Z19: =I19+J19 -> 0
H20: =IF($B$9>0,$B$9,"") | L20: =IF($B$10=$B$11,H20-F20,"") | W20: =F20 -> 0 | X20: =H20 | Y20: =G20*(-1) -> 0 | Z20: =I20+J20 -> 0

Sheet R087
A1: Mortgage loan ID | B1: R087 | E1: Note | F1: Investuota | H1: Grąžinimas
A2: Pavadinimas | B2: House in St. Quirze Valles | F2: Data | G2: Suma | H2: Grąž. Data | I2: Paskola | J2: Palūkanos | K2: Pelnas | L2: Laikas
A3: PTV | B3: 0.61 | D3: 1 | E3: LV0000104081 | F3: 45769 | G3: 1.99 | H3: =IF($B$9>0,$B$9,"") | L3: =IF($B$10=$B$11,H3-F3,"") | W3: =F3 -> 45769 | X3: =H3 | Y3: =G3*(-1) -> -1.99 | Z3: =I3+J3 -> 0
A4: PDT | B4: 0.69 | D4: 2 | E4: LV0000104099 | F4: 45769 | G4: 1.98 | H4: =IF($B$9>0,$B$9,"") | L4: =IF($B$10=$B$11,H4-F4,"") | W4: =F4 -> 45769 | X4: =H4 | Y4: =G4*(-1) -> -1.98 | Z4: =I4+J4 -> 0
D5: 3 | E5: LV0000104107 | F5: 45769 | G5: 2.68 | H5: =IF($B$9>0,$B$9,"") | L5: =IF($B$10=$B$11,H5-F5,"") | W5: =F5 -> 45769 | X5: =H5 | Y5: =G5*(-1) -> -2.68 | Z5: =I5+J5 -> 0
D6: 4 | E6: LV0000104198 | F6: 45776 | G6: 1.99 | H6: =IF($B$9>0,$B$9,"") | L6: =IF($B$10=$B$11,H6-F6,"") | W6: =F6 -> 45776 | X6: =H6 | Y6: =G6*(-1) -> -1.99 | Z6: =I6+J6 -> 0
A7: Investuota | B7: =SUMPRODUCT(F3:F20,G3:G20)/SUM(G3:G20) -> 45785.848 | D7: 5 | E7: LV0000104206 | F7: 45776 | G7: 1.99 | H7: =IF($B$9>0,$B$9,"") | L7: =IF($B$10=$B$11,H7-F7,"") | W7: =F7 -> 45776 | X7: =H7 | Y7: =G7*(-1) -> -1.99 | Z7: =I7+J7 -> 0
A8: Paskolos pradžia | B8: 45758 | D8: 6 | E8: LV0000104180 | F8: 45776 | G8: 2.03 | H8: =IF($B$9>0,$B$9,"") | L8: =IF($B$10=$B$11,H8-F8,"") | W8: =F8 -> 45776 | X8: =H8 | Y8: =G8*(-1) -> -2.03 | Z8: =I8+J8 -> 0
A9: Paskola grąžinta | D9: 7 | E9: LV0000104297 | F9: 45783 | G9: 1.99 | H9: =IF($B$9>0,$B$9,"") | L9: =IF($B$10=$B$11,H9-F9,"") | W9: =F9 -> 45783 | X9: =H9 | Y9: =G9*(-1) -> -1.99 | Z9: =I9+J9 -> 0
A10: Investuota | B10: =SUM(G3:G20) -> 30.77 | D10: 8 | E10: LV0000104305 | F10: 45783 | G10: 1.99 | H10: =IF($B$9>0,$B$9,"") | L10: =IF($B$10=$B$11,H10-F10,"") | W10: =F10 -> 45783 | X10: =H10 | Y10: =G10*(-1) -> -1.99 | Z10: =I10+J10 -> 0
A11: Grąžinta | B11: =SUM(I3:I20) -> 0 | D11: 9 | E11: LV0000104289 | F11: 45783 | G11: 1.99 | H11: =IF($B$9>0,$B$9,"") | L11: =IF($B$10=$B$11,H11-F11,"") | W11: =F11 -> 45783 | X11: =H11 | Y11: =G11*(-1) -> -1.99 | Z11: =I11+J11 -> 0
A12: Palūkanos | B12: =SUM(J3:J20) -> 0 | D12: 10 | E12: LV0000104586 | F12: 45797 | G12: 1.99 | H12: =IF($B$9>0,$B$9,"") | L12: =IF($B$10=$B$11,H12-F12,"") | W12: =F12 -> 45797 | X12: =H12 | Y12: =G12*(-1) -> -1.99 | Z12: =I12+J12 -> 0
A13: XIRR | B13: =IF(B10=B11,XIRR(Y3:Z20,W3:X20),"") | D13: 11 | E13: LV0000104560 | F13: 45797 | G13: 1.99 | H13: =IF($B$9>0,$B$9,"") | L13: =IF($B$10=$B$11,H13-F13,"") | W13: =F13 -> 45797 | X13: =H13 | Y13: =G13*(-1) -> -1.99 | Z13: =I13+J13 -> 0
A14: Terminas | B14: =IF(B10=B11,SUMPRODUCT(L3:L20,G3:G20)/SUM(G3:G20),"") | D14: 12 | E14: LV0000104578 | F14: 45797 | G14: 1.99 | H14: =IF($B$9>0,$B$9,"") | L14: =IF($B$10=$B$11,H14-F14,"") | W14: =F14 -> 45797 | X14: =H14 | Y14: =G14*(-1) -> -1.99 | Z14: =I14+J14 -> 0
D15: 13 | E15: LV0000104644 | F15: 45804 | G15: 2 | H15: =IF($B$9>0,$B$9,"") | L15: =IF($B$10=$B$11,H15-F15,"") | W15: =F15 -> 45804 | X15: =H15 | Y15: =G15*(-1) -> -2 | Z15: =I15+J15 -> 0
D16: 14 | E16: LV0000104628 | F16: 45804 | G16: 1.99 | H16: =IF($B$9>0,$B$9,"") | L16: =IF($B$10=$B$11,H16-F16,"") | W16: =F16 -> 45804 | X16: =H16 | Y16: =G16*(-1) -> -1.99 | Z16: =I16+J16 -> 0
D17: 15 | E17: LV0000104636 | F17: 45804 | G17: 1.95 | H17: =IF($B$9>0,$B$9,"") | L17: =IF($B$10=$B$11,H17-F17,"") | W17: =F17 -> 45804 | X17: =H17 | Y17: =G17*(-1) -> -1.95 | Z17: =I17+J17 -> 0
D18: 16 | E18: LV0000105377 | F18: 45846 | G18: 0.23 | H18: =IF($B$9>0,$B$9,"") | L18: =IF($B$10=$B$11,H18-F18,"") | W18: =F18 -> 45846 | X18: =H18 | Y18: =G18*(-1) -> -0.23 | Z18: =I18+J18 -> 0
H19: =IF($B$9>0,$B$9,"") | L19: =IF($B$10=$B$11,H19-F19,"") | W19: =F19 -> 0 | X19: =H19 | Y19: =G19*(-1) -> 0 | Z19: =I19+J19 -> 0
H20: =IF($B$9>0,$B$9,"") | L20: =IF($B$10=$B$11,H20-F20,"") | W20: =F20 -> 0 | X20: =H20 | Y20: =G20*(-1) -> 0 | Z20: =I20+J20 -> 0

Sheet R088
A1: Mortgage loan ID | B1: R088 | E1: Note | F1: Investuota | H1: Grąžinimas
A2: Pavadinimas | B2: Apartment in Badalona | F2: Data | G2: Suma | H2: Grąž. Data | I2: Paskola | J2: Palūkanos | K2: Pelnas | L2: Laikas
A3: PTV | B3: 0.62 | D3: 1 | E3: LV0000104081 | F3: 45769 | G3: 1.92 | H3: =IF($B$9>0,$B$9,"") | L3: =IF($B$10=$B$11,H3-F3,"") | W3: =F3 -> 45769 | X3: =H3 | Y3: =G3*(-1) -> -1.92 | Z3: =I3+J3 -> 0
A4: PDT | B4: 0.79 | D4: 2 | E4: LV0000104099 | F4: 45769 | G4: 1.97 | H4: =IF($B$9>0,$B$9,"") | L4: =IF($B$10=$B$11,H4-F4,"") | W4: =F4 -> 45769 | X4: =H4 | Y4: =G4*(-1) -> -1.97 | Z4: =I4+J4 -> 0
D5: 3 | E5: LV0000104107 | F5: 45769 | G5: 2.62 | H5: =IF($B$9>0,$B$9,"") | L5: =IF($B$10=$B$11,H5-F5,"") | W5: =F5 -> 45769 | X5: =H5 | Y5: =G5*(-1) -> -2.62 | Z5: =I5+J5 -> 0
D6: 4 | E6: LV0000104198 | F6: 45776 | G6: 1.82 | H6: =IF($B$9>0,$B$9,"") | L6: =IF($B$10=$B$11,H6-F6,"") | W6: =F6 -> 45776 | X6: =H6 | Y6: =G6*(-1) -> -1.82 | Z6: =I6+J6 -> 0
A7: Investuota | B7: =SUMPRODUCT(F3:F20,G3:G20)/SUM(G3:G20) -> 45782.74 | D7: 5 | E7: LV0000104206 | F7: 45776 | G7: 1.78 | H7: =IF($B$9>0,$B$9,"") | L7: =IF($B$10=$B$11,H7-F7,"") | W7: =F7 -> 45776 | X7: =H7 | Y7: =G7*(-1) -> -1.78 | Z7: =I7+J7 -> 0
A8: Paskolos pradžia | B8: 45758 | D8: 6 | E8: LV0000104180 | F8: 45776 | G8: 2.02 | H8: =IF($B$9>0,$B$9,"") | L8: =IF($B$10=$B$11,H8-F8,"") | W8: =F8 -> 45776 | X8: =H8 | Y8: =G8*(-1) -> -2.02 | Z8: =I8+J8 -> 0
A9: Paskola grąžinta | D9: 7 | E9: LV0000104297 | F9: 45783 | G9: 1.71 | H9: =IF($B$9>0,$B$9,"") | L9: =IF($B$10=$B$11,H9-F9,"") | W9: =F9 -> 45783 | X9: =H9 | Y9: =G9*(-1) -> -1.71 | Z9: =I9+J9 -> 0
A10: Investuota | B10: =SUM(G3:G20) -> 25.31 | D10: 8 | E10: LV0000104305 | F10: 45783 | G10: 1.78 | H10: =IF($B$9>0,$B$9,"") | L10: =IF($B$10=$B$11,H10-F10,"") | W10: =F10 -> 45783 | X10: =H10 | Y10: =G10*(-1) -> -1.78 | Z10: =I10+J10 -> 0
A11: Grąžinta | B11: =SUM(I3:I20) -> 0 | D11: 9 | E11: LV0000104289 | F11: 45783 | G11: 1.85 | H11: =IF($B$9>0,$B$9,"") | L11: =IF($B$10=$B$11,H11-F11,"") | W11: =F11 -> 45783 | X11: =H11 | Y11: =G11*(-1) -> -1.85 | Z11: =I11+J11 -> 0
A12: Palūkanos | B12: =SUM(J3:J20) -> 0 | D12: 10 | E12: LV0000104586 | F12: 45797 | G12: 1.98 | H12: =IF($B$9>0,$B$9,"") | L12: =IF($B$10=$B$11,H12-F12,"") | W12: =F12 -> 45797 | X12: =H12 | Y12: =G12*(-1) -> -1.98 | Z12: =I12+J12 -> 0
A13: XIRR | B13: =IF(B10=B11,XIRR(Y3:Z20,W3:X20),"") | D13: 11 | E13: LV0000104560 | F13: 45797 | G13: 1.88 | H13: =IF($B$9>0,$B$9,"") | L13: =IF($B$10=$B$11,H13-F13,"") | W13: =F13 -> 45797 | X13: =H13 | Y13: =G13*(-1) -> -1.88 | Z13: =I13+J13 -> 0
A14: Terminas | B14: =IF(B10=B11,SUMPRODUCT(L3:L20,G3:G20)/SUM(G3:G20),"") | D14: 12 | E14: LV0000104578 | F14: 45797 | G14: 1.96 | H14: =IF($B$9>0,$B$9,"") | L14: =IF($B$10=$B$11,H14-F14,"") | W14: =F14 -> 45797 | X14: =H14 | Y14: =G14*(-1) -> -1.96 | Z14: =I14+J14 -> 0
D15: 13 | E15: LV0000104644 | F15: 45804 | G15: 0.35 | H15: =IF($B$9>0,$B$9,"") | L15: =IF($B$10=$B$11,H15-F15,"") | W15: =F15 -> 45804 | X15: =H15 | Y15: =G15*(-1) -> -0.35 | Z15: =I15+J15 -> 0
D16: 14 | E16: LV0000104628 | F16: 45804 | G16: 1.67 | H16: =IF($B$9>0,$B$9,"") | L16: =IF($B$10=$B$11,H16-F16,"") | W16: =F16 -> 45804 | X16: =H16 | Y16: =G16*(-1) -> -1.67 | Z16: =I16+J16 -> 0
H17: =IF($B$9>0,$B$9,"") | L17: =IF($B$10=$B$11,H17-F17,"") | W17: =F17 -> 0 | X17: =H17 | Y17: =G17*(-1) -> 0 | Z17: =I17+J17 -> 0
H18: =IF($B$9>0,$B$9,"") | L18: =IF($B$10=$B$11,H18-F18,"") | W18: =F18 -> 0 | X18: =H18 | Y18: =G18*(-1) -> 0 | Z18: =I18+J18 -> 0
H19: =IF($B$9>0,$B$9,"") | L19: =IF($B$10=$B$11,H19-F19,"") | W19: =F19 -> 0 | X19: =H19 | Y19: =G19*(-1) -> 0 | Z19: =I19+J19 -> 0
H20: =IF($B$9>0,$B$9,"") | L20: =IF($B$10=$B$11,H20-F20,"") | W20: =F20 -> 0 | X20: =H20 | Y20: =G20*(-1) -> 0 | Z20: =I20+J20 -> 0

Sheet R089
A1: Mortgage loan ID | B1: R089 | E1: Note | F1: Investuota | H1: Grąžinimas
A2: Pavadinimas | B2: House in Castellar del Valles | F2: Data | G2: Suma | H2: Grąž. Data | I2: Paskola | J2: Palūkanos | K2: Pelnas | L2: Laikas
A3: PTV | B3: 0.64 | D3: 1 | E3: LV0000104891 | F3: 45825 | G3: 2.29 | H3: =IF($B$9>0,$B$9,"") | L3: =IF($B$10=$B$11,H3-F3,"") | W3: =F3 -> 45825 | X3: =H3 | Y3: =G3*(-1) -> -2.29 | Z3: =I3+J3 -> 0
A4: PDT | B4: 0.42 | D4: 2 | E4: LV0000104909 | F4: 45825 | G4: 1.83 | H4: =IF($B$9>0,$B$9,"") | L4: =IF($B$10=$B$11,H4-F4,"") | W4: =F4 -> 45825 | X4: =H4 | Y4: =G4*(-1) -> -1.83 | Z4: =I4+J4 -> 0
D5: 3 | E5: LV0000104917 | F5: 45825 | G5: 1.92 | H5: =IF($B$9>0,$B$9,"") | L5: =IF($B$10=$B$11,H5-F5,"") | W5: =F5 -> 45825 | X5: =H5 | Y5: =G5*(-1) -> -1.92 | Z5: =I5+J5 -> 0
H6: =IF($B$9>0,$B$9,"") | L6: =IF($B$10=$B$11,H6-F6,"") | W6: =F6 -> 0 | X6: =H6 | Y6: =G6*(-1) -> 0 | Z6: =I6+J6 -> 0
A7: Investuota | B7: =SUMPRODUCT(F3:F20,G3:G20)/SUM(G3:G20) -> 45825 | H7: =IF($B$9>0,$B$9,"") | L7: =IF($B$10=$B$11,H7-F7,"") | W7: =F7 -> 0 | X7: =H7 | Y7: =G7*(-1) -> 0 | Z7: =I7+J7 -> 0
A8: Paskolos pradžia | B8: 45740 | H8: =IF($B$9>0,$B$9,"") | L8: =IF($B$10=$B$11,H8-F8,"") | W8: =F8 -> 0 | X8: =H8 | Y8: =G8*(-1) -> 0 | Z8: =I8+J8 -> 0
A9: Paskola grąžinta | H9: =IF($B$9>0,$B$9,"") | L9: =IF($B$10=$B$11,H9-F9,"") | W9: =F9 -> 0 | X9: =H9 | Y9: =G9*(-1) -> 0 | Z9: =I9+J9 -> 0
A10: Investuota | B10: =SUM(G3:G20) -> 6.04 | H10: =IF($B$9>0,$B$9,"") | L10: =IF($B$10=$B$11,H10-F10,"") | W10: =F10 -> 0 | X10: =H10 | Y10: =G10*(-1) -> 0 | Z10: =I10+J10 -> 0
A11: Grąžinta | B11: =SUM(I3:I20) -> 0 | H11: =IF($B$9>0,$B$9,"") | L11: =IF($B$10=$B$11,H11-F11,"") | W11: =F11 -> 0 | X11: =H11 | Y11: =G11*(-1) -> 0 | Z11: =I11+J11 -> 0
A12: Palūkanos | B12: =SUM(J3:J20) -> 0 | H12: =IF($B$9>0,$B$9,"") | L12: =IF($B$10=$B$11,H12-F12,"") | W12: =F12 -> 0 | X12: =H12 | Y12: =G12*(-1) -> 0 | Z12: =I12+J12 -> 0
A13: XIRR | B13: =IF(B10=B11,XIRR(Y3:Z20,W3:X20),"") | H13: =IF($B$9>0,$B$9,"") | L13: =IF($B$10=$B$11,H13-F13,"") | W13: =F13 -> 0 | X13: =H13 | Y13: =G13*(-1) -> 0 | Z13: =I13+J13 -> 0
A14: Terminas | B14: =IF(B10=B11,SUMPRODUCT(L3:L20,G3:G20)/SUM(G3:G20),"") | H14: =IF($B$9>0,$B$9,"") | L14: =IF($B$10=$B$11,H14-F14,"") | W14: =F14 -> 0 | X14: =H14 | Y14: =G14*(-1) -> 0 | Z14: =I14+J14 -> 0
H15: =IF($B$9>0,$B$9,"") | L15: =IF($B$10=$B$11,H15-F15,"") | W15: =F15 -> 0 | X15: =H15 | Y15: =G15*(-1) -> 0 | Z15: =I15+J15 -> 0
H16: =IF($B$9>0,$B$9,"") | L16: =IF($B$10=$B$11,H16-F16,"") | W16: =F16 -> 0 | X16: =H16 | Y16: =G16*(-1) -> 0 | Z16: =I16+J16 -> 0
H17: =IF($B$9>0,$B$9,"") | L17: =IF($B$10=$B$11,H17-F17,"") | W17: =F17 -> 0 | X17: =H17 | Y17: =G17*(-1) -> 0 | Z17: =I17+J17 -> 0
H18: =IF($B$9>0,$B$9,"") | L18: =IF($B$10=$B$11,H18-F18,"") | W18: =F18 -> 0 | X18: =H18 | Y18: =G18*(-1) -> 0 | Z18: =I18+J18 -> 0
H19: =IF($B$9>0,$B$9,"") | L19: =IF($B$10=$B$11,H19-F19,"") | W19: =F19 -> 0 | X19: =H19 | Y19: =G19*(-1) -> 0 | Z19: =I19+J19 -> 0
H20: =IF($B$9>0,$B$9,"") | L20: =IF($B$10=$B$11,H20-F20,"") | W20: =F20 -> 0 | X20: =H20 | Y20: =G20*(-1) -> 0 | Z20: =I20+J20 -> 0

Sheet R090
A1: Mortgage loan ID | B1: R090 | E1: Note | F1: Investuota | H1: Grąžinimas
A2: Pavadinimas | B2: House in Llers | F2: Data | G2: Suma | H2: Grąž. Data | I2: Paskola | J2: Palūkanos | K2: Pelnas | L2: Laikas
A3: PTV | B3: 0.65 | D3: 1 | E3: LV0000104891 | F3: 45825 | G3: 0.8 | H3: =IF($B$9>0,$B$9,"") | L3: =IF($B$10=$B$11,H3-F3,"") | W3: =F3 -> 45825 | X3: =H3 | Y3: =G3*(-1) -> -0.8 | Z3: =I3+J3 -> 0
A4: PDT | B4: 0.62 | D4: 2 | E4: LV0000104909 | F4: 45825 | G4: 0.64 | H4: =IF($B$9>0,$B$9,"") | L4: =IF($B$10=$B$11,H4-F4,"") | W4: =F4 -> 45825 | X4: =H4 | Y4: =G4*(-1) -> -0.64 | Z4: =I4+J4 -> 0
D5: 3 | E5: LV0000104917 | F5: 45825 | G5: 0.5 | H5: =IF($B$9>0,$B$9,"") | L5: =IF($B$10=$B$11,H5-F5,"") | W5: =F5 -> 45825 | X5: =H5 | Y5: =G5*(-1) -> -0.5 | Z5: =I5+J5 -> 0
H6: =IF($B$9>0,$B$9,"") | L6: =IF($B$10=$B$11,H6-F6,"") | W6: =F6 -> 0 | X6: =H6 | Y6: =G6*(-1) -> 0 | Z6: =I6+J6 -> 0
A7: Investuota | B7: =SUMPRODUCT(F3:F20,G3:G20)/SUM(G3:G20) -> 45825 | H7: =IF($B$9>0,$B$9,"") | L7: =IF($B$10=$B$11,H7-F7,"") | W7: =F7 -> 0 | X7: =H7 | Y7: =G7*(-1) -> 0 | Z7: =I7+J7 -> 0
A8: Paskolos pradžia | B8: 45740 | H8: =IF($B$9>0,$B$9,"") | L8: =IF($B$10=$B$11,H8-F8,"") | W8: =F8 -> 0 | X8: =H8 | Y8: =G8*(-1) -> 0 | Z8: =I8+J8 -> 0
A9: Paskola grąžinta | H9: =IF($B$9>0,$B$9,"") | L9: =IF($B$10=$B$11,H9-F9,"") | W9: =F9 -> 0 | X9: =H9 | Y9: =G9*(-1) -> 0 | Z9: =I9+J9 -> 0
A10: Investuota | B10: =SUM(G3:G20) -> 1.94 | H10: =IF($B$9>0,$B$9,"") | L10: =IF($B$10=$B$11,H10-F10,"") | W10: =F10 -> 0 | X10: =H10 | Y10: =G10*(-1) -> 0 | Z10: =I10+J10 -> 0
A11: Grąžinta | B11: =SUM(I3:I20) -> 0 | H11: =IF($B$9>0,$B$9,"") | L11: =IF($B$10=$B$11,H11-F11,"") | W11: =F11 -> 0 | X11: =H11 | Y11: =G11*(-1) -> 0 | Z11: =I11+J11 -> 0
A12: Palūkanos | B12: =SUM(J3:J20) -> 0 | H12: =IF($B$9>0,$B$9,"") | L12: =IF($B$10=$B$11,H12-F12,"") | W12: =F12 -> 0 | X12: =H12 | Y12: =G12*(-1) -> 0 | Z12: =I12+J12 -> 0
A13: XIRR | B13: =IF(B10=B11,XIRR(Y3:Z20,W3:X20),"") | H13: =IF($B$9>0,$B$9,"") | L13: =IF($B$10=$B$11,H13-F13,"") | W13: =F13 -> 0 | X13: =H13 | Y13: =G13*(-1) -> 0 | Z13: =I13+J13 -> 0
A14: Terminas | B14: =IF(B10=B11,SUMPRODUCT(L3:L20,G3:G20)/SUM(G3:G20),"") | H14: =IF($B$9>0,$B$9,"") | L14: =IF($B$10=$B$11,H14-F14,"") | W14: =F14 -> 0 | X14: =H14 | Y14: =G14*(-1) -> 0 | Z14: =I14+J14 -> 0
H15: =IF($B$9>0,$B$9,"") | L15: =IF($B$10=$B$11,H15-F15,"") | W15: =F15 -> 0 | X15: =H15 | Y15: =G15*(-1) -> 0 | Z15: =I15+J15 -> 0
H16: =IF($B$9>0,$B$9,"") | L16: =IF($B$10=$B$11,H16-F16,"") | W16: =F16 -> 0 | X16: =H16 | Y16: =G16*(-1) -> 0 | Z16: =I16+J16 -> 0
H17: =IF($B$9>0,$B$9,"") | L17: =IF($B$10=$B$11,H17-F17,"") | W17: =F17 -> 0 | X17: =H17 | Y17: =G17*(-1) -> 0 | Z17: =I17+J17 -> 0
H18: =IF($B$9>0,$B$9,"") | L18: =IF($B$10=$B$11,H18-F18,"") | W18: =F18 -> 0 | X18: =H18 | Y18: =G18*(-1) -> 0 | Z18: =I18+J18 -> 0
H19: =IF($B$9>0,$B$9,"") | L19: =IF($B$10=$B$11,H19-F19,"") | W19: =F19 -> 0 | X19: =H19 | Y19: =G19*(-1) -> 0 | Z19: =I19+J19 -> 0
H20: =IF($B$9>0,$B$9,"") | L20: =IF($B$10=$B$11,H20-F20,"") | W20: =F20 -> 0 | X20: =H20 | Y20: =G20*(-1) -> 0 | Z20: =I20+J20 -> 0

Sheet R091
A1: Mortgage loan ID | B1: R091 | E1: Note | F1: Investuota | H1: Grąžinimas
A2: Pavadinimas | B2: Apartment in Sabadell | F2: Data | G2: Suma | H2: Grąž. Data | I2: Paskola | J2: Palūkanos | K2: Pelnas | L2: Laikas
A3: PTV | B3: 0.64 | D3: 1 | E3: LV0000104891 | F3: 45825 | G3: 1.43 | H3: =IF($B$9>0,$B$9,"") | L3: =IF($B$10=$B$11,H3-F3,"") | W3: =F3 -> 45825 | X3: =H3 | Y3: =G3*(-1) -> -1.43 | Z3: =I3+J3 -> 0
A4: PDT | B4: 0.7 | D4: 2 | E4: LV0000104909 | F4: 45825 | G4: 1.14 | H4: =IF($B$9>0,$B$9,"") | L4: =IF($B$10=$B$11,H4-F4,"") | W4: =F4 -> 45825 | X4: =H4 | Y4: =G4*(-1) -> -1.14 | Z4: =I4+J4 -> 0
D5: 3 | E5: LV0000104917 | F5: 45825 | G5: 1.19 | H5: =IF($B$9>0,$B$9,"") | L5: =IF($B$10=$B$11,H5-F5,"") | W5: =F5 -> 45825 | X5: =H5 | Y5: =G5*(-1) -> -1.19 | Z5: =I5+J5 -> 0
D6: 4 | E6: LV0000105054 | F6: 45832 | G6: 1.45 | H6: =IF($B$9>0,$B$9,"") | L6: =IF($B$10=$B$11,H6-F6,"") | W6: =F6 -> 45832 | X6: =H6 | Y6: =G6*(-1) -> -1.45 | Z6: =I6+J6 -> 0
A7: Investuota | B7: =SUMPRODUCT(F3:F20,G3:G20)/SUM(G3:G20) -> 45826.948 | H7: =IF($B$9>0,$B$9,"") | L7: =IF($B$10=$B$11,H7-F7,"") | W7: =F7 -> 0 | X7: =H7 | Y7: =G7*(-1) -> 0 | Z7: =I7+J7 -> 0
A8: Paskolos pradžia | B8: 45740 | H8: =IF($B$9>0,$B$9,"") | L8: =IF($B$10=$B$11,H8-F8,"") | W8: =F8 -> 0 | X8: =H8 | Y8: =G8*(-1) -> 0 | Z8: =I8+J8 -> 0
A9: Paskola grąžinta | H9: =IF($B$9>0,$B$9,"") | L9: =IF($B$10=$B$11,H9-F9,"") | W9: =F9 -> 0 | X9: =H9 | Y9: =G9*(-1) -> 0 | Z9: =I9+J9 -> 0
A10: Investuota | B10: =SUM(G3:G20) -> 5.21 | H10: =IF($B$9>0,$B$9,"") | L10: =IF($B$10=$B$11,H10-F10,"") | W10: =F10 -> 0 | X10: =H10 | Y10: =G10*(-1) -> 0 | Z10: =I10+J10 -> 0
A11: Grąžinta | B11: =SUM(I3:I20) -> 0 | H11: =IF($B$9>0,$B$9,"") | L11: =IF($B$10=$B$11,H11-F11,"") | W11: =F11 -> 0 | X11: =H11 | Y11: =G11*(-1) -> 0 | Z11: =I11+J11 -> 0
A12: Palūkanos | B12: =SUM(J3:J20) -> 0 | H12: =IF($B$9>0,$B$9,"") | L12: =IF($B$10=$B$11,H12-F12,"") | W12: =F12 -> 0 | X12: =H12 | Y12: =G12*(-1) -> 0 | Z12: =I12+J12 -> 0
A13: XIRR | B13: =IF(B10=B11,XIRR(Y3:Z20,W3:X20),"") | H13: =IF($B$9>0,$B$9,"") | L13: =IF($B$10=$B$11,H13-F13,"") | W13: =F13 -> 0 | X13: =H13 | Y13: =G13*(-1) -> 0 | Z13: =I13+J13 -> 0
A14: Terminas | B14: =IF(B10=B11,SUMPRODUCT(L3:L20,G3:G20)/SUM(G3:G20),"") | H14: =IF($B$9>0,$B$9,"") | L14: =IF($B$10=$B$11,H14-F14,"") | W14: =F14 -> 0 | X14: =H14 | Y14: =G14*(-1) -> 0 | Z14: =I14+J14 -> 0
H15: =IF($B$9>0,$B$9,"") | L15: =IF($B$10=$B$11,H15-F15,"") | W15: =F15 -> 0 | X15: =H15 | Y15: =G15*(-1) -> 0 | Z15: =I15+J15 -> 0
H16: =IF($B$9>0,$B$9,"") | L16: =IF($B$10=$B$11,H16-F16,"") | W16: =F16 -> 0 | X16: =H16 | Y16: =G16*(-1) -> 0 | Z16: =I16+J16 -> 0
H17: =IF($B$9>0,$B$9,"") | L17: =IF($B$10=$B$11,H17-F17,"") | W17: =F17 -> 0 | X17: =H17 | Y17: =G17*(-1) -> 0 | Z17: =I17+J17 -> 0
H18: =IF($B$9>0,$B$9,"") | L18: =IF($B$10=$B$11,H18-F18,"") | W18: =F18 -> 0 | X18: =H18 | Y18: =G18*(-1) -> 0 | Z18: =I18+J18 -> 0
H19: =IF($B$9>0,$B$9,"") | L19: =IF($B$10=$B$11,H19-F19,"") | W19: =F19 -> 0 | X19: =H19 | Y19: =G19*(-1) -> 0 | Z19: =I19+J19 -> 0
H20: =IF($B$9>0,$B$9,"") | L20: =IF($B$10=$B$11,H20-F20,"") | W20: =F20 -> 0 | X20: =H20 | Y20: =G20*(-1) -> 0 | Z20: =I20+J20 -> 0

Sheet R092
A1: Mortgage loan ID | B1: R092 | E1: Note | F1: Investuota | H1: Grąžinimas
A2: Pavadinimas | B2: Apartment on Calle Covadonga | F2: Data | G2: Suma | H2: Grąž. Data | I2: Paskola | J2: Palūkanos | K2: Pelnas | L2: Laikas
A3: PTV | B3: 0.75 | D3: 1 | E3: LV0000104891 | F3: 45825 | G3: 2.3 | H3: =IF($B$9>0,$B$9,"") | L3: =IF($B$10=$B$11,H3-F3,"") | W3: =F3 -> 45825 | X3: =H3 | Y3: =G3*(-1) -> -2.3 | Z3: =I3+J3 -> 0
A4: PDT | B4: 0.4 | D4: 2 | E4: LV0000104909 | F4: 45825 | G4: 1.83 | H4: =IF($B$9>0,$B$9,"") | L4: =IF($B$10=$B$11,H4-F4,"") | W4: =F4 -> 45825 | X4: =H4 | Y4: =G4*(-1) -> -1.83 | Z4: =I4+J4 -> 0
D5: 3 | E5: LV0000104917 | F5: 45825 | G5: 1.92 | H5: =IF($B$9>0,$B$9,"") | L5: =IF($B$10=$B$11,H5-F5,"") | W5: =F5 -> 45825 | X5: =H5 | Y5: =G5*(-1) -> -1.92 | Z5: =I5+J5 -> 0
D6: 4 | E6: LV0000105054 | F6: 45832 | G6: 1.57 | H6: =IF($B$9>0,$B$9,"") | L6: =IF($B$10=$B$11,H6-F6,"") | W6: =F6 -> 45832 | X6: =H6 | Y6: =G6*(-1) -> -1.57 | Z6: =I6+J6 -> 0
A7: Investuota | B7: =SUMPRODUCT(F3:F20,G3:G20)/SUM(G3:G20) -> 45826.442 | H7: =IF($B$9>0,$B$9,"") | L7: =IF($B$10=$B$11,H7-F7,"") | W7: =F7 -> 0 | X7: =H7 | Y7: =G7*(-1) -> 0 | Z7: =I7+J7 -> 0
A8: Paskolos pradžia | B8: 45740 | H8: =IF($B$9>0,$B$9,"") | L8: =IF($B$10=$B$11,H8-F8,"") | W8: =F8 -> 0 | X8: =H8 | Y8: =G8*(-1) -> 0 | Z8: =I8+J8 -> 0
A9: Paskola grąžinta | H9: =IF($B$9>0,$B$9,"") | L9: =IF($B$10=$B$11,H9-F9,"") | W9: =F9 -> 0 | X9: =H9 | Y9: =G9*(-1) -> 0 | Z9: =I9+J9 -> 0
A10: Investuota | B10: =SUM(G3:G20) -> 7.62 | H10: =IF($B$9>0,$B$9,"") | L10: =IF($B$10=$B$11,H10-F10,"") | W10: =F10 -> 0 | X10: =H10 | Y10: =G10*(-1) -> 0 | Z10: =I10+J10 -> 0
A11: Grąžinta | B11: =SUM(I3:I20) -> 0 | H11: =IF($B$9>0,$B$9,"") | L11: =IF($B$10=$B$11,H11-F11,"") | W11: =F11 -> 0 | X11: =H11 | Y11: =G11*(-1) -> 0 | Z11: =I11+J11 -> 0
A12: Palūkanos | B12: =SUM(J3:J20) -> 0 | H12: =IF($B$9>0,$B$9,"") | L12: =IF($B$10=$B$11,H12-F12,"") | W12: =F12 -> 0 | X12: =H12 | Y12: =G12*(-1) -> 0 | Z12: =I12+J12 -> 0
A13: XIRR | B13: =IF(B10=B11,XIRR(Y3:Z20,W3:X20),"") | H13: =IF($B$9>0,$B$9,"") | L13: =IF($B$10=$B$11,H13-F13,"") | W13: =F13 -> 0 | X13: =H13 | Y13: =G13*(-1) -> 0 | Z13: =I13+J13 -> 0
A14: Terminas | B14: =IF(B10=B11,SUMPRODUCT(L3:L20,G3:G20)/SUM(G3:G20),"") | H14: =IF($B$9>0,$B$9,"") | L14: =IF($B$10=$B$11,H14-F14,"") | W14: =F14 -> 0 | X14: =H14 | Y14: =G14*(-1) -> 0 | Z14: =I14+J14 -> 0
H15: =IF($B$9>0,$B$9,"") | L15: =IF($B$10=$B$11,H15-F15,"") | W15: =F15 -> 0 | X15: =H15 | Y15: =G15*(-1) -> 0 | Z15: =I15+J15 -> 0
H16: =IF($B$9>0,$B$9,"") | L16: =IF($B$10=$B$11,H16-F16,"") | W16: =F16 -> 0 | X16: =H16 | Y16: =G16*(-1) -> 0 | Z16: =I16+J16 -> 0
H17: =IF($B$9>0,$B$9,"") | L17: =IF($B$10=$B$11,H17-F17,"") | W17: =F17 -> 0 | X17: =H17 | Y17: =G17*(-1) -> 0 | Z17: =I17+J17 -> 0
H18: =IF($B$9>0,$B$9,"") | L18: =IF($B$10=$B$11,H18-F18,"") | W18: =F18 -> 0 | X18: =H18 | Y18: =G18*(-1) -> 0 | Z18: =I18+J18 -> 0
H19: =IF($B$9>0,$B$9,"") | L19: =IF($B$10=$B$11,H19-F19,"") | W19: =F19 -> 0 | X19: =H19 | Y19: =G19*(-1) -> 0 | Z19: =I19+J19 -> 0
H20: =IF($B$9>0,$B$9,"") | L20: =IF($B$10=$B$11,H20-F20,"") | W20: =F20 -> 0 | X20: =H20 | Y20: =G20*(-1) -> 0 | Z20: =I20+J20 -> 0

Sheet R093
A1: Mortgage loan ID | B1: R093 | E1: Note | F1: Investuota | H1: Grąžinimas
A2: Pavadinimas | B2: Apartment in Sant Pere de Ribes | F2: Data | G2: Suma | H2: Grąž. Data | I2: Paskola | J2: Palūkanos | K2: Pelnas | L2: Laikas
A3: PTV | B3: 0.65 | D3: 1 | E3: LV0000104891 | F3: 45825 | G3: 1.34 | H3: =IF($B$9>0,$B$9,"") | L3: =IF($B$10=$B$11,H3-F3,"") | W3: =F3 -> 45825 | X3: =H3 | Y3: =G3*(-1) -> -1.34 | Z3: =I3+J3 -> 0
A4: PDT | B4: 0.71 | D4: 2 | E4: LV0000104909 | F4: 45825 | G4: 1.06 | H4: =IF($B$9>0,$B$9,"") | L4: =IF($B$10=$B$11,H4-F4,"") | W4: =F4 -> 45825 | X4: =H4 | Y4: =G4*(-1) -> -1.06 | Z4: =I4+J4 -> 0
D5: 3 | E5: LV0000104917 | F5: 45825 | G5: 0.91 | H5: =IF($B$9>0,$B$9,"") | L5: =IF($B$10=$B$11,H5-F5,"") | W5: =F5 -> 45825 | X5: =H5 | Y5: =G5*(-1) -> -0.91 | Z5: =I5+J5 -> 0
D6: 4 | E6: LV0000105054 | F6: 45832 | G6: 1.36 | H6: =IF($B$9>0,$B$9,"") | L6: =IF($B$10=$B$11,H6-F6,"") | W6: =F6 -> 45832 | X6: =H6 | Y6: =G6*(-1) -> -1.36 | Z6: =I6+J6 -> 0
A7: Investuota | B7: =SUMPRODUCT(F3:F20,G3:G20)/SUM(G3:G20) -> 45827.039 | H7: =IF($B$9>0,$B$9,"") | L7: =IF($B$10=$B$11,H7-F7,"") | W7: =F7 -> 0 | X7: =H7 | Y7: =G7*(-1) -> 0 | Z7: =I7+J7 -> 0
A8: Paskolos pradžia | B8: 45740 | H8: =IF($B$9>0,$B$9,"") | L8: =IF($B$10=$B$11,H8-F8,"") | W8: =F8 -> 0 | X8: =H8 | Y8: =G8*(-1) -> 0 | Z8: =I8+J8 -> 0
A9: Paskola grąžinta | H9: =IF($B$9>0,$B$9,"") | L9: =IF($B$10=$B$11,H9-F9,"") | W9: =F9 -> 0 | X9: =H9 | Y9: =G9*(-1) -> 0 | Z9: =I9+J9 -> 0
A10: Investuota | B10: =SUM(G3:G20) -> 4.67 | H10: =IF($B$9>0,$B$9,"") | L10: =IF($B$10=$B$11,H10-F10,"") | W10: =F10 -> 0 | X10: =H10 | Y10: =G10*(-1) -> 0 | Z10: =I10+J10 -> 0
A11: Grąžinta | B11: =SUM(I3:I20) -> 0 | H11: =IF($B$9>0,$B$9,"") | L11: =IF($B$10=$B$11,H11-F11,"") | W11: =F11 -> 0 | X11: =H11 | Y11: =G11*(-1) -> 0 | Z11: =I11+J11 -> 0
A12: Palūkanos | B12: =SUM(J3:J20) -> 0 | H12: =IF($B$9>0,$B$9,"") | L12: =IF($B$10=$B$11,H12-F12,"") | W12: =F12 -> 0 | X12: =H12 | Y12: =G12*(-1) -> 0 | Z12: =I12+J12 -> 0
A13: XIRR | B13: =IF(B10=B11,XIRR(Y3:Z20,W3:X20),"") | H13: =IF($B$9>0,$B$9,"") | L13: =IF($B$10=$B$11,H13-F13,"") | W13: =F13 -> 0 | X13: =H13 | Y13: =G13*(-1) -> 0 | Z13: =I13+J13 -> 0
A14: Terminas | B14: =IF(B10=B11,SUMPRODUCT(L3:L20,G3:G20)/SUM(G3:G20),"") | H14: =IF($B$9>0,$B$9,"") | L14: =IF($B$10=$B$11,H14-F14,"") | W14: =F14 -> 0 | X14: =H14 | Y14: =G14*(-1) -> 0 | Z14: =I14+J14 -> 0
H15: =IF($B$9>0,$B$9,"") | L15: =IF($B$10=$B$11,H15-F15,"") | W15: =F15 -> 0 | X15: =H15 | Y15: =G15*(-1) -> 0 | Z15: =I15+J15 -> 0
H16: =IF($B$9>0,$B$9,"") | L16: =IF($B$10=$B$11,H16-F16,"") | W16: =F16 -> 0 | X16: =H16 | Y16: =G16*(-1) -> 0 | Z16: =I16+J16 -> 0
H17: =IF($B$9>0,$B$9,"") | L17: =IF($B$10=$B$11,H17-F17,"") | W17: =F17 -> 0 | X17: =H17 | Y17: =G17*(-1) -> 0 | Z17: =I17+J17 -> 0
H18: =IF($B$9>0,$B$9,"") | L18: =IF($B$10=$B$11,H18-F18,"") | W18: =F18 -> 0 | X18: =H18 | Y18: =G18*(-1) -> 0 | Z18: =I18+J18 -> 0
H19: =IF($B$9>0,$B$9,"") | L19: =IF($B$10=$B$11,H19-F19,"") | W19: =F19 -> 0 | X19: =H19 | Y19: =G19*(-1) -> 0 | Z19: =I19+J19 -> 0
H20: =IF($B$9>0,$B$9,"") | L20: =IF($B$10=$B$11,H20-F20,"") | W20: =F20 -> 0 | X20: =H20 | Y20: =G20*(-1) -> 0 | Z20: =I20+J20 -> 0

Sheet R094
A1: Mortgage loan ID | B1: R094 | E1: Note | F1: Investuota | H1: Grąžinimas
A2: Pavadinimas | B2: Apartment on Calle Manresa | F2: Data | G2: Suma | H2: Grąž. Data | I2: Paskola | J2: Palūkanos | K2: Pelnas | L2: Laikas
A3: PTV | B3: 0.66 | D3: 1 | E3: LV0000104891 | F3: 45825 | G3: 1.48 | H3: =IF($B$9>0,$B$9,"") | L3: =IF($B$10=$B$11,H3-F3,"") | W3: =F3 -> 45825 | X3: =H3 | Y3: =G3*(-1) -> -1.48 | Z3: =I3+J3 -> 0
A4: PDT | B4: 0.81 | D4: 2 | E4: LV0000104909 | F4: 45825 | G4: 1.18 | H4: =IF($B$9>0,$B$9,"") | L4: =IF($B$10=$B$11,H4-F4,"") | W4: =F4 -> 45825 | X4: =H4 | Y4: =G4*(-1) -> -1.18 | Z4: =I4+J4 -> 0
D5: 3 | E5: LV0000104917 | F5: 45825 | G5: 1.24 | H5: =IF($B$9>0,$B$9,"") | L5: =IF($B$10=$B$11,H5-F5,"") | W5: =F5 -> 45825 | X5: =H5 | Y5: =G5*(-1) -> -1.24 | Z5: =I5+J5 -> 0
H6: =IF($B$9>0,$B$9,"") | L6: =IF($B$10=$B$11,H6-F6,"") | W6: =F6 -> 0 | X6: =H6 | Y6: =G6*(-1) -> 0 | Z6: =I6+J6 -> 0
A7: Investuota | B7: =SUMPRODUCT(F3:F20,G3:G20)/SUM(G3:G20) -> 45825 | H7: =IF($B$9>0,$B$9,"") | L7: =IF($B$10=$B$11,H7-F7,"") | W7: =F7 -> 0 | X7: =H7 | Y7: =G7*(-1) -> 0 | Z7: =I7+J7 -> 0
A8: Paskolos pradžia | B8: 45740 | H8: =IF($B$9>0,$B$9,"") | L8: =IF($B$10=$B$11,H8-F8,"") | W8: =F8 -> 0 | X8: =H8 | Y8: =G8*(-1) -> 0 | Z8: =I8+J8 -> 0
A9: Paskola grąžinta | H9: =IF($B$9>0,$B$9,"") | L9: =IF($B$10=$B$11,H9-F9,"") | W9: =F9 -> 0 | X9: =H9 | Y9: =G9*(-1) -> 0 | Z9: =I9+J9 -> 0
A10: Investuota | B10: =SUM(G3:G20) -> 3.9 | H10: =IF($B$9>0,$B$9,"") | L10: =IF($B$10=$B$11,H10-F10,"") | W10: =F10 -> 0 | X10: =H10 | Y10: =G10*(-1) -> 0 | Z10: =I10+J10 -> 0
A11: Grąžinta | B11: =SUM(I3:I20) -> 0 | H11: =IF($B$9>0,$B$9,"") | L11: =IF($B$10=$B$11,H11-F11,"") | W11: =F11 -> 0 | X11: =H11 | Y11: =G11*(-1) -> 0 | Z11: =I11+J11 -> 0
A12: Palūkanos | B12: =SUM(J3:J20) -> 0 | H12: =IF($B$9>0,$B$9,"") | L12: =IF($B$10=$B$11,H12-F12,"") | W12: =F12 -> 0 | X12: =H12 | Y12: =G12*(-1) -> 0 | Z12: =I12+J12 -> 0
A13: XIRR | B13: =IF(B10=B11,XIRR(Y3:Z20,W3:X20),"") | H13: =IF($B$9>0,$B$9,"") | L13: =IF($B$10=$B$11,H13-F13,"") | W13: =F13 -> 0 | X13: =H13 | Y13: =G13*(-1) -> 0 | Z13: =I13+J13 -> 0
A14: Terminas | B14: =IF(B10=B11,SUMPRODUCT(L3:L20,G3:G20)/SUM(G3:G20),"") | H14: =IF($B$9>0,$B$9,"") | L14: =IF($B$10=$B$11,H14-F14,"") | W14: =F14 -> 0 | X14: =H14 | Y14: =G14*(-1) -> 0 | Z14: =I14+J14 -> 0
H15: =IF($B$9>0,$B$9,"") | L15: =IF($B$10=$B$11,H15-F15,"") | W15: =F15 -> 0 | X15: =H15 | Y15: =G15*(-1) -> 0 | Z15: =I15+J15 -> 0
H16: =IF($B$9>0,$B$9,"") | L16: =IF($B$10=$B$11,H16-F16,"") | W16: =F16 -> 0 | X16: =H16 | Y16: =G16*(-1) -> 0 | Z16: =I16+J16 -> 0
H17: =IF($B$9>0,$B$9,"") | L17: =IF($B$10=$B$11,H17-F17,"") | W17: =F17 -> 0 | X17: =H17 | Y17: =G17*(-1) -> 0 | Z17: =I17+J17 -> 0
H18: =IF($B$9>0,$B$9,"") | L18: =IF($B$10=$B$11,H18-F18,"") | W18: =F18 -> 0 | X18: =H18 | Y18: =G18*(-1) -> 0 | Z18: =I18+J18 -> 0
H19: =IF($B$9>0,$B$9,"") | L19: =IF($B$10=$B$11,H19-F19,"") | W19: =F19 -> 0 | X19: =H19 | Y19: =G19*(-1) -> 0 | Z19: =I19+J19 -> 0
H20: =IF($B$9>0,$B$9,"") | L20: =IF($B$10=$B$11,H20-F20,"") | W20: =F20 -> 0 | X20: =H20 | Y20: =G20*(-1) -> 0 | Z20: =I20+J20 -> 0

Sheet R095
A1: Mortgage loan ID | B1: R095 | E1: Note | F1: Investuota | H1: Grąžinimas
A2: Pavadinimas | B2: Apartment in Terrassa | F2: Data | G2: Suma | H2: Grąž. Data | I2: Paskola | J2: Palūkanos | K2: Pelnas | L2: Laikas
A3: PTV | B3: 0.68 | D3: 1 | E3: LV0000104891 | F3: 45825 | G3: 1.1 | H3: =IF($B$9>0,$B$9,"") | L3: =IF($B$10=$B$11,H3-F3,"") | W3: =F3 -> 45825 | X3: =H3 | Y3: =G3*(-1) -> -1.1 | Z3: =I3+J3 -> 0
A4: PDT | B4: 0.81 | D4: 2 | E4: LV0000104909 | F4: 45825 | G4: 0.88 | H4: =IF($B$9>0,$B$9,"") | L4: =IF($B$10=$B$11,H4-F4,"") | W4: =F4 -> 45825 | X4: =H4 | Y4: =G4*(-1) -> -0.88 | Z4: =I4+J4 -> 0
D5: 3 | E5: LV0000105054 | F5: 45832 | G5: 1.8 | H5: =IF($B$9>0,$B$9,"") | L5: =IF($B$10=$B$11,H5-F5,"") | W5: =F5 -> 45832 | X5: =H5 | Y5: =G5*(-1) -> -1.8 | Z5: =I5+J5 -> 0
D6: 4 | E6: LV0000105369 | F6: 45846 | G6: 0.05 | H6: =IF($B$9>0,$B$9,"") | L6: =IF($B$10=$B$11,H6-F6,"") | W6: =F6 -> 45846 | X6: =H6 | Y6: =G6*(-1) -> -0.05 | Z6: =I6+J6 -> 0
A7: Investuota | B7: =SUMPRODUCT(F3:F20,G3:G20)/SUM(G3:G20) -> 45829.051 | D7: 5 | E7: LV0000105377 | F7: 45846 | G7: 0.05 | H7: =IF($B$9>0,$B$9,"") | L7: =IF($B$10=$B$11,H7-F7,"") | W7: =F7 -> 45846 | X7: =H7 | Y7: =G7*(-1) -> -0.05 | Z7: =I7+J7 -> 0
A8: Paskolos pradžia | B8: 45740 | D8: 6 | E8: LV0000105385 | F8: 45846 | G8: 0.06 | H8: =IF($B$9>0,$B$9,"") | L8: =IF($B$10=$B$11,H8-F8,"") | W8: =F8 -> 45846 | X8: =H8 | Y8: =G8*(-1) -> -0.06 | Z8: =I8+J8 -> 0
A9: Paskola grąžinta | H9: =IF($B$9>0,$B$9,"") | L9: =IF($B$10=$B$11,H9-F9,"") | W9: =F9 -> 0 | X9: =H9 | Y9: =G9*(-1) -> 0 | Z9: =I9+J9 -> 0
A10: Investuota | B10: =SUM(G3:G20) -> 3.94 | H10: =IF($B$9>0,$B$9,"") | L10: =IF($B$10=$B$11,H10-F10,"") | W10: =F10 -> 0 | X10: =H10 | Y10: =G10*(-1) -> 0 | Z10: =I10+J10 -> 0
A11: Grąžinta | B11: =SUM(I3:I20) -> 0 | H11: =IF($B$9>0,$B$9,"") | L11: =IF($B$10=$B$11,H11-F11,"") | W11: =F11 -> 0 | X11: =H11 | Y11: =G11*(-1) -> 0 | Z11: =I11+J11 -> 0
A12: Palūkanos | B12: =SUM(J3:J20) -> 0 | H12: =IF($B$9>0,$B$9,"") | L12: =IF($B$10=$B$11,H12-F12,"") | W12: =F12 -> 0 | X12: =H12 | Y12: =G12*(-1) -> 0 | Z12: =I12+J12 -> 0
A13: XIRR | B13: =IF(B10=B11,XIRR(Y3:Z20,W3:X20),"") | H13: =IF($B$9>0,$B$9,"") | L13: =IF($B$10=$B$11,H13-F13,"") | W13: =F13 -> 0 | X13: =H13 | Y13: =G13*(-1) -> 0 | Z13: =I13+J13 -> 0
A14: Terminas | B14: =IF(B10=B11,SUMPRODUCT(L3:L20,G3:G20)/SUM(G3:G20),"") | H14: =IF($B$9>0,$B$9,"") | L14: =IF($B$10=$B$11,H14-F14,"") | W14: =F14 -> 0 | X14: =H14 | Y14: =G14*(-1) -> 0 | Z14: =I14+J14 -> 0
H15: =IF($B$9>0,$B$9,"") | L15: =IF($B$10=$B$11,H15-F15,"") | W15: =F15 -> 0 | X15: =H15 | Y15: =G15*(-1) -> 0 | Z15: =I15+J15 -> 0
H16: =IF($B$9>0,$B$9,"") | L16: =IF($B$10=$B$11,H16-F16,"") | W16: =F16 -> 0 | X16: =H16 | Y16: =G16*(-1) -> 0 | Z16: =I16+J16 -> 0
H17: =IF($B$9>0,$B$9,"") | L17: =IF($B$10=$B$11,H17-F17,"") | W17: =F17 -> 0 | X17: =H17 | Y17: =G17*(-1) -> 0 | Z17: =I17+J17 -> 0
H18: =IF($B$9>0,$B$9,"") | L18: =IF($B$10=$B$11,H18-F18,"") | W18: =F18 -> 0 | X18: =H18 | Y18: =G18*(-1) -> 0 | Z18: =I18+J18 -> 0
H19: =IF($B$9>0,$B$9,"") | L19: =IF($B$10=$B$11,H19-F19,"") | W19: =F19 -> 0 | X19: =H19 | Y19: =G19*(-1) -> 0 | Z19: =I19+J19 -> 0
H20: =IF($B$9>0,$B$9,"") | L20: =IF($B$10=$B$11,H20-F20,"") | W20: =F20 -> 0 | X20: =H20 | Y20: =G20*(-1) -> 0 | Z20: =I20+J20 -> 0

Sheet R096
A1: Mortgage loan ID | B1: R096 | E1: Note | F1: Investuota | H1: Grąžinimas
A2: Pavadinimas | B2: House in Vacarisses | F2: Data | G2: Suma | H2: Grąž. Data | I2: Paskola | J2: Palūkanos | K2: Pelnas | L2: Laikas
A3: PTV | B3: 0.64 | D3: 1 | E3: LV0000104891 | F3: 45825 | G3: 1.38 | H3: =IF($B$9>0,$B$9,"") | L3: =IF($B$10=$B$11,H3-F3,"") | W3: =F3 -> 45825 | X3: =H3 | Y3: =G3*(-1) -> -1.38 | Z3: =I3+J3 -> 0
A4: PDT | B4: 0.47 | D4: 2 | E4: LV0000104917 | F4: 45825 | G4: 0.81 | H4: =IF($B$9>0,$B$9,"") | L4: =IF($B$10=$B$11,H4-F4,"") | W4: =F4 -> 45825 | X4: =H4 | Y4: =G4*(-1) -> -0.81 | Z4: =I4+J4 -> 0
H5: =IF($B$9>0,$B$9,"") | L5: =IF($B$10=$B$11,H5-F5,"") | W5: =F5 -> 0 | X5: =H5 | Y5: =G5*(-1) -> 0 | Z5: =I5+J5 -> 0
H6: =IF($B$9>0,$B$9,"") | L6: =IF($B$10=$B$11,H6-F6,"") | W6: =F6 -> 0 | X6: =H6 | Y6: =G6*(-1) -> 0 | Z6: =I6+J6 -> 0
A7: Investuota | B7: =SUMPRODUCT(F3:F20,G3:G20)/SUM(G3:G20) -> 45825 | H7: =IF($B$9>0,$B$9,"") | L7: =IF($B$10=$B$11,H7-F7,"") | W7: =F7 -> 0 | X7: =H7 | Y7: =G7*(-1) -> 0 | Z7: =I7+J7 -> 0
A8: Paskolos pradžia | B8: 45740 | H8: =IF($B$9>0,$B$9,"") | L8: =IF($B$10=$B$11,H8-F8,"") | W8: =F8 -> 0 | X8: =H8 | Y8: =G8*(-1) -> 0 | Z8: =I8+J8 -> 0
A9: Paskola grąžinta | H9: =IF($B$9>0,$B$9,"") | L9: =IF($B$10=$B$11,H9-F9,"") | W9: =F9 -> 0 | X9: =H9 | Y9: =G9*(-1) -> 0 | Z9: =I9+J9 -> 0
A10: Investuota | B10: =SUM(G3:G20) -> 2.19 | H10: =IF($B$9>0,$B$9,"") | L10: =IF($B$10=$B$11,H10-F10,"") | W10: =F10 -> 0 | X10: =H10 | Y10: =G10*(-1) -> 0 | Z10: =I10+J10 -> 0
A11: Grąžinta | B11: =SUM(I3:I20) -> 0 | H11: =IF($B$9>0,$B$9,"") | L11: =IF($B$10=$B$11,H11-F11,"") | W11: =F11 -> 0 | X11: =H11 | Y11: =G11*(-1) -> 0 | Z11: =I11+J11 -> 0
A12: Palūkanos | B12: =SUM(J3:J20) -> 0 | H12: =IF($B$9>0,$B$9,"") | L12: =IF($B$10=$B$11,H12-F12,"") | W12: =F12 -> 0 | X12: =H12 | Y12: =G12*(-1) -> 0 | Z12: =I12+J12 -> 0
A13: XIRR | B13: =IF(B10=B11,XIRR(Y3:Z20,W3:X20),"") | H13: =IF($B$9>0,$B$9,"") | L13: =IF($B$10=$B$11,H13-F13,"") | W13: =F13 -> 0 | X13: =H13 | Y13: =G13*(-1) -> 0 | Z13: =I13+J13 -> 0
A14: Terminas | B14: =IF(B10=B11,SUMPRODUCT(L3:L20,G3:G20)/SUM(G3:G20),"") | H14: =IF($B$9>0,$B$9,"") | L14: =IF($B$10=$B$11,H14-F14,"") | W14: =F14 -> 0 | X14: =H14 | Y14: =G14*(-1) -> 0 | Z14: =I14+J14 -> 0
H15: =IF($B$9>0,$B$9,"") | L15: =IF($B$10=$B$11,H15-F15,"") | W15: =F15 -> 0 | X15: =H15 | Y15: =G15*(-1) -> 0 | Z15: =I15+J15 -> 0
H16: =IF($B$9>0,$B$9,"") | L16: =IF($B$10=$B$11,H16-F16,"") | W16: =F16 -> 0 | X16: =H16 | Y16: =G16*(-1) -> 0 | Z16: =I16+J16 -> 0
H17: =IF($B$9>0,$B$9,"") | L17: =IF($B$10=$B$11,H17-F17,"") | W17: =F17 -> 0 | X17: =H17 | Y17: =G17*(-1) -> 0 | Z17: =I17+J17 -> 0
H18: =IF($B$9>0,$B$9,"") | L18: =IF($B$10=$B$11,H18-F18,"") | W18: =F18 -> 0 | X18: =H18 | Y18: =G18*(-1) -> 0 | Z18: =I18+J18 -> 0
H19: =IF($B$9>0,$B$9,"") | L19: =IF($B$10=$B$11,H19-F19,"") | W19: =F19 -> 0 | X19: =H19 | Y19: =G19*(-1) -> 0 | Z19: =I19+J19 -> 0
H20: =IF($B$9>0,$B$9,"") | L20: =IF($B$10=$B$11,H20-F20,"") | W20: =F20 -> 0 | X20: =H20 | Y20: =G20*(-1) -> 0 | Z20: =I20+J20 -> 0

Sheet R097
A1: Mortgage loan ID | B1: R097 | E1: Note | F1: Investuota | H1: Grąžinimas
A2: Pavadinimas | B2: House in Viladecavalls | F2: Data | G2: Suma | H2: Grąž. Data | I2: Paskola | J2: Palūkanos | K2: Pelnas | L2: Laikas
A3: PTV | B3: 0.64 | D3: 1 | E3: LV0000104909 | F3: 45825 | G3: 1.44 | H3: =IF($B$9>0,$B$9,"") | L3: =IF($B$10=$B$11,H3-F3,"") | W3: =F3 -> 45825 | X3: =H3 | Y3: =G3*(-1) -> -1.44 | Z3: =I3+J3 -> 0
A4: PDT | B4: 0.47 | D4: 2 | E4: LV0000104917 | F4: 45825 | G4: 1.51 | H4: =IF($B$9>0,$B$9,"") | L4: =IF($B$10=$B$11,H4-F4,"") | W4: =F4 -> 45825 | X4: =H4 | Y4: =G4*(-1) -> -1.51 | Z4: =I4+J4 -> 0
D5: 3 | E5: LV0000105054 | F5: 45832 | G5: 1.91 | H5: =IF($B$9>0,$B$9,"") | L5: =IF($B$10=$B$11,H5-F5,"") | W5: =F5 -> 45832 | X5: =H5 | Y5: =G5*(-1) -> -1.91 | Z5: =I5+J5 -> 0
H6: =IF($B$9>0,$B$9,"") | L6: =IF($B$10=$B$11,H6-F6,"") | W6: =F6 -> 0 | X6: =H6 | Y6: =G6*(-1) -> 0 | Z6: =I6+J6 -> 0
A7: Investuota | B7: =SUMPRODUCT(F3:F20,G3:G20)/SUM(G3:G20) -> 45827.751 | H7: =IF($B$9>0,$B$9,"") | L7: =IF($B$10=$B$11,H7-F7,"") | W7: =F7 -> 0 | X7: =H7 | Y7: =G7*(-1) -> 0 | Z7: =I7+J7 -> 0
A8: Paskolos pradžia | B8: 45740 | H8: =IF($B$9>0,$B$9,"") | L8: =IF($B$10=$B$11,H8-F8,"") | W8: =F8 -> 0 | X8: =H8 | Y8: =G8*(-1) -> 0 | Z8: =I8+J8 -> 0
A9: Paskola grąžinta | H9: =IF($B$9>0,$B$9,"") | L9: =IF($B$10=$B$11,H9-F9,"") | W9: =F9 -> 0 | X9: =H9 | Y9: =G9*(-1) -> 0 | Z9: =I9+J9 -> 0
A10: Investuota | B10: =SUM(G3:G20) -> 4.86 | H10: =IF($B$9>0,$B$9,"") | L10: =IF($B$10=$B$11,H10-F10,"") | W10: =F10 -> 0 | X10: =H10 | Y10: =G10*(-1) -> 0 | Z10: =I10+J10 -> 0
A11: Grąžinta | B11: =SUM(I3:I20) -> 0 | H11: =IF($B$9>0,$B$9,"") | L11: =IF($B$10=$B$11,H11-F11,"") | W11: =F11 -> 0 | X11: =H11 | Y11: =G11*(-1) -> 0 | Z11: =I11+J11 -> 0
A12: Palūkanos | B12: =SUM(J3:J20) -> 0 | H12: =IF($B$9>0,$B$9,"") | L12: =IF($B$10=$B$11,H12-F12,"") | W12: =F12 -> 0 | X12: =H12 | Y12: =G12*(-1) -> 0 | Z12: =I12+J12 -> 0
A13: XIRR | B13: =IF(B10=B11,XIRR(Y3:Z20,W3:X20),"") | H13: =IF($B$9>0,$B$9,"") | L13: =IF($B$10=$B$11,H13-F13,"") | W13: =F13 -> 0 | X13: =H13 | Y13: =G13*(-1) -> 0 | Z13: =I13+J13 -> 0
A14: Terminas | B14: =IF(B10=B11,SUMPRODUCT(L3:L20,G3:G20)/SUM(G3:G20),"") | H14: =IF($B$9>0,$B$9,"") | L14: =IF($B$10=$B$11,H14-F14,"") | W14: =F14 -> 0 | X14: =H14 | Y14: =G14*(-1) -> 0 | Z14: =I14+J14 -> 0
H15: =IF($B$9>0,$B$9,"") | L15: =IF($B$10=$B$11,H15-F15,"") | W15: =F15 -> 0 | X15: =H15 | Y15: =G15*(-1) -> 0 | Z15: =I15+J15 -> 0
H16: =IF($B$9>0,$B$9,"") | L16: =IF($B$10=$B$11,H16-F16,"") | W16: =F16 -> 0 | X16: =H16 | Y16: =G16*(-1) -> 0 | Z16: =I16+J16 -> 0
H17: =IF($B$9>0,$B$9,"") | L17: =IF($B$10=$B$11,H17-F17,"") | W17: =F17 -> 0 | X17: =H17 | Y17: =G17*(-1) -> 0 | Z17: =I17+J17 -> 0
H18: =IF($B$9>0,$B$9,"") | L18: =IF($B$10=$B$11,H18-F18,"") | W18: =F18 -> 0 | X18: =H18 | Y18: =G18*(-1) -> 0 | Z18: =I18+J18 -> 0
H19: =IF($B$9>0,$B$9,"") | L19: =IF($B$10=$B$11,H19-F19,"") | W19: =F19 -> 0 | X19: =H19 | Y19: =G19*(-1) -> 0 | Z19: =I19+J19 -> 0
H20: =IF($B$9>0,$B$9,"") | L20: =IF($B$10=$B$11,H20-F20,"") | W20: =F20 -> 0 | X20: =H20 | Y20: =G20*(-1) -> 0 | Z20: =I20+J20 -> 0

Sheet R098
A1: Mortgage loan ID | B1: R098 | E1: Note | F1: Investuota | H1: Grąžinimas
A2: Pavadinimas | B2: House, apartment and commercial premise in Barcelona | F2: Data | G2: Suma | H2: Grąž. Data | I2: Paskola | J2: Palūkanos | K2: Pelnas | L2: Laikas
A3: PTV | B3: 0.32 | D3: 1 | E3: LV0000105799 | F3: 45867 | G3: 1.97 | H3: =IF($B$9>0,$B$9,"") | L3: =IF($B$10=$B$11,H3-F3,"") | W3: =F3 -> 45867 | X3: =H3 | Y3: =G3*(-1) -> -1.97 | Z3: =I3+J3 -> 0
A4: PDT | B4: 0.76 | D4: 2 | E4: LV0000105807 | F4: 45867 | G4: 1.98 | H4: =IF($B$9>0,$B$9,"") | L4: =IF($B$10=$B$11,H4-F4,"") | W4: =F4 -> 45867 | X4: =H4 | Y4: =G4*(-1) -> -1.98 | Z4: =I4+J4 -> 0
D5: 3 | E5: LV0000105815 | F5: 45867 | G5: 2 | H5: =IF($B$9>0,$B$9,"") | L5: =IF($B$10=$B$11,H5-F5,"") | W5: =F5 -> 45867 | X5: =H5 | Y5: =G5*(-1) -> -2 | Z5: =I5+J5 -> 0
D6: 4 | E6: LV0000106102 | F6: 45888 | G6: 2 | H6: =IF($B$9>0,$B$9,"") | L6: =IF($B$10=$B$11,H6-F6,"") | W6: =F6 -> 45888 | X6: =H6 | Y6: =G6*(-1) -> -2 | Z6: =I6+J6 -> 0
A7: Investuota | B7: =SUMPRODUCT(F3:F20,G3:G20)/SUM(G3:G20) -> 45896.632 | D7: 5 | E7: LV0000106110 | F7: 45888 | G7: 2 | H7: =IF($B$9>0,$B$9,"") | L7: =IF($B$10=$B$11,H7-F7,"") | W7: =F7 -> 45888 | X7: =H7 | Y7: =G7*(-1) -> -2 | Z7: =I7+J7 -> 0
A8: Paskolos pradžia | B8: 45769 | D8: 6 | E8: LV0000106128 | F8: 45888 | G8: 2 | H8: =IF($B$9>0,$B$9,"") | L8: =IF($B$10=$B$11,H8-F8,"") | W8: =F8 -> 45888 | X8: =H8 | Y8: =G8*(-1) -> -2 | Z8: =I8+J8 -> 0
A9: Paskola grąžinta | D9: 7 | E9: LV0000106391 | F9: 45902 | G9: 1.98 | H9: =IF($B$9>0,$B$9,"") | L9: =IF($B$10=$B$11,H9-F9,"") | W9: =F9 -> 45902 | X9: =H9 | Y9: =G9*(-1) -> -1.98 | Z9: =I9+J9 -> 0
A10: Investuota | B10: =SUM(G3:G20) -> 25.99 | D10: 8 | E10: LV0000106409 | F10: 45902 | G10: 2 | H10: =IF($B$9>0,$B$9,"") | L10: =IF($B$10=$B$11,H10-F10,"") | W10: =F10 -> 45902 | X10: =H10 | Y10: =G10*(-1) -> -2 | Z10: =I10+J10 -> 0
A11: Grąžinta | B11: =SUM(I3:I20) -> 0 | D11: 9 | E11: LV0000106458 | F11: 45902 | G11: 1.98 | H11: =IF($B$9>0,$B$9,"") | L11: =IF($B$10=$B$11,H11-F11,"") | W11: =F11 -> 45902 | X11: =H11 | Y11: =G11*(-1) -> -1.98 | Z11: =I11+J11 -> 0
A12: Palūkanos | B12: =SUM(J3:J20) -> 0 | D12: 10 | E12: LV0000106557 | F12: 45909 | G12: 1.94 | H12: =IF($B$9>0,$B$9,"") | L12: =IF($B$10=$B$11,H12-F12,"") | W12: =F12 -> 45909 | X12: =H12 | Y12: =G12*(-1) -> -1.94 | Z12: =I12+J12 -> 0
A13: XIRR | B13: =IF(B10=B11,XIRR(Y3:Z20,W3:X20),"") | D13: 11 | E13: LV0000106565 | F13: 45909 | G13: 1.88 | H13: =IF($B$9>0,$B$9,"") | L13: =IF($B$10=$B$11,H13-F13,"") | W13: =F13 -> 45909 | X13: =H13 | Y13: =G13*(-1) -> -1.88 | Z13: =I13+J13 -> 0
A14: Terminas | B14: =IF(B10=B11,SUMPRODUCT(L3:L20,G3:G20)/SUM(G3:G20),"") | D14: 12 | E14: LV0000106573 | F14: 45909 | G14: 1.97 | H14: =IF($B$9>0,$B$9,"") | L14: =IF($B$10=$B$11,H14-F14,"") | W14: =F14 -> 45909 | X14: =H14 | Y14: =G14*(-1) -> -1.97 | Z14: =I14+J14 -> 0
D15: 13 | E15: LV0000107373 | F15: 45951 | G15: 2.29 | H15: =IF($B$9>0,$B$9,"") | L15: =IF($B$10=$B$11,H15-F15,"") | W15: =F15 -> 45951 | X15: =H15 | Y15: =G15*(-1) -> -2.29 | Z15: =I15+J15 -> 0
H16: =IF($B$9>0,$B$9,"") | L16: =IF($B$10=$B$11,H16-F16,"") | W16: =F16 -> 0 | X16: =H16 | Y16: =G16*(-1) -> 0 | Z16: =I16+J16 -> 0
H17: =IF($B$9>0,$B$9,"") | L17: =IF($B$10=$B$11,H17-F17,"") | W17: =F17 -> 0 | X17: =H17 | Y17: =G17*(-1) -> 0 | Z17: =I17+J17 -> 0
H18: =IF($B$9>0,$B$9,"") | L18: =IF($B$10=$B$11,H18-F18,"") | W18: =F18 -> 0 | X18: =H18 | Y18: =G18*(-1) -> 0 | Z18: =I18+J18 -> 0
H19: =IF($B$9>0,$B$9,"") | L19: =IF($B$10=$B$11,H19-F19,"") | W19: =F19 -> 0 | X19: =H19 | Y19: =G19*(-1) -> 0 | Z19: =I19+J19 -> 0
H20: =IF($B$9>0,$B$9,"") | L20: =IF($B$10=$B$11,H20-F20,"") | W20: =F20 -> 0 | X20: =H20 | Y20: =G20*(-1) -> 0 | Z20: =I20+J20 -> 0

Sheet R099
A1: Mortgage loan ID | B1: R099 | E1: Note | F1: Investuota | H1: Grąžinimas
A2: Pavadinimas | B2: Apartment in Barcelona | F2: Data | G2: Suma | H2: Grąž. Data | I2: Paskola | J2: Palūkanos | K2: Pelnas | L2: Laikas
A3: PTV | B3: 0.67 | D3: 1 | E3: LV0000105369 | F3: 45846 | G3: 1.33 | H3: =IF($B$9>0,$B$9,"") -> 45945 | I3: 1.33 | J3: 0.1 | K3: 0.2689 | L3: =IF($B$10=$B$11,H3-F3,"") -> 99 | W3: =F3 -> 45846 | X3: =H3 -> 45945 | Y3: =G3*(-1) -> -1.33 | Z3: =I3+J3 -> 1.43
A4: PDT | B4: 0.51 | D4: 2 | E4: LV0000105377 | F4: 45846 | G4: 1.31 | H4: =IF($B$9>0,$B$9,"") -> 45945 | I4: 1.31 | J4: 0.09 | K4: 0.2689 | L4: =IF($B$10=$B$11,H4-F4,"") -> 99 | W4: =F4 -> 45846 | X4: =H4 -> 45945 | Y4: =G4*(-1) -> -1.31 | Z4: =I4+J4 -> 1.4
D5: 3 | E5: LV0000105385 | F5: 45846 | G5: 1.33 | H5: =IF($B$9>0,$B$9,"") -> 45945 | I5: 1.33 | J5: 0.09 | K5: 0.2689 | L5: =IF($B$10=$B$11,H5-F5,"") -> 99 | W5: =F5 -> 45846 | X5: =H5 -> 45945 | Y5: =G5*(-1) -> -1.33 | Z5: =I5+J5 -> 1.42
W6: =F6 -> 0 | X6: =H6 -> 0 | Y6: =G6*(-1) -> 0 | Z6: =I6+J6 -> 0
A7: Investuota | B7: =SUMPRODUCT(F3:F20,G3:G20)/SUM(G3:G20) -> 45846 | W7: =F7 -> 0 | X7: =H7 -> 0 | Y7: =G7*(-1) -> 0 | Z7: =I7+J7 -> 0
A8: Paskolos pradžia | B8: 45769 | W8: =F8 -> 0 | X8: =H8 -> 0 | Y8: =G8*(-1) -> 0 | Z8: =I8+J8 -> 0
A9: Paskola grąžinta | B9: 45945 | W9: =F9 -> 0 | X9: =H9 -> 0 | Y9: =G9*(-1) -> 0 | Z9: =I9+J9 -> 0
A10: Investuota | B10: =SUM(G3:G20) -> 3.97 | W10: =F10 -> 0 | X10: =H10 -> 0 | Y10: =G10*(-1) -> 0 | Z10: =I10+J10 -> 0
A11: Grąžinta | B11: =SUM(I3:I20) -> 3.97 | W11: =F11 -> 0 | X11: =H11 -> 0 | Y11: =G11*(-1) -> 0 | Z11: =I11+J11 -> 0
A12: Palūkanos | B12: =SUM(J3:J20) -> 0.28 | W12: =F12 -> 0 | X12: =H12 -> 0 | Y12: =G12*(-1) -> 0 | Z12: =I12+J12 -> 0
A13: XIRR | B13: =IF(B10=B11,XIRR(Y3:Z20,W3:X20),"") -> 0.28565813 | W13: =F13 -> 0 | X13: =H13 -> 0 | Y13: =G13*(-1) -> 0 | Z13: =I13+J13 -> 0
A14: Terminas | B14: =IF(B10=B11,SUMPRODUCT(L3:L20,G3:G20)/SUM(G3:G20),"") -> 99 | W14: =F14 -> 0 | X14: =H14 -> 0 | Y14: =G14*(-1) -> 0 | Z14: =I14+J14 -> 0
W15: =F15 -> 0 | X15: =H15 -> 0 | Y15: =G15*(-1) -> 0 | Z15: =I15+J15 -> 0
W16: =F16 -> 0 | X16: =H16 -> 0 | Y16: =G16*(-1) -> 0 | Z16: =I16+J16 -> 0
W17: =F17 -> 0 | X17: =H17 -> 0 | Y17: =G17*(-1) -> 0 | Z17: =I17+J17 -> 0
W18: =F18 -> 0 | X18: =H18 -> 0 | Y18: =G18*(-1) -> 0 | Z18: =I18+J18 -> 0
W19: =F19 -> 0 | X19: =H19 -> 0 | Y19: =G19*(-1) -> 0 | Z19: =I19+J19 -> 0
W20: =F20 -> 0 | X20: =H20 -> 0 | Y20: =G20*(-1) -> 0 | Z20: =I20+J20 -> 0

Sheet R100
A1: Mortgage loan ID | B1: R100 | E1: Note | F1: Investuota | H1: Grąžinimas
A2: Pavadinimas | B2: House in Vacarisses | F2: Data | G2: Suma | H2: Grąž. Data | I2: Paskola | J2: Palūkanos | K2: Pelnas | L2: Laikas
A3: PTV | B3: 0.66 | D3: 1 | E3: LV0000105369 | F3: 45846 | G3: 1.82 | H3: =IF($B$9>0,$B$9,"") | L3: =IF($B$10=$B$11,H3-F3,"") | W3: =F3 -> 45846 | X3: =H3 | Y3: =G3*(-1) -> -1.82 | Z3: =I3+J3 -> 0
A4: PDT | B4: 0.48 | D4: 2 | E4: LV0000105377 | F4: 45846 | G4: 1.78 | H4: =IF($B$9>0,$B$9,"") | L4: =IF($B$10=$B$11,H4-F4,"") | W4: =F4 -> 45846 | X4: =H4 | Y4: =G4*(-1) -> -1.78 | Z4: =I4+J4 -> 0
D5: 3 | E5: LV0000105385 | F5: 45846 | G5: 1.81 | H5: =IF($B$9>0,$B$9,"") | L5: =IF($B$10=$B$11,H5-F5,"") | W5: =F5 -> 45846 | X5: =H5 | Y5: =G5*(-1) -> -1.81 | Z5: =I5+J5 -> 0
H6: =IF($B$9>0,$B$9,"") | L6: =IF($B$10=$B$11,H6-F6,"") | W6: =F6 -> 0 | X6: =H6 | Y6: =G6*(-1) -> 0 | Z6: =I6+J6 -> 0
A7: Investuota | B7: =SUMPRODUCT(F3:F20,G3:G20)/SUM(G3:G20) -> 45846 | H7: =IF($B$9>0,$B$9,"") | L7: =IF($B$10=$B$11,H7-F7,"") | W7: =F7 -> 0 | X7: =H7 | Y7: =G7*(-1) -> 0 | Z7: =I7+J7 -> 0
A8: Paskolos pradžia | B8: 45769 | H8: =IF($B$9>0,$B$9,"") | L8: =IF($B$10=$B$11,H8-F8,"") | W8: =F8 -> 0 | X8: =H8 | Y8: =G8*(-1) -> 0 | Z8: =I8+J8 -> 0
A9: Paskola grąžinta | H9: =IF($B$9>0,$B$9,"") | L9: =IF($B$10=$B$11,H9-F9,"") | W9: =F9 -> 0 | X9: =H9 | Y9: =G9*(-1) -> 0 | Z9: =I9+J9 -> 0
A10: Investuota | B10: =SUM(G3:G20) -> 5.41 | H10: =IF($B$9>0,$B$9,"") | L10: =IF($B$10=$B$11,H10-F10,"") | W10: =F10 -> 0 | X10: =H10 | Y10: =G10*(-1) -> 0 | Z10: =I10+J10 -> 0
A11: Grąžinta | B11: =SUM(I3:I20) -> 0 | H11: =IF($B$9>0,$B$9,"") | L11: =IF($B$10=$B$11,H11-F11,"") | W11: =F11 -> 0 | X11: =H11 | Y11: =G11*(-1) -> 0 | Z11: =I11+J11 -> 0
A12: Palūkanos | B12: =SUM(J3:J20) -> 0 | H12: =IF($B$9>0,$B$9,"") | L12: =IF($B$10=$B$11,H12-F12,"") | W12: =F12 -> 0 | X12: =H12 | Y12: =G12*(-1) -> 0 | Z12: =I12+J12 -> 0
A13: XIRR | B13: =IF(B10=B11,XIRR(Y3:Z20,W3:X20),"") | H13: =IF($B$9>0,$B$9,"") | L13: =IF($B$10=$B$11,H13-F13,"") | W13: =F13 -> 0 | X13: =H13 | Y13: =G13*(-1) -> 0 | Z13: =I13+J13 -> 0
A14: Terminas | B14: =IF(B10=B11,SUMPRODUCT(L3:L20,G3:G20)/SUM(G3:G20),"") | H14: =IF($B$9>0,$B$9,"") | L14: =IF($B$10=$B$11,H14-F14,"") | W14: =F14 -> 0 | X14: =H14 | Y14: =G14*(-1) -> 0 | Z14: =I14+J14 -> 0
H15: =IF($B$9>0,$B$9,"") | L15: =IF($B$10=$B$11,H15-F15,"") | W15: =F15 -> 0 | X15: =H15 | Y15: =G15*(-1) -> 0 | Z15: =I15+J15 -> 0
H16: =IF($B$9>0,$B$9,"") | L16: =IF($B$10=$B$11,H16-F16,"") | W16: =F16 -> 0 | X16: =H16 | Y16: =G16*(-1) -> 0 | Z16: =I16+J16 -> 0
H17: =IF($B$9>0,$B$9,"") | L17: =IF($B$10=$B$11,H17-F17,"") | W17: =F17 -> 0 | X17: =H17 | Y17: =G17*(-1) -> 0 | Z17: =I17+J17 -> 0
H18: =IF($B$9>0,$B$9,"") | L18: =IF($B$10=$B$11,H18-F18,"") | W18: =F18 -> 0 | X18: =H18 | Y18: =G18*(-1) -> 0 | Z18: =I18+J18 -> 0
H19: =IF($B$9>0,$B$9,"") | L19: =IF($B$10=$B$11,H19-F19,"") | W19: =F19 -> 0 | X19: =H19 | Y19: =G19*(-1) -> 0 | Z19: =I19+J19 -> 0
H20: =IF($B$9>0,$B$9,"") | L20: =IF($B$10=$B$11,H20-F20,"") | W20: =F20 -> 0 | X20: =H20 | Y20: =G20*(-1) -> 0 | Z20: =I20+J20 -> 0

Sheet R101
A1: Mortgage loan ID | B1: R101 | E1: Note | F1: Investuota | H1: Grąžinimas
A2: Pavadinimas | B2: Apartment and House in Lleida | F2: Data | G2: Suma | H2: Grąž. Data | I2: Paskola | J2: Palūkanos | K2: Pelnas | L2: Laikas
A3: PTV | B3: 0.64 | D3: 1 | E3: LV0000105369 | F3: 45846 | G3: 1.98 | H3: =IF($B$9>0,$B$9,"") | L3: =IF($B$10=$B$11,H3-F3,"") | W3: =F3 -> 45846 | X3: =H3 | Y3: =G3*(-1) -> -1.98 | Z3: =I3+J3 -> 0
A4: PDT | B4: 0.41 | D4: 2 | E4: LV0000105377 | F4: 45846 | G4: 1.99 | H4: =IF($B$9>0,$B$9,"") | L4: =IF($B$10=$B$11,H4-F4,"") | W4: =F4 -> 45846 | X4: =H4 | Y4: =G4*(-1) -> -1.99 | Z4: =I4+J4 -> 0
D5: 3 | E5: LV0000105385 | F5: 45846 | G5: 1.99 | H5: =IF($B$9>0,$B$9,"") | L5: =IF($B$10=$B$11,H5-F5,"") | W5: =F5 -> 45846 | X5: =H5 | Y5: =G5*(-1) -> -1.99 | Z5: =I5+J5 -> 0
D6: 4 | E6: LV0000105799 | F6: 45867 | G6: 0.99 | H6: =IF($B$9>0,$B$9,"") | L6: =IF($B$10=$B$11,H6-F6,"") | W6: =F6 -> 45867 | X6: =H6 | Y6: =G6*(-1) -> -0.99 | Z6: =I6+J6 -> 0
A7: Investuota | B7: =SUMPRODUCT(F3:F20,G3:G20)/SUM(G3:G20) -> 45853.766 | D7: 5 | E7: LV0000105815 | F7: 45867 | G7: 1.56 | H7: =IF($B$9>0,$B$9,"") | L7: =IF($B$10=$B$11,H7-F7,"") | W7: =F7 -> 45867 | X7: =H7 | Y7: =G7*(-1) -> -1.56 | Z7: =I7+J7 -> 0
A8: Paskolos pradžia | B8: 45769 | D8: 6 | E8: LV0000106458 | F8: 45902 | G8: 0.26 | H8: =IF($B$9>0,$B$9,"") | L8: =IF($B$10=$B$11,H8-F8,"") | W8: =F8 -> 45902 | X8: =H8 | Y8: =G8*(-1) -> -0.26 | Z8: =I8+J8 -> 0
A9: Paskola grąžinta | H9: =IF($B$9>0,$B$9,"") | L9: =IF($B$10=$B$11,H9-F9,"") | W9: =F9 -> 0 | X9: =H9 | Y9: =G9*(-1) -> 0 | Z9: =I9+J9 -> 0
A10: Investuota | B10: =SUM(G3:G20) -> 8.77 | H10: =IF($B$9>0,$B$9,"") | L10: =IF($B$10=$B$11,H10-F10,"") | W10: =F10 -> 0 | X10: =H10 | Y10: =G10*(-1) -> 0 | Z10: =I10+J10 -> 0
A11: Grąžinta | B11: =SUM(I3:I20) -> 0 | H11: =IF($B$9>0,$B$9,"") | L11: =IF($B$10=$B$11,H11-F11,"") | W11: =F11 -> 0 | X11: =H11 | Y11: =G11*(-1) -> 0 | Z11: =I11+J11 -> 0
A12: Palūkanos | B12: =SUM(J3:J20) -> 0 | H12: =IF($B$9>0,$B$9,"") | L12: =IF($B$10=$B$11,H12-F12,"") | W12: =F12 -> 0 | X12: =H12 | Y12: =G12*(-1) -> 0 | Z12: =I12+J12 -> 0
A13: XIRR | B13: =IF(B10=B11,XIRR(Y3:Z20,W3:X20),"") | H13: =IF($B$9>0,$B$9,"") | L13: =IF($B$10=$B$11,H13-F13,"") | W13: =F13 -> 0 | X13: =H13 | Y13: =G13*(-1) -> 0 | Z13: =I13+J13 -> 0
A14: Terminas | B14: =IF(B10=B11,SUMPRODUCT(L3:L20,G3:G20)/SUM(G3:G20),"") | H14: =IF($B$9>0,$B$9,"") | L14: =IF($B$10=$B$11,H14-F14,"") | W14: =F14 -> 0 | X14: =H14 | Y14: =G14*(-1) -> 0 | Z14: =I14+J14 -> 0
H15: =IF($B$9>0,$B$9,"") | L15: =IF($B$10=$B$11,H15-F15,"") | W15: =F15 -> 0 | X15: =H15 | Y15: =G15*(-1) -> 0 | Z15: =I15+J15 -> 0
H16: =IF($B$9>0,$B$9,"") | L16: =IF($B$10=$B$11,H16-F16,"") | W16: =F16 -> 0 | X16: =H16 | Y16: =G16*(-1) -> 0 | Z16: =I16+J16 -> 0
H17: =IF($B$9>0,$B$9,"") | L17: =IF($B$10=$B$11,H17-F17,"") | W17: =F17 -> 0 | X17: =H17 | Y17: =G17*(-1) -> 0 | Z17: =I17+J17 -> 0
H18: =IF($B$9>0,$B$9,"") | L18: =IF($B$10=$B$11,H18-F18,"") | W18: =F18 -> 0 | X18: =H18 | Y18: =G18*(-1) -> 0 | Z18: =I18+J18 -> 0
H19: =IF($B$9>0,$B$9,"") | L19: =IF($B$10=$B$11,H19-F19,"") | W19: =F19 -> 0 | X19: =H19 | Y19: =G19*(-1) -> 0 | Z19: =I19+J19 -> 0
H20: =IF($B$9>0,$B$9,"") | L20: =IF($B$10=$B$11,H20-F20,"") | W20: =F20 -> 0 | X20: =H20 | Y20: =G20*(-1) -> 0 | Z20: =I20+J20 -> 0

Sheet R102
A1: Mortgage loan ID | B1: R102 | E1: Note | F1: Investuota | H1: Grąžinimas
A2: Pavadinimas | B2: Apartment on Carrer de l'Harmonia | F2: Data | G2: Suma | H2: Grąž. Data | I2: Paskola | J2: Palūkanos | K2: Pelnas | L2: Laikas
A3: PTV | B3: 0.58 | D3: 1 | E3: LV0000105369 | F3: 45846 | G3: 1.78 | H3: =IF($B$9>0,$B$9,"") | L3: =IF($B$10=$B$11,H3-F3,"") | W3: =F3 -> 45846 | X3: =H3 | Y3: =G3*(-1) -> -1.78 | Z3: =I3+J3 -> 0
A4: PDT | B4: 0.79 | D4: 2 | E4: LV0000105377 | F4: 45846 | G4: 1.74 | H4: =IF($B$9>0,$B$9,"") | L4: =IF($B$10=$B$11,H4-F4,"") | W4: =F4 -> 45846 | X4: =H4 | Y4: =G4*(-1) -> -1.74 | Z4: =I4+J4 -> 0
D5: 3 | E5: LV0000105385 | F5: 45846 | G5: 1.78 | H5: =IF($B$9>0,$B$9,"") | L5: =IF($B$10=$B$11,H5-F5,"") | W5: =F5 -> 45846 | X5: =H5 | Y5: =G5*(-1) -> -1.78 | Z5: =I5+J5 -> 0
H6: =IF($B$9>0,$B$9,"") | L6: =IF($B$10=$B$11,H6-F6,"") | W6: =F6 -> 0 | X6: =H6 | Y6: =G6*(-1) -> 0 | Z6: =I6+J6 -> 0
A7: Investuota | B7: =SUMPRODUCT(F3:F20,G3:G20)/SUM(G3:G20) -> 45846 | H7: =IF($B$9>0,$B$9,"") | L7: =IF($B$10=$B$11,H7-F7,"") | W7: =F7 -> 0 | X7: =H7 | Y7: =G7*(-1) -> 0 | Z7: =I7+J7 -> 0
A8: Paskolos pradžia | B8: 45769 | H8: =IF($B$9>0,$B$9,"") | L8: =IF($B$10=$B$11,H8-F8,"") | W8: =F8 -> 0 | X8: =H8 | Y8: =G8*(-1) -> 0 | Z8: =I8+J8 -> 0
A9: Paskola grąžinta | H9: =IF($B$9>0,$B$9,"") | L9: =IF($B$10=$B$11,H9-F9,"") | W9: =F9 -> 0 | X9: =H9 | Y9: =G9*(-1) -> 0 | Z9: =I9+J9 -> 0
A10: Investuota | B10: =SUM(G3:G20) -> 5.3 | H10: =IF($B$9>0,$B$9,"") | L10: =IF($B$10=$B$11,H10-F10,"") | W10: =F10 -> 0 | X10: =H10 | Y10: =G10*(-1) -> 0 | Z10: =I10+J10 -> 0
A11: Grąžinta | B11: =SUM(I3:I20) -> 0 | H11: =IF($B$9>0,$B$9,"") | L11: =IF($B$10=$B$11,H11-F11,"") | W11: =F11 -> 0 | X11: =H11 | Y11: =G11*(-1) -> 0 | Z11: =I11+J11 -> 0
A12: Palūkanos | B12: =SUM(J3:J20) -> 0 | H12: =IF($B$9>0,$B$9,"") | L12: =IF($B$10=$B$11,H12-F12,"") | W12: =F12 -> 0 | X12: =H12 | Y12: =G12*(-1) -> 0 | Z12: =I12+J12 -> 0
A13: XIRR | B13: =IF(B10=B11,XIRR(Y3:Z20,W3:X20),"") | H13: =IF($B$9>0,$B$9,"") | L13: =IF($B$10=$B$11,H13-F13,"") | W13: =F13 -> 0 | X13: =H13 | Y13: =G13*(-1) -> 0 | Z13: =I13+J13 -> 0
A14: Terminas | B14: =IF(B10=B11,SUMPRODUCT(L3:L20,G3:G20)/SUM(G3:G20),"") | H14: =IF($B$9>0,$B$9,"") | L14: =IF($B$10=$B$11,H14-F14,"") | W14: =F14 -> 0 | X14: =H14 | Y14: =G14*(-1) -> 0 | Z14: =I14+J14 -> 0
H15: =IF($B$9>0,$B$9,"") | L15: =IF($B$10=$B$11,H15-F15,"") | W15: =F15 -> 0 | X15: =H15 | Y15: =G15*(-1) -> 0 | Z15: =I15+J15 -> 0
H16: =IF($B$9>0,$B$9,"") | L16: =IF($B$10=$B$11,H16-F16,"") | W16: =F16 -> 0 | X16: =H16 | Y16: =G16*(-1) -> 0 | Z16: =I16+J16 -> 0
H17: =IF($B$9>0,$B$9,"") | L17: =IF($B$10=$B$11,H17-F17,"") | W17: =F17 -> 0 | X17: =H17 | Y17: =G17*(-1) -> 0 | Z17: =I17+J17 -> 0
H18: =IF($B$9>0,$B$9,"") | L18: =IF($B$10=$B$11,H18-F18,"") | W18: =F18 -> 0 | X18: =H18 | Y18: =G18*(-1) -> 0 | Z18: =I18+J18 -> 0
H19: =IF($B$9>0,$B$9,"") | L19: =IF($B$10=$B$11,H19-F19,"") | W19: =F19 -> 0 | X19: =H19 | Y19: =G19*(-1) -> 0 | Z19: =I19+J19 -> 0
H20: =IF($B$9>0,$B$9,"") | L20: =IF($B$10=$B$11,H20-F20,"") | W20: =F20 -> 0 | X20: =H20 | Y20: =G20*(-1) -> 0 | Z20: =I20+J20 -> 0

Sheet R103
A1: Mortgage loan ID | B1: R103 | E1: Note | F1: Investuota | H1: Grąžinimas
A2: Pavadinimas | B2: Apartment in Calafell | F2: Data | G2: Suma | H2: Grąž. Data | I2: Paskola | J2: Palūkanos | K2: Pelnas | L2: Laikas
A3: PTV | B3: 0.64 | D3: 1 | E3: LV0000105369 | F3: 45846 | G3: 1.5 | H3: =IF($B$9>0,$B$9,"") | L3: =IF($B$10=$B$11,H3-F3,"") | W3: =F3 -> 45846 | X3: =H3 | Y3: =G3*(-1) -> -1.5 | Z3: =I3+J3 -> 0
A4: PDT | B4: 0.59 | D4: 2 | E4: LV0000105377 | F4: 45846 | G4: 1.46 | H4: =IF($B$9>0,$B$9,"") | L4: =IF($B$10=$B$11,H4-F4,"") | W4: =F4 -> 45846 | X4: =H4 | Y4: =G4*(-1) -> -1.46 | Z4: =I4+J4 -> 0
D5: 3 | E5: LV0000105385 | F5: 45846 | G5: 1.49 | H5: =IF($B$9>0,$B$9,"") | L5: =IF($B$10=$B$11,H5-F5,"") | W5: =F5 -> 45846 | X5: =H5 | Y5: =G5*(-1) -> -1.49 | Z5: =I5+J5 -> 0
H6: =IF($B$9>0,$B$9,"") | L6: =IF($B$10=$B$11,H6-F6,"") | W6: =F6 -> 0 | X6: =H6 | Y6: =G6*(-1) -> 0 | Z6: =I6+J6 -> 0
A7: Investuota | B7: =SUMPRODUCT(F3:F20,G3:G20)/SUM(G3:G20) -> 45846 | H7: =IF($B$9>0,$B$9,"") | L7: =IF($B$10=$B$11,H7-F7,"") | W7: =F7 -> 0 | X7: =H7 | Y7: =G7*(-1) -> 0 | Z7: =I7+J7 -> 0
A8: Paskolos pradžia | B8: 45769 | H8: =IF($B$9>0,$B$9,"") | L8: =IF($B$10=$B$11,H8-F8,"") | W8: =F8 -> 0 | X8: =H8 | Y8: =G8*(-1) -> 0 | Z8: =I8+J8 -> 0
A9: Paskola grąžinta | H9: =IF($B$9>0,$B$9,"") | L9: =IF($B$10=$B$11,H9-F9,"") | W9: =F9 -> 0 | X9: =H9 | Y9: =G9*(-1) -> 0 | Z9: =I9+J9 -> 0
A10: Investuota | B10: =SUM(G3:G20) -> 4.45 | H10: =IF($B$9>0,$B$9,"") | L10: =IF($B$10=$B$11,H10-F10,"") | W10: =F10 -> 0 | X10: =H10 | Y10: =G10*(-1) -> 0 | Z10: =I10+J10 -> 0
A11: Grąžinta | B11: =SUM(I3:I20) -> 0 | H11: =IF($B$9>0,$B$9,"") | L11: =IF($B$10=$B$11,H11-F11,"") | W11: =F11 -> 0 | X11: =H11 | Y11: =G11*(-1) -> 0 | Z11: =I11+J11 -> 0
A12: Palūkanos | B12: =SUM(J3:J20) -> 0 | H12: =IF($B$9>0,$B$9,"") | L12: =IF($B$10=$B$11,H12-F12,"") | W12: =F12 -> 0 | X12: =H12 | Y12: =G12*(-1) -> 0 | Z12: =I12+J12 -> 0
A13: XIRR | B13: =IF(B10=B11,XIRR(Y3:Z20,W3:X20),"") | H13: =IF($B$9>0,$B$9,"") | L13: =IF($B$10=$B$11,H13-F13,"") | W13: =F13 -> 0 | X13: =H13 | Y13: =G13*(-1) -> 0 | Z13: =I13+J13 -> 0
A14: Terminas | B14: =IF(B10=B11,SUMPRODUCT(L3:L20,G3:G20)/SUM(G3:G20),"") | H14: =IF($B$9>0,$B$9,"") | L14: =IF($B$10=$B$11,H14-F14,"") | W14: =F14 -> 0 | X14: =H14 | Y14: =G14*(-1) -> 0 | Z14: =I14+J14 -> 0
H15: =IF($B$9>0,$B$9,"") | L15: =IF($B$10=$B$11,H15-F15,"") | W15: =F15 -> 0 | X15: =H15 | Y15: =G15*(-1) -> 0 | Z15: =I15+J15 -> 0
H16: =IF($B$9>0,$B$9,"") | L16: =IF($B$10=$B$11,H16-F16,"") | W16: =F16 -> 0 | X16: =H16 | Y16: =G16*(-1) -> 0 | Z16: =I16+J16 -> 0
H17: =IF($B$9>0,$B$9,"") | L17: =IF($B$10=$B$11,H17-F17,"") | W17: =F17 -> 0 | X17: =H17 | Y17: =G17*(-1) -> 0 | Z17: =I17+J17 -> 0
H18: =IF($B$9>0,$B$9,"") | L18: =IF($B$10=$B$11,H18-F18,"") | W18: =F18 -> 0 | X18: =H18 | Y18: =G18*(-1) -> 0 | Z18: =I18+J18 -> 0
