Workbook

Sheet Investavimas
A1: Data | B1: SEB Fondai | E1: SEB Mikro | H1: SEB Robo | K1: Revolut Brokerage | N1: Revolut Robo | Q1: Synergy | T1: Profitus | W1: Nordstreet | Z1: Indemo | AC1: Crowdpear | AF1: Scramble | AI1: Nectaro | AL1: Debitum | AO1: Viainvest | AR1: Rontgen | AU1: Afranga | AX1: Lendermarket | BA1: Loanch | BD1: Peerberry | BG1: Income | BJ1: Lande | BM1: Twino | BQ1: Fondai | BY1: P2P | CG1: Viso
B2: Investuota | C2: Vertė | D2: % | E2: Investuota | F2: Vertė | G2: % | H2: Investuota | I2: Vertė | J2: % | K2: Investuota | L2: Vertė | M2: % | N2: Investuota | O2: Vertė | P2: % | Q2: Investuota | R2: Vertė | S2: % | T2: Investuota | U2: Vertė | V2: % | W2: Investuota | X2: Vertė | Y2: % | Z2: Investuota | AA2: Vertė | AB2: % | AC2: Investuota | AD2: Vertė | AE2: % | AF2: Įnešta | AG2: Vertė | AH2: % | AI2: Įnešta | AJ2: Vertė | AK2: % | AL2: Įnešta | AM2: Vertė | AN2: % | AO2: Įnešta | AP2: Vertė | AQ2: % | AR2: Įnešta | AS2: Vertė | AT2: % | AU2: Įnešta | AV2: Vertė | AW2: % | AX2: Įnešta | AY2: Vertė | AZ2: % | BA2: Įnešta | BB2: Vertė | BC2: % | BD2: Įnešta | BE2: Vertė | BF2: % | BG2: Įnešta | BH2: Vertė | BI2: % | BJ2: Įnešta | BK2: Vertė | BL2: % | BM2: Įnešta | BN2: Vertė | BO2: % | BQ2: Data | BR2: Įnešta | BS2: Per mėn. | BT2: Vertė | BU2: Prieaugis | BV2: % | BW2: Per mėn. | BY2: Data | BZ2: Įnešta | CA2: Per mėn. | CB2: Vertė | CC2: Prieaugis | CD2: % | CE2: Per mėn. | CG2: Data | CH2: Įnešta | CI2: Per mėn. | CJ2: Vertė | CK2: Prieaugis | CL2: % | CM2: Per mėn. | CO2: =A1 -> Data | CP2: =B1 -> SEB Fondai | CQ2: =E1 -> SEB Mikro | CR2: =H1 -> SEB Robo | CS2: =K1 -> Revolut Brokerage | CT2: =N1 -> Revolut Robo | CU2: =Q1 -> Synergy | CV2: =T1 -> Profitus | CW2: =W1 -> Nordstreet | CX2: =Z1 -> Indemo | CY2: =AC1 -> Crowdpear | CZ2: =AF1 -> Scramble | DA2: =AI1 -> Nectaro | DB2: =AL1 -> Debitum | DC2: =AO1 -> Viainvest | DD2: =AR1 -> Rontgen | DE2: =AU1 -> Afranga | DF2: =AX1 -> Lendermarket | DG2: =BA1 -> Loanch | DH2: =BD1 -> Peerberry | DI2: =BG1 -> Income | DJ2: =BJ1 -> Lande | DK2: =BM1 -> Twino
A3: 44377 | B3: 63 | C3: 62.88 | D3: =(C3-B3)/B3 -> -0.0019047619 | E3: 0 | F3: 0 | G3: 0 | H3: 0 | I3: 0 | J3: 0 | K3: 0 | L3: 0 | M3: 0 | N3: 0 | O3: 0 | P3: 0 | Q3: 0 | R3: 0 | S3: 0 | T3: 0 | U3: 0 | V3: 0 | W3: 0 | X3: 0 | Y3: 0 | Z3: 0 | AA3: 0 | AB3: 0 | AC3: 0 | AD3: 0 | AE3: 0 | AF3: 0 | AG3: 0 | AH3: 0 | AI3: 0 | AJ3: 0 | AK3: 0 | AL3: 0 | AM3: 0 | AN3: 0 | AO3: 0 | AP3: 0 | AQ3: 0 | AR3: 0 | AS3: 0 | AT3: 0 | AU3: 0 | AV3: 0 | AW3: 0 | AX3: 0 | AY3: 0 | AZ3: 0 | BA3: 0 | BB3: 0 | BC3: 0 | BD3: 0 | BE3: 0 | BF3: 0 | BG3: 0 | BH3: 0 | BI3: 0 | BJ3: 0 | BK3: 0 | BL3: 0 | BM3: 0 | BN3: 0 | BO3: 0 | BQ3: 44378 | BR3: =B3+E3+H3+K3+N3+Q3 -> 63 | BS3: 63 | BT3: =C3+F3+I3+L3+O3+R3 -> 62.88 | BU3: =BT3-BR3 -> -0.12 | BV3: =BU3/BR3 -> -0.0019047619 | BW3: =BU3 -> -0.12 | BY3: =A3 -> 44377 | BZ3: =Z3+T3+AC3+W3+AR3+AF3+AI3+AL3+AO3+AU3+AX3+BA3+BD3+BG3+BJ3+BM3 -> 0 | CA3: 0 | CB3: =AA3+U3+AD3+X3+AS3+AG3+AJ3+AM3+AP3+AV3+AY3+BB3+BE3 -> 0 | CC3: =CB3-BZ3 -> 0 | CD3: 0 | CE3: =CC3 -> 0 | CG3: =A3 -> 44377 | CH3: =BR3+BZ3 -> 63 | CI3: =BS3+CA3 -> 63 | CJ3: =BT3+CB3 -> 62.88 | CK3: =CJ3-CH3 -> -0.12 | CL3: =CK3/CH3 -> -0.0019047619 | CM3: =CK3 -> -0.12 | CO3: =A3 -> 44377 | CP3: =(C3-B3) -> -0.12 | CQ3: =(F3-E3) -> 0 | CR3: =(I3-H3) -> 0 | CS3: =(L3-K3) -> 0 | CT3: =O3-N3 -> 0 | CU3: =R3-Q3 -> 0 | CV3: =U3-T3 -> 0 | CW3: =X3-W3 -> 0 | CX3: =AA3-Z3 -> 0 | CY3: =AD3-AC3 -> 0 | CZ3: =AG3-AF3 -> 0 | DA3: =AJ3-AI3 -> 0 | DB3: =AM3-AL3 -> 0 | DC3: =AP3-AO3 -> 0 | DD3: =AS3-AR3 -> 0 | DE3: =(AV3-AU3) -> 0 | DF3: =(AY3-AX3) -> 0 | DG3: =(BB3-BA3) -> 0 | DH3: =(BE3-BD3) -> 0 | DI3: =(BH3-BG3) -> 0 | DJ3: =(BK3-BJ3) -> 0 | DK3: =(BN3-BM3) -> 0
A4: 44408 | B4: 81 | C4: 82.3 | D4: =(C4-B4)/B4 -> 0.016049383 | E4: 0 | F4: 0 | G4: 0 | H4: 0 | I4: 0 | J4: 0 | K4: 0 | L4: 0 | M4: 0 | N4: 0 | O4: 0 | P4: 0 | Q4: 0 | R4: 0 | S4: 0 | T4: 0 | U4: 0 | V4: 0 | W4: 0 | X4: 0 | Y4: 0 | Z4: 0 | AA4: 0 | AB4: 0 | AC4: 0 | AD4: 0 | AE4: 0 | AF4: 0 | AG4: 0 | AH4: 0 | AI4: 0 | AJ4: 0 | AK4: 0 | AL4: 0 | AM4: 0 | AN4: 0 | AO4: 0 | AP4: 0 | AQ4: 0 | AR4: 0 | AS4: 0 | AT4: 0 | AU4: 0 | AV4: 0 | AW4: 0 | AX4: 0 | AY4: 0 | AZ4: 0 | BA4: 0 | BB4: 0 | BC4: 0 | BD4: 0 | BE4: 0 | BF4: 0 | BG4: 0 | BH4: 0 | BI4: 0 | BJ4: 0 | BK4: 0 | BL4: 0 | BM4: 0 | BN4: 0 | BO4: 0 | BQ4: =A4 -> 44408 | BR4: =B4+E4+H4+K4+N4+Q4 -> 81 | BS4: =BR4-BR3 -> 18 | BT4: =C4+F4+I4+L4+O4+R4 -> 82.3 | BU4: =BT4-BR4 -> 1.3 | BV4: =BU4/BR4 -> 0.016049383 | BW4: =BU4-BU3 -> 1.42 | BY4: =A4 -> 44408 | BZ4: =Z4+T4+AC4+W4+AR4+AF4+AI4+AL4+AO4+AU4+AX4+BA4+BD4+BG4+BJ4+BM4 -> 0 | CA4: =BZ4-BZ3 -> 0 | CB4: =AA4+U4+AD4+X4+AS4+AG4+AJ4+AM4+AP4+AV4+AY4+BB4+BE4 -> 0 | CC4: =CB4-BZ4 -> 0 | CD4: 0 | CE4: =CC4-CC3 -> 0 | CG4: =A4 -> 44408 | CH4: =BR4+BZ4 -> 81 | CI4: =BS4+CA4 -> 18 | CJ4: =BT4+CB4 -> 82.3 | CK4: =CJ4-CH4 -> 1.3 | CL4: =CK4/CH4 -> 0.016049383 | CM4: =CK4-CK3 -> 1.42 | CO4: =A4 -> 44408 | CP4: =(C4-B4)-(C3-B3) -> 1.42 | CQ4: =(F4-E4)-(F3-E3) -> 0 | CR4: =(I4-H4)-(I3-H3) -> 0 | CS4: =(L4-K4)-(L3-K3) -> 0 | CT4: =(O4-N4)-(O3-N3) -> 0 | CU4: =(R4-Q4)-(R3-Q3) -> 0 | CV4: =(U4-T4)-(U3-T3) -> 0 | CW4: =(X4-W4)-(X3-W3) -> 0 | CX4: =(AA4-Z4)-(AA3-Z3) -> 0 | CY4: =(AD4-AC4)-(AD3-AC3) -> 0 | CZ4: =(AG4-AF4)-(AG3-AF3) -> 0 | DA4: =(AJ4-AI4)-(AJ3-AI3) -> 0 | DB4: =(AM4-AL4)-(AM3-AL3) -> 0 | DC4: =(AP4-AO4)-(AP3-AO3) -> 0 | DD4: =(AS4-AR4)-(AS3-AR3) -> 0 | DE4: =(AV4-AU4)-(AV3-AU3) -> 0 | DF4: =(AY4-AX4)-(AY3-AX3) -> 0 | DG4: =(BB4-BA4)-(BB3-BA3) -> 0 | DH4: =(BE4-BD4)-(BE3-BD3) -> 0 | DI4: =(BH4-BG4)-(BH3-BG3) -> 0 | DJ4: =(BK4-BJ4)-(BK3-BJ3) -> 0 | DK4: =(BN4-BM4)-(BN3-BM3) -> 0
A5: 44439 | B5: 97 | C5: 98.79 | D5: =(C5-B5)/B5 -> 0.018453608 | E5: 0 | F5: 0 | G5: 0 | H5: 0 | I5: 0 | J5: 0 | K5: 0 | L5: 0 | M5: 0 | N5: 0 | O5: 0 | P5: 0 | Q5: 0 | R5: 0 | S5: 0 | T5: 0 | U5: 0 | V5: 0 | W5: 0 | X5: 0 | Y5: 0 | Z5: 0 | AA5: 0 | AB5: 0 | AC5: 0 | AD5: 0 | AE5: 0 | AF5: 0 | AG5: 0 | AH5: 0 | AI5: 0 | AJ5: 0 | AK5: 0 | AL5: 0 | AM5: 0 | AN5: 0 | AO5: 0 | AP5: 0 | AQ5: 0 | AR5: 0 | AS5: 0 | AT5: 0 | AU5: 0 | AV5: 0 | AW5: 0 | AX5: 0 | AY5: 0 | AZ5: 0 | BA5: 0 | BB5: 0 | BC5: 0 | BD5: 0 | BE5: 0 | BF5: 0 | BG5: 0 | BH5: 0 | BI5: 0 | BJ5: 0 | BK5: 0 | BL5: 0 | BM5: 0 | BN5: 0 | BO5: 0 | BQ5: =A5 -> 44439 | BR5: =B5+E5+H5+K5+N5+Q5 -> 97 | BS5: =BR5-BR4 -> 16 | BT5: =C5+F5+I5+L5+O5+R5 -> 98.79 | BU5: =BT5-BR5 -> 1.79 | BV5: =BU5/BR5 -> 0.018453608 | BW5: =BU5-BU4 -> 0.49 | BY5: =A5 -> 44439 | BZ5: =Z5+T5+AC5+W5+AR5+AF5+AI5+AL5+AO5+AU5+AX5+BA5+BD5+BG5+BJ5+BM5 -> 0 | CA5: =BZ5-BZ4 -> 0 | CB5: =AA5+U5+AD5+X5+AS5+AG5+AJ5+AM5+AP5+AV5+AY5+BB5+BE5+BG5+BK5+BM5 -> 0 | CC5: =CB5-BZ5 -> 0 | CD5: 0 | CE5: =CC5-CC4 -> 0 | CG5: =A5 -> 44439 | CH5: =BR5+BZ5 -> 97 | CI5: =BS5+CA5 -> 16 | CJ5: =BT5+CB5 -> 98.79 | CK5: =CJ5-CH5 -> 1.79 | CL5: =CK5/CH5 -> 0.018453608 | CM5: =CK5-CK4 -> 0.49 | CO5: =A5 -> 44439 | CP5: =(C5-B5)-(C4-B4) -> 0.49 | CQ5: =(F5-E5)-(F4-E4) -> 0 | CR5: =(I5-H5)-(I4-H4) -> 0 | CS5: =(L5-K5)-(L4-K4) -> 0 | CT5: =(O5-N5)-(O4-N4) -> 0 | CU5: =(R5-Q5)-(R4-Q4) -> 0 | CV5: =(U5-T5)-(U4-T4) -> 0 | CW5: =(X5-W5)-(X4-W4) -> 0 | CX5: =(AA5-Z5)-(AA4-Z4) -> 0 | CY5: =(AD5-AC5)-(AD4-AC4) -> 0 | CZ5: =(AG5-AF5)-(AG4-AF4) -> 0 | DA5: =(AJ5-AI5)-(AJ4-AI4) -> 0 | DB5: =(AM5-AL5)-(AM4-AL4) -> 0 | DC5: =(AP5-AO5)-(AP4-AO4) -> 0 | DD5: =(AS5-AR5)-(AS4-AR4) -> 0 | DE5: =(AV5-AU5)-(AV4-AU4) -> 0 | DF5: =(AY5-AX5)-(AY4-AX4) -> 0 | DG5: =(BB5-BA5)-(BB4-BA4) -> 0 | DH5: =(BE5-BD5)-(BE4-BD4) -> 0 | DI5: =(BH5-BG5)-(BH4-BG4) -> 0 | DJ5: =(BK5-BJ5)-(BK4-BJ4) -> 0 | DK5: =(BN5-BM5)-(BN4-BM4) -> 0
A6: 44469 | B6: 153 | C6: 154.27 | D6: =(C6-B6)/B6 -> 0.0083006536 | E6: 0 | F6: 0 | G6: 0 | H6: 0 | I6: 0 | J6: 0 | K6: 0 | L6: 0 | M6: 0 | N6: 0 | O6: 0 | P6: 0 | Q6: 0 | R6: 0 | S6: 0 | T6: 0 | U6: 0 | V6: 0 | W6: 0 | X6: 0 | Y6: 0 | Z6: 0 | AA6: 0 | AB6: 0 | AC6: 0 | AD6: 0 | AE6: 0 | AF6: 0 | AG6: 0 | AH6: 0 | AI6: 0 | AJ6: 0 | AK6: 0 | AL6: 0 | AM6: 0 | AN6: 0 | AO6: 0 | AP6: 0 | AQ6: 0 | AR6: 0 | AS6: 0 | AT6: 0 | AU6: 0 | AV6: 0 | AW6: 0 | AX6: 0 | AY6: 0 | AZ6: 0 | BA6: 0 | BB6: 0 | BC6: 0 | BD6: 0 | BE6: 0 | BF6: 0 | BG6: 0 | BH6: 0 | BI6: 0 | BJ6: 0 | BK6: 0 | BL6: 0 | BM6: 0 | BN6: 0 | BO6: 0 | BQ6: =A6 -> 44469 | BR6: =B6+E6+H6+K6+N6+Q6 -> 153 | BS6: =BR6-BR5 -> 56 | BT6: =C6+F6+I6+L6+O6+R6 -> 154.27 | BU6: =BT6-BR6 -> 1.27 | BV6: =BU6/BR6 -> 0.0083006536 | BW6: =BU6-BU5 -> -0.52 | BY6: =A6 -> 44469 | BZ6: =Z6+T6+AC6+W6+AR6+AF6+AI6+AL6+AO6+AU6+AX6+BA6+BD6+BG6+BJ6+BM6 -> 0 | CA6: =BZ6-BZ5 -> 0 | CB6: =AA6+U6+AD6+X6+AS6+AG6+AJ6+AM6+AP6+AV6+AY6+BB6+BE6+BG6+BK6+BM6 -> 0 | CC6: =CB6-BZ6 -> 0 | CD6: 0 | CE6: =CC6-CC5 -> 0 | CG6: =A6 -> 44469 | CH6: =BR6+BZ6 -> 153 | CI6: =BS6+CA6 -> 56 | CJ6: =BT6+CB6 -> 154.27 | CK6: =CJ6-CH6 -> 1.27 | CL6: 0 | CM6: =CK6-CK5 -> -0.52 | CO6: =A6 -> 44469 | CP6: =(C6-B6)-(C5-B5) -> -0.52 | CQ6: =(F6-E6)-(F5-E5) -> 0 | CR6: =(I6-H6)-(I5-H5) -> 0 | CS6: =(L6-K6)-(L5-K5) -> 0 | CT6: =(O6-N6)-(O5-N5) -> 0 | CU6: =(R6-Q6)-(R5-Q5) -> 0 | CV6: =(U6-T6)-(U5-T5) -> 0 | CW6: =(X6-W6)-(X5-W5) -> 0 | CX6: =(AA6-Z6)-(AA5-Z5) -> 0 | CY6: =(AD6-AC6)-(AD5-AC5) -> 0 | CZ6: =(AG6-AF6)-(AG5-AF5) -> 0 | DA6: =(AJ6-AI6)-(AJ5-AI5) -> 0 | DB6: =(AM6-AL6)-(AM5-AL5) -> 0 | DC6: =(AP6-AO6)-(AP5-AO5) -> 0 | DD6: =(AS6-AR6)-(AS5-AR5) -> 0 | DE6: =(AV6-AU6)-(AV5-AU5) -> 0 | DF6: =(AY6-AX6)-(AY5-AX5) -> 0 | DG6: =(BB6-BA6)-(BB5-BA5) -> 0 | DH6: =(BE6-BD6)-(BE5-BD5) -> 0 | DI6: =(BH6-BG6)-(BH5-BG5) -> 0 | DJ6: =(BK6-BJ6)-(BK5-BJ5) -> 0 | DK6: =(BN6-BM6)-(BN5-BM5) -> 0
A7: 44500 | B7: 190 | C7: 189.71 | D7: =(C7-B7)/B7 -> -0.0015263158 | E7: 0 | F7: 0 | G7: 0 | H7: 0 | I7: 0 | J7: 0 | K7: 0 | L7: 0 | M7: 0 | N7: 0 | O7: 0 | P7: 0 | Q7: 0 | R7: 0 | S7: 0 | T7: 0 | U7: 0 | V7: 0 | W7: 0 | X7: 0 | Y7: 0 | Z7: 0 | AA7: 0 | AB7: 0 | AC7: 0 | AD7: 0 | AE7: 0 | AF7: 0 | AG7: 0 | AH7: 0 | AI7: 0 | AJ7: 0 | AK7: 0 | AL7: 0 | AM7: 0 | AN7: 0 | AO7: 0 | AP7: 0 | AQ7: 0 | AR7: 0 | AS7: 0 | AT7: 0 | AU7: 0 | AV7: 0 | AW7: 0 | AX7: 0 | AY7: 0 | AZ7: 0 | BA7: 0 | BB7: 0 | BC7: 0 | BD7: 0 | BE7: 0 | BF7: 0 | BG7: 0 | BH7: 0 | BI7: 0 | BJ7: 0 | BK7: 0 | BL7: 0 | BM7: 0 | BN7: 0 | BO7: 0 | BQ7: =A7 -> 44500 | BR7: =B7+E7+H7+K7+N7+Q7 -> 190 | BS7: =BR7-BR6 -> 37 | BT7: =C7+F7+I7+L7+O7+R7 -> 189.71 | BU7: =BT7-BR7 -> -0.29 | BV7: =BU7/BR7 -> -0.0015263158 | BW7: =BU7-BU6 -> -1.56 | BY7: =A7 -> 44500 | BZ7: =Z7+T7+AC7+W7+AR7+AF7+AI7+AL7+AO7+AU7+AX7+BA7+BD7+BG7+BJ7+BM7 -> 0 | CA7: =BZ7-BZ6 -> 0 | CB7: =AA7+U7+AD7+X7+AS7+AG7+AJ7+AM7+AP7+AV7+AY7+BB7+BE7+BG7+BK7+BM7 -> 0 | CC7: =CB7-BZ7 -> 0 | CD7: 0 | CE7: =CC7-CC6 -> 0 | CG7: =A7 -> 44500 | CH7: =BR7+BZ7 -> 190 | CI7: =BS7+CA7 -> 37 | CJ7: =BT7+CB7 -> 189.71 | CK7: =CJ7-CH7 -> -0.29 | CL7: 0 | CM7: =CK7-CK6 -> -1.56 | CO7: =A7 -> 44500 | CP7: =(C7-B7)-(C6-B6) -> -1.56 | CQ7: =(F7-E7)-(F6-E6) -> 0 | CR7: =(I7-H7)-(I6-H6) -> 0 | CS7: =(L7-K7)-(L6-K6) -> 0 | CT7: =(O7-N7)-(O6-N6) -> 0 | CU7: =(R7-Q7)-(R6-Q6) -> 0 | CV7: =(U7-T7)-(U6-T6) -> 0 | CW7: =(X7-W7)-(X6-W6) -> 0 | CX7: =(AA7-Z7)-(AA6-Z6) -> 0 | CY7: =(AD7-AC7)-(AD6-AC6) -> 0 | CZ7: =(AG7-AF7)-(AG6-AF6) -> 0 | DA7: =(AJ7-AI7)-(AJ6-AI6) -> 0 | DB7: =(AM7-AL7)-(AM6-AL6) -> 0 | DC7: =(AP7-AO7)-(AP6-AO6) -> 0 | DD7: =(AS7-AR7)-(AS6-AR6) -> 0 | DE7: =(AV7-AU7)-(AV6-AU6) -> 0 | DF7: =(AY7-AX7)-(AY6-AX6) -> 0 | DG7: =(BB7-BA7)-(BB6-BA6) -> 0 | DH7: =(BE7-BD7)-(BE6-BD6) -> 0 | DI7: =(BH7-BG7)-(BH6-BG6) -> 0 | DJ7: =(BK7-BJ7)-(BK6-BJ6) -> 0 | DK7: =(BN7-BM7)-(BN6-BM6) -> 0
A8: 44530 | B8: 199 | C8: 200.02 | D8: =(C8-B8)/B8 -> 0.0051256281 | E8: 0 | F8: 0 | G8: 0 | H8: 0 | I8: 0 | J8: 0 | K8: 0 | L8: 0 | M8: 0 | N8: 0 | O8: 0 | P8: 0 | Q8: 0 | R8: 0 | S8: 0 | T8: 0 | U8: 0 | V8: 0 | W8: 0 | X8: 0 | Y8: 0 | Z8: 0 | AA8: 0 | AB8: 0 | AC8: 0 | AD8: 0 | AE8: 0 | AF8: 0 | AG8: 0 | AH8: 0 | AI8: 0 | AJ8: 0 | AK8: 0 | AL8: 0 | AM8: 0 | AN8: 0 | AO8: 0 | AP8: 0 | AQ8: 0 | AR8: 0 | AS8: 0 | AT8: 0 | AU8: 0 | AV8: 0 | AW8: 0 | AX8: 0 | AY8: 0 | AZ8: 0 | BA8: 0 | BB8: 0 | BC8: 0 | BD8: 0 | BE8: 0 | BF8: 0 | BG8: 0 | BH8: 0 | BI8: 0 | BJ8: 0 | BK8: 0 | BL8: 0 | BM8: 0 | BN8: 0 | BO8: 0 | BQ8: =A8 -> 44530 | BR8: =B8+E8+H8+K8+N8+Q8 -> 199 | BS8: =BR8-BR7 -> 9 | BT8: =C8+F8+I8+L8+O8+R8 -> 200.02 | BU8: =BT8-BR8 -> 1.02 | BV8: =BU8/BR8 -> 0.0051256281 | BW8: =BU8-BU7 -> 1.31 | BY8: =A8 -> 44530 | BZ8: =Z8+T8+AC8+W8+AR8+AF8+AI8+AL8+AO8+AU8+AX8+BA8+BD8+BG8+BJ8+BM8 -> 0 | CA8: =BZ8-BZ7 -> 0 | CB8: =AA8+U8+AD8+X8+AS8+AG8+AJ8+AM8+AP8+AV8+AY8+BB8+BE8+BG8+BK8+BM8 -> 0 | CC8: =CB8-BZ8 -> 0 | CD8: 0 | CE8: =CC8-CC7 -> 0 | CG8: =A8 -> 44530 | CH8: =BR8+BZ8 -> 199 | CI8: =BS8+CA8 -> 9 | CJ8: =BT8+CB8 -> 200.02 | CK8: =CJ8-CH8 -> 1.02 | CL8: 0 | CM8: =CK8-CK7 -> 1.31 | CO8: =A8 -> 44530 | CP8: =(C8-B8)-(C7-B7) -> 1.31 | CQ8: =(F8-E8)-(F7-E7) -> 0 | CR8: =(I8-H8)-(I7-H7) -> 0 | CS8: =(L8-K8)-(L7-K7) -> 0 | CT8: =(O8-N8)-(O7-N7) -> 0 | CU8: =(R8-Q8)-(R7-Q7) -> 0 | CV8: =(U8-T8)-(U7-T7) -> 0 | CW8: =(X8-W8)-(X7-W7) -> 0 | CX8: =(AA8-Z8)-(AA7-Z7) -> 0 | CY8: =(AD8-AC8)-(AD7-AC7) -> 0 | CZ8: =(AG8-AF8)-(AG7-AF7) -> 0 | DA8: =(AJ8-AI8)-(AJ7-AI7) -> 0 | DB8: =(AM8-AL8)-(AM7-AL7) -> 0 | DC8: =(AP8-AO8)-(AP7-AO7) -> 0 | DD8: =(AS8-AR8)-(AS7-AR7) -> 0 | DE8: =(AV8-AU8)-(AV7-AU7) -> 0 | DF8: =(AY8-AX8)-(AY7-AX7) -> 0 | DG8: =(BB8-BA8)-(BB7-BA7) -> 0 | DH8: =(BE8-BD8)-(BE7-BD7) -> 0 | DI8: =(BH8-BG8)-(BH7-BG7) -> 0 | DJ8: =(BK8-BJ8)-(BK7-BJ7) -> 0 | DK8: =(BN8-BM8)-(BN7-BM7) -> 0
A9: 44561 | B9: 244 | C9: 248.63 | D9: =(C9-B9)/B9 -> 0.01897541 | E9: 0 | F9: 0 | G9: 0 | H9: 0 | I9: 0 | J9: 0 | K9: 0 | L9: 0 | M9: 0 | N9: 0 | O9: 0 | P9: 0 | Q9: 0 | R9: 0 | S9: 0 | T9: 0 | U9: 0 | V9: 0 | W9: 0 | X9: 0 | Y9: 0 | Z9: 0 | AA9: 0 | AB9: 0 | AC9: 0 | AD9: 0 | AE9: 0 | AF9: 0 | AG9: 0 | AH9: 0 | AI9: 0 | AJ9: 0 | AK9: 0 | AL9: 0 | AM9: 0 | AN9: 0 | AO9: 0 | AP9: 0 | AQ9: 0 | AR9: 0 | AS9: 0 | AT9: 0 | AU9: 0 | AV9: 0 | AW9: 0 | AX9: 0 | AY9: 0 | AZ9: 0 | BA9: 0 | BB9: 0 | BC9: 0 | BD9: 0 | BE9: 0 | BF9: 0 | BG9: 0 | BH9: 0 | BI9: 0 | BJ9: 0 | BK9: 0 | BL9: 0 | BM9: 0 | BN9: 0 | BO9: 0 | BQ9: =A9 -> 44561 | BR9: =B9+E9+H9+K9+N9+Q9 -> 244 | BS9: =BR9-BR8 -> 45 | BT9: =C9+F9+I9+L9+O9+R9 -> 248.63 | BU9: =BT9-BR9 -> 4.63 | BV9: =BU9/BR9 -> 0.01897541 | BW9: =BU9-BU8 -> 3.61 | BY9: =A9 -> 44561 | BZ9: =Z9+T9+AC9+W9+AR9+AF9+AI9+AL9+AO9+AU9+AX9+BA9+BD9+BG9+BJ9+BM9 -> 0 | CA9: =BZ9-BZ8 -> 0 | CB9: =AA9+U9+AD9+X9+AS9+AG9+AJ9+AM9+AP9+AV9+AY9+BB9+BE9+BG9+BK9+BM9 -> 0 | CC9: =CB9-BZ9 -> 0 | CD9: 0 | CE9: =CC9-CC8 -> 0 | CG9: =A9 -> 44561 | CH9: =BR9+BZ9 -> 244 | CI9: =BS9+CA9 -> 45 | CJ9: =BT9+CB9 -> 248.63 | CK9: =CJ9-CH9 -> 4.63 | CL9: 0 | CM9: =CK9-CK8 -> 3.61 | CO9: =A9 -> 44561 | CP9: =(C9-B9)-(C8-B8) -> 3.61 | CQ9: =(F9-E9)-(F8-E8) -> 0 | CR9: =(I9-H9)-(I8-H8) -> 0 | CS9: =(L9-K9)-(L8-K8) -> 0 | CT9: =(O9-N9)-(O8-N8) -> 0 | CU9: =(R9-Q9)-(R8-Q8) -> 0 | CV9: =(U9-T9)-(U8-T8) -> 0 | CW9: =(X9-W9)-(X8-W8) -> 0 | CX9: =(AA9-Z9)-(AA8-Z8) -> 0 | CY9: =(AD9-AC9)-(AD8-AC8) -> 0 | CZ9: =(AG9-AF9)-(AG8-AF8) -> 0 | DA9: =(AJ9-AI9)-(AJ8-AI8) -> 0 | DB9: =(AM9-AL9)-(AM8-AL8) -> 0 | DC9: =(AP9-AO9)-(AP8-AO8) -> 0 | DD9: =(AS9-AR9)-(AS8-AR8) -> 0 | DE9: =(AV9-AU9)-(AV8-AU8) -> 0 | DF9: =(AY9-AX9)-(AY8-AX8) -> 0 | DG9: =(BB9-BA9)-(BB8-BA8) -> 0 | DH9: =(BE9-BD9)-(BE8-BD8) -> 0 | DI9: =(BH9-BG9)-(BH8-BG8) -> 0 | DJ9: =(BK9-BJ9)-(BK8-BJ8) -> 0 | DK9: =(BN9-BM9)-(BN8-BM8) -> 0
A10: 44592 | B10: 272 | C10: 257.85 | D10: =(C10-B10)/B10 -> -0.052022059 | E10: 0 | F10: 0 | G10: 0 | H10: 0 | I10: 0 | J10: 0 | K10: 0 | L10: 0 | M10: 0 | N10: 0 | O10: 0 | P10: 0 | Q10: 0 | R10: 0 | S10: 0 | T10: 0 | U10: 0 | V10: 0 | W10: 0 | X10: 0 | Y10: 0 | Z10: 0 | AA10: 0 | AB10: 0 | AC10: 0 | AD10: 0 | AE10: 0 | AF10: 0 | AG10: 0 | AH10: 0 | AI10: 0 | AJ10: 0 | AK10: 0 | AL10: 0 | AM10: 0 | AN10: 0 | AO10: 0 | AP10: 0 | AQ10: 0 | AR10: 0 | AS10: 0 | AT10: 0 | AU10: 0 | AV10: 0 | AW10: 0 | AX10: 0 | AY10: 0 | AZ10: 0 | BA10: 0 | BB10: 0 | BC10: 0 | BD10: 0 | BE10: 0 | BF10: 0 | BG10: 0 | BH10: 0 | BI10: 0 | BJ10: 0 | BK10: 0 | BL10: 0 | BM10: 0 | BN10: 0 | BO10: 0 | BQ10: =A10 -> 44592 | BR10: =B10+E10+H10+K10+N10+Q10 -> 272 | BS10: =BR10-BR9 -> 28 | BT10: =C10+F10+I10+L10+O10+R10 -> 257.85 | BU10: =BT10-BR10 -> -14.15 | BV10: =BU10/BR10 -> -0.052022059 | BW10: =BU10-BU9 -> -18.78 | BY10: =A10 -> 44592 | BZ10: =Z10+T10+AC10+W10+AR10+AF10+AI10+AL10+AO10+AU10+AX10+BA10+BD10+BG10+BJ10+BM10 -> 0 | CA10: =BZ10-BZ9 -> 0 | CB10: =AA10+U10+AD10+X10+AS10+AG10+AJ10+AM10+AP10+AV10+AY10+BB10+BE10+BG10+BK10+BM10 -> 0 | CC10: =CB10-BZ10 -> 0 | CD10: 0 | CE10: =CC10-CC9 -> 0 | CG10: =A10 -> 44592 | CH10: =BR10+BZ10 -> 272 | CI10: =BS10+CA10 -> 28 | CJ10: =BT10+CB10 -> 257.85 | CK10: =CJ10-CH10 -> -14.15 | CL10: 0 | CM10: =CK10-CK9 -> -18.78 | CO10: =A10 -> 44592 | CP10: =(C10-B10)-(C9-B9) -> -18.78 | CQ10: =(F10-E10)-(F9-E9) -> 0 | CR10: =(I10-H10)-(I9-H9) -> 0 | CS10: =(L10-K10)-(L9-K9) -> 0 | CT10: =(O10-N10)-(O9-N9) -> 0 | CU10: =(R10-Q10)-(R9-Q9) -> 0 | CV10: =(U10-T10)-(U9-T9) -> 0 | CW10: =(X10-W10)-(X9-W9) -> 0 | CX10: =(AA10-Z10)-(AA9-Z9) -> 0 | CY10: =(AD10-AC10)-(AD9-AC9) -> 0 | CZ10: =(AG10-AF10)-(AG9-AF9) -> 0 | DA10: =(AJ10-AI10)-(AJ9-AI9) -> 0 | DB10: =(AM10-AL10)-(AM9-AL9) -> 0 | DC10: =(AP10-AO10)-(AP9-AO9) -> 0 | DD10: =(AS10-AR10)-(AS9-AR9) -> 0 | DE10: =(AV10-AU10)-(AV9-AU9) -> 0 | DF10: =(AY10-AX10)-(AY9-AX9) -> 0 | DG10: =(BB10-BA10)-(BB9-BA9) -> 0 | DH10: =(BE10-BD10)-(BE9-BD9) -> 0 | DI10: =(BH10-BG10)-(BH9-BG9) -> 0 | DJ10: =(BK10-BJ10)-(BK9-BJ9) -> 0 | DK10: =(BN10-BM10)-(BN9-BM9) -> 0
A11: 44620 | B11: 282 | C11: 262.62 | D11: =(C11-B11)/B11 -> -0.068723404 | E11: 0 | F11: 0 | G11: 0 | H11: 0 | I11: 0 | J11: 0 | K11: 0 | L11: 0 | M11: 0 | N11: 0 | O11: 0 | P11: 0 | Q11: 0 | R11: 0 | S11: 0 | T11: 0 | U11: 0 | V11: 0 | W11: 0 | X11: 0 | Y11: 0 | Z11: 0 | AA11: 0 | AB11: 0 | AC11: 0 | AD11: 0 | AE11: 0 | AF11: 0 | AG11: 0 | AH11: 0 | AI11: 0 | AJ11: 0 | AK11: 0 | AL11: 0 | AM11: 0 | AN11: 0 | AO11: 0 | AP11: 0 | AQ11: 0 | AR11: 0 | AS11: 0 | AT11: 0 | AU11: 0 | AV11: 0 | AW11: 0 | AX11: 0 | AY11: 0 | AZ11: 0 | BA11: 0 | BB11: 0 | BC11: 0 | BD11: 0 | BE11: 0 | BF11: 0 | BG11: 0 | BH11: 0 | BI11: 0 | BJ11: 0 | BK11: 0 | BL11: 0 | BM11: 0 | BN11: 0 | BO11: 0 | BQ11: =A11 -> 44620 | BR11: =B11+E11+H11+K11+N11+Q11 -> 282 | BS11: =BR11-BR10 -> 10 | BT11: =C11+F11+I11+L11+O11+R11 -> 262.62 | BU11: =BT11-BR11 -> -19.38 | BV11: =BU11/BR11 -> -0.068723404 | BW11: =BU11-BU10 -> -5.23 | BY11: =A11 -> 44620 | BZ11: =Z11+T11+AC11+W11+AR11+AF11+AI11+AL11+AO11+AU11+AX11+BA11+BD11+BG11+BJ11+BM11 -> 0 | CA11: =BZ11-BZ10 -> 0 | CB11: =AA11+U11+AD11+X11+AS11+AG11+AJ11+AM11+AP11+AV11+AY11+BB11+BE11+BG11+BK11+BM11 -> 0 | CC11: =CB11-BZ11 -> 0 | CD11: 0 | CE11: =CC11-CC10 -> 0 | CG11: =A11 -> 44620 | CH11: =BR11+BZ11 -> 282 | CI11: =BS11+CA11 -> 10 | CJ11: =BT11+CB11 -> 262.62 | CK11: =CJ11-CH11 -> -19.38 | CL11: 0 | CM11: =CK11-CK10 -> -5.23 | CO11: =A11 -> 44620 | CP11: =(C11-B11)-(C10-B10) -> -5.23 | CQ11: =(F11-E11)-(F10-E10) -> 0 | CR11: =(I11-H11)-(I10-H10) -> 0 | CS11: =(L11-K11)-(L10-K10) -> 0 | CT11: =(O11-N11)-(O10-N10) -> 0 | CU11: =(R11-Q11)-(R10-Q10) -> 0 | CV11: =(U11-T11)-(U10-T10) -> 0 | CW11: =(X11-W11)-(X10-W10) -> 0 | CX11: =(AA11-Z11)-(AA10-Z10) -> 0 | CY11: =(AD11-AC11)-(AD10-AC10) -> 0 | CZ11: =(AG11-AF11)-(AG10-AF10) -> 0 | DA11: =(AJ11-AI11)-(AJ10-AI10) -> 0 | DB11: =(AM11-AL11)-(AM10-AL10) -> 0 | DC11: =(AP11-AO11)-(AP10-AO10) -> 0 | DD11: =(AS11-AR11)-(AS10-AR10) -> 0 | DE11: =(AV11-AU11)-(AV10-AU10) -> 0 | DF11: =(AY11-AX11)-(AY10-AX10) -> 0 | DG11: =(BB11-BA11)-(BB10-BA10) -> 0 | DH11: =(BE11-BD11)-(BE10-BD10) -> 0 | DI11: =(BH11-BG11)-(BH10-BG10) -> 0 | DJ11: =(BK11-BJ11)-(BK10-BJ10) -> 0 | DK11: =(BN11-BM11)-(BN10-BM10) -> 0
A12: 44651 | B12: 292 | C12: 280.58 | D12: =(C12-B12)/B12 -> -0.039109589 | E12: 0 | F12: 0 | G12: 0 | H12: 0 | I12: 0 | J12: 0 | K12: 0 | L12: 0 | M12: 0 | N12: 0 | O12: 0 | P12: 0 | Q12: 0 | R12: 0 | S12: 0 | T12: 0 | U12: 0 | V12: 0 | W12: 0 | X12: 0 | Y12: 0 | Z12: 0 | AA12: 0 | AB12: 0 | AC12: 0 | AD12: 0 | AE12: 0 | AF12: 0 | AG12: 0 | AH12: 0 | AI12: 0 | AJ12: 0 | AK12: 0 | AL12: 0 | AM12: 0 | AN12: 0 | AO12: 0 | AP12: 0 | AQ12: 0 | AR12: 0 | AS12: 0 | AT12: 0 | AU12: 0 | AV12: 0 | AW12: 0 | AX12: 0 | AY12: 0 | AZ12: 0 | BA12: 0 | BB12: 0 | BC12: 0 | BD12: 0 | BE12: 0 | BF12: 0 | BG12: 0 | BH12: 0 | BI12: 0 | BJ12: 0 | BK12: 0 | BL12: 0 | BM12: 0 | BN12: 0 | BO12: 0 | BQ12: =A12 -> 44651 | BR12: =B12+E12+H12+K12+N12+Q12 -> 292 | BS12: =BR12-BR11 -> 10 | BT12: =C12+F12+I12+L12+O12+R12 -> 280.58 | BU12: =BT12-BR12 -> -11.42 | BV12: =BU12/BR12 -> -0.039109589 | BW12: =BU12-BU11 -> 7.96 | BY12: =A12 -> 44651 | BZ12: =Z12+T12+AC12+W12+AR12+AF12+AI12+AL12+AO12+AU12+AX12+BA12+BD12+BG12+BJ12+BM12 -> 0 | CA12: =BZ12-BZ11 -> 0 | CB12: =AA12+U12+AD12+X12+AS12+AG12+AJ12+AM12+AP12+AV12+AY12+BB12+BE12+BG12+BK12+BM12 -> 0 | CC12: =CB12-BZ12 -> 0 | CD12: 0 | CE12: =CC12-CC11 -> 0 | CG12: =A12 -> 44651 | CH12: =BR12+BZ12 -> 292 | CI12: =BS12+CA12 -> 10 | CJ12: =BT12+CB12 -> 280.58 | CK12: =CJ12-CH12 -> -11.42 | CL12: 0 | CM12: =CK12-CK11 -> 7.96 | CO12: =A12 -> 44651 | CP12: =(C12-B12)-(C11-B11) -> 7.96 | CQ12: =(F12-E12)-(F11-E11) -> 0 | CR12: =(I12-H12)-(I11-H11) -> 0 | CS12: =(L12-K12)-(L11-K11) -> 0 | CT12: =(O12-N12)-(O11-N11) -> 0 | CU12: =(R12-Q12)-(R11-Q11) -> 0 | CV12: =(U12-T12)-(U11-T11) -> 0 | CW12: =(X12-W12)-(X11-W11) -> 0 | CX12: =(AA12-Z12)-(AA11-Z11) -> 0 | CY12: =(AD12-AC12)-(AD11-AC11) -> 0 | CZ12: =(AG12-AF12)-(AG11-AF11) -> 0 | DA12: =(AJ12-AI12)-(AJ11-AI11) -> 0 | DB12: =(AM12-AL12)-(AM11-AL11) -> 0 | DC12: =(AP12-AO12)-(AP11-AO11) -> 0 | DD12: =(AS12-AR12)-(AS11-AR11) -> 0 | DE12: =(AV12-AU12)-(AV11-AU11) -> 0 | DF12: =(AY12-AX12)-(AY11-AX11) -> 0 | DG12: =(BB12-BA12)-(BB11-BA11) -> 0 | DH12: =(BE12-BD12)-(BE11-BD11) -> 0 | DI12: =(BH12-BG12)-(BH11-BG11) -> 0 | DJ12: =(BK12-BJ12)-(BK11-BJ11) -> 0 | DK12: =(BN12-BM12)-(BN11-BM11) -> 0
A13: 44681 | B13: 302 | C13: 279.52 | D13: =(C13-B13)/B13 -> -0.074437086 | E13: 0 | F13: 0 | G13: 0 | H13: 0 | I13: 0 | J13: 0 | K13: 0 | L13: 0 | M13: 0 | N13: 0 | O13: 0 | P13: 0 | Q13: 0 | R13: 0 | S13: 0 | T13: 0 | U13: 0 | V13: 0 | W13: 0 | X13: 0 | Y13: 0 | Z13: 0 | AA13: 0 | AB13: 0 | AC13: 0 | AD13: 0 | AE13: 0 | AF13: 0 | AG13: 0 | AH13: 0 | AI13: 0 | AJ13: 0 | AK13: 0 | AL13: 0 | AM13: 0 | AN13: 0 | AO13: 0 | AP13: 0 | AQ13: 0 | AR13: 0 | AS13: 0 | AT13: 0 | AU13: 0 | AV13: 0 | AW13: 0 | AX13: 0 | AY13: 0 | AZ13: 0 | BA13: 0 | BB13: 0 | BC13: 0 | BD13: 0 | BE13: 0 | BF13: 0 | BG13: 0 | BH13: 0 | BI13: 0 | BJ13: 0 | BK13: 0 | BL13: 0 | BM13: 0 | BN13: 0 | BO13: 0 | BQ13: =A13 -> 44681 | BR13: =B13+E13+H13+K13+N13+Q13 -> 302 | BS13: =BR13-BR12 -> 10 | BT13: =C13+F13+I13+L13+O13+R13 -> 279.52 | BU13: =BT13-BR13 -> -22.48 | BV13: =BU13/BR13 -> -0.074437086 | BW13: =BU13-BU12 -> -11.06 | BY13: =A13 -> 44681 | BZ13: =Z13+T13+AC13+W13+AR13+AF13+AI13+AL13+AO13+AU13+AX13+BA13+BD13+BG13+BJ13+BM13 -> 0 | CA13: =BZ13-BZ12 -> 0 | CB13: =AA13+U13+AD13+X13+AS13+AG13+AJ13+AM13+AP13+AV13+AY13+BB13+BE13+BG13+BK13+BM13 -> 0 | CC13: =CB13-BZ13 -> 0 | CD13: 0 | CE13: =CC13-CC12 -> 0 | CG13: =A13 -> 44681 | CH13: =BR13+BZ13 -> 302 | CI13: =BS13+CA13 -> 10 | CJ13: =BT13+CB13 -> 279.52 | CK13: =CJ13-CH13 -> -22.48 | CL13: 0 | CM13: =CK13-CK12 -> -11.06 | CO13: =A13 -> 44681 | CP13: =(C13-B13)-(C12-B12) -> -11.06 | CQ13: =(F13-E13)-(F12-E12) -> 0 | CR13: =(I13-H13)-(I12-H12) -> 0 | CS13: =(L13-K13)-(L12-K12) -> 0 | CT13: =(O13-N13)-(O12-N12) -> 0 | CU13: =(R13-Q13)-(R12-Q12) -> 0 | CV13: =(U13-T13)-(U12-T12) -> 0 | CW13: =(X13-W13)-(X12-W12) -> 0 | CX13: =(AA13-Z13)-(AA12-Z12) -> 0 | CY13: =(AD13-AC13)-(AD12-AC12) -> 0 | CZ13: =(AG13-AF13)-(AG12-AF12) -> 0 | DA13: =(AJ13-AI13)-(AJ12-AI12) -> 0 | DB13: =(AM13-AL13)-(AM12-AL12) -> 0 | DC13: =(AP13-AO13)-(AP12-AO12) -> 0 | DD13: =(AS13-AR13)-(AS12-AR12) -> 0 | DE13: =(AV13-AU13)-(AV12-AU12) -> 0 | DF13: =(AY13-AX13)-(AY12-AX12) -> 0 | DG13: =(BB13-BA13)-(BB12-BA12) -> 0 | DH13: =(BE13-BD13)-(BE12-BD12) -> 0 | DI13: =(BH13-BG13)-(BH12-BG12) -> 0 | DJ13: =(BK13-BJ13)-(BK12-BJ12) -> 0 | DK13: =(BN13-BM13)-(BN12-BM12) -> 0
A14: 44712 | B14: 312 | C14: 285.89 | D14: =(C14-B14)/B14 -> -0.083685897 | E14: 0 | F14: 0 | G14: 0 | H14: 0 | I14: 0 | J14: 0 | K14: 0 | L14: 0 | M14: 0 | N14: 0 | O14: 0 | P14: 0 | Q14: 0 | R14: 0 | S14: 0 | T14: 0 | U14: 0 | V14: 0 | W14: 0 | X14: 0 | Y14: 0 | Z14: 0 | AA14: 0 | AB14: 0 | AC14: 0 | AD14: 0 | AE14: 0 | AF14: 0 | AG14: 0 | AH14: 0 | AI14: 0 | AJ14: 0 | AK14: 0 | AL14: 0 | AM14: 0 | AN14: 0 | AO14: 0 | AP14: 0 | AQ14: 0 | AR14: 0 | AS14: 0 | AT14: 0 | AU14: 0 | AV14: 0 | AW14: 0 | AX14: 0 | AY14: 0 | AZ14: 0 | BA14: 0 | BB14: 0 | BC14: 0 | BD14: 0 | BE14: 0 | BF14: 0 | BG14: 0 | BH14: 0 | BI14: 0 | BJ14: 0 | BK14: 0 | BL14: 0 | BM14: 0 | BN14: 0 | BO14: 0 | BQ14: =A14 -> 44712 | BR14: =B14+E14+H14+K14+N14+Q14 -> 312 | BS14: =BR14-BR13 -> 10 | BT14: =C14+F14+I14+L14+O14+R14 -> 285.89 | BU14: =BT14-BR14 -> -26.11 | BV14: =BU14/BR14 -> -0.083685897 | BW14: =BU14-BU13 -> -3.63 | BY14: =A14 -> 44712 | BZ14: =Z14+T14+AC14+W14+AR14+AF14+AI14+AL14+AO14+AU14+AX14+BA14+BD14+BG14+BJ14+BM14 -> 0 | CA14: =BZ14-BZ13 -> 0 | CB14: =AA14+U14+AD14+X14+AS14+AG14+AJ14+AM14+AP14+AV14+AY14+BB14+BE14+BG14+BK14+BM14 -> 0 | CC14: =CB14-BZ14 -> 0 | CD14: 0 | CE14: =CC14-CC13 -> 0 | CG14: =A14 -> 44712 | CH14: =BR14+BZ14 -> 312 | CI14: =BS14+CA14 -> 10 | CJ14: =BT14+CB14 -> 285.89 | CK14: =CJ14-CH14 -> -26.11 | CL14: 0 | CM14: =CK14-CK13 -> -3.63 | CO14: =A14 -> 44712 | CP14: =(C14-B14)-(C13-B13) -> -3.63 | CQ14: =(F14-E14)-(F13-E13) -> 0 | CR14: =(I14-H14)-(I13-H13) -> 0 | CS14: =(L14-K14)-(L13-K13) -> 0 | CT14: =(O14-N14)-(O13-N13) -> 0 | CU14: =(R14-Q14)-(R13-Q13) -> 0 | CV14: =(U14-T14)-(U13-T13) -> 0 | CW14: =(X14-W14)-(X13-W13) -> 0 | CX14: =(AA14-Z14)-(AA13-Z13) -> 0 | CY14: =(AD14-AC14)-(AD13-AC13) -> 0 | CZ14: =(AG14-AF14)-(AG13-AF13) -> 0 | DA14: =(AJ14-AI14)-(AJ13-AI13) -> 0 | DB14: =(AM14-AL14)-(AM13-AL13) -> 0 | DC14: =(AP14-AO14)-(AP13-AO13) -> 0 | DD14: =(AS14-AR14)-(AS13-AR13) -> 0 | DE14: =(AV14-AU14)-(AV13-AU13) -> 0 | DF14: =(AY14-AX14)-(AY13-AX13) -> 0 | DG14: =(BB14-BA14)-(BB13-BA13) -> 0 | DH14: =(BE14-BD14)-(BE13-BD13) -> 0 | DI14: =(BH14-BG14)-(BH13-BG13) -> 0 | DJ14: =(BK14-BJ14)-(BK13-BJ13) -> 0 | DK14: =(BN14-BM14)-(BN13-BM13) -> 0
A15: 44742 | B15: 322 | C15: 280.1 | D15: =(C15-B15)/B15 -> -0.13012422 | E15: 0 | F15: 0 | G15: 0 | H15: 0 | I15: 0 | J15: 0 | K15: 0 | L15: 0 | M15: 0 | N15: 0 | O15: 0 | P15: 0 | Q15: 0 | R15: 0 | S15: 0 | T15: 0 | U15: 0 | V15: 0 | W15: 0 | X15: 0 | Y15: 0 | Z15: 0 | AA15: 0 | AB15: 0 | AC15: 0 | AD15: 0 | AE15: 0 | AF15: 0 | AG15: 0 | AH15: 0 | AI15: 0 | AJ15: 0 | AK15: 0 | AL15: 0 | AM15: 0 | AN15: 0 | AO15: 0 | AP15: 0 | AQ15: 0 | AR15: 0 | AS15: 0 | AT15: 0 | AU15: 0 | AV15: 0 | AW15: 0 | AX15: 0 | AY15: 0 | AZ15: 0 | BA15: 0 | BB15: 0 | BC15: 0 | BD15: 0 | BE15: 0 | BF15: 0 | BG15: 0 | BH15: 0 | BI15: 0 | BJ15: 0 | BK15: 0 | BL15: 0 | BM15: 0 | BN15: 0 | BO15: 0 | BQ15: =A15 -> 44742 | BR15: =B15+E15+H15+K15+N15+Q15 -> 322 | BS15: =BR15-BR14 -> 10 | BT15: =C15+F15+I15+L15+O15+R15 -> 280.1 | BU15: =BT15-BR15 -> -41.9 | BV15: =BU15/BR15 -> -0.13012422 | BW15: =BU15-BU14 -> -15.79 | BY15: =A15 -> 44742 | BZ15: =Z15+T15+AC15+W15+AR15+AF15+AI15+AL15+AO15+AU15+AX15+BA15+BD15+BG15+BJ15+BM15 -> 0 | CA15: =BZ15-BZ14 -> 0 | CB15: =AA15+U15+AD15+X15+AS15+AG15+AJ15+AM15+AP15+AV15+AY15+BB15+BE15+BG15+BK15+BM15 -> 0 | CC15: =CB15-BZ15 -> 0 | CD15: 0 | CE15: =CC15-CC14 -> 0 | CG15: =A15 -> 44742 | CH15: =BR15+BZ15 -> 322 | CI15: =BS15+CA15 -> 10 | CJ15: =BT15+CB15 -> 280.1 | CK15: =CJ15-CH15 -> -41.9 | CL15: 0 | CM15: =CK15-CK14 -> -15.79 | CO15: =A15 -> 44742 | CP15: =(C15-B15)-(C14-B14) -> -15.79 | CQ15: =(F15-E15)-(F14-E14) -> 0 | CR15: =(I15-H15)-(I14-H14) -> 0 | CS15: =(L15-K15)-(L14-K14) -> 0 | CT15: =(O15-N15)-(O14-N14) -> 0 | CU15: =(R15-Q15)-(R14-Q14) -> 0 | CV15: =(U15-T15)-(U14-T14) -> 0 | CW15: =(X15-W15)-(X14-W14) -> 0 | CX15: =(AA15-Z15)-(AA14-Z14) -> 0 | CY15: =(AD15-AC15)-(AD14-AC14) -> 0 | CZ15: =(AG15-AF15)-(AG14-AF14) -> 0 | DA15: =(AJ15-AI15)-(AJ14-AI14) -> 0 | DB15: =(AM15-AL15)-(AM14-AL14) -> 0 | DC15: =(AP15-AO15)-(AP14-AO14) -> 0 | DD15: =(AS15-AR15)-(AS14-AR14) -> 0 | DE15: =(AV15-AU15)-(AV14-AU14) -> 0 | DF15: =(AY15-AX15)-(AY14-AX14) -> 0 | DG15: =(BB15-BA15)-(BB14-BA14) -> 0 | DH15: =(BE15-BD15)-(BE14-BD14) -> 0 | DI15: =(BH15-BG15)-(BH14-BG14) -> 0 | DJ15: =(BK15-BJ15)-(BK14-BJ14) -> 0 | DK15: =(BN15-BM15)-(BN14-BM14) -> 0
A16: 44773 | B16: 332 | C16: 305.31 | D16: =(C16-B16)/B16 -> -0.080391566 | E16: 0 | F16: 0 | G16: 0 | H16: 0 | I16: 0 | J16: 0 | K16: 0 | L16: 0 | M16: 0 | N16: 0 | O16: 0 | P16: 0 | Q16: 0 | R16: 0 | S16: 0 | T16: 0 | U16: 0 | V16: 0 | W16: 0 | X16: 0 | Y16: 0 | Z16: 0 | AA16: 0 | AB16: 0 | AC16: 0 | AD16: 0 | AE16: 0 | AF16: 0 | AG16: 0 | AH16: 0 | AI16: 0 | AJ16: 0 | AK16: 0 | AL16: 0 | AM16: 0 | AN16: 0 | AO16: 0 | AP16: 0 | AQ16: 0 | AR16: 0 | AS16: 0 | AT16: 0 | AU16: 0 | AV16: 0 | AW16: 0 | AX16: 0 | AY16: 0 | AZ16: 0 | BA16: 0 | BB16: 0 | BC16: 0 | BD16: 0 | BE16: 0 | BF16: 0 | BG16: 0 | BH16: 0 | BI16: 0 | BJ16: 0 | BK16: 0 | BL16: 0 | BM16: 0 | BN16: 0 | BO16: 0 | BQ16: =A16 -> 44773 | BR16: =B16+E16+H16+K16+N16+Q16 -> 332 | BS16: =BR16-BR15 -> 10 | BT16: =C16+F16+I16+L16+O16+R16 -> 305.31 | BU16: =BT16-BR16 -> -26.69 | BV16: =BU16/BR16 -> -0.080391566 | BW16: =BU16-BU15 -> 15.21 | BY16: =A16 -> 44773 | BZ16: =Z16+T16+AC16+W16+AR16+AF16+AI16+AL16+AO16+AU16+AX16+BA16+BD16+BG16+BJ16+BM16 -> 0 | CA16: =BZ16-BZ15 -> 0 | CB16: =AA16+U16+AD16+X16+AS16+AG16+AJ16+AM16+AP16+AV16+AY16+BB16+BE16+BG16+BK16+BM16 -> 0 | CC16: =CB16-BZ16 -> 0 | CD16: 0 | CE16: =CC16-CC15 -> 0 | CG16: =A16 -> 44773 | CH16: =BR16+BZ16 -> 332 | CI16: =BS16+CA16 -> 10 | CJ16: =BT16+CB16 -> 305.31 | CK16: =CJ16-CH16 -> -26.69 | CL16: 0 | CM16: =CK16-CK15 -> 15.21 | CO16: =A16 -> 44773 | CP16: =(C16-B16)-(C15-B15) -> 15.21 | CQ16: =(F16-E16)-(F15-E15) -> 0 | CR16: =(I16-H16)-(I15-H15) -> 0 | CS16: =(L16-K16)-(L15-K15) -> 0 | CT16: =(O16-N16)-(O15-N15) -> 0 | CU16: =(R16-Q16)-(R15-Q15) -> 0 | CV16: =(U16-T16)-(U15-T15) -> 0 | CW16: =(X16-W16)-(X15-W15) -> 0 | CX16: =(AA16-Z16)-(AA15-Z15) -> 0 | CY16: =(AD16-AC16)-(AD15-AC15) -> 0 | CZ16: =(AG16-AF16)-(AG15-AF15) -> 0 | DA16: =(AJ16-AI16)-(AJ15-AI15) -> 0 | DB16: =(AM16-AL16)-(AM15-AL15) -> 0 | DC16: =(AP16-AO16)-(AP15-AO15) -> 0 | DD16: =(AS16-AR16)-(AS15-AR15) -> 0 | DE16: =(AV16-AU16)-(AV15-AU15) -> 0 | DF16: =(AY16-AX16)-(AY15-AX15) -> 0 | DG16: =(BB16-BA16)-(BB15-BA15) -> 0 | DH16: =(BE16-BD16)-(BE15-BD15) -> 0 | DI16: =(BH16-BG16)-(BH15-BG15) -> 0 | DJ16: =(BK16-BJ16)-(BK15-BJ15) -> 0 | DK16: =(BN16-BM16)-(BN15-BM15) -> 0
A17: 44804 | B17: 342 | C17: 308.79 | D17: =(C17-B17)/B17 -> -0.097105263 | E17: 0 | F17: 0 | G17: 0 | H17: 0 | I17: 0 | J17: 0 | K17: 0 | L17: 0 | M17: 0 | N17: 0 | O17: 0 | P17: 0 | Q17: 0 | R17: 0 | S17: 0 | T17: 0 | U17: 0 | V17: 0 | W17: 0 | X17: 0 | Y17: 0 | Z17: 0 | AA17: 0 | AB17: 0 | AC17: 0 | AD17: 0 | AE17: 0 | AF17: 0 | AG17: 0 | AH17: 0 | AI17: 0 | AJ17: 0 | AK17: 0 | AL17: 0 | AM17: 0 | AN17: 0 | AO17: 0 | AP17: 0 | AQ17: 0 | AR17: 0 | AS17: 0 | AT17: 0 | AU17: 0 | AV17: 0 | AW17: 0 | AX17: 0 | AY17: 0 | AZ17: 0 | BA17: 0 | BB17: 0 | BC17: 0 | BD17: 0 | BE17: 0 | BF17: 0 | BG17: 0 | BH17: 0 | BI17: 0 | BJ17: 0 | BK17: 0 | BL17: 0 | BM17: 0 | BN17: 0 | BO17: 0 | BQ17: =A17 -> 44804 | BR17: =B17+E17+H17+K17+N17+Q17 -> 342 | BS17: =BR17-BR16 -> 10 | BT17: =C17+F17+I17+L17+O17+R17 -> 308.79 | BU17: =BT17-BR17 -> -33.21 | BV17: =BU17/BR17 -> -0.097105263 | BW17: =BU17-BU16 -> -6.52 | BY17: =A17 -> 44804 | BZ17: =Z17+T17+AC17+W17+AR17+AF17+AI17+AL17+AO17+AU17+AX17+BA17+BD17+BG17+BJ17+BM17 -> 0 | CA17: =BZ17-BZ16 -> 0 | CB17: =AA17+U17+AD17+X17+AS17+AG17+AJ17+AM17+AP17+AV17+AY17+BB17+BE17+BG17+BK17+BM17 -> 0 | CC17: =CB17-BZ17 -> 0 | CD17: 0 | CE17: =CC17-CC16 -> 0 | CG17: =A17 -> 44804 | CH17: =BR17+BZ17 -> 342 | CI17: =BS17+CA17 -> 10 | CJ17: =BT17+CB17 -> 308.79 | CK17: =CJ17-CH17 -> -33.21 | CL17: 0 | CM17: =CK17-CK16 -> -6.52 | CO17: =A17 -> 44804 | CP17: =(C17-B17)-(C16-B16) -> -6.52 | CQ17: =(F17-E17)-(F16-E16) -> 0 | CR17: =(I17-H17)-(I16-H16) -> 0 | CS17: =(L17-K17)-(L16-K16) -> 0 | CT17: =(O17-N17)-(O16-N16) -> 0 | CU17: =(R17-Q17)-(R16-Q16) -> 0 | CV17: =(U17-T17)-(U16-T16) -> 0 | CW17: =(X17-W17)-(X16-W16) -> 0 | CX17: =(AA17-Z17)-(AA16-Z16) -> 0 | CY17: =(AD17-AC17)-(AD16-AC16) -> 0 | CZ17: =(AG17-AF17)-(AG16-AF16) -> 0 | DA17: =(AJ17-AI17)-(AJ16-AI16) -> 0 | DB17: =(AM17-AL17)-(AM16-AL16) -> 0 | DC17: =(AP17-AO17)-(AP16-AO16) -> 0 | DD17: =(AS17-AR17)-(AS16-AR16) -> 0 | DE17: =(AV17-AU17)-(AV16-AU16) -> 0 | DF17: =(AY17-AX17)-(AY16-AX16) -> 0 | DG17: =(BB17-BA17)-(BB16-BA16) -> 0 | DH17: =(BE17-BD17)-(BE16-BD16) -> 0 | DI17: =(BH17-BG17)-(BH16-BG16) -> 0 | DJ17: =(BK17-BJ17)-(BK16-BJ16) -> 0 | DK17: =(BN17-BM17)-(BN16-BM16) -> 0
... A33: 45291 | B33: 502 | C33: 503.87 | D33: =(C33-B33)/B33 -> 0.0037250996 | E33: 0 | F33: 0 | G33: 0 | H33: 0 | I33: 0 | J33: 0 | K33: 0 | L33: 0 | M33: 0 | N33: 0 | O33: 0 | P33: 0 | Q33: 0 | R33: 0 | S33: 0 | T33: 0 | U33: 0 | V33: 0 | W33: 0 | X33: 0 | Y33: 0 | Z33: 0 | AA33: 0 | AB33: 0 | AC33: 0 | AD33: 0 | AE33: 0 | AF33: 0 | AG33: 0 | AH33: 0 | AI33: 0 | AJ33: 0 | AK33: 0 | AL33: 0 | AM33: 0 | AN33: 0 | AO33: 0 | AP33: 0 | AQ33: 0 | AR33: 0 | AS33: 0 | AT33: 0 | AU33: 0 | AV33: 0 | AW33: 0 | AX33: 0 | AY33: 0 | AZ33: 0 | BA33: 0 | BB33: 0 | BC33: 0 | BD33: 0 | BE33: 0 | BF33: 0 | BG33: 0 | BH33: 0 | BI33: 0 | BJ33: 0 | BK33: 0 | BL33: 0 | BM33: 0 | BN33: 0 | BO33: 0 | BQ33: =A33 -> 45291 | BR33: =B33+E33+H33+K33+N33+Q33 -> 502 | BS33: =BR33-BR32 -> 10 | BT33: =C33+F33+I33+L33+O33+R33 -> 503.87 | BU33: =BT33-BR33 -> 1.87 | BV33: =BU33/BR33 -> 0.0037250996 | BW33: =BU33-BU32 -> 20.82 | BY33: =A33 -> 45291 | BZ33: =Z33+T33+AC33+W33+AR33+AF33+AI33+AL33+AO33+AU33+AX33+BA33+BD33+BG33+BJ33+BM33 -> 0 | CA33: =BZ33-BZ32 -> 0 | CB33: =AA33+U33+AD33+X33+AS33+AG33+AJ33+AM33+AP33+AV33+AY33+BB33+BE33+BG33+BK33+BM33 -> 0 | CC33: =CB33-BZ33 -> 0 | CD33: 0 | CE33: =CC33-CC32 -> 0 | CG33: =A33 -> 45291 | CH33: =BR33+BZ33 -> 502 | CI33: =BS33+CA33 -> 10 | CJ33: =BT33+CB33 -> 503.87 | CK33: =CJ33-CH33 -> 1.87 | CL33: 0 | CM33: =CK33-CK32 -> 20.82 | CO33: =A33 -> 45291 | CP33: =(C33-B33)-(C32-B32) -> 20.82 | CQ33: =(F33-E33)-(F32-E32) -> 0 | CR33: =(I33-H33)-(I32-H32) -> 0 | CS33: =(L33-K33)-(L32-K32) -> 0 | CT33: =(O33-N33)-(O32-N32) -> 0 | CU33: =(R33-Q33)-(R32-Q32) -> 0 | CV33: =(U33-T33)-(U32-T32) -> 0 | CW33: =(X33-W33)-(X32-W32) -> 0 | CX33: =(AA33-Z33)-(AA32-Z32) -> 0 | CY33: =(AD33-AC33)-(AD32-AC32) -> 0 | CZ33: =(AG33-AF33)-(AG32-AF32) -> 0 | DA33: =(AJ33-AI33)-(AJ32-AI32) -> 0 | DB33: =(AM33-AL33)-(AM32-AL32) -> 0 | DC33: =(AP33-AO33)-(AP32-AO32) -> 0 | DD33: =(AS33-AR33)-(AS32-AR32) -> 0 | DE33: =(AV33-AU33)-(AV32-AU32) -> 0 | DF33: =(AY33-AX33)-(AY32-AX32) -> 0 | DG33: =(BB33-BA33)-(BB32-BA32) -> 0 | DH33: =(BE33-BD33)-(BE32-BD32) -> 0 | DI33: =(BH33-BG33)-(BH32-BG32) -> 0 | DJ33: =(BK33-BJ33)-(BK32-BJ32) -> 0 | DK33: =(BN33-BM33)-(BN32-BM32) -> 0
A34: 45322 | B34: 540.94 | C34: 550.84 | D34: =(C34-B34)/B34 -> 0.018301475 | E34: 0 | F34: 0 | G34: 0 | H34: 0 | I34: 0 | J34: 0 | K34: 0 | L34: 0 | M34: 0 | N34: 0 | O34: 0 | P34: 0 | Q34: 100 | R34: 96.26 | S34: =(R34-Q34)/Q34 -> -0.0374 | T34: 0 | U34: 0 | V34: 0 | W34: 0 | X34: 0 | Y34: 0 | Z34: 0 | AA34: 0 | AB34: 0 | AC34: 0 | AD34: 0 | AE34: 0 | AF34: 0 | AG34: 0 | AH34: 0 | AI34: 0 | AJ34: 0 | AK34: 0 | AL34: 0 | AM34: 0 | AN34: 0 | AO34: 0 | AP34: 0 | AQ34: 0 | AR34: 0 | AS34: 0 | AT34: 0 | AU34: 0 | AV34: 0 | AW34: 0 | AX34: 0 | AY34: 0 | AZ34: 0 | BA34: 0 | BB34: 0 | BC34: 0 | BD34: 0 | BE34: 0 | BF34: 0 | BG34: 0 | BH34: 0 | BI34: 0 | BJ34: 0 | BK34: 0 | BL34: 0 | BM34: 0 | BN34: 0 | BO34: 0 | BQ34: =A34 -> 45322 | BR34: =B34+E34+H34+K34+N34+Q34 -> 640.94 | BS34: =BR34-BR33 -> 138.94 | BT34: =C34+F34+I34+L34+O34+R34 -> 647.1 | BU34: =BT34-BR34 -> 6.16 | BV34: =BU34/BR34 -> 0.009610884 | BW34: =BU34-BU33 -> 4.29 | BY34: =A34 -> 45322 | BZ34: =Z34+T34+AC34+W34+AR34+AF34+AI34+AL34+AO34+AU34+AX34+BA34+BD34+BG34+BJ34+BM34 -> 0 | CA34: =BZ34-BZ33 -> 0 | CB34: =AA34+U34+AD34+X34+AS34+AG34+AJ34+AM34+AP34+AV34+AY34+BB34+BE34+BG34+BK34+BM34 -> 0 | CC34: =CB34-BZ34 -> 0 | CD34: 0 | CE34: =CC34-CC33 -> 0 | CG34: =A34 -> 45322 | CH34: =BR34+BZ34 -> 640.94 | CI34: =BS34+CA34 -> 138.94 | CJ34: =BT34+CB34 -> 647.1 | CK34: =CJ34-CH34 -> 6.16 | CL34: 0 | CM34: =CK34-CK33 -> 4.29 | CO34: =A34 -> 45322 | CP34: =(C34-B34)-(C33-B33) -> 8.03 | CQ34: =(F34-E34)-(F33-E33) -> 0 | CR34: =(I34-H34)-(I33-H33) -> 0 | CS34: =(L34-K34)-(L33-K33) -> 0 | CT34: =(O34-N34)-(O33-N33) -> 0 | CU34: =(R34-Q34)-(R33-Q33) -> -3.74 | CV34: =(U34-T34)-(U33-T33) -> 0 | CW34: =(X34-W34)-(X33-W33) -> 0 | CX34: =(AA34-Z34)-(AA33-Z33) -> 0 | CY34: =(AD34-AC34)-(AD33-AC33) -> 0 | CZ34: =(AG34-AF34)-(AG33-AF33) -> 0 | DA34: =(AJ34-AI34)-(AJ33-AI33) -> 0 | DB34: =(AM34-AL34)-(AM33-AL33) -> 0 | DC34: =(AP34-AO34)-(AP33-AO33) -> 0 | DD34: =(AS34-AR34)-(AS33-AR33) -> 0 | DE34: =(AV34-AU34)-(AV33-AU33) -> 0 | DF34: =(AY34-AX34)-(AY33-AX33) -> 0 | DG34: =(BB34-BA34)-(BB33-BA33) -> 0 | DH34: =(BE34-BD34)-(BE33-BD33) -> 0 | DI34: =(BH34-BG34)-(BH33-BG33) -> 0 | DJ34: =(BK34-BJ34)-(BK33-BJ33) -> 0 | DK34: =(BN34-BM34)-(BN33-BM33) -> 0
A35: 45351 | B35: 565.94 | C35: 588.96 | D35: =(C35-B35)/B35 -> 0.04067569 | E35: 0 | F35: 0 | G35: 0 | H35: 0 | I35: 0 | J35: 0 | K35: 0 | L35: 0 | M35: 0 | N35: 100 | O35: 100.04 | P35: =(O35-N35)/N35 -> 0.0004 | Q35: 100 | R35: 105.49 | S35: =(R35-Q35)/Q35 -> 0.0549 | T35: 0 | U35: 0 | V35: 0 | W35: 0 | X35: 0 | Y35: 0 | Z35: 0 | AA35: 0 | AB35: 0 | AC35: 0 | AD35: 0 | AE35: 0 | AF35: 0 | AG35: 0 | AH35: 0 | AI35: 0 | AJ35: 0 | AK35: 0 | AL35: 0 | AM35: 0 | AN35: 0 | AO35: 0 | AP35: 0 | AQ35: 0 | AR35: 0 | AS35: 0 | AT35: 0 | AU35: 0 | AV35: 0 | AW35: 0 | AX35: 0 | AY35: 0 | AZ35: 0 | BA35: 0 | BB35: 0 | BC35: 0 | BD35: 0 | BE35: 0 | BF35: 0 | BG35: 0 | BH35: 0 | BI35: 0 | BJ35: 0 | BK35: 0 | BL35: 0 | BM35: 0 | BN35: 0 | BO35: 0 | BQ35: =A35 -> 45351 | BR35: =B35+E35+H35+K35+N35+Q35 -> 765.94 | BS35: =BR35-BR34 -> 125 | BT35: =C35+F35+I35+L35+O35+R35 -> 794.49 | BU35: =BT35-BR35 -> 28.55 | BV35: =BU35/BR35 -> 0.03727446 | BW35: =BU35-BU34 -> 22.39 | BY35: =A35 -> 45351 | BZ35: =Z35+T35+AC35+W35+AR35+AF35+AI35+AL35+AO35+AU35+AX35+BA35+BD35+BG35+BJ35+BM35 -> 0 | CA35: =BZ35-BZ34 -> 0 | CB35: =AA35+U35+AD35+X35+AS35+AG35+AJ35+AM35+AP35+AV35+AY35+BB35+BE35+BG35+BK35+BM35 -> 0 | CC35: =CB35-BZ35 -> 0 | CD35: 0 | CE35: =CC35-CC34 -> 0 | CG35: =A35 -> 45351 | CH35: =BR35+BZ35 -> 765.94 | CI35: =BS35+CA35 -> 125 | CJ35: =BT35+CB35 -> 794.49 | CK35: =CJ35-CH35 -> 28.55 | CL35: 0 | CM35: =CK35-CK34 -> 22.39 | CO35: =A35 -> 45351 | CP35: =(C35-B35)-(C34-B34) -> 13.12 | CQ35: =(F35-E35)-(F34-E34) -> 0 | CR35: =(I35-H35)-(I34-H34) -> 0 | CS35: =(L35-K35)-(L34-K34) -> 0 | CT35: =(O35-N35)-(O34-N34) -> 0.04 | CU35: =(R35-Q35)-(R34-Q34) -> 9.23 | CV35: =(U35-T35)-(U34-T34) -> 0 | CW35: =(X35-W35)-(X34-W34) -> 0 | CX35: =(AA35-Z35)-(AA34-Z34) -> 0 | CY35: =(AD35-AC35)-(AD34-AC34) -> 0 | CZ35: =(AG35-AF35)-(AG34-AF34) -> 0 | DA35: =(AJ35-AI35)-(AJ34-AI34) -> 0 | DB35: =(AM35-AL35)-(AM34-AL34) -> 0 | DC35: =(AP35-AO35)-(AP34-AO34) -> 0 | DD35: =(AS35-AR35)-(AS34-AR34) -> 0 | DE35: =(AV35-AU35)-(AV34-AU34) -> 0 | DF35: =(AY35-AX35)-(AY34-AX34) -> 0 | DG35: =(BB35-BA35)-(BB34-BA34) -> 0 | DH35: =(BE35-BD35)-(BE34-BD34) -> 0 | DI35: =(BH35-BG35)-(BH34-BG34) -> 0 | DJ35: =(BK35-BJ35)-(BK34-BJ34) -> 0 | DK35: =(BN35-BM35)-(BN34-BM34) -> 0
A36: 45382 | B36: 580.94 | C36: 619.74 | D36: =(C36-B36)/B36 -> 0.066788309 | E36: 0 | F36: 0 | G36: 0 | H36: 0 | I36: 0 | J36: 0 | K36: 0 | L36: 0 | M36: 0 | N36: 100 | O36: 101.52 | P36: =(O36-N36)/N36 -> 0.0152 | Q36: 100 | R36: 106.16 | S36: =(R36-Q36)/Q36 -> 0.0616 | T36: 0 | U36: 0 | V36: 0 | W36: 0 | X36: 0 | Y36: 0 | Z36: 0 | AA36: 0 | AB36: 0 | AC36: 0 | AD36: 0 | AE36: 0 | AF36: 0 | AG36: 0 | AH36: 0 | AI36: 0 | AJ36: 0 | AK36: 0 | AL36: 0 | AM36: 0 | AN36: 0 | AO36: 0 | AP36: 0 | AQ36: 0 | AR36: 0 | AS36: 0 | AT36: 0 | AU36: 0 | AV36: 0 | AW36: 0 | AX36: 0 | AY36: 0 | AZ36: 0 | BA36: 0 | BB36: 0 | BC36: 0 | BD36: 0 | BE36: 0 | BF36: 0 | BG36: 0 | BH36: 0 | BI36: 0 | BJ36: 0 | BK36: 0 | BL36: 0 | BM36: 0 | BN36: 0 | BO36: 0 | BQ36: =A36 -> 45382 | BR36: =B36+E36+H36+K36+N36+Q36 -> 780.94 | BS36: =BR36-BR35 -> 15 | BT36: =C36+F36+I36+L36+O36+R36 -> 827.42 | BU36: =BT36-BR36 -> 46.48 | BV36: =BU36/BR36 -> 0.059518017 | BW36: =BU36-BU35 -> 17.93 | BY36: =A36 -> 45382 | BZ36: =Z36+T36+AC36+W36+AR36+AF36+AI36+AL36+AO36+AU36+AX36+BA36+BD36+BG36+BJ36+BM36 -> 0 | CA36: =BZ36-BZ35 -> 0 | CB36: =AA36+U36+AD36+X36+AS36+AG36+AJ36+AM36+AP36+AV36+AY36+BB36+BE36+BG36+BK36+BM36 -> 0 | CC36: =CB36-BZ36 -> 0 | CD36: 0 | CE36: =CC36-CC35 -> 0 | CG36: =A36 -> 45382 | CH36: =BR36+BZ36 -> 780.94 | CI36: =BS36+CA36 -> 15 | CJ36: =BT36+CB36 -> 827.42 | CK36: =CJ36-CH36 -> 46.48 | CL36: 0 | CM36: =CK36-CK35 -> 17.93 | CO36: =A36 -> 45382 | CP36: =(C36-B36)-(C35-B35) -> 15.78 | CQ36: =(F36-E36)-(F35-E35) -> 0 | CR36: =(I36-H36)-(I35-H35) -> 0 | CS36: =(L36-K36)-(L35-K35) -> 0 | CT36: =(O36-N36)-(O35-N35) -> 1.48 | CU36: =(R36-Q36)-(R35-Q35) -> 0.67 | CV36: =(U36-T36)-(U35-T35) -> 0 | CW36: =(X36-W36)-(X35-W35) -> 0 | CX36: =(AA36-Z36)-(AA35-Z35) -> 0 | CY36: =(AD36-AC36)-(AD35-AC35) -> 0 | CZ36: =(AG36-AF36)-(AG35-AF35) -> 0 | DA36: =(AJ36-AI36)-(AJ35-AI35) -> 0 | DB36: =(AM36-AL36)-(AM35-AL35) -> 0 | DC36: =(AP36-AO36)-(AP35-AO35) -> 0 | DD36: =(AS36-AR36)-(AS35-AR35) -> 0 | DE36: =(AV36-AU36)-(AV35-AU35) -> 0 | DF36: =(AY36-AX36)-(AY35-AX35) -> 0 | DG36: =(BB36-BA36)-(BB35-BA35) -> 0 | DH36: =(BE36-BD36)-(BE35-BD35) -> 0 | DI36: =(BH36-BG36)-(BH35-BG35) -> 0 | DJ36: =(BK36-BJ36)-(BK35-BJ35) -> 0 | DK36: =(BN36-BM36)-(BN35-BM35) -> 0
A37: 45412 | B37: 605.94 | C37: 635.34 | D37: =(C37-B37)/B37 -> 0.048519655 | E37: 0 | F37: 0 | G37: 0 | H37: 0 | I37: 0 | J37: 0 | K37: 0 | L37: 0 | M37: 0 | N37: 100 | O37: 100.34 | P37: =(O37-N37)/N37 -> 0.0034 | Q37: 100 | R37: 104.32 | S37: =(R37-Q37)/Q37 -> 0.0432 | T37: 0 | U37: 0 | V37: 0 | W37: 0 | X37: 0 | Y37: 0 | Z37: 0 | AA37: 0 | AB37: 0 | AC37: 0 | AD37: 0 | AE37: 0 | AF37: 0 | AG37: 0 | AH37: 0 | AI37: 0 | AJ37: 0 | AK37: 0 | AL37: 0 | AM37: 0 | AN37: 0 | AO37: 0 | AP37: 0 | AQ37: 0 | AR37: 0 | AS37: 0 | AT37: 0 | AU37: 0 | AV37: 0 | AW37: 0 | AX37: 0 | AY37: 0 | AZ37: 0 | BA37: 0 | BB37: 0 | BC37: 0 | BD37: 0 | BE37: 0 | BF37: 0 | BG37: 0 | BH37: 0 | BI37: 0 | BJ37: 0 | BK37: 0 | BL37: 0 | BM37: 0 | BN37: 0 | BO37: 0 | BQ37: =A37 -> 45412 | BR37: =B37+E37+H37+K37+N37+Q37 -> 805.94 | BS37: =BR37-BR36 -> 25 | BT37: =C37+F37+I37+L37+O37+R37 -> 840 | BU37: =BT37-BR37 -> 34.06 | BV37: =BU37/BR37 -> 0.042261211 | BW37: =BU37-BU36 -> -12.42 | BY37: =A37 -> 45412 | BZ37: =Z37+T37+AC37+W37+AR37+AF37+AI37+AL37+AO37+AU37+AX37+BA37+BD37+BG37+BJ37+BM37 -> 0 | CA37: =BZ37-BZ36 -> 0 | CB37: =AA37+U37+AD37+X37+AS37+AG37+AJ37+AM37+AP37+AV37+AY37+BB37+BE37+BG37+BK37+BM37 -> 0 | CC37: =CB37-BZ37 -> 0 | CD37: 0 | CE37: =CC37-CC36 -> 0 | CG37: =A37 -> 45412 | CH37: =BR37+BZ37 -> 805.94 | CI37: =BS37+CA37 -> 25 | CJ37: =BT37+CB37 -> 840 | CK37: =CJ37-CH37 -> 34.06 | CL37: 0 | CM37: =CK37-CK36 -> -12.42 | CO37: =A37 -> 45412 | CP37: =(C37-B37)-(C36-B36) -> -9.4 | CQ37: =(F37-E37)-(F36-E36) -> 0 | CR37: =(I37-H37)-(I36-H36) -> 0 | CS37: =(L37-K37)-(L36-K36) -> 0 | CT37: =(O37-N37)-(O36-N36) -> -1.18 | CU37: =(R37-Q37)-(R36-Q36) -> -1.84 | CV37: =(U37-T37)-(U36-T36) -> 0 | CW37: =(X37-W37)-(X36-W36) -> 0 | CX37: =(AA37-Z37)-(AA36-Z36) -> 0 | CY37: =(AD37-AC37)-(AD36-AC36) -> 0 | CZ37: =(AG37-AF37)-(AG36-AF36) -> 0 | DA37: =(AJ37-AI37)-(AJ36-AI36) -> 0 | DB37: =(AM37-AL37)-(AM36-AL36) -> 0 | DC37: =(AP37-AO37)-(AP36-AO36) -> 0 | DD37: =(AS37-AR37)-(AS36-AR36) -> 0 | DE37: =(AV37-AU37)-(AV36-AU36) -> 0 | DF37: =(AY37-AX37)-(AY36-AX36) -> 0 | DG37: =(BB37-BA37)-(BB36-BA36) -> 0 | DH37: =(BE37-BD37)-(BE36-BD36) -> 0 | DI37: =(BH37-BG37)-(BH36-BG36) -> 0 | DJ37: =(BK37-BJ37)-(BK36-BJ36) -> 0 | DK37: =(BN37-BM37)-(BN36-BM36) -> 0
A38: 45443 | B38: 659.92 | C38: 704.37 | D38: =(C38-B38)/B38 -> 0.067356649 | E38: 29.96 | F38: 29.26 | G38: =(F38-E38)/E38 -> -0.023364486 | H38: 0 | I38: 0 | J38: 0 | K38: 0 | L38: 0 | M38: 0 | N38: 100 | O38: 101.11 | P38: =(O38-N38)/N38 -> 0.0111 | Q38: 150 | R38: 158.46 | S38: =(R38-Q38)/Q38 -> 0.0564 | T38: 0 | U38: 0 | V38: 0 | W38: 0 | X38: 0 | Y38: 0 | Z38: 0 | AA38: 0 | AB38: 0 | AC38: 0 | AD38: 0 | AE38: 0 | AF38: 0 | AG38: 0 | AH38: 0 | AI38: 0 | AJ38: 0 | AK38: 0 | AL38: 0 | AM38: 0 | AN38: 0 | AO38: 0 | AP38: 0 | AQ38: 0 | AR38: 0 | AS38: 0 | AT38: 0 | AU38: 0 | AV38: 0 | AW38: 0 | AX38: 0 | AY38: 0 | AZ38: 0 | BA38: 0 | BB38: 0 | BC38: 0 | BD38: 0 | BE38: 0 | BF38: 0 | BG38: 0 | BH38: 0 | BI38: 0 | BJ38: 0 | BK38: 0 | BL38: 0 | BM38: 0 | BN38: 0 | BO38: 0 | BQ38: =A38 -> 45443 | BR38: =B38+E38+H38+K38+N38+Q38 -> 939.88 | BS38: =BR38-BR37 -> 133.94 | BT38: =C38+F38+I38+L38+O38+R38 -> 993.2 | BU38: =BT38-BR38 -> 53.32 | BV38: =BU38/BR38 -> 0.056730646 | BW38: =BU38-BU37 -> 19.26 | BY38: =A38 -> 45443 | BZ38: =Z38+T38+AC38+W38+AR38+AF38+AI38+AL38+AO38+AU38+AX38+BA38+BD38+BG38+BJ38+BM38 -> 0 | CA38: =BZ38-BZ37 -> 0 | CB38: =AA38+U38+AD38+X38+AS38+AG38+AJ38+AM38+AP38+AV38+AY38+BB38+BE38+BG38+BK38+BM38 -> 0 | CC38: =CB38-BZ38 -> 0 | CD38: 0 | CE38: =CC38-CC37 -> 0 | CG38: =A38 -> 45443 | CH38: =BR38+BZ38 -> 939.88 | CI38: =BS38+CA38 -> 133.94 | CJ38: =BT38+CB38 -> 993.2 | CK38: =CJ38-CH38 -> 53.32 | CL38: 0 | CM38: =CK38-CK37 -> 19.26 | CO38: =A38 -> 45443 | CP38: =(C38-B38)-(C37-B37) -> 15.05 | CQ38: =(F38-E38)-(F37-E37) -> -0.7 | CR38: =(I38-H38)-(I37-H37) -> 0 | CS38: =(L38-K38)-(L37-K37) -> 0 | CT38: =(O38-N38)-(O37-N37) -> 0.77 | CU38: =(R38-Q38)-(R37-Q37) -> 4.14 | CV38: =(U38-T38)-(U37-T37) -> 0 | CW38: =(X38-W38)-(X37-W37) -> 0 | CX38: =(AA38-Z38)-(AA37-Z37) -> 0 | CY38: =(AD38-AC38)-(AD37-AC37) -> 0 | CZ38: =(AG38-AF38)-(AG37-AF37) -> 0 | DA38: =(AJ38-AI38)-(AJ37-AI37) -> 0 | DB38: =(AM38-AL38)-(AM37-AL37) -> 0 | DC38: =(AP38-AO38)-(AP37-AO37) -> 0 | DD38: =(AS38-AR38)-(AS37-AR37) -> 0 | DE38: =(AV38-AU38)-(AV37-AU37) -> 0 | DF38: =(AY38-AX38)-(AY37-AX37) -> 0 | DG38: =(BB38-BA38)-(BB37-BA37) -> 0 | DH38: =(BE38-BD38)-(BE37-BD37) -> 0 | DI38: =(BH38-BG38)-(BH37-BG37) -> 0 | DJ38: =(BK38-BJ38)-(BK37-BJ37) -> 0 | DK38: =(BN38-BM38)-(BN37-BM37) -> 0
A39: 45473 | B39: 674.92 | C39: 737.28 | D39: =(C39-B39)/B39 -> 0.092396136 | E39: 39.94 | F39: 40.49 | G39: =(F39-E39)/E39 -> 0.013770656 | H39: 0 | I39: 0 | J39: 0 | K39: 0 | L39: 0 | M39: 0 | N39: 100 | O39: 105.83 | P39: =(O39-N39)/N39 -> 0.0583 | Q39: 150 | R39: 169.71 | S39: =(R39-Q39)/Q39 -> 0.1314 | T39: 0 | U39: 0 | V39: 0 | W39: 0 | X39: 0 | Y39: 0 | Z39: 0 | AA39: 0 | AB39: 0 | AC39: 0 | AD39: 0 | AE39: 0 | AF39: 0 | AG39: 0 | AH39: 0 | AI39: 0 | AJ39: 0 | AK39: 0 | AL39: 0 | AM39: 0 | AN39: 0 | AO39: 0 | AP39: 0 | AQ39: 0 | AR39: 0 | AS39: 0 | AT39: 0 | AU39: 0 | AV39: 0 | AW39: 0 | AX39: 0 | AY39: 0 | AZ39: 0 | BA39: 0 | BB39: 0 | BC39: 0 | BD39: 0 | BE39: 0 | BF39: 0 | BG39: 0 | BH39: 0 | BI39: 0 | BJ39: 0 | BK39: 0 | BL39: 0 | BM39: 0 | BN39: 0 | BO39: 0 | BQ39: =A39 -> 45473 | BR39: =B39+E39+H39+K39+N39+Q39 -> 964.86 | BS39: =BR39-BR38 -> 24.98 | BT39: =C39+F39+I39+L39+O39+R39 -> 1053.31 | BU39: =BT39-BR39 -> 88.45 | BV39: =BU39/BR39 -> 0.091671331 | BW39: =BU39-BU38 -> 35.13 | BY39: =A39 -> 45473 | BZ39: =Z39+T39+AC39+W39+AR39+AF39+AI39+AL39+AO39+AU39+AX39+BA39+BD39+BG39+BJ39+BM39 -> 0 | CA39: =BZ39-BZ38 -> 0 | CB39: =AA39+U39+AD39+X39+AS39+AG39+AJ39+AM39+AP39+AV39+AY39+BB39+BE39+BG39+BK39+BM39 -> 0 | CC39: =CB39-BZ39 -> 0 | CD39: 0 | CE39: =CC39-CC38 -> 0 | CG39: =A39 -> 45473 | CH39: =BR39+BZ39 -> 964.86 | CI39: =BS39+CA39 -> 24.98 | CJ39: =BT39+CB39 -> 1053.31 | CK39: =CJ39-CH39 -> 88.45 | CL39: 0 | CM39: =CK39-CK38 -> 35.13 | CO39: =A39 -> 45473 | CP39: =(C39-B39)-(C38-B38) -> 17.91 | CQ39: =(F39-E39)-(F38-E38) -> 1.25 | CR39: =(I39-H39)-(I38-H38) -> 0 | CS39: =(L39-K39)-(L38-K38) -> 0 | CT39: =(O39-N39)-(O38-N38) -> 4.72 | CU39: =(R39-Q39)-(R38-Q38) -> 11.25 | CV39: =(U39-T39)-(U38-T38) -> 0 | CW39: =(X39-W39)-(X38-W38) -> 0 | CX39: =(AA39-Z39)-(AA38-Z38) -> 0 | CY39: =(AD39-AC39)-(AD38-AC38) -> 0 | CZ39: =(AG39-AF39)-(AG38-AF38) -> 0 | DA39: =(AJ39-AI39)-(AJ38-AI38) -> 0 | DB39: =(AM39-AL39)-(AM38-AL38) -> 0 | DC39: =(AP39-AO39)-(AP38-AO38) -> 0 | DD39: =(AS39-AR39)-(AS38-AR38) -> 0 | DE39: =(AV39-AU39)-(AV38-AU38) -> 0 | DF39: =(AY39-AX39)-(AY38-AX38) -> 0 | DG39: =(BB39-BA39)-(BB38-BA38) -> 0 | DH39: =(BE39-BD39)-(BE38-BD38) -> 0 | DI39: =(BH39-BG39)-(BH38-BG38) -> 0 | DJ39: =(BK39-BJ39)-(BK38-BJ38) -> 0 | DK39: =(BN39-BM39)-(BN38-BM38) -> 0
A40: 45504 | B40: 709.92 | C40: 764.75 | D40: =(C40-B40)/B40 -> 0.077234055 | E40: 39.94 | F40: 40.78 | G40: =(F40-E40)/E40 -> 0.021031547 | H40: 0 | I40: 0 | J40: 0 | K40: 0 | L40: 0 | M40: 0 | N40: 100 | O40: 105.37 | P40: =(O40-N40)/N40 -> 0.0537 | Q40: 200 | R40: 215.76 | S40: =(R40-Q40)/Q40 -> 0.0788 | T40: 0 | U40: 0 | V40: 0 | W40: 0 | X40: 0 | Y40: 0 | Z40: 0 | AA40: 0 | AB40: 0 | AC40: 0 | AD40: 0 | AE40: 0 | AF40: 0 | AG40: 0 | AH40: 0 | AI40: 0 | AJ40: 0 | AK40: 0 | AL40: 0 | AM40: 0 | AN40: 0 | AO40: 0 | AP40: 0 | AQ40: 0 | AR40: 0 | AS40: 0 | AT40: 0 | AU40: 0 | AV40: 0 | AW40: 0 | AX40: 0 | AY40: 0 | AZ40: 0 | BA40: 0 | BB40: 0 | BC40: 0 | BD40: 0 | BE40: 0 | BF40: 0 | BG40: 0 | BH40: 0 | BI40: 0 | BJ40: 0 | BK40: 0 | BL40: 0 | BM40: 0 | BN40: 0 | BO40: 0 | BQ40: =A40 -> 45504 | BR40: =B40+E40+H40+K40+N40+Q40 -> 1049.86 | BS40: =BR40-BR39 -> 85 | BT40: =C40+F40+I40+L40+O40+R40 -> 1126.66 | BU40: =BT40-BR40 -> 76.8 | BV40: =BU40/BR40 -> 0.073152611 | BW40: =BU40-BU39 -> -11.65 | BY40: =A40 -> 45504 | BZ40: =Z40+T40+AC40+W40+AR40+AF40+AI40+AL40+AO40+AU40+AX40+BA40+BD40+BG40+BJ40+BM40 -> 0 | CA40: =BZ40-BZ39 -> 0 | CB40: =AA40+U40+AD40+X40+AS40+AG40+AJ40+AM40+AP40+AV40+AY40+BB40+BE40+BG40+BK40+BM40 -> 0 | CC40: =CB40-BZ40 -> 0 | CD40: 0 | CE40: =CC40-CC39 -> 0 | CG40: =A40 -> 45504 | CH40: =BR40+BZ40 -> 1049.86 | CI40: =BS40+CA40 -> 85 | CJ40: =BT40+CB40 -> 1126.66 | CK40: =CJ40-CH40 -> 76.8 | CL40: 0 | CM40: =CK40-CK39 -> -11.65 | CO40: =A40 -> 45504 | CP40: =(C40-B40)-(C39-B39) -> -7.53 | CQ40: =(F40-E40)-(F39-E39) -> 0.29 | CR40: =(I40-H40)-(I39-H39) -> 0 | CS40: =(L40-K40)-(L39-K39) -> 0 | CT40: =(O40-N40)-(O39-N39) -> -0.46 | CU40: =(R40-Q40)-(R39-Q39) -> -3.95 | CV40: =(U40-T40)-(U39-T39) -> 0 | CW40: =(X40-W40)-(X39-W39) -> 0 | CX40: =(AA40-Z40)-(AA39-Z39) -> 0 | CY40: =(AD40-AC40)-(AD39-AC39) -> 0 | CZ40: =(AG40-AF40)-(AG39-AF39) -> 0 | DA40: =(AJ40-AI40)-(AJ39-AI39) -> 0 | DB40: =(AM40-AL40)-(AM39-AL39) -> 0 | DC40: =(AP40-AO40)-(AP39-AO39) -> 0 | DD40: =(AS40-AR40)-(AS39-AR39) -> 0 | DE40: =(AV40-AU40)-(AV39-AU39) -> 0 | DF40: =(AY40-AX40)-(AY39-AX39) -> 0 | DG40: =(BB40-BA40)-(BB39-BA39) -> 0 | DH40: =(BE40-BD40)-(BE39-BD39) -> 0 | DI40: =(BH40-BG40)-(BH39-BG39) -> 0 | DJ40: =(BK40-BJ40)-(BK39-BJ39) -> 0 | DK40: =(BN40-BM40)-(BN39-BM39) -> 0
A41: 45535 | B41: 734.92 | C41: 803.38 | D41: =(C41-B41)/B41 -> 0.093152996 | E41: 39.94 | F41: 40.63 | G41: =(F41-E41)/E41 -> 0.017275914 | H41: 0 | I41: 0 | J41: 0 | K41: 0 | L41: 0 | M41: 0 | N41: 100 | O41: 104.42 | P41: =(O41-N41)/N41 -> 0.0442 | Q41: 200 | R41: 211.23 | S41: =(R41-Q41)/Q41 -> 0.05615 | T41: 0 | U41: 0 | V41: 0 | W41: 0 | X41: 0 | Y41: 0 | Z41: 0 | AA41: 0 | AB41: 0 | AC41: 0 | AD41: 0 | AE41: 0 | AF41: 0 | AG41: 0 | AH41: 0 | AI41: 0 | AJ41: 0 | AK41: 0 | AL41: 0 | AM41: 0 | AN41: 0 | AO41: 0 | AP41: 0 | AQ41: 0 | AR41: 0 | AS41: 0 | AT41: 0 | AU41: 0 | AV41: 0 | AW41: 0 | AX41: 0 | AY41: 0 | AZ41: 0 | BA41: 0 | BB41: 0 | BC41: 0 | BD41: 0 | BE41: 0 | BF41: 0 | BG41: 0 | BH41: 0 | BI41: 0 | BJ41: 0 | BK41: 0 | BL41: 0 | BM41: 0 | BN41: 0 | BO41: 0 | BQ41: =A41 -> 45535 | BR41: =B41+E41+H41+K41+N41+Q41 -> 1074.86 | BS41: =BR41-BR40 -> 25 | BT41: =C41+F41+I41+L41+O41+R41 -> 1159.66 | BU41: =BT41-BR41 -> 84.8 | BV41: =BU41/BR41 -> 0.078893995 | BW41: =BU41-BU40 -> 8 | BY41: =A41 -> 45535 | BZ41: =Z41+T41+AC41+W41+AR41+AF41+AI41+AL41+AO41+AU41+AX41+BA41+BD41+BG41+BJ41+BM41 -> 0 | CA41: =BZ41-BZ40 -> 0 | CB41: =AA41+U41+AD41+X41+AS41+AG41+AJ41+AM41+AP41+AV41+AY41+BB41+BE41+BG41+BK41+BM41 -> 0 | CC41: =CB41-BZ41 -> 0 | CD41: 0 | CE41: =CC41-CC40 -> 0 | CG41: =A41 -> 45535 | CH41: =BR41+BZ41 -> 1074.86 | CI41: =BS41+CA41 -> 25 | CJ41: =BT41+CB41 -> 1159.66 | CK41: =CJ41-CH41 -> 84.8 | CL41: 0 | CM41: =CK41-CK40 -> 8 | CO41: =A41 -> 45535 | CP41: =(C41-B41)-(C40-B40) -> 13.63 | CQ41: =(F41-E41)-(F40-E40) -> -0.15 | CR41: =(I41-H41)-(I40-H40) -> 0 | CS41: =(L41-K41)-(L40-K40) -> 0 | CT41: =(O41-N41)-(O40-N40) -> -0.95 | CU41: =(R41-Q41)-(R40-Q40) -> -4.53 | CV41: =(U41-T41)-(U40-T40) -> 0 | CW41: =(X41-W41)-(X40-W40) -> 0 | CX41: =(AA41-Z41)-(AA40-Z40) -> 0 | CY41: =(AD41-AC41)-(AD40-AC40) -> 0 | CZ41: =(AG41-AF41)-(AG40-AF40) -> 0 | DA41: =(AJ41-AI41)-(AJ40-AI40) -> 0 | DB41: =(AM41-AL41)-(AM40-AL40) -> 0 | DC41: =(AP41-AO41)-(AP40-AO40) -> 0 | DD41: =(AS41-AR41)-(AS40-AR40) -> 0 | DE41: =(AV41-AU41)-(AV40-AU40) -> 0 | DF41: =(AY41-AX41)-(AY40-AX40) -> 0 | DG41: =(BB41-BA41)-(BB40-BA40) -> 0 | DH41: =(BE41-BD41)-(BE40-BD40) -> 0 | DI41: =(BH41-BG41)-(BH40-BG40) -> 0 | DJ41: =(BK41-BJ41)-(BK40-BJ40) -> 0 | DK41: =(BN41-BM41)-(BN40-BM40) -> 0
A42: 45565 | B42: 749.92 | C42: 830.93 | D42: =(C42-B42)/B42 -> 0.10802486 | E42: 39.94 | F42: 41.18 | G42: =(F42-E42)/E42 -> 0.03104657 | H42: 0 | I42: 0 | J42: 0 | K42: 0 | L42: 0 | M42: 0 | N42: 100 | O42: 104.67 | P42: =(O42-N42)/N42 -> 0.0467 | Q42: 200 | R42: 223.06 | S42: =(R42-Q42)/Q42 -> 0.1153 | T42: 0 | U42: 0 | V42: 0 | W42: 0 | X42: 0 | Y42: 0 | Z42: 0 | AA42: 0 | AB42: 0 | AC42: 0 | AD42: 0 | AE42: 0 | AF42: 0 | AG42: 0 | AH42: 0 | AI42: 0 | AJ42: 0 | AK42: 0 | AL42: 0 | AM42: 0 | AN42: 0 | AO42: 0 | AP42: 0 | AQ42: 0 | AR42: 0 | AS42: 0 | AT42: 0 | AU42: 0 | AV42: 0 | AW42: 0 | AX42: 0 | AY42: 0 | AZ42: 0 | BA42: 0 | BB42: 0 | BC42: 0 | BD42: 0 | BE42: 0 | BF42: 0 | BG42: 0 | BH42: 0 | BI42: 0 | BJ42: 0 | BK42: 0 | BL42: 0 | BM42: 0 | BN42: 0 | BO42: 0 | BQ42: =A42 -> 45565 | BR42: =B42+E42+H42+K42+N42+Q42 -> 1089.86 | BS42: =BR42-BR41 -> 15 | BT42: =C42+F42+I42+L42+O42+R42 -> 1199.84 | BU42: =BT42-BR42 -> 109.98 | BV42: =BU42/BR42 -> 0.10091204 | BW42: =BU42-BU41 -> 25.18 | BY42: =A42 -> 45565 | BZ42: =Z42+T42+AC42+W42+AR42+AF42+AI42+AL42+AO42+AU42+AX42+BA42+BD42+BG42+BJ42+BM42 -> 0 | CA42: =BZ42-BZ41 -> 0 | CB42: =AA42+U42+AD42+X42+AS42+AG42+AJ42+AM42+AP42+AV42+AY42+BB42+BE42+BG42+BK42+BM42 -> 0 | CC42: =CB42-BZ42 -> 0 | CD42: 0 | CE42: =CC42-CC41 -> 0 | CG42: =A42 -> 45565 | CH42: =BR42+BZ42 -> 1089.86 | CI42: =BS42+CA42 -> 15 | CJ42: =BT42+CB42 -> 1199.84 | CK42: =CJ42-CH42 -> 109.98 | CL42: 0 | CM42: =CK42-CK41 -> 25.18 | CO42: =A42 -> 45565 | CP42: =(C42-B42)-(C41-B41) -> 12.55 | CQ42: =(F42-E42)-(F41-E41) -> 0.55 | CR42: =(I42-H42)-(I41-H41) -> 0 | CS42: =(L42-K42)-(L41-K41) -> 0 | CT42: =(O42-N42)-(O41-N41) -> 0.25 | CU42: =(R42-Q42)-(R41-Q41) -> 11.83 | CV42: =(U42-T42)-(U41-T41) -> 0 | CW42: =(X42-W42)-(X41-W41) -> 0 | CX42: =(AA42-Z42)-(AA41-Z41) -> 0 | CY42: =(AD42-AC42)-(AD41-AC41) -> 0 | CZ42: =(AG42-AF42)-(AG41-AF41) -> 0 | DA42: =(AJ42-AI42)-(AJ41-AI41) -> 0 | DB42: =(AM42-AL42)-(AM41-AL41) -> 0 | DC42: =(AP42-AO42)-(AP41-AO41) -> 0 | DD42: =(AS42-AR42)-(AS41-AR41) -> 0 | DE42: =(AV42-AU42)-(AV41-AU41) -> 0 | DF42: =(AY42-AX42)-(AY41-AX41) -> 0 | DG42: =(BB42-BA42)-(BB41-BA41) -> 0 | DH42: =(BE42-BD42)-(BE41-BD41) -> 0 | DI42: =(BH42-BG42)-(BH41-BG41) -> 0 | DJ42: =(BK42-BJ42)-(BK41-BJ41) -> 0 | DK42: =(BN42-BM42)-(BN41-BM41) -> 0
A43: 45596 | B43: 784.92 | C43: 866.75 | D43: =(C43-B43)/B43 -> 0.10425266 | E43: 39.94 | F43: 40.65 | G43: =(F43-E43)/E43 -> 0.017776665 | H43: 0 | I43: 0 | J43: 0 | K43: 0 | L43: 0 | M43: 0 | N43: 100 | O43: 106.37 | P43: =(O43-N43)/N43 -> 0.0637 | Q43: 200 | R43: 234.77 | S43: =(R43-Q43)/Q43 -> 0.17385 | T43: 0 | U43: 0 | V43: 0 | W43: 0 | X43: 0 | Y43: 0 | Z43: 0 | AA43: 0 | AB43: 0 | AC43: 0 | AD43: 0 | AE43: 0 | AF43: 0 | AG43: 0 | AH43: 0 | AI43: 0 | AJ43: 0 | AK43: 0 | AL43: 0 | AM43: 0 | AN43: 0 | AO43: 0 | AP43: 0 | AQ43: 0 | AR43: 0 | AS43: 0 | AT43: 0 | AU43: 0 | AV43: 0 | AW43: 0 | AX43: 0 | AY43: 0 | AZ43: 0 | BA43: 0 | BB43: 0 | BC43: 0 | BD43: 0 | BE43: 0 | BF43: 0 | BG43: 0 | BH43: 0 | BI43: 0 | BJ43: 0 | BK43: 0 | BL43: 0 | BM43: 0 | BN43: 0 | BO43: 0 | BQ43: =A43 -> 45596 | BR43: =B43+E43+H43+K43+N43+Q43 -> 1124.86 | BS43: =BR43-BR42 -> 35 | BT43: =C43+F43+I43+L43+O43+R43 -> 1248.54 | BU43: =BT43-BR43 -> 123.68 | BV43: =BU43/BR43 -> 0.10995146 | BW43: =BU43-BU42 -> 13.7 | BY43: =A43 -> 45596 | BZ43: =Z43+T43+AC43+W43+AR43+AF43+AI43+AL43+AO43+AU43+AX43+BA43+BD43+BG43+BJ43+BM43 -> 0 | CA43: =BZ43-BZ42 -> 0 | CB43: =AA43+U43+AD43+X43+AS43+AG43+AJ43+AM43+AP43+AV43+AY43+BB43+BE43+BG43+BK43+BM43 -> 0 | CC43: =CB43-BZ43 -> 0 | CD43: 0 | CE43: =CC43-CC42 -> 0 | CG43: =A43 -> 45596 | CH43: =BR43+BZ43 -> 1124.86 | CI43: =BS43+CA43 -> 35 | CJ43: =BT43+CB43 -> 1248.54 | CK43: =CJ43-CH43 -> 123.68 | CL43: 0 | CM43: =CK43-CK42 -> 13.7 | CO43: =A43 -> 45596 | CP43: =(C43-B43)-(C42-B42) -> 0.82 | CQ43: =(F43-E43)-(F42-E42) -> -0.53 | CR43: =(I43-H43)-(I42-H42) -> 0 | CS43: =(L43-K43)-(L42-K42) -> 0 | CT43: =(O43-N43)-(O42-N42) -> 1.7 | CU43: =(R43-Q43)-(R42-Q42) -> 11.71 | CV43: =(U43-T43)-(U42-T42) -> 0 | CW43: =(X43-W43)-(X42-W42) -> 0 | CX43: =(AA43-Z43)-(AA42-Z42) -> 0 | CY43: =(AD43-AC43)-(AD42-AC42) -> 0 | CZ43: =(AG43-AF43)-(AG42-AF42) -> 0 | DA43: =(AJ43-AI43)-(AJ42-AI42) -> 0 | DB43: =(AM43-AL43)-(AM42-AL42) -> 0 | DC43: =(AP43-AO43)-(AP42-AO42) -> 0 | DD43: =(AS43-AR43)-(AS42-AR42) -> 0 | DE43: =(AV43-AU43)-(AV42-AU42) -> 0 | DF43: =(AY43-AX43)-(AY42-AX42) -> 0 | DG43: =(BB43-BA43)-(BB42-BA42) -> 0 | DH43: =(BE43-BD43)-(BE42-BD42) -> 0 | DI43: =(BH43-BG43)-(BH42-BG42) -> 0 | DJ43: =(BK43-BJ43)-(BK42-BJ42) -> 0 | DK43: =(BN43-BM43)-(BN42-BM42) -> 0
A44: 45626 | B44: 829.92 | C44: 925.59 | D44: =(C44-B44)/B44 -> 0.11527617 | E44: 59.92 | F44: 62.54 | G44: =(F44-E44)/E44 -> 0.043724967 | H44: 0 | I44: 0 | J44: 0 | K44: 0 | L44: 0 | M44: 0 | N44: 100 | O44: 111.48 | P44: =(O44-N44)/N44 -> 0.1148 | Q44: 250 | R44: 293.73 | S44: =(R44-Q44)/Q44 -> 0.17492 | T44: 0 | U44: 0 | V44: 0 | W44: 0 | X44: 0 | Y44: 0 | Z44: 0 | AA44: 0 | AB44: 0 | AC44: 0 | AD44: 0 | AE44: 0 | AF44: 0 | AG44: 0 | AH44: 0 | AI44: 0 | AJ44: 0 | AK44: 0 | AL44: 0 | AM44: 0 | AN44: 0 | AO44: 0 | AP44: 0 | AQ44: 0 | AR44: 0 | AS44: 0 | AT44: 0 | AU44: 0 | AV44: 0 | AW44: 0 | AX44: 0 | AY44: 0 | AZ44: 0 | BA44: 0 | BB44: 0 | BC44: 0 | BD44: 0 | BE44: 0 | BF44: 0 | BG44: 0 | BH44: 0 | BI44: 0 | BJ44: 0 | BK44: 0 | BL44: 0 | BM44: 0 | BN44: 0 | BO44: 0 | BQ44: =A44 -> 45626 | BR44: =B44+E44+H44+K44+N44+Q44 -> 1239.84 | BS44: =BR44-BR43 -> 114.98 | BT44: =C44+F44+I44+L44+O44+R44 -> 1393.34 | BU44: =BT44-BR44 -> 153.5 | BV44: =BU44/BR44 -> 0.1238063 | BW44: =BU44-BU43 -> 29.82 | BY44: =A44 -> 45626 | BZ44: =Z44+T44+AC44+W44+AR44+AF44+AI44+AL44+AO44+AU44+AX44+BA44+BD44+BG44+BJ44+BM44 -> 0 | CA44: =BZ44-BZ43 -> 0 | CB44: =AA44+U44+AD44+X44+AS44+AG44+AJ44+AM44+AP44+AV44+AY44+BB44+BE44+BG44+BK44+BM44 -> 0 | CC44: =CB44-BZ44 -> 0 | CD44: 0 | CE44: =CC44-CC43 -> 0 | CG44: =A44 -> 45626 | CH44: =BR44+BZ44 -> 1239.84 | CI44: =BS44+CA44 -> 114.98 | CJ44: =BT44+CB44 -> 1393.34 | CK44: =CJ44-CH44 -> 153.5 | CL44: 0 | CM44: =CK44-CK43 -> 29.82 | CO44: =A44 -> 45626 | CP44: =(C44-B44)-(C43-B43) -> 13.84 | CQ44: =(F44-E44)-(F43-E43) -> 1.91 | CR44: =(I44-H44)-(I43-H43) -> 0 | CS44: =(L44-K44)-(L43-K43) -> 0 | CT44: =(O44-N44)-(O43-N43) -> 5.11 | CU44: =(R44-Q44)-(R43-Q43) -> 8.96 | CV44: =(U44-T44)-(U43-T43) -> 0 | CW44: =(X44-W44)-(X43-W43) -> 0 | CX44: =(AA44-Z44)-(AA43-Z43) -> 0 | CY44: =(AD44-AC44)-(AD43-AC43) -> 0 | CZ44: =(AG44-AF44)-(AG43-AF43) -> 0 | DA44: =(AJ44-AI44)-(AJ43-AI43) -> 0 | DB44: =(AM44-AL44)-(AM43-AL43) -> 0 | DC44: =(AP44-AO44)-(AP43-AO43) -> 0 | DD44: =(AS44-AR44)-(AS43-AR43) -> 0 | DE44: =(AV44-AU44)-(AV43-AU43) -> 0 | DF44: =(AY44-AX44)-(AY43-AX43) -> 0 | DG44: =(BB44-BA44)-(BB43-BA43) -> 0 | DH44: =(BE44-BD44)-(BE43-BD43) -> 0 | DI44: =(BH44-BG44)-(BH43-BG43) -> 0 | DJ44: =(BK44-BJ44)-(BK43-BJ43) -> 0 | DK44: =(BN44-BM44)-(BN43-BM43) -> 0
A45: 45657 | B45: 844.92 | C45: 939.42 | D45: =(C45-B45)/B45 -> 0.11184491 | E45: 59.92 | F45: 62.01 | G45: =(F45-E45)/E45 -> 0.03487984 | H45: 0 | I45: 0 | J45: 0 | K45: 10 | L45: 9.97 | M45: =(L45-K45)/K45 -> -0.003 | N45: 110 | O45: 122.13 | P45: =(O45-N45)/N45 -> 0.11027273 | Q45: 300 | R45: 352 | S45: =(R45-Q45)/Q45 -> 0.17333333 | T45: 0 | U45: 0 | V45: 0 | W45: 0 | X45: 0 | Y45: 0 | Z45: 0 | AA45: 0 | AB45: 0 | AC45: 0 | AD45: 0 | AE45: 0 | AF45: 0 | AG45: 0 | AH45: 0 | AI45: 0 | AJ45: 0 | AK45: 0 | AL45: 0 | AM45: 0 | AN45: 0 | AO45: 0 | AP45: 0 | AQ45: 0 | AR45: 0 | AS45: 0 | AT45: 0 | AU45: 0 | AV45: 0 | AW45: 0 | AX45: 0 | AY45: 0 | AZ45: 0 | BA45: 0 | BB45: 0 | BC45: 0 | BD45: 0 | BE45: 0 | BF45: 0 | BG45: 0 | BH45: 0 | BI45: 0 | BJ45: 0 | BK45: 0 | BL45: 0 | BM45: 0 | BN45: 0 | BO45: 0 | BQ45: =A45 -> 45657 | BR45: =B45+E45+H45+K45+N45+Q45 -> 1324.84 | BS45: =BR45-BR44 -> 85 | BT45: =C45+F45+I45+L45+O45+R45 -> 1485.53 | BU45: =BT45-BR45 -> 160.69 | BV45: =BU45/BR45 -> 0.12129012 | BW45: =BU45-BU44 -> 7.19 | BY45: =A45 -> 45657 | BZ45: =Z45+T45+AC45+W45+AR45+AF45+AI45+AL45+AO45+AU45+AX45+BA45+BD45+BG45+BJ45+BM45 -> 0 | CA45: =BZ45-BZ44 -> 0 | CB45: =AA45+U45+AD45+X45+AS45+AG45+AJ45+AM45+AP45+AV45+AY45+BB45+BE45+BG45+BK45+BM45 -> 0 | CC45: =CB45-BZ45 -> 0 | CD45: 0 | CE45: =CC45-CC44 -> 0 | CG45: =A45 -> 45657 | CH45: =BR45+BZ45 -> 1324.84 | CI45: =BS45+CA45 -> 85 | CJ45: =BT45+CB45 -> 1485.53 | CK45: =CJ45-CH45 -> 160.69 | CL45: 0 | CM45: =CK45-CK44 -> 7.19 | CO45: =A45 -> 45657 | CP45: =(C45-B45)-(C44-B44) -> -1.17 | CQ45: =(F45-E45)-(F44-E44) -> -0.53 | CR45: =(I45-H45)-(I44-H44) -> 0 | CS45: =(L45-K45)-(L44-K44) -> -0.03 | CT45: =(O45-N45)-(O44-N44) -> 0.65 | CU45: =(R45-Q45)-(R44-Q44) -> 8.27 | CV45: =(U45-T45)-(U44-T44) -> 0 | CW45: =(X45-W45)-(X44-W44) -> 0 | CX45: =(AA45-Z45)-(AA44-Z44) -> 0 | CY45: =(AD45-AC45)-(AD44-AC44) -> 0 | CZ45: =(AG45-AF45)-(AG44-AF44) -> 0 | DA45: =(AJ45-AI45)-(AJ44-AI44) -> 0 | DB45: =(AM45-AL45)-(AM44-AL44) -> 0 | DC45: =(AP45-AO45)-(AP44-AO44) -> 0 | DD45: =(AS45-AR45)-(AS44-AR44) -> 0 | DE45: =(AV45-AU45)-(AV44-AU44) -> 0 | DF45: =(AY45-AX45)-(AY44-AX44) -> 0 | DG45: =(BB45-BA45)-(BB44-BA44) -> 0 | DH45: =(BE45-BD45)-(BE44-BD44) -> 0 | DI45: =(BH45-BG45)-(BH44-BG44) -> 0 | DJ45: =(BK45-BJ45)-(BK44-BJ44) -> 0 | DK45: =(BN45-BM45)-(BN44-BM44) -> 0
A46: 45688 | B46: 899.92 | C46: 1022.64 | D46: =(C46-B46)/B46 -> 0.13636768 | E46: 59.92 | F46: 63.99 | G46: =(F46-E46)/E46 -> 0.067923899 | H46: 0 | I46: 0 | J46: 0 | K46: 10 | L46: 10.09 | M46: =(L46-K46)/K46 -> 0.009 | N46: 110 | O46: 124.57 | P46: =(O46-N46)/N46 -> 0.13245455 | Q46: 300 | R46: 362.15 | S46: =(R46-Q46)/Q46 -> 0.20716667 | T46: 0 | U46: 0 | V46: 0 | W46: 0 | X46: 0 | Y46: 0 | Z46: 0 | AA46: 0 | AB46: 0 | AC46: 0 | AD46: 0 | AE46: 0 | AF46: 0 | AG46: 0 | AH46: 0 | AI46: 0 | AJ46: 0 | AK46: 0 | AL46: 0 | AM46: 0 | AN46: 0 | AO46: 0 | AP46: 0 | AQ46: 0 | AR46: 0 | AS46: 0 | AT46: 0 | AU46: 0 | AV46: 0 | AW46: 0 | AX46: 0 | AY46: 0 | AZ46: 0 | BA46: 0 | BB46: 0 | BC46: 0 | BD46: 0 | BE46: 0 | BF46: 0 | BG46: 0 | BH46: 0 | BI46: 0 | BJ46: 0 | BK46: 0 | BL46: 0 | BM46: 0 | BN46: 0 | BO46: 0 | BQ46: =A46 -> 45688 | BR46: =B46+E46+H46+K46+N46+Q46 -> 1379.84 | BS46: =BR46-BR45 -> 55 | BT46: =C46+F46+I46+L46+O46+R46 -> 1583.44 | BU46: =BT46-BR46 -> 203.6 | BV46: =BU46/BR46 -> 0.14755334 | BW46: =BU46-BU45 -> 42.91 | BY46: =A46 -> 45688 | BZ46: =Z46+T46+AC46+W46+AR46+AF46+AI46+AL46+AO46+AU46+AX46+BA46+BD46+BG46+BJ46+BM46 -> 0 | CA46: =BZ46-BZ45 -> 0 | CB46: =AA46+U46+AD46+X46+AS46+AG46+AJ46+AM46+AP46+AV46+AY46+BB46+BE46+BG46+BK46+BM46 -> 0 | CC46: =CB46-BZ46 -> 0 | CD46: 0 | CE46: =CC46-CC45 -> 0 | CG46: =A46 -> 45688 | CH46: =BR46+BZ46 -> 1379.84 | CI46: =BS46+CA46 -> 55 | CJ46: =BT46+CB46 -> 1583.44 | CK46: =CJ46-CH46 -> 203.6 | CL46: 0 | CM46: =CK46-CK45 -> 42.91 | CO46: =A46 -> 45688 | CP46: =(C46-B46)-(C45-B45) -> 28.22 | CQ46: =(F46-E46)-(F45-E45) -> 1.98 | CR46: =(I46-H46)-(I45-H45) -> 0 | CS46: =(L46-K46)-(L45-K45) -> 0.12 | CT46: =(O46-N46)-(O45-N45) -> 2.44 | CU46: =(R46-Q46)-(R45-Q45) -> 10.15 | CV46: =(U46-T46)-(U45-T45) -> 0 | CW46: =(X46-W46)-(X45-W45) -> 0 | CX46: =(AA46-Z46)-(AA45-Z45) -> 0 | CY46: =(AD46-AC46)-(AD45-AC45) -> 0 | CZ46: =(AG46-AF46)-(AG45-AF45) -> 0 | DA46: =(AJ46-AI46)-(AJ45-AI45) -> 0 | DB46: =(AM46-AL46)-(AM45-AL45) -> 0 | DC46: =(AP46-AO46)-(AP45-AO45) -> 0 | DD46: =(AS46-AR46)-(AS45-AR45) -> 0 | DE46: =(AV46-AU46)-(AV45-AU45) -> 0 | DF46: =(AY46-AX46)-(AY45-AX45) -> 0 | DG46: =(BB46-BA46)-(BB45-BA45) -> 0 | DH46: =(BE46-BD46)-(BE45-BD45) -> 0 | DI46: =(BH46-BG46)-(BH45-BG45) -> 0 | DJ46: =(BK46-BJ46)-(BK45-BJ45) -> 0 | DK46: =(BN46-BM46)-(BN45-BM45) -> 0
A47: 45716 | B47: 924.92 | C47: 1054.56 | D47: =(C47-B47)/B47 -> 0.14016347 | E47: 69.91 | F47: 73.78 | G47: =(F47-E47)/E47 -> 0.055356887 | H47: 0 | I47: 0 | J47: 0 | K47: 10 | L47: 9.68 | M47: =(L47-K47)/K47 -> -0.032 | N47: 110 | O47: 123.13 | P47: =(O47-N47)/N47 -> 0.11936364 | Q47: 300 | R47: 338.57 | S47: =(R47-Q47)/Q47 -> 0.12856667 | T47: 100 | U47: 100 | V47: =(U47-T47)/T47 -> 0 | W47: 50 | X47: 50.64 | Y47: =(X47-W47)/W47 -> 0.0128 | Z47: 0 | AA47: 0 | AB47: 0 | AC47: 0 | AD47: 0 | AE47: 0 | AF47: 0 | AG47: 0 | AH47: 0 | AI47: 0 | AJ47: 0 | AK47: 0 | AL47: 0 | AM47: 0 | AN47: 0 | AO47: 0 | AP47: 0 | AQ47: 0 | AR47: 0 | AS47: 0 | AT47: 0 | AU47: 0 | AV47: 0 | AW47: 0 | AX47: 0 | AY47: 0 | AZ47: 0 | BA47: 0 | BB47: 0 | BC47: 0 | BD47: 0 | BE47: 0 | BF47: 0 | BG47: 0 | BH47: 0 | BI47: 0 | BJ47: 0 | BK47: 0 | BL47: 0 | BM47: 0 | BN47: 0 | BO47: 0 | BQ47: =A47 -> 45716 | BR47: =B47+E47+H47+K47+N47+Q47 -> 1414.83 | BS47: =BR47-BR46 -> 34.99 | BT47: =C47+F47+I47+L47+O47+R47 -> 1599.72 | BU47: =BT47-BR47 -> 184.89 | BV47: =BU47/BR47 -> 0.13068001 | BW47: =BU47-BU46 -> -18.71 | BY47: =A47 -> 45716 | BZ47: =Z47+T47+AC47+W47+AR47+AF47+AI47+AL47+AO47+AU47+AX47+BA47+BD47+BG47+BJ47+BM47 -> 150 | CA47: =BZ47-BZ46 -> 150 | CB47: =AA47+U47+AD47+X47+AS47+AG47+AJ47+AM47+AP47+AV47+AY47+BB47+BE47+BG47+BK47+BM47 -> 150.64 | CC47: =CB47-BZ47 -> 0.64 | CD47: =CC47/BZ47 -> 0.0042666667 | CE47: =CC47-CC46 -> 0.64 | CG47: =A47 -> 45716 | CH47: =BR47+BZ47 -> 1564.83 | CI47: =BS47+CA47 -> 184.99 | CJ47: =BT47+CB47 -> 1750.36 | CK47: =CJ47-CH47 -> 185.53 | CL47: =CK47/CH47 -> 0.1185624 | CM47: =CK47-CK46 -> -18.07 | CO47: =A47 -> 45716 | CP47: =(C47-B47)-(C46-B46) -> 6.92 | CQ47: =(F47-E47)-(F46-E46) -> -0.2 | CR47: =(I47-H47)-(I46-H46) -> 0 | CS47: =(L47-K47)-(L46-K46) -> -0.41 | CT47: =(O47-N47)-(O46-N46) -> -1.44 | CU47: =(R47-Q47)-(R46-Q46) -> -23.58 | CV47: =(U47-T47)-(U46-T46) -> 0 | CW47: =(X47-W47)-(X46-W46) -> 0.64 | CX47: =(AA47-Z47)-(AA46-Z46) -> 0 | CY47: =(AD47-AC47)-(AD46-AC46) -> 0 | CZ47: =(AG47-AF47)-(AG46-AF46) -> 0 | DA47: =(AJ47-AI47)-(AJ46-AI46) -> 0 | DB47: =(AM47-AL47)-(AM46-AL46) -> 0 | DC47: =(AP47-AO47)-(AP46-AO46) -> 0 | DD47: =(AS47-AR47)-(AS46-AR46) -> 0 | DE47: =(AV47-AU47)-(AV46-AU46) -> 0 | DF47: =(AY47-AX47)-(AY46-AX46) -> 0 | DG47: =(BB47-BA47)-(BB46-BA46) -> 0 | DH47: =(BE47-BD47)-(BE46-BD46) -> 0 | DI47: =(BH47-BG47)-(BH46-BG46) -> 0 | DJ47: =(BK47-BJ47)-(BK46-BJ46) -> 0 | DK47: =(BN47-BM47)-(BN46-BM46) -> 0
A48: 45747 | B48: 1014.92 | C48: 1095.9 | D48: =(C48-B48)/B48 -> 0.07978954 | E48: 139.69 | F48: 137.87 | G48: =(F48-E48)/E48 -> -0.01302885 | H48: 0 | I48: 0 | J48: 0 | K48: 10 | L48: 8.67 | M48: =(L48-K48)/K48 -> -0.133 | N48: 120 | O48: 125.43 | P48: =(O48-N48)/N48 -> 0.04525 | Q48: 350 | R48: 349.62 | S48: =(R48-Q48)/Q48 -> -0.0010857143 | T48: 400 | U48: 400 | V48: =(U48-T48)/T48 -> 0 | W48: 200 | X48: 202.62 | Y48: =(X48-W48)/W48 -> 0.0131 | Z48: 60 | AA48: 115 | AB48: =(AA48-Z48)/Z48 -> 0.91666667 | AC48: 400 | AD48: 410 | AE48: =(AD48-AC48)/AC48 -> 0.025 | AF48: 0 | AG48: 0 | AH48: 0 | AI48: 0 | AJ48: 0 | AK48: 0 | AL48: 0 | AM48: 0 | AN48: 0 | AO48: 0 | AP48: 0 | AQ48: 0 | AR48: 0 | AS48: 0 | AT48: 0 | AU48: 0 | AV48: 0 | AW48: 0 | AX48: 0 | AY48: 0 | AZ48: 0 | BA48: 0 | BB48: 0 | BC48: 0 | BD48: 0 | BE48: 0 | BF48: 0 | BG48: 0 | BH48: 0 | BI48: 0 | BJ48: 0 | BK48: 0 | BL48: 0 | BM48: 0 | BN48: 0 | BO48: 0 | BQ48: =A48 -> 45747 | BR48: =B48+E48+H48+K48+N48+Q48 -> 1634.61 | BS48: =BR48-BR47 -> 219.78 | BT48: =C48+F48+I48+L48+O48+R48 -> 1717.49 | BU48: =BT48-BR48 -> 82.88 | BV48: =BU48/BR48 -> 0.050703226 | BW48: =BU48-BU47 -> -102.01 | BY48: =A48 -> 45747 | BZ48: =Z48+T48+AC48+W48+AR48+AF48+AI48+AL48+AO48+AU48+AX48+BA48+BD48+BG48+BJ48+BM48 -> 1060 | CA48: =BZ48-BZ47 -> 910 | CB48: =AA48+U48+AD48+X48+AS48+AG48+AJ48+AM48+AP48+AV48+AY48+BB48+BE48+BG48+BK48+BM48 -> 1127.62 | CC48: =CB48-BZ48 -> 67.62 | CD48: =CC48/BZ48 -> 0.063792453 | CE48: =CC48-CC47 -> 66.98 | CG48: =A48 -> 45747 | CH48: =BR48+BZ48 -> 2694.61 | CI48: =BS48+CA48 -> 1129.78 | CJ48: =BT48+CB48 -> 2845.11 | CK48: =CJ48-CH48 -> 150.5 | CL48: =CK48/CH48 -> 0.055852238 | CM48: =CK48-CK47 -> -35.03 | CO48: =A48 -> 45747 | CP48: =(C48-B48)-(C47-B47) -> -48.66 | CQ48: =(F48-E48)-(F47-E47) -> -5.69 | CR48: =(I48-H48)-(I47-H47) -> 0 | CS48: =(L48-K48)-(L47-K47) -> -1.01 | CT48: =(O48-N48)-(O47-N47) -> -7.7 | CU48: =(R48-Q48)-(R47-Q47) -> -38.95 | CV48: =(U48-T48)-(U47-T47) -> 0 | CW48: =(X48-W48)-(X47-W47) -> 1.98 | CX48: =(AA48-Z48)-(AA47-Z47) -> 55 | CY48: =(AD48-AC48)-(AD47-AC47) -> 10 | CZ48: =(AG48-AF48)-(AG47-AF47) -> 0 | DA48: =(AJ48-AI48)-(AJ47-AI47) -> 0 | DB48: =(AM48-AL48)-(AM47-AL47) -> 0 | DC48: =(AP48-AO48)-(AP47-AO47) -> 0 | DD48: =(AS48-AR48)-(AS47-AR47) -> 0 | DE48: =(AV48-AU48)-(AV47-AU47) -> 0 | DF48: =(AY48-AX48)-(AY47-AX47) -> 0 | DG48: =(BB48-BA48)-(BB47-BA47) -> 0 | DH48: =(BE48-BD48)-(BE47-BD47) -> 0 | DI48: =(BH48-BG48)-(BH47-BG47) -> 0 | DJ48: =(BK48-BJ48)-(BK47-BJ47) -> 0 | DK48: =(BN48-BM48)-(BN47-BM47) -> 0
A49: 45777 | B49: 1054.92 | C49: 1104.92 | D49: =(C49-B49)/B49 -> 0.047396959 | E49: 139.69 | F49: 135.19 | G49: =(F49-E49)/E49 -> -0.032214189 | H49: 110 | I49: 116.15 | J49: =(I49-H49)/H49 -> 0.055909091 | K49: 20 | L49: 19.82 | M49: =(L49-K49)/K49 -> -0.009 | N49: 183.94 | O49: 184.9 | P49: =(O49-N49)/N49 -> 0.0052190932 | Q49: 350 | R49: 332.76 | S49: =(R49-Q49)/Q49 -> -0.049257143 | T49: 500 | U49: 500 | V49: =(U49-T49)/T49 -> 0 | W49: 300 | X49: 305.61 | Y49: =(X49-W49)/W49 -> 0.0187 | Z49: 190 | AA49: 273.65 | AB49: =(AA49-Z49)/Z49 -> 0.44026316 | AC49: 600 | AD49: 620 | AE49: =(AD49-AC49)/AC49 -> 0.033333333 | AF49: 0 | AG49: 0 | AH49: 0 | AI49: 0 | AJ49: 0 | AK49: 0 | AL49: 0 | AM49: 0 | AN49: 0 | AO49: 0 | AP49: 0 | AQ49: 0 | AR49: 0 | AS49: 0 | AT49: 0 | AU49: 0 | AV49: 0 | AW49: 0 | AX49: 0 | AY49: 0 | AZ49: 0 | BA49: 0 | BB49: 0 | BC49: 0 | BD49: 0 | BE49: 0 | BF49: 0 | BG49: 0 | BH49: 0 | BI49: 0 | BJ49: 0 | BK49: 0 | BL49: 0 | BM49: 0 | BN49: 0 | BO49: 0 | BQ49: =A49 -> 45777 | BR49: =B49+E49+H49+K49+N49+Q49 -> 1858.55 | BS49: =BR49-BR48 -> 223.94 | BT49: =C49+F49+I49+L49+O49+R49 -> 1893.74 | BU49: =BT49-BR49 -> 35.19 | BV49: =BU49/BR49 -> 0.018934115 | BW49: =BU49-BU48 -> -47.69 | BY49: =A49 -> 45777 | BZ49: =Z49+T49+AC49+W49+AR49+AF49+AI49+AL49+AO49+AU49+AX49+BA49+BD49+BG49+BJ49+BM49 -> 1590 | CA49: =BZ49-BZ48 -> 530 | CB49: =AA49+U49+AD49+X49+AS49+AG49+AJ49+AM49+AP49+AV49+AY49+BB49+BE49+BG49+BK49+BM49 -> 1699.26 | CC49: =CB49-BZ49 -> 109.26 | CD49: =CC49/BZ49 -> 0.068716981 | CE49: =CC49-CC48 -> 41.64 | CG49: =A49 -> 45777 | CH49: =BR49+BZ49 -> 3448.55 | CI49: =BS49+CA49 -> 753.94 | CJ49: =BT49+CB49 -> 3593 | CK49: =CJ49-CH49 -> 144.45 | CL49: =CK49/CH49 -> 0.04188717 | CM49: =CK49-CK48 -> -6.05 | CO49: =A49 -> 45777 | CP49: =(C49-B49)-(C48-B48) -> -30.98 | CQ49: =(F49-E49)-(F48-E48) -> -2.68 | CR49: =(I49-H49)-(I48-H48) -> 6.15 | CS49: =(L49-K49)-(L48-K48) -> 1.15 | CT49: =(O49-N49)-(O48-N48) -> -4.47 | CU49: =(R49-Q49)-(R48-Q48) -> -16.86 | CV49: =(U49-T49)-(U48-T48) -> 0 | CW49: =(X49-W49)-(X48-W48) -> 2.99 | CX49: =(AA49-Z49)-(AA48-Z48) -> 28.65 | CY49: =(AD49-AC49)-(AD48-AC48) -> 10 | CZ49: =(AG49-AF49)-(AG48-AF48) -> 0 | DA49: =(AJ49-AI49)-(AJ48-AI48) -> 0 | DB49: =(AM49-AL49)-(AM48-AL48) -> 0 | DC49: =(AP49-AO49)-(AP48-AO48) -> 0 | DD49: =(AS49-AR49)-(AS48-AR48) -> 0 | DE49: =(AV49-AU49)-(AV48-AU48) -> 0 | DF49: =(AY49-AX49)-(AY48-AX48) -> 0 | DG49: =(BB49-BA49)-(BB48-BA48) -> 0 | DH49: =(BE49-BD49)-(BE48-BD48) -> 0 | DI49: =(BH49-BG49)-(BH48-BG48) -> 0 | DJ49: =(BK49-BJ49)-(BK48-BJ48) -> 0 | DK49: =(BN49-BM49)-(BN48-BM48) -> 0
A50: 45808 | B50: 1114.92 | C50: 1216.35 | D50: =(C50-B50)/B50 -> 0.090975137 | E50: 149.67 | F50: 150.64 | G50: =(F50-E50)/E50 -> 0.0064809247 | H50: 155.48 | I50: 168.76 | J50: =(I50-H50)/H50 -> 0.085412915 | K50: 40.07 | L50: 42.07 | M50: =(L50-K50)/K50 -> 0.049912653 | N50: 198.59 | O50: 204.65 | P50: =(O50-N50)/N50 -> 0.030515132 | Q50: 350 | R50: 373.8 | S50: =(R50-Q50)/Q50 -> 0.068 | T50: 700 | U50: 702.12 | V50: =(U50-T50)/T50 -> 0.0030285714 | W50: 400 | X50: 409.1 | Y50: =(X50-W50)/W50 -> 0.02275 | Z50: 280 | AA50: 363.65 | AB50: =(AA50-Z50)/Z50 -> 0.29875 | AC50: 700 | AD50: 720 | AE50: =(AD50-AC50)/AC50 -> 0.028571429 | AF50: 0 | AG50: 0 | AH50: 0 | AI50: 0 | AJ50: 0 | AK50: 0 | AL50: 0 | AM50: 0 | AN50: 0 | AO50: 0 | AP50: 0 | AQ50: 0 | AR50: 0 | AS50: 0 | AT50: 0 | AU50: 0 | AV50: 0 | AW50: 0 | AX50: 0 | AY50: 0 | AZ50: 0 | BA50: 0 | BB50: 0 | BC50: 0 | BD50: 0 | BE50: 0 | BF50: 0 | BG50: 0 | BH50: 0 | BI50: 0 | BJ50: 0 | BK50: 0 | BL50: 0 | BM50: 0 | BN50: 0 | BO50: 0 | BQ50: =A50 -> 45808 | BR50: =B50+E50+H50+K50+N50+Q50 -> 2008.73 | BS50: =BR50-BR49 -> 150.18 | BT50: =C50+F50+I50+L50+O50+R50 -> 2156.27 | BU50: =BT50-BR50 -> 147.54 | BV50: =BU50/BR50 -> 0.073449393 | BW50: =BU50-BU49 -> 112.35 | BY50: =A50 -> 45808 | BZ50: =Z50+T50+AC50+W50+AR50+AF50+AI50+AL50+AO50+AU50+AX50+BA50+BD50+BG50+BJ50+BM50 -> 2080 | CA50: =BZ50-BZ49 -> 490 | CB50: =AA50+U50+AD50+X50+AS50+AG50+AJ50+AM50+AP50+AV50+AY50+BB50+BE50+BG50+BK50+BM50 -> 2194.87 | CC50: =CB50-BZ50 -> 114.87 | CD50: =CC50/BZ50 -> 0.055225962 | CE50: =CC50-CC49 -> 5.61 | CG50: =A50 -> 45808 | CH50: =BR50+BZ50 -> 4088.73 | CI50: =BS50+CA50 -> 640.18 | CJ50: =BT50+CB50 -> 4351.14 | CK50: =CJ50-CH50 -> 262.41 | CL50: =CK50/CH50 -> 0.064178853 | CM50: =CK50-CK49 -> 117.96 | CO50: =A50 -> 45808 | CP50: =(C50-B50)-(C49-B49) -> 51.43 | CQ50: =(F50-E50)-(F49-E49) -> 5.47 | CR50: =(I50-H50)-(I49-H49) -> 7.13 | CS50: =(L50-K50)-(L49-K49) -> 2.18 | CT50: =(O50-N50)-(O49-N49) -> 5.1 | CU50: =(R50-Q50)-(R49-Q49) -> 41.04 | CV50: =(U50-T50)-(U49-T49) -> 2.12 | CW50: =(X50-W50)-(X49-W49) -> 3.49 | CX50: =(AA50-Z50)-(AA49-Z49) -> 0 | CY50: =(AD50-AC50)-(AD49-AC49) -> 0 | CZ50: =(AG50-AF50)-(AG49-AF49) -> 0 | DA50: =(AJ50-AI50)-(AJ49-AI49) -> 0 | DB50: =(AM50-AL50)-(AM49-AL49) -> 0 | DC50: =(AP50-AO50)-(AP49-AO49) -> 0 | DD50: =(AS50-AR50)-(AS49-AR49) -> 0 | DE50: =(AV50-AU50)-(AV49-AU49) -> 0 | DF50: =(AY50-AX50)-(AY49-AX49) -> 0 | DG50: =(BB50-BA50)-(BB49-BA49) -> 0 | DH50: =(BE50-BD50)-(BE49-BD49) -> 0 | DI50: =(BH50-BG50)-(BH49-BG49) -> 0 | DJ50: =(BK50-BJ50)-(BK49-BJ49) -> 0 | DK50: =(BN50-BM50)-(BN49-BM49) -> 0
A51: 45838 | B51: 1134.92 | C51: 1227.75 | D51: =(C51-B51)/B51 -> 0.081794311 | E51: 149.67 | F51: 152.03 | G51: =(F51-E51)/E51 -> 0.015768023 | H51: 165.48 | I51: 180.74 | J51: =(I51-H51)/H51 -> 0.092216582 | K51: 50.07 | L51: 54.23 | M51: =(L51-K51)/K51 -> 0.083083683 | N51: 223.59 | O51: 228.3 | P51: =(O51-N51)/N51 -> 0.021065343 | Q51: 350 | R51: 381.22 | S51: =(R51-Q51)/Q51 -> 0.0892 | T51: 700 | U51: 710.56 | V51: =(U51-T51)/T51 -> 0.015085714 | W51: 500 | X51: 516.88 | Y51: =(X51-W51)/W51 -> 0.03376 | Z51: 320 | AA51: 403.76 | AB51: =(AA51-Z51)/Z51 -> 0.26175 | AC51: 700 | AD51: 733.64 | AE51: =(AD51-AC51)/AC51 -> 0.048057143 | AF51: 100 | AG51: 110 | AH51: =(AG51-AF51)/AF51 -> 0.1 | AI51: 0 | AJ51: 0 | AK51: 0 | AL51: 0 | AM51: 0 | AN51: 0 | AO51: 0 | AP51: 0 | AQ51: 0 | AR51: 0 | AS51: 0 | AT51: 0 | AU51: 0 | AV51: 0 | AW51: 0 | AX51: 0 | AY51: 0 | AZ51: 0 | BA51: 0 | BB51: 0 | BC51: 0 | BD51: 0 | BE51: 0 | BF51: 0 | BG51: 0 | BH51: 0 | BI51: 0 | BJ51: 0 | BK51: 0 | BL51: 0 | BM51: 0 | BN51: 0 | BO51: 0 | BQ51: =A51 -> 45838 | BR51: =B51+E51+H51+K51+N51+Q51 -> 2073.73 | BS51: =BR51-BR50 -> 65 | BT51: =C51+F51+I51+L51+O51+R51 -> 2224.27 | BU51: =BT51-BR51 -> 150.54 | BV51: =BU51/BR51 -> 0.072593829 | BW51: =BU51-BU50 -> 3 | BY51: =A51 -> 45838 | BZ51: =Z51+T51+AC51+W51+AR51+AF51+AI51+AL51+AO51+AU51+AX51+BA51+BD51+BG51+BJ51+BM51 -> 2320 | CA51: =BZ51-BZ50 -> 240 | CB51: =AA51+U51+AD51+X51+AS51+AG51+AJ51+AM51+AP51+AV51+AY51+BB51+BE51+BG51+BK51+BM51 -> 2474.84 | CC51: =CB51-BZ51 -> 154.84 | CD51: =CC51/BZ51 -> 0.066741379 | CE51: =CC51-CC50 -> 39.97 | CG51: =A51 -> 45838 | CH51: =BR51+BZ51 -> 4393.73 | CI51: =BS51+CA51 -> 305 | CJ51: =BT51+CB51 -> 4699.11 | CK51: =CJ51-CH51 -> 305.38 | CL51: =CK51/CH51 -> 0.069503588 | CM51: =CK51-CK50 -> 42.97 | CO51: =A51 -> 45838 | CP51: =(C51-B51)-(C50-B50) -> -8.6 | CQ51: =(F51-E51)-(F50-E50) -> 1.39 | CR51: =(I51-H51)-(I50-H50) -> 1.98 | CS51: =(L51-K51)-(L50-K50) -> 2.16 | CT51: =(O51-N51)-(O50-N50) -> -1.35 | CU51: =(R51-Q51)-(R50-Q50) -> 7.42 | CV51: =(U51-T51)-(U50-T50) -> 8.44 | CW51: =(X51-W51)-(X50-W50) -> 7.78 | CX51: =(AA51-Z51)-(AA50-Z50) -> 0.11 | CY51: =(AD51-AC51)-(AD50-AC50) -> 13.64 | CZ51: =(AG51-AF51)-(AG50-AF50) -> 10 | DA51: =(AJ51-AI51)-(AJ50-AI50) -> 0 | DB51: =(AM51-AL51)-(AM50-AL50) -> 0 | DC51: =(AP51-AO51)-(AP50-AO50) -> 0 | DD51: =(AS51-AR51)-(AS50-AR50) -> 0 | DE51: =(AV51-AU51)-(AV50-AU50) -> 0 | DF51: =(AY51-AX51)-(AY50-AX50) -> 0 | DG51: =(BB51-BA51)-(BB50-BA50) -> 0 | DH51: =(BE51-BD51)-(BE50-BD50) -> 0 | DI51: =(BH51-BG51)-(BH50-BG50) -> 0 | DJ51: =(BK51-BJ51)-(BK50-BJ50) -> 0 | DK51: =(BN51-BM51)-(BN50-BM50) -> 0
A52: 45869 | B52: 1194.92 | C52: 1322.73 | D52: =(C52-B52)/B52 -> 0.10696114 | E52: 159.65 | F52: 167.29 | G52: =(F52-E52)/E52 -> 0.047854682 | H52: 180.48 | I52: 205.16 | J52: =(I52-H52)/H52 -> 0.13674645 | K52: 100.07 | L52: 110.36 | M52: =(L52-K52)/K52 -> 0.10282802 | N52: 255.17 | O52: 270.75 | P52: =(O52-N52)/N52 -> 0.061057334 | Q52: 350 | R52: 407.43 | S52: =(R52-Q52)/Q52 -> 0.16408571 | T52: 800 | U52: 812.82 | V52: =(U52-T52)/T52 -> 0.016025 | W52: 600 | X52: 621.68 | Y52: =(X52-W52)/W52 -> 0.036133333 | Z52: 380 | AA52: 463.76 | AB52: =(AA52-Z52)/Z52 -> 0.22042105 | AC52: 700 | AD52: 740.12 | AE52: =(AD52-AC52)/AC52 -> 0.057314286 | AF52: 200 | AG52: 215 | AH52: =(AG52-AF52)/AF52 -> 0.075 | AI52: 0 | AJ52: 0 | AK52: 0 | AL52: 0 | AM52: 0 | AN52: 0 | AO52: 0 | AP52: 0 | AQ52: 0 | AR52: 0 | AS52: 0 | AT52: 0 | AU52: 0 | AV52: 0 | AW52: 0 | AX52: 0 | AY52: 0 | AZ52: 0 | BA52: 0 | BB52: 0 | BC52: 0 | BD52: 0 | BE52: 0 | BF52: 0 | BG52: 0 | BH52: 0 | BI52: 0 | BJ52: 0 | BK52: 0 | BL52: 0 | BM52: 0 | BN52: 0 | BO52: 0 | BQ52: =A52 -> 45869 | BR52: =B52+E52+H52+K52+N52+Q52 -> 2240.29 | BS52: =BR52-BR51 -> 166.56 | BT52: =C52+F52+I52+L52+O52+R52 -> 2483.72 | BU52: =BT52-BR52 -> 243.43 | BV52: =BU52/BR52 -> 0.10866004 | BW52: =BU52-BU51 -> 92.89 | BY52: =A52 -> 45869 | BZ52: =Z52+T52+AC52+W52+AR52+AF52+AI52+AL52+AO52+AU52+AX52+BA52+BD52+BG52+BJ52+BM52 -> 2680 | CA52: =BZ52-BZ51 -> 360 | CB52: =AA52+U52+AD52+X52+AS52+AG52+AJ52+AM52+AP52+AV52+AY52+BB52+BE52+BG52+BK52+BM52 -> 2853.38 | CC52: =CB52-BZ52 -> 173.38 | CD52: =CC52/BZ52 -> 0.06469403 | CE52: =CC52-CC51 -> 18.54 | CG52: =A52 -> 45869 | CH52: =BR52+BZ52 -> 4920.29 | CI52: =BS52+CA52 -> 526.56 | CJ52: =BT52+CB52 -> 5337.1 | CK52: =CJ52-CH52 -> 416.81 | CL52: =CK52/CH52 -> 0.084712486 | CM52: =CK52-CK51 -> 111.43 | CO52: =A52 -> 45869 | CP52: =(C52-B52)-(C51-B51) -> 34.98 | CQ52: =(F52-E52)-(F51-E51) -> 5.28 | CR52: =(I52-H52)-(I51-H51) -> 9.42 | CS52: =(L52-K52)-(L51-K51) -> 6.13 | CT52: =(O52-N52)-(O51-N51) -> 10.87 | CU52: =(R52-Q52)-(R51-Q51) -> 26.21 | CV52: =(U52-T52)-(U51-T51) -> 2.26 | CW52: =(X52-W52)-(X51-W51) -> 4.8 | CX52: =(AA52-Z52)-(AA51-Z51) -> 0 | CY52: =(AD52-AC52)-(AD51-AC51) -> 6.48 | CZ52: =(AG52-AF52)-(AG51-AF51) -> 5 | DA52: =(AJ52-AI52)-(AJ51-AI51) -> 0 | DB52: =(AM52-AL52)-(AM51-AL51) -> 0 | DC52: =(AP52-AO52)-(AP51-AO51) -> 0 | DD52: =(AS52-AR52)-(AS51-AR51) -> 0 | DE52: =(AV52-AU52)-(AV51-AU51) -> 0 | DF52: =(AY52-AX52)-(AY51-AX51) -> 0 | DG52: =(BB52-BA52)-(BB51-BA51) -> 0 | DH52: =(BE52-BD52)-(BE51-BD51) -> 0 | DI52: =(BH52-BG52)-(BH51-BG51) -> 0 | DJ52: =(BK52-BJ52)-(BK51-BJ51) -> 0 | DK52: =(BN52-BM52)-(BN51-BM51) -> 0
A53: 45900 | B53: 1234.92 | C53: 1366.76 | D53: =(C53-B53)/B53 -> 0.10675995 | E53: 159.65 | F53: 167.24 | G53: =(F53-E53)/E53 -> 0.047541497 | H53: 195.48 | I53: 219.18 | J53: =(I53-H53)/H53 -> 0.12124002 | K53: 150.07 | L53: 158.75 | M53: =(L53-K53)/K53 -> 0.057839675 | N53: 283.15 | O53: 296.55 | P53: =(O53-N53)/N53 -> 0.04732474 | Q53: 350 | R53: 412.19 | S53: =(R53-Q53)/Q53 -> 0.17768571 | T53: 800 | U53: 814.26 | V53: =(U53-T53)/T53 -> 0.017825 | W53: 650 | X53: 678.25 | Y53: =(X53-W53)/W53 -> 0.043461538 | Z53: 440 | AA53: 523.76 | AB53: =(AA53-Z53)/Z53 -> 0.19036364 | AC53: 700 | AD53: 740.12 | AE53: =(AD53-AC53)/AC53 -> 0.057314286 | AF53: 300 | AG53: 315 | AH53: =(AG53-AF53)/AF53 -> 0.05 | AI53: 0 | AJ53: 0 | AK53: 0 | AL53: 0 | AM53: 0 | AN53: 0 | AO53: 0 | AP53: 0 | AQ53: 0 | AR53: 0 | AS53: 0 | AT53: 0 | AU53: 0 | AV53: 0 | AW53: 0 | AX53: 0 | AY53: 0 | AZ53: 0 | BA53: 0 | BB53: 0 | BC53: 0 | BD53: 0 | BE53: 0 | BF53: 0 | BG53: 0 | BH53: 0 | BI53: 0 | BJ53: 0 | BK53: 0 | BL53: 0 | BM53: 0 | BN53: 0 | BO53: 0 | BQ53: =A53 -> 45900 | BR53: =B53+E53+H53+K53+N53+Q53 -> 2373.27 | BS53: =BR53-BR52 -> 132.98 | BT53: =C53+F53+I53+L53+O53+R53 -> 2620.67 | BU53: =BT53-BR53 -> 247.4 | BV53: =BU53/BR53 -> 0.10424435 | BW53: =BU53-BU52 -> 3.97 | BY53: =A53 -> 45900 | BZ53: =Z53+T53+AC53+W53+AR53+AF53+AI53+AL53+AO53+AU53+AX53+BA53+BD53+BG53+BJ53+BM53 -> 2890 | CA53: =BZ53-BZ52 -> 210 | CB53: =AA53+U53+AD53+X53+AS53+AG53+AJ53+AM53+AP53+AV53+AY53+BB53+BE53+BG53+BK53+BM53 -> 3071.39 | CC53: =CB53-BZ53 -> 181.39 | CD53: =CC53/BZ53 -> 0.062764706 | CE53: =CC53-CC52 -> 8.01 | CG53: =A53 -> 45900 | CH53: =BR53+BZ53 -> 5263.27 | CI53: =BS53+CA53 -> 342.98 | CJ53: =BT53+CB53 -> 5692.06 | CK53: =CJ53-CH53 -> 428.79 | CL53: =CK53/CH53 -> 0.081468365 | CM53: =CK53-CK52 -> 11.98 | CO53: =A53 -> 45900 | CP53: =(C53-B53)-(C52-B52) -> 4.03 | CQ53: =(F53-E53)-(F52-E52) -> -0.05 | CR53: =(I53-H53)-(I52-H52) -> -0.98 | CS53: =(L53-K53)-(L52-K52) -> -1.61 | CT53: =(O53-N53)-(O52-N52) -> -2.18 | CU53: =(R53-Q53)-(R52-Q52) -> 4.76 | CV53: =(U53-T53)-(U52-T52) -> 1.44 | CW53: =(X53-W53)-(X52-W52) -> 6.57 | CX53: =(AA53-Z53)-(AA52-Z52) -> 0 | CY53: =(AD53-AC53)-(AD52-AC52) -> 0 | CZ53: =(AG53-AF53)-(AG52-AF52) -> 0 | DA53: =(AJ53-AI53)-(AJ52-AI52) -> 0 | DB53: =(AM53-AL53)-(AM52-AL52) -> 0 | DC53: =(AP53-AO53)-(AP52-AO52) -> 0 | DD53: =(AS53-AR53)-(AS52-AR52) -> 0 | DE53: =(AV53-AU53)-(AV52-AU52) -> 0 | DF53: =(AY53-AX53)-(AY52-AX52) -> 0 | DG53: =(BB53-BA53)-(BB52-BA52) -> 0 | DH53: =(BE53-BD53)-(BE52-BD52) -> 0 | DI53: =(BH53-BG53)-(BH52-BG52) -> 0 | DJ53: =(BK53-BJ53)-(BK52-BJ52) -> 0 | DK53: =(BN53-BM53)-(BN52-BM52) -> 0
A54: 45930 | B54: 1254.92 | C54: 1391.02 | D54: =(C54-B54)/B54 -> 0.10845313 | E54: 159.65 | F54: 170.94 | G54: =(F54-E54)/E54 -> 0.070717194 | H54: 210.48 | I54: 240.97 | J54: =(I54-H54)/H54 -> 0.14485937 | K54: 180.07 | L54: 198.71 | M54: =(L54-K54)/K54 -> 0.1035153 | N54: 298.15 | O54: 318.21 | P54: =(O54-N54)/N54 -> 0.06728157 | Q54: 350 | R54: 448.31 | S54: =(R54-Q54)/Q54 -> 0.28088571 | T54: 900 | U54: 932.78 | V54: =(U54-T54)/T54 -> 0.036422222 | W54: 800 | X54: 836.08 | Y54: =(X54-W54)/W54 -> 0.0451 | Z54: 470 | AA54: 553.76 | AB54: =(AA54-Z54)/Z54 -> 0.17821277 | AC54: 800 | AD54: 852.99 | AE54: =(AD54-AC54)/AC54 -> 0.0662375 | AF54: 400 | AG54: 416 | AH54: =(AG54-AF54)/AF54 -> 0.04 | AI54: 100 | AJ54: 100.52 | AK54: =(AJ54-AI54)/AI54 -> 0.0052 | AL54: 50 | AM54: 50.12 | AN54: =(AM54-AL54)/AL54 -> 0.0024 | AO54: 0 | AP54: 0 | AQ54: 0 | AR54: 0 | AS54: 0 | AT54: 0 | AU54: 0 | AV54: 0 | AW54: 0 | AX54: 0 | AY54: 0 | AZ54: 0 | BA54: 0 | BB54: 0 | BC54: 0 | BD54: 0 | BE54: 0 | BF54: 0 | BG54: 0 | BH54: 0 | BI54: 0 | BJ54: 0 | BK54: 0 | BL54: 0 | BM54: 0 | BN54: 0 | BO54: 0 | BQ54: =A54 -> 45930 | BR54: =B54+E54+H54+K54+N54+Q54 -> 2453.27 | BS54: =BR54-BR53 -> 80 | BT54: =C54+F54+I54+L54+O54+R54 -> 2768.16 | BU54: =BT54-BR54 -> 314.89 | BV54: =BU54/BR54 -> 0.12835522 | BW54: =BU54-BU53 -> 67.49 | BY54: =A54 -> 45930 | BZ54: =Z54+T54+AC54+W54+AR54+AF54+AI54+AL54+AO54+AU54+AX54+BA54+BD54+BG54+BJ54+BM54 -> 3520 | CA54: =BZ54-BZ53 -> 630 | CB54: =AA54+U54+AD54+X54+AS54+AG54+AJ54+AM54+AP54+AV54+AY54+BB54+BE54+BG54+BK54+BM54 -> 3742.25 | CC54: =CB54-BZ54 -> 222.25 | CD54: =CC54/BZ54 -> 0.063139205 | CE54: =CC54-CC53 -> 40.86 | CG54: =A54 -> 45930 | CH54: =BR54+BZ54 -> 5973.27 | CI54: =BS54+CA54 -> 710 | CJ54: =BT54+CB54 -> 6510.41 | CK54: =CJ54-CH54 -> 537.14 | CL54: =CK54/CH54 -> 0.089923945 | CM54: =CK54-CK53 -> 108.35 | CO54: =A54 -> 45930 | CP54: =(C54-B54)-(C53-B53) -> 4.26 | CQ54: =(F54-E54)-(F53-E53) -> 3.7 | CR54: =(I54-H54)-(I53-H53) -> 6.79 | CS54: =(L54-K54)-(L53-K53) -> 9.96 | CT54: =(O54-N54)-(O53-N53) -> 6.66 | CU54: =(R54-Q54)-(R53-Q53) -> 36.12 | CV54: =(U54-T54)-(U53-T53) -> 18.52 | CW54: =(X54-W54)-(X53-W53) -> 7.83 | CX54: =(AA54-Z54)-(AA53-Z53) -> 0 | CY54: =(AD54-AC54)-(AD53-AC53) -> 12.87 | CZ54: =(AG54-AF54)-(AG53-AF53) -> 1 | DA54: =(AJ54-AI54)-(AJ53-AI53) -> 0.52 | DB54: =(AM54-AL54)-(AM53-AL53) -> 0.12 | DC54: =(AP54-AO54)-(AP53-AO53) -> 0 | DD54: =(AS54-AR54)-(AS53-AR53) -> 0 | DE54: =(AV54-AU54)-(AV53-AU53) -> 0 | DF54: =(AY54-AX54)-(AY53-AX53) -> 0 | DG54: =(BB54-BA54)-(BB53-BA53) -> 0 | DH54: =(BE54-BD54)-(BE53-BD53) -> 0 | DI54: =(BH54-BG54)-(BH53-BG53) -> 0 | DJ54: =(BK54-BJ54)-(BK53-BJ53) -> 0 | DK54: =(BN54-BM54)-(BN53-BM53) -> 0
A55: 45961 | B55: 1314.92 | C55: 1505.98 | D55: =(C55-B55)/B55 -> 0.14530162 | E55: 159.65 | F55: 177.19 | G55: =(F55-E55)/E55 -> 0.10986533 | H55: 230.48 | I55: 272.7 | J55: =(I55-H55)/H55 -> 0.18318292 | K55: 230.07 | L55: 264.9 | M55: =(L55-K55)/K55 -> 0.15138871 | N55: 313.15 | O55: 345.43 | P55: =(O55-N55)/N55 -> 0.10308159 | Q55: 350 | R55: 467.81 | S55: =(R55-Q55)/Q55 -> 0.3366 | T55: 900 | U55: 935.55 | V55: =(U55-T55)/T55 -> 0.0395 | W55: 900 | X55: 969.59 | Y55: =(X55-W55)/W55 -> 0.077322222 | Z55: 500 | AA55: 584.05 | AB55: =(AA55-Z55)/Z55 -> 0.1681 | AC55: 900 | AD55: 963.27 | AE55: =(AD55-AC55)/AC55 -> 0.0703 | AF55: 500 | AG55: 538.11 | AH55: =(AG55-AF55)/AF55 -> 0.07622 | AI55: 190 | AJ55: 191.79 | AK55: =(AJ55-AI55)/AI55 -> 0.0094210526 | AL55: 50 | AM55: 50.63 | AN55: =(AM55-AL55)/AL55 -> 0.0126 | AO55: 100 | AP55: 100 | AQ55: =(AP55-AO55)/AO55 -> 0 | AR55: 0 | AS55: 0 | AT55: 0 | AU55: 0 | AV55: 0 | AW55: 0 | AX55: 0 | AY55: 0 | AZ55: 0 | BA55: 0 | BB55: 0 | BC55: 0 | BD55: 0 | BE55: 0 | BF55: 0 | BG55: 0 | BH55: 0 | BI55: 0 | BJ55: 0 | BK55: 0 | BL55: 0 | BM55: 0 | BN55: 0 | BO55: 0 | BQ55: =A55 -> 45961 | BR55: =B55+E55+H55+K55+N55+Q55 -> 2598.27 | BS55: =BR55-BR54 -> 145 | BT55: =C55+F55+I55+L55+O55+R55 -> 3034.01 | BU55: =BT55-BR55 -> 435.74 | BV55: =BU55/BR55 -> 0.1677039 | BW55: =BU55-BU54 -> 120.85 | BY55: =A55 -> 45961 | BZ55: =Z55+T55+AC55+W55+AR55+AF55+AI55+AL55+AO55+AU55+AX55+BA55+BD55+BG55+BJ55+BM55 -> 4040 | CA55: =BZ55-BZ54 -> 520 | CB55: =AA55+U55+AD55+X55+AS55+AG55+AJ55+AM55+AP55+AV55+AY55+BB55+BE55+BG55+BK55+BM55 -> 4332.99 | CC55: =CB55-BZ55 -> 292.99 | CD55: =CC55/BZ55 -> 0.072522277 | CE55: =CC55-CC54 -> 70.74 | CG55: =A55 -> 45961 | CH55: =BR55+BZ55 -> 6638.27 | CI55: =BS55+CA55 -> 665 | CJ55: =BT55+CB55 -> 7367 | CK55: =CJ55-CH55 -> 728.73 | CL55: =CK55/CH55 -> 0.1097771 | CM55: =CK55-CK54 -> 191.59 | CO55: =A55 -> 45961 | CP55: =(C55-B55)-(C54-B54) -> 54.96 | CQ55: =(F55-E55)-(F54-E54) -> 6.25 | CR55: =(I55-H55)-(I54-H54) -> 11.73 | CS55: =(L55-K55)-(L54-K54) -> 16.19 | CT55: =(O55-N55)-(O54-N54) -> 12.22 | CU55: =(R55-Q55)-(R54-Q54) -> 19.5 | CV55: =(U55-T55)-(U54-T54) -> 2.77 | CW55: =(X55-W55)-(X54-W54) -> 33.51 | CX55: =(AA55-Z55)-(AA54-Z54) -> 0.29 | CY55: =(AD55-AC55)-(AD54-AC54) -> 10.28 | CZ55: =(AG55-AF55)-(AG54-AF54) -> 22.11 | DA55: =(AJ55-AI55)-(AJ54-AI54) -> 1.27 | DB55: =(AM55-AL55)-(AM54-AL54) -> 0.51 | DC55: =(AP55-AO55)-(AP54-AO54) -> 0 | DD55: =(AS55-AR55)-(AS54-AR54) -> 0 | DE55: =(AV55-AU55)-(AV54-AU54) -> 0 | DF55: =(AY55-AX55)-(AY54-AX54) -> 0 | DG55: =(BB55-BA55)-(BB54-BA54) -> 0 | DH55: =(BE55-BD55)-(BE54-BD54) -> 0 | DI55: =(BH55-BG55)-(BH54-BG54) -> 0 | DJ55: =(BK55-BJ55)-(BK54-BJ54) -> 0 | DK55: =(BN55-BM55)-(BN54-BM54) -> 0
A56: 45991 | B56: 1167 | C56: 1321.84 | D56: =(C56-B56)/B56 -> 0.13268209 | E56: 346.02 | F56: 366.28 | G56: =(F56-E56)/E56 -> 0.058551529 | H56: 250.48 | I56: 291.02 | J56: =(I56-H56)/H56 -> 0.16184925 | K56: 336.49 | L56: 364.81 | M56: =(L56-K56)/K56 -> 0.084162977 | N56: 328.15 | O56: 357.23 | P56: =(O56-N56)/N56 -> 0.08861801 | Q56: 350 | R56: 458.11 | S56: =(R56-Q56)/Q56 -> 0.30888571 | T56: 900 | U56: 940.78 | V56: =(U56-T56)/T56 -> 0.045311111 | W56: 900 | X56: 977.96 | Y56: =(X56-W56)/W56 -> 0.086622222 | Z56: 500 | AA56: 584.05 | AB56: =(AA56-Z56)/Z56 -> 0.1681 | AC56: 900 | AD56: 969.05 | AE56: =(AD56-AC56)/AC56 -> 0.076722222 | AF56: 600 | AG56: 639.11 | AH56: =(AG56-AF56)/AF56 -> 0.065183333 | AI56: 210 | AJ56: 214.47 | AK56: =(AJ56-AI56)/AI56 -> 0.021285714 | AL56: 100 | AM56: 101.4 | AN56: =(AM56-AL56)/AL56 -> 0.014 | AO56: 150 | AP56: 150.86 | AQ56: =(AP56-AO56)/AO56 -> 0.0057333333 | AR56: 500 | AS56: 500 | AT56: =(AS56-AR56)/AR56 -> 0 | AU56: 150 | AV56: 150.5 | AW56: =(AV56-AU56)/AU56 -> 0.0033333333 | AX56: 0 | AY56: 0 | AZ56: 0 | BA56: 0 | BB56: 0 | BC56: 0 | BD56: 0 | BE56: 0 | BF56: 0 | BG56: 0 | BH56: 0 | BI56: 0 | BJ56: 0 | BK56: 0 | BL56: 0 | BM56: 0 | BN56: 0 | BO56: 0 | BQ56: =A56 -> 45991 | BR56: =B56+E56+H56+K56+N56+Q56 -> 2778.14 | BS56: =BR56-BR55 -> 179.87 | BT56: =C56+F56+I56+L56+O56+R56 -> 3159.29 | BU56: =BT56-BR56 -> 381.15 | BV56: =BU56/BR56 -> 0.13719611 | BW56: =BU56-BU55 -> -54.59 | BY56: =A56 -> 45991 | BZ56: =Z56+T56+AC56+W56+AR56+AF56+AI56+AL56+AO56+AU56+AX56+BA56+BD56+BG56+BJ56+BM56 -> 4910 | CA56: =BZ56-BZ55 -> 870 | CB56: =AA56+U56+AD56+X56+AS56+AG56+AJ56+AM56+AP56+AV56+AY56+BB56+BE56+BG56+BK56+BM56 -> 5228.18 | CC56: =CB56-BZ56 -> 318.18 | CD56: =CC56/BZ56 -> 0.064802444 | CE56: =CC56-CC55 -> 25.19 | CG56: =A56 -> 45991 | CH56: =BR56+BZ56 -> 7688.14 | CI56: =BS56+CA56 -> 1049.87 | CJ56: =BT56+CB56 -> 8387.47 | CK56: =CJ56-CH56 -> 699.33 | CL56: =CK56/CH56 -> 0.090962183 | CM56: =CK56-CK55 -> -29.4 | CO56: =A56 -> 45991 | CP56: =(C56-B56)-(C55-B55) -> -36.22 | CQ56: =(F56-E56)-(F55-E55) -> 2.72 | CR56: =(I56-H56)-(I55-H55) -> -1.68 | CS56: =(L56-K56)-(L55-K55) -> -6.51 | CT56: =(O56-N56)-(O55-N55) -> -3.2 | CU56: =(R56-Q56)-(R55-Q55) -> -9.7 | CV56: =(U56-T56)-(U55-T55) -> 5.23 | CW56: =(X56-W56)-(X55-W55) -> 8.37 | CX56: =(AA56-Z56)-(AA55-Z55) -> 0 | CY56: =(AD56-AC56)-(AD55-AC55) -> 5.78 | CZ56: =(AG56-AF56)-(AG55-AF55) -> 1 | DA56: =(AJ56-AI56)-(AJ55-AI55) -> 2.68 | DB56: =(AM56-AL56)-(AM55-AL55) -> 0.77 | DC56: =(AP56-AO56)-(AP55-AO55) -> 0.86 | DD56: =(AS56-AR56)-(AS55-AR55) -> 0 | DE56: =(AV56-AU56)-(AV55-AU55) -> 0.5 | DF56: =(AY56-AX56)-(AY55-AX55) -> 0 | DG56: =(BB56-BA56)-(BB55-BA55) -> 0 | DH56: =(BE56-BD56)-(BE55-BD55) -> 0 | DI56: =(BH56-BG56)-(BH55-BG55) -> 0 | DJ56: =(BK56-BJ56)-(BK55-BJ55) -> 0 | DK56: =(BN56-BM56)-(BN55-BM55) -> 0
A57: 46022 | B57: 1207 | C57: 1381.27 | D57: =(C57-B57)/B57 -> 0.14438277 | E57: 356 | F57: 379.49 | G57: =(F57-E57)/E57 -> 0.065983146 | H57: 270.48 | I57: 312.13 | J57: =(I57-H57)/H57 -> 0.15398551 | K57: 499.54 | L57: 526.52 | M57: =(L57-K57)/K57 -> 0.054009689 | N57: 343.15 | O57: 371.26 | P57: =(O57-N57)/N57 -> 0.081917529 | Q57: 350 | R57: 455.13 | S57: =(R57-Q57)/Q57 -> 0.30037143 | T57: 1000 | U57: 1049.25 | V57: =(U57-T57)/T57 -> 0.04925 | W57: 900 | X57: 990.78 | Y57: =(X57-W57)/W57 -> 0.10086667 | Z57: 520 | AA57: 604.83 | AB57: =(AA57-Z57)/Z57 -> 0.16313462 | AC57: 1000 | AD57: 1094 | AE57: =(AD57-AC57)/AC57 -> 0.094 | AF57: 800 | AG57: 849.62 | AH57: =(AG57-AF57)/AF57 -> 0.062025 | AI57: 240 | AJ57: 246.8 | AK57: =(AJ57-AI57)/AI57 -> 0.028333333 | AL57: 120 | AM57: 122.52 | AN57: =(AM57-AL57)/AL57 -> 0.021 | AO57: 200 | AP57: 202.13 | AQ57: =(AP57-AO57)/AO57 -> 0.01065 | AR57: 500 | AS57: 500 | AT57: =(AS57-AR57)/AR57 -> 0 | AU57: 170 | AV57: 171.49 | AW57: =(AV57-AU57)/AU57 -> 0.0087647059 | AX57: 0 | AY57: 0 | AZ57: 0 | BA57: 0 | BB57: 0 | BC57: 0 | BD57: 0 | BE57: 0 | BF57: 0 | BG57: 0 | BH57: 0 | BI57: 0 | BJ57: 0 | BK57: 0 | BL57: 0 | BM57: 0 | BN57: 0 | BO57: 0 | BQ57: =A57 -> 46022 | BR57: =B57+E57+H57+K57+N57+Q57 -> 3026.17 | BS57: =BR57-BR56 -> 248.03 | BT57: =C57+F57+I57+L57+O57+R57 -> 3425.8 | BU57: =BT57-BR57 -> 399.63 | BV57: =BU57/BR57 -> 0.13205801 | BW57: =BU57-BU56 -> 18.48 | BY57: =A57 -> 46022 | BZ57: =Z57+T57+AC57+W57+AR57+AF57+AI57+AL57+AO57+AU57+AX57+BA57+BD57+BG57+BJ57+BM57 -> 5450 | CA57: =BZ57-BZ56 -> 540 | CB57: =AA57+U57+AD57+X57+AS57+AG57+AJ57+AM57+AP57+AV57+AY57+BB57+BE57+BG57+BK57+BM57 -> 5831.42 | CC57: =CB57-BZ57 -> 381.42 | CD57: =CC57/BZ57 -> 0.069985321 | CE57: =CC57-CC56 -> 63.24 | CG57: =A57 -> 46022 | CH57: =BR57+BZ57 -> 8476.17 | CI57: =BS57+CA57 -> 788.03 | CJ57: =BT57+CB57 -> 9257.22 | CK57: =CJ57-CH57 -> 781.05 | CL57: =CK57/CH57 -> 0.092146571 | CM57: =CK57-CK56 -> 81.72 | CO57: =A57 -> 46022 | CP57: =(C57-B57)-(C56-B56) -> 19.43 | CQ57: =(F57-E57)-(F56-E56) -> 3.23 | CR57: =(I57-H57)-(I56-H56) -> 1.11 | CS57: =(L57-K57)-(L56-K56) -> -1.34 | CT57: =(O57-N57)-(O56-N56) -> -0.97 | CU57: =(R57-Q57)-(R56-Q56) -> -2.98 | CV57: =(U57-T57)-(U56-T56) -> 8.47 | CW57: =(X57-W57)-(X56-W56) -> 12.82 | CX57: =(AA57-Z57)-(AA56-Z56) -> 0.78 | CY57: =(AD57-AC57)-(AD56-AC56) -> 24.95 | CZ57: =(AG57-AF57)-(AG56-AF56) -> 10.51 | DA57: =(AJ57-AI57)-(AJ56-AI56) -> 2.33 | DB57: =(AM57-AL57)-(AM56-AL56) -> 1.12 | DC57: =(AP57-AO57)-(AP56-AO56) -> 1.27 | DD57: =(AS57-AR57)-(AS56-AR56) -> 0 | DE57: =(AV57-AU57)-(AV56-AU56) -> 0.99 | DF57: =(AY57-AX57)-(AY56-AX56) -> 0 | DG57: =(BB57-BA57)-(BB56-BA56) -> 0 | DH57: =(BE57-BD57)-(BE56-BD56) -> 0 | DI57: =(BH57-BG57)-(BH56-BG56) -> 0 | DJ57: =(BK57-BJ57)-(BK56-BJ56) -> 0 | DK57: =(BN57-BM57)-(BN56-BM56) -> 0
A58: 46053 | B58: 1267 | C58: 1474.93 | D58: =(C58-B58)/B58 -> 0.16411208 | E58: 395.97 | F58: 430.76 | G58: =(F58-E58)/E58 -> 0.087860191 | H58: 290.48 | I58: 334.98 | J58: =(I58-H58)/H58 -> 0.15319471 | K58: 499.54 | L58: 525.69 | M58: =(L58-K58)/K58 -> 0.05234816 | N58: 358.15 | O58: 386.29 | P58: =(O58-N58)/N58 -> 0.078570431 | Q58: 350 | R58: 454.05 | S58: =(R58-Q58)/Q58 -> 0.29728571 | T58: 1000 | U58: 1058.32 | V58: =(U58-T58)/T58 -> 0.05832 | W58: 900 | X58: 1001.92 | Y58: =(X58-W58)/W58 -> 0.11324444 | Z58: 520 | AA58: 604.83 | AB58: =(AA58-Z58)/Z58 -> 0.16313462 | AC58: 1000 | AD58: 1102.32 | AE58: =(AD58-AC58)/AC58 -> 0.10232 | AF58: 900 | AG58: 956.77 | AH58: =(AG58-AF58)/AF58 -> 0.063077778 | AI58: 290 | AJ58: 299 | AK58: =(AJ58-AI58)/AI58 -> 0.031034483 | AL58: 140 | AM58: 143.83 | AN58: =(AM58-AL58)/AL58 -> 0.027357143 | AO58: 210 | AP58: 213.88 | AQ58: =(AP58-AO58)/AO58 -> 0.01847619 | AR58: 600 | AS58: 607.58 | AT58: =(AS58-AR58)/AR58 -> 0.012633333 | AU58: 190 | AV58: 193.64 | AW58: =(AV58-AU58)/AU58 -> 0.019157895 | AX58: 0 | AY58: 0 | AZ58: 0 | BA58: 0 | BB58: 0 | BC58: 0 | BD58: 0 | BE58: 0 | BF58: 0 | BG58: 0 | BH58: 0 | BI58: 0 | BJ58: 0 | BK58: 0 | BL58: 0 | BM58: 0 | BN58: 0 | BO58: 0 | BQ58: =A58 -> 46053 | BR58: =B58+E58+H58+K58+N58+Q58 -> 3161.14 | BS58: =BR58-BR57 -> 134.97 | BT58: =C58+F58+I58+L58+O58+R58 -> 3606.7 | BU58: =BT58-BR58 -> 445.56 | BV58: =BU58/BR58 -> 0.14094915 | BW58: =BU58-BU57 -> 45.93 | BY58: =A58 -> 46053 | BZ58: =Z58+T58+AC58+W58+AR58+AF58+AI58+AL58+AO58+AU58+AX58+BA58+BD58+BG58+BJ58+BM58 -> 5750 | CA58: =BZ58-BZ57 -> 300 | CB58: =AA58+U58+AD58+X58+AS58+AG58+AJ58+AM58+AP58+AV58+AY58+BB58+BE58+BG58+BK58+BM58 -> 6182.09 | CC58: =CB58-BZ58 -> 432.09 | CD58: =CC58/BZ58 -> 0.075146087 | CE58: =CC58-CC57 -> 50.67 | CG58: =A58 -> 46053 | CH58: =BR58+BZ58 -> 8911.14 | CI58: =BS58+CA58 -> 434.97 | CJ58: =BT58+CB58 -> 9788.79 | CK58: =CJ58-CH58 -> 877.65 | CL58: =CK58/CH58 -> 0.098489082 | CM58: =CK58-CK57 -> 96.6 | CO58: =A58 -> 46053 | CP58: =(C58-B58)-(C57-B57) -> 33.66 | CQ58: =(F58-E58)-(F57-E57) -> 11.3 | CR58: =(I58-H58)-(I57-H57) -> 2.85 | CS58: =(L58-K58)-(L57-K57) -> -0.83 | CT58: =(O58-N58)-(O57-N57) -> 0.03 | CU58: =(R58-Q58)-(R57-Q57) -> -1.08 | CV58: =(U58-T58)-(U57-T57) -> 9.07 | CW58: =(X58-W58)-(X57-W57) -> 11.14 | CX58: =(AA58-Z58)-(AA57-Z57) -> 0 | CY58: =(AD58-AC58)-(AD57-AC57) -> 8.32 | CZ58: =(AG58-AF58)-(AG57-AF57) -> 7.15 | DA58: =(AJ58-AI58)-(AJ57-AI57) -> 2.2 | DB58: =(AM58-AL58)-(AM57-AL57) -> 1.31 | DC58: =(AP58-AO58)-(AP57-AO57) -> 1.75 | DD58: =(AS58-AR58)-(AS57-AR57) -> 7.58 | DE58: =(AV58-AU58)-(AV57-AU57) -> 2.15 | DF58: =(AY58-AX58)-(AY57-AX57) -> 0 | DG58: =(BB58-BA58)-(BB57-BA57) -> 0 | DH58: =(BE58-BD58)-(BE57-BD57) -> 0 | DI58: =(BH58-BG58)-(BH57-BG57) -> 0 | DJ58: =(BK58-BJ58)-(BK57-BJ57) -> 0 | DK58: =(BN58-BM58)-(BN57-BM57) -> 0
A59: 46081 | B59: 1287 | C59: 1513.65 | D59: =(C59-B59)/B59 -> 0.17610723 | E59: 435.95 | F59: 484.05 | G59: =(F59-E59)/E59 -> 0.11033375 | H59: 310.48 | I59: 362.82 | J59: =(I59-H59)/H59 -> 0.16857769 | K59: 619.54 | L59: 650.45 | M59: =(L59-K59)/K59 -> 0.049891855 | N59: 373.15 | O59: 403.74 | P59: =(O59-N59)/N59 -> 0.081977757 | Q59: 350 | R59: 435.31 | S59: =(R59-Q59)/Q59 -> 0.24374286 | T59: 1020 | U59: 1082.54 | V59: =(U59-T59)/T59 -> 0.061313725 | W59: 950 | X59: 1061.76 | Y59: =(X59-W59)/W59 -> 0.11764211 | Z59: 520 | AA59: 604.83 | AB59: =(AA59-Z59)/Z59 -> 0.16313462 | AC59: 1000 | AD59: 1110.46 | AE59: =(AD59-AC59)/AC59 -> 0.11046 | AF59: 900 | AG59: 961.24 | AH59: =(AG59-AF59)/AF59 -> 0.068044444 | AI59: 290 | AJ59: 301.33 | AK59: =(AJ59-AI59)/AI59 -> 0.039068966 | AL59: 160 | AM59: 165.2 | AN59: =(AM59-AL59)/AL59 -> 0.0325 | AO59: 240 | AP59: 245.74 | AQ59: =(AP59-AO59)/AO59 -> 0.023916667 | AR59: 600 | AS59: 607.58 | AT59: =(AS59-AR59)/AR59 -> 0.012633333 | AU59: 210 | AV59: 215.26 | AW59: =(AV59-AU59)/AU59 -> 0.025047619 | AX59: 0 | AY59: 0 | AZ59: 0 | BA59: 0 | BB59: 0 | BC59: 0 | BD59: 0 | BE59: 0 | BF59: 0 | BG59: 0 | BH59: 0 | BI59: 0 | BJ59: 0 | BK59: 0 | BL59: 0 | BM59: 0 | BN59: 0 | BO59: 0 | BQ59: =A59 -> 46081 | BR59: =B59+E59+H59+K59+N59+Q59 -> 3376.12 | BS59: =BR59-BR58 -> 214.98 | BT59: =C59+F59+I59+L59+O59+R59 -> 3850.02 | BU59: =BT59-BR59 -> 473.9 | BV59: =BU59/BR59 -> 0.14036823 | BW59: =BU59-BU58 -> 28.34 | BY59: =A59 -> 46081 | BZ59: =Z59+T59+AC59+W59+AR59+AF59+AI59+AL59+AO59+AU59+AX59+BA59+BD59+BG59+BJ59+BM59 -> 5890 | CA59: =BZ59-BZ58 -> 140 | CB59: =AA59+U59+AD59+X59+AS59+AG59+AJ59+AM59+AP59+AV59+AY59+BB59+BE59+BG59+BK59+BM59 -> 6355.94 | CC59: =CB59-BZ59 -> 465.94 | CD59: =CC59/BZ59 -> 0.079106961 | CE59: =CC59-CC58 -> 33.85 | CG59: =A59 -> 46081 | CH59: =BR59+BZ59 -> 9266.12 | CI59: =BS59+CA59 -> 354.98 | CJ59: =BT59+CB59 -> 10205.96 | CK59: =CJ59-CH59 -> 939.84 | CL59: =CK59/CH59 -> 0.10142757 | CM59: =CK59-CK58 -> 62.19 | CO59: =A59 -> 46081 | CP59: =(C59-B59)-(C58-B58) -> 18.72 | CQ59: =(F59-E59)-(F58-E58) -> 13.31 | CR59: =(I59-H59)-(I58-H58) -> 7.84 | CS59: =(L59-K59)-(L58-K58) -> 4.76 | CT59: =(O59-N59)-(O58-N58) -> 2.45 | CU59: =(R59-Q59)-(R58-Q58) -> -18.74 | CV59: =(U59-T59)-(U58-T58) -> 4.22 | CW59: =(X59-W59)-(X58-W58) -> 9.84 | CX59: =(AA59-Z59)-(AA58-Z58) -> 0 | CY59: =(AD59-AC59)-(AD58-AC58) -> 8.14 | CZ59: =(AG59-AF59)-(AG58-AF58) -> 4.47 | DA59: =(AJ59-AI59)-(AJ58-AI58) -> 2.33 | DB59: =(AM59-AL59)-(AM58-AL58) -> 1.37 | DC59: =(AP59-AO59)-(AP58-AO58) -> 1.86 | DD59: =(AS59-AR59)-(AS58-AR58) -> 0 | DE59: =(AV59-AU59)-(AV58-AU58) -> 1.62 | DF59: =(AY59-AX59)-(AY58-AX58) -> 0 | DG59: =(BB59-BA59)-(BB58-BA58) -> 0 | DH59: =(BE59-BD59)-(BE58-BD58) -> 0 | DI59: =(BH59-BG59)-(BH58-BG58) -> 0 | DJ59: =(BK59-BJ59)-(BK58-BJ58) -> 0 | DK59: =(BN59-BM59)-(BN58-BM58) -> 0
A60: 46112 | B60: 1347 | C60: 1458.89 | D60: =(C60-B60)/B60 -> 0.083066073 | E60: 475.9 | F60: 487.71 | G60: =(F60-E60)/E60 -> 0.024816138 | H60: 330.48 | I60: 356.94 | J60: =(I60-H60)/H60 -> 0.080065359 | K60: 749.54 | L60: 765.02 | M60: =(L60-K60)/K60 -> 0.020652667 | N60: 388.15 | O60: 411.09 | P60: =(O60-N60)/N60 -> 0.059100863 | Q60: 350 | R60: 420.18 | S60: =(R60-Q60)/Q60 -> 0.20051429 | T60: 1020 | U60: 1092.69 | V60: =(U60-T60)/T60 -> 0.071264706 | W60: 950 | X60: 1070.74 | Y60: =(X60-W60)/W60 -> 0.12709474 | Z60: 520 | AA60: 604.86 | AB60: =(AA60-Z60)/Z60 -> 0.16319231 | AC60: 1030 | AD60: 1156.17 | AE60: =(AD60-AC60)/AC60 -> 0.12249515 | AF60: 900 | AG60: 967.83 | AH60: =(AG60-AF60)/AF60 -> 0.075366667 | AI60: 290 | AJ60: 303.84 | AK60: =(AJ60-AI60)/AI60 -> 0.047724138 | AL60: 160 | AM60: 166.83 | AN60: =(AM60-AL60)/AL60 -> 0.0426875 | AO60: 270 | AP60: 277.76 | AQ60: =(AP60-AO60)/AO60 -> 0.028740741 | AR60: 600 | AS60: 607.58 | AT60: =(AS60-AR60)/AR60 -> 0.012633333 | AU60: 230 | AV60: 236.82 | AW60: =(AV60-AU60)/AU60 -> 0.029652174 | AX60: 0 | AY60: 10 | AZ60: 0 | BA60: 0 | BB60: 0 | BC60: 1 | BD60: 0 | BE60: 0 | BF60: 0 | BG60: 0 | BH60: 0 | BI60: 0 | BJ60: 0 | BK60: 0 | BL60: 0 | BM60: 0 | BN60: 0 | BO60: 0 | BQ60: =A60 -> 46112 | BR60: =B60+E60+H60+K60+N60+Q60 -> 3641.07 | BS60: =BR60-BR59 -> 264.95 | BT60: =C60+F60+I60+L60+O60+R60 -> 3899.83 | BU60: =BT60-BR60 -> 258.76 | BV60: =BU60/BR60 -> 0.071067022 | BW60: =BU60-BU59 -> -215.14 | BY60: =A60 -> 46112 | BZ60: =Z60+T60+AC60+W60+AR60+AF60+AI60+AL60+AO60+AU60+AX60+BA60+BD60+BG60+BJ60+BM60 -> 5970 | CA60: =BZ60-BZ59 -> 80 | CB60: =AA60+U60+AD60+X60+AS60+AG60+AJ60+AM60+AP60+AV60+AY60+BB60+BE60+BG60+BK60+BM60 -> 6495.12 | CC60: =CB60-BZ60 -> 525.12 | CD60: =CC60/BZ60 -> 0.087959799 | CE60: =CC60-CC59 -> 59.18 | CG60: =A60 -> 46112 | CH60: =BR60+BZ60 -> 9611.07 | CI60: =BS60+CA60 -> 344.95 | CJ60: =BT60+CB60 -> 10394.95 | CK60: =CJ60-CH60 -> 783.88 | CL60: =CK60/CH60 -> 0.081560118 | CM60: =CK60-CK59 -> -155.96 | CO60: =A60 -> 46112 | CP60: =(C60-B60)-(C59-B59) -> -114.76 | CQ60: =(F60-E60)-(F59-E59) -> -36.29 | CR60: =(I60-H60)-(I59-H59) -> -25.88 | CS60: =(L60-K60)-(L59-K59) -> -15.43 | CT60: =(O60-N60)-(O59-N59) -> -7.65 | CU60: =(R60-Q60)-(R59-Q59) -> -15.13 | CV60: =(U60-T60)-(U59-T59) -> 10.15 | CW60: =(X60-W60)-(X59-W59) -> 8.98 | CX60: =(AA60-Z60)-(AA59-Z59) -> 0.03 | CY60: =(AD60-AC60)-(AD59-AC59) -> 15.71 | CZ60: =(AG60-AF60)-(AG59-AF59) -> 6.59 | DA60: =(AJ60-AI60)-(AJ59-AI59) -> 2.51 | DB60: =(AM60-AL60)-(AM59-AL59) -> 1.63 | DC60: =(AP60-AO60)-(AP59-AO59) -> 2.02 | DD60: =(AS60-AR60)-(AS59-AR59) -> 0 | DE60: =(AV60-AU60)-(AV59-AU59) -> 1.56 | DF60: =(AY60-AX60)-(AY59-AX59) -> 10 | DG60: =(BB60-BA60)-(BB59-BA59) -> 0 | DH60: =(BE60-BD60)-(BE59-BD59) -> 0 | DI60: =(BH60-BG60)-(BH59-BG59) -> 0 | DJ60: =(BK60-BJ60)-(BK59-BJ59) -> 0 | DK60: =(BN60-BM60)-(BN59-BM59) -> 0
A61: 46142 | B61: 1387 | C61: 1593.13 | D61: =(C61-B61)/B61 -> 0.14861572 | E61: 525.87 | F61: 581.25 | G61: =(F61-E61)/E61 -> 0.1053112 | H61: 350.48 | I61: 409.98 | J61: =(I61-H61)/H61 -> 0.16976718 | K61: 829.54 | L61: 886.55 | M61: =(L61-K61)/K61 -> 0.068724835 | N61: 403.15 | O61: 443.34 | P61: =(O61-N61)/N61 -> 0.099689942 | Q61: 350 | R61: 478.78 | S61: =(R61-Q61)/Q61 -> 0.36794286 | T61: 1020 | U61: 1102.97 | V61: =(U61-T61)/T61 -> 0.081343137 | W61: 950 | X61: 1083.23 | Y61: =(X61-W61)/W61 -> 0.14024211 | Z61: 520 | AA61: 604.86 | AB61: =(AA61-Z61)/Z61 -> 0.16319231 | AC61: 1030 | AD61: 1156.17 | AE61: =(AD61-AC61)/AC61 -> 0.12249515 | AF61: 950 | AG61: 1024.73 | AH61: =(AG61-AF61)/AF61 -> 0.078663158 | AI61: 290 | AJ61: 307.93 | AK61: =(AJ61-AI61)/AI61 -> 0.061827586 | AL61: 180 | AM61: 188.69 | AN61: =(AM61-AL61)/AL61 -> 0.048277778 | AO61: 280 | AP61: 290.24 | AQ61: =(AP61-AO61)/AO61 -> 0.036571429 | AR61: 600 | AS61: 618.13 | AT61: =(AS61-AR61)/AR61 -> 0.030216667 | AU61: 250 | AV61: 258.69 | AW61: =(AV61-AU61)/AU61 -> 0.03476 | AX61: 20 | AY61: 30.08 | AZ61: =(AY61-AX61)/AX61 -> 0.504 | BA61: 20 | BB61: 20 | BC61: =(BB61-BA61)/BA61 -> 0 | BD61: 0 | BE61: 0 | BF61: 0 | BG61: 0 | BH61: 0 | BI61: 0 | BJ61: 0 | BK61: 0 | BL61: 0 | BM61: 0 | BN61: 0 | BO61: 0 | BQ61: =A61 -> 46142 | BR61: =B61+E61+H61+K61+N61+Q61 -> 3846.04 | BS61: =BR61-BR60 -> 204.97 | BT61: =C61+F61+I61+L61+O61+R61 -> 4393.03 | BU61: =BT61-BR61 -> 546.99 | BV61: =BU61/BR61 -> 0.14222161 | BW61: =BU61-BU60 -> 288.23 | BY61: =A61 -> 46142 | BZ61: =Z61+T61+AC61+W61+AR61+AF61+AI61+AL61+AO61+AU61+AX61+BA61+BD61+BG61+BJ61+BM61 -> 6110 | CA61: =BZ61-BZ60 -> 140 | CB61: =AA61+U61+AD61+X61+AS61+AG61+AJ61+AM61+AP61+AV61+AY61+BB61+BE61+BG61+BK61+BM61 -> 6685.72 | CC61: =CB61-BZ61 -> 575.72 | CD61: =CC61/BZ61 -> 0.094225859 | CE61: =CC61-CC60 -> 50.6 | CG61: =A61 -> 46142 | CH61: =BR61+BZ61 -> 9956.04 | CI61: =BS61+CA61 -> 344.97 | CJ61: =BT61+CB61 -> 11078.75 | CK61: =CJ61-CH61 -> 1122.71 | CL61: =CK61/CH61 -> 0.11276672 | CM61: =CK61-CK60 -> 338.83 | CO61: =A61 -> 46142 | CP61: =(C61-B61)-(C60-B60) -> 94.24 | CQ61: =(F61-E61)-(F60-E60) -> 43.57 | CR61: =(I61-H61)-(I60-H60) -> 33.04 | CS61: =(L61-K61)-(L60-K60) -> 41.53 | CT61: =(O61-N61)-(O60-N60) -> 17.25 | CU61: =(R61-Q61)-(R60-Q60) -> 58.6 | CV61: =(U61-T61)-(U60-T60) -> 10.28 | CW61: =(X61-W61)-(X60-W60) -> 12.49 | CX61: =(AA61-Z61)-(AA60-Z60) -> 0 | CY61: =(AD61-AC61)-(AD60-AC60) -> 0 | CZ61: =(AG61-AF61)-(AG60-AF60) -> 6.9 | DA61: =(AJ61-AI61)-(AJ60-AI60) -> 4.09 | DB61: =(AM61-AL61)-(AM60-AL60) -> 1.86 | DC61: =(AP61-AO61)-(AP60-AO60) -> 2.48 | DD61: =(AS61-AR61)-(AS60-AR60) -> 10.55 | DE61: =(AV61-AU61)-(AV60-AU60) -> 1.87 | DF61: =(AY61-AX61)-(AY60-AX60) -> 0.08 | DG61: =(BB61-BA61)-(BB60-BA60) -> 0 | DH61: =(BE61-BD61)-(BE60-BD60) -> 0 | DI61: =(BH61-BG61)-(BH60-BG60) -> 0 | DJ61: =(BK61-BJ61)-(BK60-BJ60) -> 0 | DK61: =(BN61-BM61)-(BN60-BM60) -> 0
A62: 46173 | B62: 1427 | C62: 1700.42 | D62: =(C62-B62)/B62 -> 0.19160477 | E62: 575.7 | F62: 677.89 | G62: =(F62-E62)/E62 -> 0.17750565 | H62: 370.48 | I62: 460.01 | J62: =(I62-H62)/H62 -> 0.24165947 | K62: 949.54 | L62: 1066.85 | M62: =(L62-K62)/K62 -> 0.12354403 | N62: 418.15 | O62: 472.91 | P62: =(O62-N62)/N62 -> 0.13095779 | Q62: 350 | R62: 512.96 | S62: =(R62-Q62)/Q62 -> 0.4656 | T62: 1020 | U62: 1107.48 | V62: =(U62-T62)/T62 -> 0.085764706 | W62: 950 | X62: 1092.82 | Y62: =(X62-W62)/W62 -> 0.15033684 | Z62: 530 | AA62: 615.37 | AB62: =(AA62-Z62)/Z62 -> 0.16107547 | AC62: 1030 | AD62: 1156.17 | AE62: =(AD62-AC62)/AC62 -> 0.12249515 | AF62: 950 | AG62: 1033.87 | AH62: =(AG62-AF62)/AF62 -> 0.088284211 | AI62: 300 | AJ62: 320.28 | AK62: =(AJ62-AI62)/AI62 -> 0.0676 | AL62: 200 | AM62: 211.15 | AN62: =(AM62-AL62)/AL62 -> 0.05575 | AO62: 330 | AP62: 342.77 | AQ62: =(AP62-AO62)/AO62 -> 0.03869697 | AR62: 600 | AS62: 618.13 | AT62: =(AS62-AR62)/AR62 -> 0.030216667 | AU62: 270 | AV62: 280.67 | AW62: =(AV62-AU62)/AU62 -> 0.039518519 | AX62: 40 | AY62: 50.38 | AZ62: =(AY62-AX62)/AX62 -> 0.2595 | BA62: 20 | BB62: 20.08 | BC62: =(BB62-BA62)/BA62 -> 0.004 | BD62: 0 | BE62: 0 | BF62: 0 | BG62: 0 | BH62: 0 | BI62: 0 | BJ62: 0 | BK62: 0 | BL62: 0 | BM62: 0 | BN62: 0 | BO62: 0 | BQ62: =A62 -> 46173 | BR62: =B62+E62+H62+K62+N62+Q62 -> 4090.87 | BS62: =BR62-BR61 -> 244.83 | BT62: =C62+F62+I62+L62+O62+R62 -> 4891.04 | BU62: =BT62-BR62 -> 800.17 | BV62: =BU62/BR62 -> 0.19559898 | BW62: =BU62-BU61 -> 253.18 | BY62: =A62 -> 46173 | BZ62: =Z62+T62+AC62+W62+AR62+AF62+AI62+AL62+AO62+AU62+AX62+BA62+BD62+BG62+BJ62+BM62 -> 6240 | CA62: =BZ62-BZ61 -> 130 | CB62: =AA62+U62+AD62+X62+AS62+AG62+AJ62+AM62+AP62+AV62+AY62+BB62+BE62+BG62+BK62+BM62 -> 6849.17 | CC62: =CB62-BZ62 -> 609.17 | CD62: =CC62/BZ62 -> 0.097623397 | CE62: =CC62-CC61 -> 33.45 | CG62: =A62 -> 46173 | CH62: =BR62+BZ62 -> 10330.87 | CI62: =BS62+CA62 -> 374.83 | CJ62: =BT62+CB62 -> 11740.21 | CK62: =CJ62-CH62 -> 1409.34 | CL62: =CK62/CH62 -> 0.13642026 | CM62: =CK62-CK61 -> 286.63 | CO62: =A62 -> 46173 | CP62: =(C62-B62)-(C61-B61) -> 67.29 | CQ62: =(F62-E62)-(F61-E61) -> 46.81 | CR62: =(I62-H62)-(I61-H61) -> 30.03 | CS62: =(L62-K62)-(L61-K61) -> 60.3 | CT62: =(O62-N62)-(O61-N61) -> 14.57 | CU62: =(R62-Q62)-(R61-Q61) -> 34.18 | CV62: =(U62-T62)-(U61-T61) -> 4.51 | CW62: =(X62-W62)-(X61-W61) -> 9.59 | CX62: =(AA62-Z62)-(AA61-Z61) -> 0.51 | CY62: =(AD62-AC62)-(AD61-AC61) -> 0 | CZ62: =(AG62-AF62)-(AG61-AF61) -> 9.14 | DA62: =(AJ62-AI62)-(AJ61-AI61) -> 2.35 | DB62: =(AM62-AL62)-(AM61-AL61) -> 2.46 | DC62: =(AP62-AO62)-(AP61-AO61) -> 2.53 | DD62: =(AS62-AR62)-(AS61-AR61) -> 0 | DE62: =(AV62-AU62)-(AV61-AU61) -> 1.98 | DF62: =(AY62-AX62)-(AY61-AX61) -> 0.3 | DG62: =(BB62-BA62)-(BB61-BA61) -> 0.08 | DH62: =(BE62-BD62)-(BE61-BD61) -> 0 | DI62: =(BH62-BG62)-(BH61-BG61) -> 0 | DJ62: =(BK62-BJ62)-(BK61-BJ61) -> 0 | DK62: =(BN62-BM62)-(BN61-BM61) -> 0
A63: 46203 | B63: 0 | C63: 0 | D63: 0 | E63: 2394.58 | F63: 2518.47 | G63: =(F63-E63)/E63 -> 0.051737674 | H63: 390.48 | I63: 487.53 | J63: =(I63-H63)/H63 -> 0.24854026 | K63: 1530 | L63: 1665.79 | M63: =(L63-K63)/K63 -> 0.088751634 | N63: 0 | O63: 0 | P63: 0 | Q63: 350 | R63: 475.64 | S63: =(R63-Q63)/Q63 -> 0.35897143 | T63: 1020 | U63: 1120.03 | V63: =(U63-T63)/T63 -> 0.098068627 | W63: 950 | X63: 1102.56 | Y63: =(X63-W63)/W63 -> 0.16058947 | Z63: 530 | AA63: 616.19 | AB63: =(AA63-Z63)/Z63 -> 0.16262264 | AC63: 1030 | AD63: 1178.74 | AE63: =(AD63-AC63)/AC63 -> 0.14440777 | AF63: 950 | AG63: 1050.62 | AH63: =(AG63-AF63)/AF63 -> 0.10591579 | AI63: 300 | AJ63: 323.29 | AK63: =(AJ63-AI63)/AI63 -> 0.077633333 | AL63: 200 | AM63: 213.25 | AN63: =(AM63-AL63)/AL63 -> 0.06625 | AO63: 340 | AP63: 355.48 | AQ63: =(AP63-AO63)/AO63 -> 0.045529412 | AR63: 635.07 | AS63: 654.87 | AT63: =(AS63-AR63)/AR63 -> 0.031177665 | AU63: 270 | AV63: 282.88 | AW63: =(AV63-AU63)/AU63 -> 0.047703704 | AX63: 70 | AY63: 81.22 | AZ63: =(AY63-AX63)/AX63 -> 0.16028571 | BA63: 20 | BB63: 20.3 | BC63: =(BB63-BA63)/BA63 -> 0.015 | BD63: 20 | BE63: 20 | BF63: 0 | BG63: 0 | BH63: 0 | BI63: 0 | BJ63: 0 | BK63: 0 | BL63: 0 | BM63: 0 | BN63: 0 | BO63: 0 | BQ63: =A63 -> 46203 | BR63: =B63+E63+H63+K63+N63+Q63 -> 4665.06 | BS63: =BR63-BR62 -> 574.19 | BT63: =C63+F63+I63+L63+O63+R63 -> 5147.43 | BU63: =BT63-BR63 -> 482.37 | BV63: =BU63/BR63 -> 0.1034006 | BW63: =BU63-BU62 -> -317.8 | BY63: =A63 -> 46203 | BZ63: =Z63+T63+AC63+W63+AR63+AF63+AI63+AL63+AO63+AU63+AX63+BA63+BD63+BG63+BJ63+BM63 -> 6335.07 | CA63: =BZ63-BZ62 -> 95.07 | CB63: =AA63+U63+AD63+X63+AS63+AG63+AJ63+AM63+AP63+AV63+AY63+BB63+BE63+BG63+BK63+BM63 -> 7019.43 | CC63: =CB63-BZ63 -> 684.36 | CD63: =CC63/BZ63 -> 0.10802722 | CE63: =CC63-CC62 -> 75.19 | CG63: =A63 -> 46203 | CH63: =BR63+BZ63 -> 11000.13 | CI63: =BS63+CA63 -> 669.26 | CJ63: =BT63+CB63 -> 12166.86 | CK63: =CJ63-CH63 -> 1166.73 | CL63: =CK63/CH63 -> 0.10606511 | CM63: =CK63-CK62 -> -242.61 | CO63: =A63 -> 46203 | CP63: 0 | CQ63: =(F63-E63)-(F62-E62) -> 21.7 | CR63: =(I63-H63)-(I62-H62) -> 7.52 | CS63: =(L63-K63)-(L62-K62) -> 18.48 | CT63: 0 | CU63: =(R63-Q63)-(R62-Q62) -> -37.32 | CV63: =(U63-T63)-(U62-T62) -> 12.55 | CW63: =(X63-W63)-(X62-W62) -> 9.74 | CX63: =(AA63-Z63)-(AA62-Z62) -> 0.82 | CY63: =(AD63-AC63)-(AD62-AC62) -> 22.57 | CZ63: =(AG63-AF63)-(AG62-AF62) -> 16.75 | DA63: =(AJ63-AI63)-(AJ62-AI62) -> 3.01 | DB63: =(AM63-AL63)-(AM62-AL62) -> 2.1 | DC63: =(AP63-AO63)-(AP62-AO62) -> 2.71 | DD63: =(AS63-AR63)-(AS62-AR62) -> 1.67 | DE63: =(AV63-AU63)-(AV62-AU62) -> 2.21 | DF63: =(AY63-AX63)-(AY62-AX62) -> 0.84 | DG63: =(BB63-BA63)-(BB62-BA62) -> 0.22 | DH63: =(BE63-BD63)-(BE62-BD62) -> 0 | DI63: =(BH63-BG63)-(BH62-BG62) -> 0 | DJ63: =(BK63-BJ63)-(BK62-BJ62) -> 0 | DK63: =(BN63-BM63)-(BN62-BM62) -> 0
A64: 46234 | B64: 0 | C64: 0 | D64: 0 | E64: 2994.57 | F64: 3028.57 | G64: =(F64-E64)/E64 -> 0.011353884 | H64: 0 | I64: 0 | J64: 0 | K64: 1670 | L64: 1773.83 | M64: =(L64-K64)/K64 -> 0.062173653 | N64: 0 | O64: 0 | P64: 0 | Q64: 350 | R64: 471.62 | S64: =(R64-Q64)/Q64 -> 0.34748571 | T64: 1020 | U64: 1125.34 | V64: =(U64-T64)/T64 -> 0.10327451 | W64: 950 | X64: 1111.85 | Y64: =(X64-W64)/W64 -> 0.17036842 | Z64: 550 | AA64: 637.06 | AB64: =(AA64-Z64)/Z64 -> 0.15829091 | AC64: 1030 | AD64: 1186.48 | AE64: =(AD64-AC64)/AC64 -> 0.15192233 | AF64: 950 | AG64: 1062.91 | AH64: =(AG64-AF64)/AF64 -> 0.11885263 | AI64: 300 | AJ64: 326.39 | AK64: =(AJ64-AI64)/AI64 -> 0.087966667 | AL64: 240 | AM64: 255.6 | AN64: =(AM64-AL64)/AL64 -> 0.065 | AO64: 340 | AP64: 358.35 | AQ64: =(AP64-AO64)/AO64 -> 0.053970588 | AR64: 674.21 | AS64: 704.67 | AT64: =(AS64-AR64)/AR64 -> 0.045178802 | AU64: 290 | AV64: 305 | AW64: =(AV64-AU64)/AU64 -> 0.051724138 | AX64: 100 | AY64: 111.91 | AZ64: =(AY64-AX64)/AX64 -> 0.1191 | BA64: 20 | BB64: 20.58 | BC64: =(BB64-BA64)/BA64 -> 0.029 | BD64: 20 | BE64: 20.16 | BF64: =(BE64-BD64)/BD64 -> 0.008 | BG64: 30 | BH64: 30.05 | BI64: =(BH64-BG64)/BG64 -> 0.0016666667 | BJ64: 50 | BK64: 56.65 | BL64: =(BK64-BJ64)/BJ64 -> 0.133 | BM64: 0 | BN64: 0 | BO64: 0 | BQ64: =A64 -> 46234 | BR64: =B64+E64+H64+K64+N64+Q64 -> 5014.57 | BS64: =BR64-BR63 -> 349.51 | BT64: =C64+F64+I64+L64+O64+R64 -> 5274.02 | BU64: =BT64-BR64 -> 259.45 | BV64: =BU64/BR64 -> 0.051739232 | BW64: =BU64-BU63 -> -222.92 | BY64: =A64 -> 46234 | BZ64: =Z64+T64+AC64+W64+AR64+AF64+AI64+AL64+AO64+AU64+AX64+BA64+BD64+BG64+BJ64+BM64 -> 6564.21 | CA64: =BZ64-BZ63 -> 229.14 | CB64: =AA64+U64+AD64+X64+AS64+AG64+AJ64+AM64+AP64+AV64+AY64+BB64+BE64+BG64+BK64+BM64 -> 7312.95 | CC64: =CB64-BZ64 -> 748.74 | CD64: =CC64/BZ64 -> 0.11406399 | CE64: =CC64-CC63 -> 64.38 | CG64: =A64 -> 46234 | CH64: =BR64+BZ64 -> 11578.78 | CI64: =BS64+CA64 -> 578.65 | CJ64: =BT64+CB64 -> 12586.97 | CK64: =CJ64-CH64 -> 1008.19 | CL64: =CK64/CH64 -> 0.087072213 | CM64: =CK64-CK63 -> -158.54 | CO64: =A64 -> 46234 | CP64: 0 | CQ64: =(F64-E64)-(F63-E63) -> -89.89 | CR64: 0 | CS64: =(L64-K64)-(L63-K63) -> -31.96 | CT64: 0 | CU64: =(R64-Q64)-(R63-Q63) -> -4.02 | CV64: =(U64-T64)-(U63-T63) -> 5.31 | CW64: =(X64-W64)-(X63-W63) -> 9.29 | CX64: =(AA64-Z64)-(AA63-Z63) -> 0.87 | CY64: =(AD64-AC64)-(AD63-AC63) -> 7.74 | CZ64: =(AG64-AF64)-(AG63-AF63) -> 12.29 | DA64: =(AJ64-AI64)-(AJ63-AI63) -> 3.1 | DB64: =(AM64-AL64)-(AM63-AL63) -> 2.35 | DC64: =(AP64-AO64)-(AP63-AO63) -> 2.87 | DD64: =(AS64-AR64)-(AS63-AR63) -> 10.66 | DE64: =(AV64-AU64)-(AV63-AU63) -> 2.12 | DF64: =(AY64-AX64)-(AY63-AX63) -> 0.69 | DG64: =(BB64-BA64)-(BB63-BA63) -> 0.28 | DH64: =(BE64-BD64)-(BE63-BD63) -> 0.16 | DI64: =(BH64-BG64)-(BH63-BG63) -> 0.05 | DJ64: =(BK64-BJ64)-(BK63-BJ63) -> 6.65 | DK64: =(BN64-BM64)-(BN63-BM63) -> 0
A65: 46265 | B65: 0 | C65: 0 | D65: 0 | E65: 3094.42 | F65: 3219.86 | G65: =(F65-E65)/E65 -> 0.040537484 | H65: 0 | I65: 0 | J65: 0 | K65: 1820 | L65: 1967.01 | M65: =(L65-K65)/K65 -> 0.080774725 | N65: 0 | O65: 0 | P65: 0 | Q65: 350 | R65: 487.3 | S65: =(R65-Q65)/Q65 -> 0.39228571 | T65: 1114.17 | U65: 1234.38 | V65: =(U65-T65)/T65 -> 0.10789197 | W65: 854.83 | X65: 1024.58 | Y65: =(X65-W65)/W65 -> 0.19857749 | Z65: 550 | AA65: 637.06 | AB65: =(AA65-Z65)/Z65 -> 0.15829091 | AC65: 1030 | AD65: 1186.7 | AE65: =(AD65-AC65)/AC65 -> 0.15213592 | AF65: 950 | AG65: 1071.44 | AH65: =(AG65-AF65)/AF65 -> 0.12783158 | AI65: 300 | AJ65: 330.26 | AK65: =(AJ65-AI65)/AI65 -> 0.10086667 | AL65: 260 | AM65: 278.37 | AN65: =(AM65-AL65)/AL65 -> 0.070653846 | AO65: 360 | AP65: 381.25 | AQ65: =(AP65-AO65)/AO65 -> 0.059027778 | AR65: 674.21 | AS65: 704.7 | AT65: =(AS65-AR65)/AR65 -> 0.045223298 | AU65: 300 | AV65: 317.41 | AW65: =(AV65-AU65)/AU65 -> 0.058033333 | AX65: 100 | AY65: 112.85 | AZ65: =(AY65-AX65)/AX65 -> 0.1285 | BA65: 20 | BB65: 20.7 | BC65: =(BB65-BA65)/BA65 -> 0.035 | BD65: 60 | BE65: 60.32 | BF65: =(BE65-BD65)/BD65 -> 0.0053333333 | BG65: 30 | BH65: 30.52 | BI65: =(BH65-BG65)/BG65 -> 0.017333333 | BJ65: 50 | BK65: 56.65 | BL65: =(BK65-BJ65)/BJ65 -> 0.133 | BM65: 30 | BN65: 30 | BO65: 0 | BQ65: =A65 -> 46265 | BR65: =B65+E65+H65+K65+N65+Q65 -> 5264.42 | BS65: =BR65-BR64 -> 249.85 | BT65: =C65+F65+I65+L65+O65+R65 -> 5674.17 | BU65: =BT65-BR65 -> 409.75 | BV65: =BU65/BR65 -> 0.077833835 | BW65: =BU65-BU64 -> 150.3 | BY65: =A65 -> 46265 | BZ65: =Z65+T65+AC65+W65+AR65+AF65+AI65+AL65+AO65+AU65+AX65+BA65+BD65+BG65+BJ65+BM65 -> 6683.21 | CA65: =BZ65-BZ64 -> 119 | CB65: =AA65+U65+AD65+X65+AS65+AG65+AJ65+AM65+AP65+AV65+AY65+BB65+BE65+BG65+BK65+BM65 -> 7476.67 | CC65: =CB65-BZ65 -> 793.46 | CD65: =CC65/BZ65 -> 0.11872439 | CE65: =CC65-CC64 -> 44.72 | CG65: =A65 -> 46265 | CH65: =BR65+BZ65 -> 11947.63 | CI65: =BS65+CA65 -> 368.85 | CJ65: =BT65+CB65 -> 13150.84 | CK65: =CJ65-CH65 -> 1203.21 | CL65: =CK65/CH65 -> 0.100707 | CM65: =CK65-CK64 -> 195.02 | CO65: =A65 -> 46265 | CP65: 0 | CQ65: =(F65-E65)-(F64-E64) -> 91.44 | CR65: 0 | CS65: =(L65-K65)-(L64-K64) -> 43.18 | CT65: 0 | CU65: =(R65-Q65)-(R64-Q64) -> 15.68 | CV65: =(U65-T65)-(U64-T64) -> 14.87 | CW65: =(X65-W65)-(X64-W64) -> 7.9 | CX65: =(AA65-Z65)-(AA64-Z64) -> 0 | CY65: =(AD65-AC65)-(AD64-AC64) -> 0.22 | CZ65: =(AG65-AF65)-(AG64-AF64) -> 8.53 | DA65: =(AJ65-AI65)-(AJ64-AI64) -> 3.87 | DB65: =(AM65-AL65)-(AM64-AL64) -> 2.77 | DC65: =(AP65-AO65)-(AP64-AO64) -> 2.9 | DD65: =(AS65-AR65)-(AS64-AR64) -> 0.03 | DE65: =(AV65-AU65)-(AV64-AU64) -> 2.41 | DF65: =(AY65-AX65)-(AY64-AX64) -> 0.94 | DG65: =(BB65-BA65)-(BB64-BA64) -> 0.12 | DH65: =(BE65-BD65)-(BE64-BD64) -> 0.16 | DI65: =(BH65-BG65)-(BH64-BG64) -> 0.47 | DJ65: =(BK65-BJ65)-(BK64-BJ64) -> 0 | DK65: =(BN65-BM65)-(BN64-BM64) -> 0
A66: 46295 | B66: 0 | C66: 0 | D66: 0 | E66: 3194.34 | F66: 3395.08 | G66: =(F66-E66)/E66 -> 0.062842402 | H66: 0 | I66: 0 | J66: 0 | K66: 1975 | L66: 2148.03 | M66: =(L66-K66)/K66 -> 0.087610127 | N66: 0 | O66: 0 | P66: 0 | Q66: 350 | R66: 506.44 | S66: =(R66-Q66)/Q66 -> 0.44697143 | T66: 1114.17 | U66: 1250.06 | V66: =(U66-T66)/T66 -> 0.12196523 | W66: 854.83 | X66: 1033.7 | Y66: =(X66-W66)/W66 -> 0.20924628 | Z66: 550 | AA66: 637.06 | AB66: =(AA66-Z66)/Z66 -> 0.15829091 | AC66: 1030 | AD66: 1197.84 | AE66: =(AD66-AC66)/AC66 -> 0.16295146 | AF66: 950 | AG66: 1079 | AH66: =(AG66-AF66)/AF66 -> 0.13578947 | AI66: 320 | AJ66: 353.94 | AK66: =(AJ66-AI66)/AI66 -> 0.1060625 | AL66: 300 | AM66: 321.4 | AN66: =(AM66-AL66)/AL66 -> 0.071333333 | AO66: 430 | AP66: 454.74 | AQ66: =(AP66-AO66)/AO66 -> 0.057534884 | AR66: 674.21 | AS66: 706.59 | AT66: =(AS66-AR66)/AR66 -> 0.048026579 | AU66: 300 | AV66: 319.79 | AW66: =(AV66-AU66)/AU66 -> 0.065966667 | AX66: 100 | AY66: 113.83 | AZ66: =(AY66-AX66)/AX66 -> 0.1383 | BA66: 20 | BB66: 21.04 | BC66: =(BB66-BA66)/BA66 -> 0.052 | BD66: 60 | BE66: 60.73 | BF66: =(BE66-BD66)/BD66 -> 0.012166667 | BG66: 40 | BH66: 41.01 | BI66: =(BH66-BG66)/BG66 -> 0.02525 | BJ66: 100 | BK66: 107.24 | BL66: =(BK66-BJ66)/BJ66 -> 0.0724 | BM66: 30 | BN66: 30.16 | BO66: =(BN66-BM66)/BM66 -> 0.0053333333 | BQ66: =A66 -> 46295 | BR66: =B66+E66+H66+K66+N66+Q66 -> 5519.34 | BS66: =BR66-BR65 -> 254.92 | BT66: =C66+F66+I66+L66+O66+R66 -> 6049.55 | BU66: =BT66-BR66 -> 530.21 | BV66: =BU66/BR66 -> 0.096064022 | BW66: =BU66-BU65 -> 120.46 | BY66: =A66 -> 46295 | BZ66: =Z66+T66+AC66+W66+AR66+AF66+AI66+AL66+AO66+AU66+AX66+BA66+BD66+BG66+BJ66+BM66 -> 6873.21 | CA66: =BZ66-BZ65 -> 190 | CB66: =AA66+U66+AD66+X66+AS66+AG66+AJ66+AM66+AP66+AV66+AY66+BB66+BE66+BG66+BK66+BM66 -> 7726.96 | CC66: =CB66-BZ66 -> 853.75 | CD66: =CC66/BZ66 -> 0.12421416 | CE66: =CC66-CC65 -> 60.29 | CG66: =A66 -> 46295 | CH66: =BR66+BZ66 -> 12392.55 | CI66: =BS66+CA66 -> 444.92 | CJ66: =BT66+CB66 -> 13776.51 | CK66: =CJ66-CH66 -> 1383.96 | CL66: =CK66/CH66 -> 0.11167677 | CM66: =CK66-CK65 -> 180.75 | CO66: =A66 -> 46295 | CP66: 0 | CQ66: =(F66-E66)-(F65-E65) -> 75.3 | CR66: 0 | CS66: =(L66-K66)-(L65-K65) -> 26.02 | CT66: 0 | CU66: =(R66-Q66)-(R65-Q65) -> 19.14 | CV66: =(U66-T66)-(U65-T65) -> 15.68 | CW66: =(X66-W66)-(X65-W65) -> 9.12 | CX66: =(AA66-Z66)-(AA65-Z65) -> 0 | CY66: =(AD66-AC66)-(AD65-AC65) -> 11.14 | CZ66: =(AG66-AF66)-(AG65-AF65) -> 7.56 | DA66: =(AJ66-AI66)-(AJ65-AI65) -> 3.68 | DB66: =(AM66-AL66)-(AM65-AL65) -> 3.03 | DC66: =(AP66-AO66)-(AP65-AO65) -> 3.49 | DD66: =(AS66-AR66)-(AS65-AR65) -> 1.89 | DE66: =(AV66-AU66)-(AV65-AU65) -> 2.38 | DF66: =(AY66-AX66)-(AY65-AX65) -> 0.98 | DG66: =(BB66-BA66)-(BB65-BA65) -> 0.34 | DH66: =(BE66-BD66)-(BE65-BD65) -> 0.41 | DI66: =(BH66-BG66)-(BH65-BG65) -> 0.49 | DJ66: =(BK66-BJ66)-(BK65-BJ65) -> 0.59 | DK66: =(BN66-BM66)-(BN65-BM65) -> 0.16

Sheet P2P 2026.06
A1: 2026.06
A3: Platforma | B3: Būsena | C3: Vertė | E3: Įnešta | G3: Pelnas
C4: 46173 | D4: 46203 | E4: =A1 -> 2026.06 | F4: Viso | G4: =A1 -> 2026.06 | H4: Viso
A5: =Investavimas!T$1 -> Profitus | B5: Aktyvi | C5: =Investavimas!U$62 -> 1107.48 | D5: =Investavimas!U$63 -> 1120.03 | E5: =Investavimas!T$63-Investavimas!T$62 -> 0 | F5: =Investavimas!T$63 -> 1020 | G5: =$D5-$E5-$C5 -> 12.55 | H5: =D5-F5 -> 100.03
A6: =Investavimas!W$1 -> Nordstreet | B6: Aktyvi | C6: =Investavimas!X$62 -> 1092.82 | D6: =Investavimas!X$63 -> 1102.56 | E6: =Investavimas!W$63-Investavimas!W$62 -> 0 | F6: =Investavimas!W63 -> 950 | G6: =$D6-$E6-$C6 -> 9.74 | H6: =D6-F6 -> 152.56
A7: =Investavimas!Z$1 -> Indemo | B7: Aktyvi | C7: =Investavimas!AA$62 -> 615.37 | D7: =Investavimas!AA$63 -> 616.19 | E7: =Investavimas!Z$63-Investavimas!Z$62 -> 0 | F7: =Investavimas!Z63 -> 530 | G7: =$D7-$E7-$C7 -> 0.82 | H7: =D7-F7 -> 86.19
A8: =Investavimas!AC$1 -> Crowdpear | B8: Aktyvi | C8: =Investavimas!AD$62 -> 1156.17 | D8: =Investavimas!AD$63 -> 1178.74 | E8: =Investavimas!AC$63-Investavimas!AC$62 -> 0 | F8: =Investavimas!AC$63 -> 1030 | G8: =$D8-$E8-$C8 -> 22.57 | H8: =D8-F8 -> 148.74
A9: =Investavimas!AF$1 -> Scramble | B9: Aktyvi | C9: =Investavimas!AG$62 -> 1033.87 | D9: =Investavimas!AG$63 -> 1050.62 | E9: =Investavimas!AF$63-Investavimas!AF$62 -> 0 | F9: =Investavimas!AF$63 -> 950 | G9: =$D9-$E9-$C9 -> 16.75 | H9: =D9-F9 -> 100.62
A10: =Investavimas!AI$1 -> Nectaro | B10: Aktyvi | C10: =Investavimas!AJ$62 -> 320.28 | D10: =Investavimas!AJ$63 -> 323.29 | E10: =Investavimas!AI$63-Investavimas!AI$62 -> 0 | F10: =Investavimas!AI$63 -> 300 | G10: =$D10-$E10-$C10 -> 3.01 | H10: =D10-F10 -> 23.29
A11: =Investavimas!AL$1 -> Debitum | B11: Aktyvi | C11: =Investavimas!AM$62 -> 211.15 | D11: =Investavimas!AM$63 -> 213.25 | E11: =Investavimas!AL$63-Investavimas!AL$62 -> 0 | F11: =Investavimas!AL$63 -> 200 | G11: =$D11-$E11-$C11 -> 2.1 | H11: =D11-F11 -> 13.25
A12: =Investavimas!AO$1 -> Viainvest | B12: Aktyvi | C12: =Investavimas!AP$62 -> 342.77 | D12: =Investavimas!AP$63 -> 355.48 | E12: =Investavimas!AO$63-Investavimas!AO$62 -> 10 | F12: =Investavimas!AO$63 -> 340 | G12: =$D12-$E12-$C12 -> 2.71 | H12: =D12-F12 -> 15.48
A13: =Investavimas!AR$1 -> Rontgen | B13: Aktyvi | C13: =Investavimas!AS$62 -> 618.13 | D13: =Investavimas!AS$63 -> 654.87 | E13: =Investavimas!AR$63-Investavimas!AR$62 -> 35.07 | F13: =Investavimas!AR$63 -> 635.07 | G13: =$D13-$E13-$C13 -> 1.67 | H13: =D13-F13 -> 19.8
A14: =Investavimas!AU$1 -> Afranga | B14: Aktyvi | C14: =Investavimas!AV$62 -> 280.67 | D14: =Investavimas!AV$63 -> 282.88 | E14: =Investavimas!AU$63-Investavimas!AU$62 -> 0 | F14: =Investavimas!AU$63 -> 270 | G14: =$D14-$E14-$C14 -> 2.21 | H14: =D14-F14 -> 12.88
A15: =Investavimas!AX$1 -> Lendermarket | B15: Aktyvi | C15: =Investavimas!AY$62 -> 50.38 | D15: =Investavimas!AY$63 -> 81.22 | E15: =Investavimas!AX$63-Investavimas!AX$62 -> 30 | F15: =Investavimas!AX$63 -> 70 | G15: =$D15-$E15-$C15 -> 0.84 | H15: =D15-F15 -> 11.22
A16: =Investavimas!BA$1 -> Loanch | B16: Aktyvi | C16: =Investavimas!BB$62 -> 20.08 | D16: =Investavimas!BB$63 -> 20.3 | E16: =Investavimas!BA$63-Investavimas!BA$62 -> 0 | F16: =Investavimas!BA$63 -> 20 | G16: =$D16-$E16-$C16 -> 0.22 | H16: =D16-F16 -> 0.3
A17: =Investavimas!BD$1 -> Peerberry | B17: Aktyvi | C17: =Investavimas!BD$62 -> 0 | D17: =Investavimas!BD$63 -> 20 | E17: =Investavimas!BD$63-Investavimas!BD$62 -> 20 | F17: =Investavimas!BD$63 -> 20 | G17: =$D17-$E17-$C17 -> 0 | H17: =D17-F17 -> 0
A31: Viso: | C31: =SUM(C5:C30) -> 6849.17 | D31: =SUM(D5:D30) -> 7019.43 | E31: =SUM(E5:E30) -> 95.07 | F31: =SUM(F5:F30) -> 6335.07 | G31: =SUM(G5:G30) -> 75.19 | H31: =SUM(H5:H30) -> 684.36

Sheet P2P 2026.05
A1: 2026.05
A3: Platforma | B3: Būsena | C3: Vertė | E3: Įnešta | G3: Pelnas
C4: 46142 | D4: 46173 | E4: =A1 -> 2026.05 | F4: Viso | G4: =A1 -> 2026.05 | H4: Viso
A5: =Investavimas!T$1 -> Profitus | B5: Aktyvi | C5: =Investavimas!U$61 -> 1102.97 | D5: =Investavimas!U$62 -> 1107.48 | E5: =Investavimas!T$62-Investavimas!T$61 -> 0 | F5: =Investavimas!T$62 -> 1020 | G5: =$D5-$E5-$C5 -> 4.51 | H5: =D5-F5 -> 87.48
A6: =Investavimas!W$1 -> Nordstreet | B6: Aktyvi | C6: =Investavimas!X$61 -> 1083.23 | D6: =Investavimas!X$62 -> 1092.82 | E6: =Investavimas!W$62-Investavimas!W$61 -> 0 | F6: =Investavimas!W62 -> 950 | G6: =$D6-$E6-$C6 -> 9.59 | H6: =D6-F6 -> 142.82
A7: =Investavimas!Z$1 -> Indemo | B7: Aktyvi | C7: =Investavimas!AA$61 -> 604.86 | D7: =Investavimas!AA$62 -> 615.37 | E7: =Investavimas!Z$62-Investavimas!Z$61 -> 10 | F7: =Investavimas!Z62 -> 530 | G7: =$D7-$E7-$C7 -> 0.51 | H7: =D7-F7 -> 85.37
A8: =Investavimas!AC$1 -> Crowdpear | B8: Aktyvi | C8: =Investavimas!AD$61 -> 1156.17 | D8: =Investavimas!AD$62 -> 1156.17 | E8: =Investavimas!AC$62-Investavimas!AC$61 -> 0 | F8: =Investavimas!AC$62 -> 1030 | G8: =$D8-$E8-$C8 -> 0 | H8: =D8-F8 -> 126.17
A9: =Investavimas!AF$1 -> Scramble | B9: Aktyvi | C9: =Investavimas!AG$61 -> 1024.73 | D9: =Investavimas!AG$62 -> 1033.87 | E9: =Investavimas!AF$62-Investavimas!AF$61 -> 0 | F9: =Investavimas!AF$62 -> 950 | G9: =$D9-$E9-$C9 -> 9.14 | H9: =D9-F9 -> 83.87
A10: =Investavimas!AI$1 -> Nectaro | B10: Aktyvi | C10: =Investavimas!AJ$61 -> 307.93 | D10: =Investavimas!AJ$62 -> 320.28 | E10: =Investavimas!AI$62-Investavimas!AI$61 -> 10 | F10: =Investavimas!AI$62 -> 300 | G10: =$D10-$E10-$C10 -> 2.35 | H10: =D10-F10 -> 20.28
A11: =Investavimas!AL$1 -> Debitum | B11: Aktyvi | C11: =Investavimas!AM$61 -> 188.69 | D11: =Investavimas!AM$62 -> 211.15 | E11: =Investavimas!AL$62-Investavimas!AL$61 -> 20 | F11: =Investavimas!AL$62 -> 200 | G11: =$D11-$E11-$C11 -> 2.46 | H11: =D11-F11 -> 11.15
A12: =Investavimas!AO$1 -> Viainvest | B12: Aktyvi | C12: =Investavimas!AP$61 -> 290.24 | D12: =Investavimas!AP$62 -> 342.77 | E12: =Investavimas!AO$62-Investavimas!AO$61 -> 50 | F12: =Investavimas!AO$62 -> 330 | G12: =$D12-$E12-$C12 -> 2.53 | H12: =D12-F12 -> 12.77
A13: =Investavimas!AR$1 -> Rontgen | B13: Aktyvi | C13: =Investavimas!AS$61 -> 618.13 | D13: =Investavimas!AS$62 -> 618.13 | E13: =Investavimas!AR$62-Investavimas!AR$61 -> 0 | F13: =Investavimas!AR$62 -> 600 | G13: =$D13-$E13-$C13 -> 0 | H13: =D13-F13 -> 18.13
A14: =Investavimas!AU$1 -> Afranga | B14: Aktyvi | C14: =Investavimas!AV$61 -> 258.69 | D14: =Investavimas!AV$62 -> 280.67 | E14: =Investavimas!AU$62-Investavimas!AU$61 -> 20 | F14: =Investavimas!AU$62 -> 270 | G14: =$D14-$E14-$C14 -> 1.98 | H14: =D14-F14 -> 10.67
A15: =Investavimas!AX$1 -> Lendermarket | B15: Aktyvi | C15: =Investavimas!AY$61 -> 30.08 | D15: =Investavimas!AY$62 -> 50.38 | E15: =Investavimas!AX$62-Investavimas!AX$61 -> 20 | F15: =Investavimas!AX$62 -> 40 | G15: =$D15-$E15-$C15 -> 0.3 | H15: =D15-F15 -> 10.38
A16: =Investavimas!BA$1 -> Loanch | B16: Aktyvi | C16: =Investavimas!BA$61 -> 20 | D16: =Investavimas!BA$62 -> 20 | E16: =Investavimas!BA$62-Investavimas!BA$61 -> 0 | F16: =Investavimas!BA$62 -> 20 | G16: =$D16-$E16-$C16 -> 0 | H16: =D16-F16 -> 0
A31: Viso: | C31: =SUM(C5:C30) -> 6685.72 | D31: =SUM(D5:D30) -> 6849.09 | E31: =SUM(E5:E30) -> 130 | F31: =SUM(F5:F30) -> 6240 | G31: =SUM(G5:G30) -> 33.37 | H31: =SUM(H5:H30) -> 609.09

Sheet P2P 2026.04
A1: 2026.04
A3: Platforma | B3: Būsena | C3: Vertė | E3: Įnešta | G3: Pelnas
C4: 46112 | D4: 46142 | E4: =A1 -> 2026.04 | F4: Viso | G4: =A1 -> 2026.04 | H4: Viso
A5: =Investavimas!T$1 -> Profitus | B5: Aktyvi | C5: =Investavimas!U$60 -> 1092.69 | D5: =Investavimas!U$61 -> 1102.97 | E5: =Investavimas!T$61-Investavimas!T$60 -> 0 | F5: =Investavimas!T$61 -> 1020 | G5: =$D5-$E5-$C5 -> 10.28 | H5: =D5-F5 -> 82.97
A6: =Investavimas!W$1 -> Nordstreet | B6: Aktyvi | C6: =Investavimas!X$60 -> 1070.74 | D6: =Investavimas!X$61 -> 1083.23 | E6: =Investavimas!W$61-Investavimas!W$60 -> 0 | F6: =Investavimas!W61 -> 950 | G6: =$D6-$E6-$C6 -> 12.49 | H6: =D6-F6 -> 133.23
A7: =Investavimas!Z$1 -> Indemo | B7: Aktyvi | C7: =Investavimas!AA$60 -> 604.86 | D7: =Investavimas!AA$61 -> 604.86 | E7: =Investavimas!Z$61-Investavimas!Z$60 -> 0 | F7: =Investavimas!Z61 -> 520 | G7: =$D7-$E7-$C7 -> 0 | H7: =D7-F7 -> 84.86
A8: =Investavimas!AC$1 -> Crowdpear | B8: Aktyvi | C8: =Investavimas!AD$60 -> 1156.17 | D8: =Investavimas!AD$61 -> 1156.17 | E8: =Investavimas!AC$61-Investavimas!AC$60 -> 0 | F8: =Investavimas!AC$61 -> 1030 | G8: =$D8-$E8-$C8 -> 0 | H8: =D8-F8 -> 126.17
A9: =Investavimas!AF$1 -> Scramble | B9: Aktyvi | C9: =Investavimas!AG$60 -> 967.83 | D9: =Investavimas!AG$61 -> 1024.73 | E9: =Investavimas!AF$61-Investavimas!AF$60 -> 50 | F9: =Investavimas!AF$61 -> 950 | G9: =$D9-$E9-$C9 -> 6.9 | H9: =D9-F9 -> 74.73
A10: =Investavimas!AI$1 -> Nectaro | B10: Aktyvi | C10: =Investavimas!AJ$60 -> 303.84 | D10: =Investavimas!AJ$61 -> 307.93 | E10: =Investavimas!AI$61-Investavimas!AI$60 -> 0 | F10: =Investavimas!AI$61 -> 290 | G10: =$D10-$E10-$C10 -> 4.09 | H10: =D10-F10 -> 17.93
A11: =Investavimas!AL$1 -> Debitum | B11: Aktyvi | C11: =Investavimas!AM$60 -> 166.83 | D11: =Investavimas!AM$61 -> 188.69 | E11: =Investavimas!AL$61-Investavimas!AL$60 -> 20 | F11: =Investavimas!AL$61 -> 180 | G11: =$D11-$E11-$C11 -> 1.86 | H11: =D11-F11 -> 8.69
A12: =Investavimas!AO$1 -> Viainvest | B12: Aktyvi | C12: =Investavimas!AP$60 -> 277.76 | D12: =Investavimas!AP$61 -> 290.24 | E12: =Investavimas!AO$61-Investavimas!AO$60 -> 10 | F12: =Investavimas!AO$61 -> 280 | G12: =$D12-$E12-$C12 -> 2.48 | H12: =D12-F12 -> 10.24
A13: =Investavimas!AR$1 -> Rontgen | B13: Aktyvi | C13: =Investavimas!AS$60 -> 607.58 | D13: =Investavimas!AS$61 -> 618.13 | E13: =Investavimas!AR$61-Investavimas!AR$60 -> 0 | F13: =Investavimas!AR$61 -> 600 | G13: =$D13-$E13-$C13 -> 10.55 | H13: =D13-F13 -> 18.13
A14: =Investavimas!AU$1 -> Afranga | B14: Aktyvi | C14: =Investavimas!AV$60 -> 236.82 | D14: =Investavimas!AV$61 -> 258.69 | E14: =Investavimas!AU$61-Investavimas!AU$60 -> 20 | F14: =Investavimas!AU$61 -> 250 | G14: =$D14-$E14-$C14 -> 1.87 | H14: =D14-F14 -> 8.69
A15: =Investavimas!AX$1 -> Lendermarket | B15: Aktyvi | C15: =Investavimas!AY$60 -> 10 | D15: =Investavimas!AY$61 -> 30.08 | E15: =Investavimas!AX$61-Investavimas!AX$60 -> 20 | F15: =Investavimas!AX$61 -> 20 | G15: =$D15-$E15-$C15 -> 0.08 | H15: =D15-F15 -> 10.08
A16: =Investavimas!BA$1 -> Loanch | B16: Aktyvi | C16: =Investavimas!BA$60 -> 0 | D16: =Investavimas!BA$61 -> 20 | E16: =Investavimas!BA$61-Investavimas!BA$60 -> 20 | F16: =Investavimas!BA$61 -> 20 | G16: =$D16-$E16-$C16 -> 0 | H16: =D16-F16 -> 0
A31: Viso: | C31: =SUM(C5:C30) -> 6495.12 | D31: =SUM(D5:D30) -> 6685.72 | E31: =SUM(E5:E30) -> 140 | F31: =SUM(F5:F30) -> 6110 | G31: =SUM(G5:G30) -> 50.6 | H31: =SUM(H5:H30) -> 575.72

Sheet P2P 2026.03
A1: 2026.03
A3: Platforma | B3: Būsena | C3: Vertė | E3: Įnešta | G3: Pelnas
C4: 46081 | D4: 46112 | E4: =A1 -> 2026.03 | F4: Viso | G4: =A1 -> 2026.03 | H4: Viso
A5: =Investavimas!T$1 -> Profitus | B5: Aktyvi | C5: =Investavimas!U$59 -> 1082.54 | D5: =Investavimas!U$60 -> 1092.69 | E5: =Investavimas!T$60-Investavimas!T$59 -> 0 | F5: =Investavimas!T$60 -> 1020 | G5: =$D5-$E5-$C5 -> 10.15 | H5: =D5-F5 -> 72.69
A6: =Investavimas!W$1 -> Nordstreet | B6: Aktyvi | C6: =Investavimas!X$59 -> 1061.76 | D6: =Investavimas!X$60 -> 1070.74 | E6: =Investavimas!W$60-Investavimas!W$59 -> 0 | F6: =Investavimas!W60 -> 950 | G6: =$D6-$E6-$C6 -> 8.98 | H6: =D6-F6 -> 120.74
A7: =Investavimas!Z$1 -> Indemo | B7: Aktyvi | C7: =Investavimas!AA$59 -> 604.83 | D7: =Investavimas!AA$60 -> 604.86 | E7: =Investavimas!Z$60-Investavimas!Z$59 -> 0 | F7: =Investavimas!Z60 -> 520 | G7: =$D7-$E7-$C7 -> 0.03 | H7: =D7-F7 -> 84.86
A8: =Investavimas!AC$1 -> Crowdpear | B8: Aktyvi | C8: =Investavimas!AD$59 -> 1110.46 | D8: =Investavimas!AD$60 -> 1156.17 | E8: =Investavimas!AC$60-Investavimas!AC$59 -> 30 | F8: =Investavimas!AC$60 -> 1030 | G8: =$D8-$E8-$C8 -> 15.71 | H8: =D8-F8 -> 126.17
A9: =Investavimas!AF$1 -> Scramble | B9: Aktyvi | C9: =Investavimas!AG$59 -> 961.24 | D9: =Investavimas!AG$60 -> 967.83 | E9: =Investavimas!AF$60-Investavimas!AF$59 -> 0 | F9: =Investavimas!AF$60 -> 900 | G9: =$D9-$E9-$C9 -> 6.59 | H9: =D9-F9 -> 67.83
A10: =Investavimas!AI$1 -> Nectaro | B10: Aktyvi | C10: =Investavimas!AJ$59 -> 301.33 | D10: =Investavimas!AJ$60 -> 303.84 | E10: =Investavimas!AI$60-Investavimas!AI$59 -> 0 | F10: =Investavimas!AI$60 -> 290 | G10: =$D10-$E10-$C10 -> 2.51 | H10: =D10-F10 -> 13.84
A11: =Investavimas!AL$1 -> Debitum | B11: Aktyvi | C11: =Investavimas!AM$59 -> 165.2 | D11: =Investavimas!AM$60 -> 166.83 | E11: =Investavimas!AL$60-Investavimas!AL$59 -> 0 | F11: =Investavimas!AL$60 -> 160 | G11: =$D11-$E11-$C11 -> 1.63 | H11: =D11-F11 -> 6.83
A12: =Investavimas!AO$1 -> Viainvest | B12: Aktyvi | C12: =Investavimas!AP$59 -> 245.74 | D12: =Investavimas!AP$60 -> 277.76 | E12: =Investavimas!AO$60-Investavimas!AO$59 -> 30 | F12: =Investavimas!AO$60 -> 270 | G12: =$D12-$E12-$C12 -> 2.02 | H12: =D12-F12 -> 7.76
A13: =Investavimas!AR$1 -> Rontgen | B13: Aktyvi | C13: =Investavimas!AS$59 -> 607.58 | D13: =Investavimas!AS$60 -> 607.58 | E13: =Investavimas!AR$60-Investavimas!AR$59 -> 0 | F13: =Investavimas!AR$60 -> 600 | G13: =$D13-$E13-$C13 -> 0 | H13: =D13-F13 -> 7.58
A14: =Investavimas!AU$1 -> Afranga | B14: Aktyvi | C14: =Investavimas!AV$59 -> 215.26 | D14: =Investavimas!AV$60 -> 236.82 | E14: =Investavimas!AU$60-Investavimas!AU$59 -> 20 | F14: =Investavimas!AU$60 -> 230 | G14: =$D14-$E14-$C14 -> 1.56 | H14: =D14-F14 -> 6.82
A15: =Investavimas!AX$1 -> Lendermarket | B15: Aktyvi | C15: =Investavimas!AY$59 -> 0 | D15: =Investavimas!AY$60 -> 10 | E15: =Investavimas!AX$60-Investavimas!AX$59 -> 0 | F15: =Investavimas!AX$60 -> 0 | G15: =$D15-$E15-$C15 -> 10 | H15: =D15-F15 -> 10
A31: Viso: | C31: =SUM(C5:C30) -> 6355.94 | D31: =SUM(D5:D30) -> 6495.12 | E31: =SUM(E5:E30) -> 80 | F31: =SUM(F5:F30) -> 5970 | G31: =SUM(G5:G30) -> 59.18 | H31: =SUM(H5:H30) -> 525.12

Sheet P2P 2025.02
A1: 2025 vasaris
A3: Platforma | B3: Būsena | C3: Vertė | E3: Įnešta | G3: Pelnas
C4: 2025.01.31 | D4: 45716 | E4: 2025.03 | F4: Viso | G4: 2025.03 | H4: Viso
A5: =Investavimas!T$1 -> Profitus | B5: Aktyvi | C5: =Investavimas!U$46 -> 0 | D5: =Investavimas!U$47 -> 100 | E5: =Investavimas!T$47-Investavimas!T$46 -> 100 | F5: =Investavimas!T$47 -> 100 | G5: =$D5-$E5-$C5 -> 0 | H5: =D5-F5 -> 0
A6: =Investavimas!W$1 -> Nordstreet | B6: Aktyvi | C6: =Investavimas!X$46 -> 0 | D6: =Investavimas!X$47 -> 50.64 | E6: =Investavimas!W$47-Investavimas!W$46 -> 50 | F6: =Investavimas!W$47 -> 50 | G6: =$D6-$E6-$C6 -> 0.64 | H6: =D6-F6 -> 0.64
A31: Viso: | C31: =SUM(C5:C30) -> 0 | D31: =SUM(D5:D30) -> 150.64 | E31: =SUM(E5:E30) -> 150 | F31: =SUM(F5:F30) -> 150 | G31: =SUM(G5:G30) -> 0.64 | H31: =SUM(H5:H30) -> 0.64

Sheet P2P 2025.03
A1: 2025 kovas
A3: Platforma | B3: Būsena | C3: Vertė | E3: Įnešta | G3: Pelnas
C4: 2025.02.28 | D4: 45747 | E4: 2025.03 | F4: Viso | G4: 2025.03 | H4: Viso
A5: =Investavimas!T$1 -> Profitus | B5: Aktyvi | C5: =Investavimas!U$47 -> 100 | D5: =Investavimas!U$48 -> 400 | E5: =Investavimas!T$48-Investavimas!T$47 -> 300 | F5: =Investavimas!T$48 -> 400 | G5: =$D5-$E5-$C5 -> 0 | H5: =D5-F5 -> 0
A6: =Investavimas!W$1 -> Nordstreet | B6: Aktyvi | C6: =Investavimas!X$47 -> 50.64 | D6: =Investavimas!X$48 -> 202.62 | E6: =Investavimas!W$48-Investavimas!W$47 -> 150 | F6: =Investavimas!W48 -> 200 | G6: =$D6-$E6-$C6 -> 1.98 | H6: =D6-F6 -> 2.62
A7: =Investavimas!Z$1 -> Indemo | B7: Aktyvi | C7: =Investavimas!AA$47 -> 0 | D7: =Investavimas!AA$48 -> 115 | E7: =Investavimas!Z$48-Investavimas!Z$47 -> 60 | F7: =Investavimas!Z48 -> 60 | G7: =$D7-$E7-$C7 -> 55 | H7: =D7-F7 -> 55
A8: =Investavimas!AC$1 -> Crowdpear | B8: Aktyvi | C8: =Investavimas!AD$47 -> 0 | D8: =Investavimas!AD$48 -> 410 | E8: =Investavimas!AC$48-Investavimas!AC$47 -> 400 | F8: =Investavimas!AC48 -> 400 | G8: =$D8-$E8-$C8 -> 10 | H8: =D8-F8 -> 10
A31: Viso: | C31: =SUM(C5:C30) -> 150.64 | D31: =SUM(D5:D30) -> 1127.62 | E31: =SUM(E5:E30) -> 910 | F31: =SUM(F5:F30) -> 1060 | G31: =SUM(G5:G30) -> 66.98 | H31: =SUM(H5:H30) -> 67.62

Sheet P2P 2025.04
A1: 2025.04
A3: Platforma | B3: Būsena | C3: Vertė | E3: Įnešta | G3: Pelnas
C4: 2025.04.30 | D4: 45808 | E4: =A1 -> 2025.04 | F4: Viso | G4: =A1 -> 2025.04 | H4: Viso
A5: =Investavimas!T$1 -> Profitus | B5: Aktyvi | C5: =Investavimas!U$48 -> 400 | D5: =Investavimas!U$49 -> 500 | E5: =Investavimas!T$49-Investavimas!T$48 -> 100 | F5: =Investavimas!T$49 -> 500 | G5: =$D5-$E5-$C5 -> 0 | H5: =D5-F5 -> 0
A6: =Investavimas!W$1 -> Nordstreet | B6: Aktyvi | C6: =Investavimas!X$48 -> 202.62 | D6: =Investavimas!X$49 -> 305.61 | E6: =Investavimas!W$49-Investavimas!W$48 -> 100 | F6: =Investavimas!W49 -> 300 | G6: =$D6-$E6-$C6 -> 2.99 | H6: =D6-F6 -> 5.61
A7: =Investavimas!Z$1 -> Indemo | B7: Aktyvi | C7: =Investavimas!AA$48 -> 115 | D7: =Investavimas!AA$49 -> 273.65 | E7: =Investavimas!Z$49-Investavimas!Z$48 -> 130 | F7: =Investavimas!Z49 -> 190 | G7: =$D7-$E7-$C7 -> 28.65 | H7: =D7-F7 -> 83.65
A8: =Investavimas!AC$1 -> Crowdpear | B8: Aktyvi | C8: =Investavimas!AD$48 -> 410 | D8: =Investavimas!AD$49 -> 620 | E8: =Investavimas!AC$49-Investavimas!AC$48 -> 200 | F8: =Investavimas!AC49 -> 600 | G8: =$D8-$E8-$C8 -> 10 | H8: =D8-F8 -> 20
A31: Viso: | C31: =SUM(C5:C30) -> 1127.62 | D31: =SUM(D5:D30) -> 1699.26 | E31: =SUM(E5:E30) -> 530 | F31: =SUM(F5:F30) -> 1590 | G31: =SUM(G5:G30) -> 41.64 | H31: =SUM(H5:H30) -> 109.26

Sheet P2P 2025.05
A1: 2025.05
A3: Platforma | B3: Būsena | C3: Vertė | E3: Įnešta | G3: Pelnas
C4: 2025.04.30 | D4: 45808 | E4: =A1 -> 2025.05 | F4: Viso | G4: =A1 -> 2025.05 | H4: Viso
A5: =Investavimas!T$1 -> Profitus | B5: Aktyvi | C5: =Investavimas!U$49 -> 500 | D5: =Investavimas!U$50 -> 702.12 | E5: =Investavimas!T$50-Investavimas!T$49 -> 200 | F5: =Investavimas!T$50 -> 700 | G5: =$D5-$E5-$C5 -> 2.12 | H5: =D5-F5 -> 2.12
A6: =Investavimas!W$1 -> Nordstreet | B6: Aktyvi | C6: =Investavimas!X$49 -> 305.61 | D6: =Investavimas!X$50 -> 409.1 | E6: =Investavimas!W$50-Investavimas!W$49 -> 100 | F6: =Investavimas!W50 -> 400 | G6: =$D6-$E6-$C6 -> 3.49 | H6: =D6-F6 -> 9.1
A7: =Investavimas!Z$1 -> Indemo | B7: Aktyvi | C7: =Investavimas!AA$49 -> 273.65 | D7: =Investavimas!AA$50 -> 363.65 | E7: =Investavimas!Z$50-Investavimas!Z$49 -> 90 | F7: =Investavimas!Z50 -> 280 | G7: =$D7-$E7-$C7 -> 0 | H7: =D7-F7 -> 83.65
A8: =Investavimas!AC$1 -> Crowdpear | B8: Aktyvi | C8: =Investavimas!AD$49 -> 620 | D8: =Investavimas!AD$50 -> 720 | E8: =Investavimas!AC$50-Investavimas!AC$49 -> 100 | F8: =Investavimas!AC50 -> 700 | G8: =$D8-$E8-$C8 -> 0 | H8: =D8-F8 -> 20
A31: Viso: | C31: =SUM(C5:C30) -> 1699.26 | D31: =SUM(D5:D30) -> 2194.87 | E31: =SUM(E5:E30) -> 490 | F31: =SUM(F5:F30) -> 2080 | G31: =SUM(G5:G30) -> 5.61 | H31: =SUM(H5:H30) -> 114.87

Sheet P2P 2025.06
A1: 2025.06
A3: Platforma | B3: Būsena | C3: Vertė | E3: Įnešta | G3: Pelnas
C4: 2025.05.31 | D4: 45838 | E4: =A1 -> 2025.06 | F4: Viso | G4: =A1 -> 2025.06 | H4: Viso
A5: =Investavimas!T$1 -> Profitus | B5: Aktyvi | C5: =Investavimas!U$50 -> 702.12 | D5: =Investavimas!U$51 -> 710.56 | E5: =Investavimas!T$51-Investavimas!T$50 -> 0 | F5: =Investavimas!T$51 -> 700 | G5: =$D5-$E5-$C5 -> 8.44 | H5: =D5-F5 -> 10.56
A6: =Investavimas!W$1 -> Nordstreet | B6: Aktyvi | C6: =Investavimas!X$50 -> 409.1 | D6: =Investavimas!X$51 -> 516.88 | E6: =Investavimas!W$51-Investavimas!W$50 -> 100 | F6: =Investavimas!W51 -> 500 | G6: =$D6-$E6-$C6 -> 7.78 | H6: =D6-F6 -> 16.88
A7: =Investavimas!Z$1 -> Indemo | B7: Aktyvi | C7: =Investavimas!AA$50 -> 363.65 | D7: =Investavimas!AA$51 -> 403.76 | E7: =Investavimas!Z$51-Investavimas!Z$50 -> 40 | F7: =Investavimas!Z51 -> 320 | G7: =$D7-$E7-$C7 -> 0.11 | H7: =D7-F7 -> 83.76
A8: =Investavimas!AC$1 -> Crowdpear | B8: Aktyvi | C8: =Investavimas!AD$50 -> 720 | D8: =Investavimas!AD$51 -> 733.64 | E8: =Investavimas!AC$51-Investavimas!AC$50 -> 0 | F8: =Investavimas!AC$51 -> 700 | G8: =$D8-$E8-$C8 -> 13.64 | H8: =D8-F8 -> 33.64
A9: =Investavimas!AF$1 -> Scramble | B9: Aktyvi | C9: =Investavimas!AG$50 -> 0 | D9: =Investavimas!AG$51 -> 110 | E9: =Investavimas!AF$51-Investavimas!AF$50 -> 100 | F9: =Investavimas!AF$51 -> 100 | G9: =$D9-$E9-$C9 -> 10 | H9: =D9-F9 -> 10
A31: Viso: | C31: =SUM(C5:C30) -> 2194.87 | D31: =SUM(D5:D30) -> 2474.84 | E31: =SUM(E5:E30) -> 240 | F31: =SUM(F5:F30) -> 2320 | G31: =SUM(G5:G30) -> 39.97 | H31: =SUM(H5:H30) -> 154.84

Sheet P2P 2025.07
A1: 2025.07
A3: Platforma | B3: Būsena | C3: Vertė | E3: Įnešta | G3: Pelnas
C4: 2025.06.30 | D4: 45869 | E4: =A1 -> 2025.07 | F4: Viso | G4: =A1 -> 2025.07 | H4: Viso
A5: =Investavimas!T$1 -> Profitus | B5: Aktyvi | C5: =Investavimas!U$51 -> 710.56 | D5: =Investavimas!U$52 -> 812.82 | E5: =Investavimas!T$52-Investavimas!T$51 -> 100 | F5: =Investavimas!T$52 -> 800 | G5: =$D5-$E5-$C5 -> 2.26 | H5: =D5-F5 -> 12.82
A6: =Investavimas!W$1 -> Nordstreet | B6: Aktyvi | C6: =Investavimas!X$51 -> 516.88 | D6: =Investavimas!X$52 -> 621.68 | E6: =Investavimas!W$52-Investavimas!W$51 -> 100 | F6: =Investavimas!W52 -> 600 | G6: =$D6-$E6-$C6 -> 4.8 | H6: =D6-F6 -> 21.68
A7: =Investavimas!Z$1 -> Indemo | B7: Aktyvi | C7: =Investavimas!AA$51 -> 403.76 | D7: =Investavimas!AA$52 -> 463.76 | E7: =Investavimas!Z$52-Investavimas!Z$51 -> 60 | F7: =Investavimas!Z52 -> 380 | G7: =$D7-$E7-$C7 -> 0 | H7: =D7-F7 -> 83.76
A8: =Investavimas!AC$1 -> Crowdpear | B8: Aktyvi | C8: =Investavimas!AD$51 -> 733.64 | D8: =Investavimas!AD$52 -> 740.12 | E8: =Investavimas!AC$52-Investavimas!AC$51 -> 0 | F8: =Investavimas!AC$52 -> 700 | G8: =$D8-$E8-$C8 -> 6.48 | H8: =D8-F8 -> 40.12
A9: =Investavimas!AF$1 -> Scramble | B9: Aktyvi | C9: =Investavimas!AG$51 -> 110 | D9: =Investavimas!AG$52 -> 215 | E9: =Investavimas!AF$52-Investavimas!AF$51 -> 100 | F9: =Investavimas!AF$52 -> 200 | G9: =$D9-$E9-$C9 -> 5 | H9: =D9-F9 -> 15
A31: Viso: | C31: =SUM(C5:C30) -> 2474.84 | D31: =SUM(D5:D30) -> 2853.38 | E31: =SUM(E5:E30) -> 360 | F31: =SUM(F5:F30) -> 2680 | G31: =SUM(G5:G30) -> 18.54 | H31: =SUM(H5:H30) -> 173.38

Sheet P2P 2025.08
A1: 2025.08
A3: Platforma | B3: Būsena | C3: Vertė | E3: Įnešta | G3: Pelnas
C4: 2025.07.31 | D4: 45900 | E4: =A1 -> 2025.08 | F4: Viso | G4: =A1 -> 2025.08 | H4: Viso
A5: =Investavimas!T$1 -> Profitus | B5: Aktyvi | C5: =Investavimas!U$52 -> 812.82 | D5: =Investavimas!U$53 -> 814.26 | E5: =Investavimas!T$53-Investavimas!T$52 -> 0 | F5: =Investavimas!T$53 -> 800 | G5: =$D5-$E5-$C5 -> 1.44 | H5: =D5-F5 -> 14.26
A6: =Investavimas!W$1 -> Nordstreet | B6: Aktyvi | C6: =Investavimas!X$52 -> 621.68 | D6: =Investavimas!X$53 -> 678.25 | E6: =Investavimas!W$53-Investavimas!W$52 -> 50 | F6: =Investavimas!W53 -> 650 | G6: =$D6-$E6-$C6 -> 6.57 | H6: =D6-F6 -> 28.25
A7: =Investavimas!Z$1 -> Indemo | B7: Aktyvi | C7: =Investavimas!AA$52 -> 463.76 | D7: =Investavimas!AA$53 -> 523.76 | E7: =Investavimas!Z$53-Investavimas!Z$52 -> 60 | F7: =Investavimas!Z53 -> 440 | G7: =$D7-$E7-$C7 -> 0 | H7: =D7-F7 -> 83.76
A8: =Investavimas!AC$1 -> Crowdpear | B8: Aktyvi | C8: =Investavimas!AD$52 -> 740.12 | D8: =Investavimas!AD$53 -> 740.12 | E8: =Investavimas!AC$53-Investavimas!AC$52 -> 0 | F8: =Investavimas!AC$53 -> 700 | G8: =$D8-$E8-$C8 -> 0 | H8: =D8-F8 -> 40.12
A9: =Investavimas!AF$1 -> Scramble | B9: Aktyvi | C9: =Investavimas!AG$52 -> 215 | D9: =Investavimas!AG$53 -> 315 | E9: =Investavimas!AF$53-Investavimas!AF$52 -> 100 | F9: =Investavimas!AF$53 -> 300 | G9: =$D9-$E9-$C9 -> 0 | H9: =D9-F9 -> 15
A31: Viso: | C31: =SUM(C5:C30) -> 2853.38 | D31: =SUM(D5:D30) -> 3071.39 | E31: =SUM(E5:E30) -> 210 | F31: =SUM(F5:F30) -> 2890 | G31: =SUM(G5:G30) -> 8.01 | H31: =SUM(H5:H30) -> 181.39

Sheet P2P 2025.09
A1: 2025.09
A3: Platforma | B3: Būsena | C3: Vertė | E3: Įnešta | G3: Pelnas
C4: 2025.08.31 | D4: 45930 | E4: =A1 -> 2025.09 | F4: Viso | G4: =A1 -> 2025.09 | H4: Viso
A5: =Investavimas!T$1 -> Profitus | B5: Aktyvi | C5: =Investavimas!U$53 -> 814.26 | D5: =Investavimas!U$54 -> 932.78 | E5: =Investavimas!T$54-Investavimas!T$53 -> 100 | F5: =Investavimas!T$54 -> 900 | G5: =$D5-$E5-$C5 -> 18.52 | H5: =D5-F5 -> 32.78
A6: =Investavimas!W$1 -> Nordstreet | B6: Aktyvi | C6: =Investavimas!X$53 -> 678.25 | D6: =Investavimas!X$54 -> 836.08 | E6: =Investavimas!W$54-Investavimas!W$53 -> 150 | F6: =Investavimas!W54 -> 800 | G6: =$D6-$E6-$C6 -> 7.83 | H6: =D6-F6 -> 36.08
A7: =Investavimas!Z$1 -> Indemo | B7: Aktyvi | C7: =Investavimas!AA$53 -> 523.76 | D7: =Investavimas!AA$54 -> 553.76 | E7: =Investavimas!Z$54-Investavimas!Z$53 -> 30 | F7: =Investavimas!Z54 -> 470 | G7: =$D7-$E7-$C7 -> 0 | H7: =D7-F7 -> 83.76
A8: =Investavimas!AC$1 -> Crowdpear | B8: Aktyvi | C8: =Investavimas!AD$53 -> 740.12 | D8: =Investavimas!AD$54 -> 852.99 | E8: =Investavimas!AC$54-Investavimas!AC$53 -> 100 | F8: =Investavimas!AC$54 -> 800 | G8: =$D8-$E8-$C8 -> 12.87 | H8: =D8-F8 -> 52.99
A9: =Investavimas!AF$1 -> Scramble | B9: Aktyvi | C9: =Investavimas!AG$53 -> 315 | D9: =Investavimas!AG$54 -> 416 | E9: =Investavimas!AF$54-Investavimas!AF$53 -> 100 | F9: =Investavimas!AF$54 -> 400 | G9: =$D9-$E9-$C9 -> 1 | H9: =D9-F9 -> 16
A10: =Investavimas!AI$1 -> Nectaro | B10: Aktyvi | C10: =Investavimas!AJ$53 -> 0 | D10: =Investavimas!AJ$54 -> 100.52 | E10: =Investavimas!AI$54-Investavimas!AI$53 -> 100 | F10: =Investavimas!AI$54 -> 100 | G10: =$D10-$E10-$C10 -> 0.52 | H10: =D10-F10 -> 0.52
A11: =Investavimas!AL$1 -> Debitum | B11: Aktyvi | C11: =Investavimas!AM$53 -> 0 | D11: =Investavimas!AM$54 -> 50.12 | E11: =Investavimas!AL$54-Investavimas!AL$53 -> 50 | F11: =Investavimas!AL$54 -> 50 | G11: =$D11-$E11-$C11 -> 0.12 | H11: =D11-F11 -> 0.12
A31: Viso: | C31: =SUM(C5:C30) -> 3071.39 | D31: =SUM(D5:D30) -> 3742.25 | E31: =SUM(E5:E30) -> 630 | F31: =SUM(F5:F30) -> 3520 | G31: =SUM(G5:G30) -> 40.86 | H31: =SUM(H5:H30) -> 222.25

Sheet P2P 2025.10
A1: 2025.10
A3: Platforma | B3: Būsena | C3: Vertė | E3: Įnešta | G3: Pelnas
C4: 2025.09.30 | D4: 45961 | E4: =A1 -> 2025.10 | F4: Viso | G4: =A1 -> 2025.10 | H4: Viso
A5: =Investavimas!T$1 -> Profitus | B5: Aktyvi | C5: =Investavimas!U$54 -> 932.78 | D5: =Investavimas!U$55 -> 935.55 | E5: =Investavimas!T$55-Investavimas!T$54 -> 0 | F5: =Investavimas!T$55 -> 900 | G5: =$D5-$E5-$C5 -> 2.77 | H5: =D5-F5 -> 35.55
A6: =Investavimas!W$1 -> Nordstreet | B6: Aktyvi | C6: =Investavimas!X$54 -> 836.08 | D6: =Investavimas!X$55 -> 969.59 | E6: =Investavimas!W$55-Investavimas!W$54 -> 100 | F6: =Investavimas!W55 -> 900 | G6: =$D6-$E6-$C6 -> 33.51 | H6: =D6-F6 -> 69.59
A7: =Investavimas!Z$1 -> Indemo | B7: Aktyvi | C7: =Investavimas!AA$54 -> 553.76 | D7: =Investavimas!AA$55 -> 584.05 | E7: =Investavimas!Z$55-Investavimas!Z$54 -> 30 | F7: =Investavimas!Z55 -> 500 | G7: =$D7-$E7-$C7 -> 0.29 | H7: =D7-F7 -> 84.05
A8: =Investavimas!AC$1 -> Crowdpear | B8: Aktyvi | C8: =Investavimas!AD$54 -> 852.99 | D8: =Investavimas!AD$55 -> 963.27 | E8: =Investavimas!AC$55-Investavimas!AC$54 -> 100 | F8: =Investavimas!AC$55 -> 900 | G8: =$D8-$E8-$C8 -> 10.28 | H8: =D8-F8 -> 63.27
A9: =Investavimas!AF$1 -> Scramble | B9: Aktyvi | C9: =Investavimas!AG$54 -> 416 | D9: =Investavimas!AG$55 -> 538.11 | E9: =Investavimas!AF$55-Investavimas!AF$54 -> 100 | F9: =Investavimas!AF$55 -> 500 | G9: =$D9-$E9-$C9 -> 22.11 | H9: =D9-F9 -> 38.11
A10: =Investavimas!AI$1 -> Nectaro | B10: Aktyvi | C10: =Investavimas!AJ$54 -> 100.52 | D10: =Investavimas!AJ$55 -> 191.79 | E10: =Investavimas!AI$55-Investavimas!AI$54 -> 90 | F10: =Investavimas!AI$55 -> 190 | G10: =$D10-$E10-$C10 -> 1.27 | H10: =D10-F10 -> 1.79
A11: =Investavimas!AL$1 -> Debitum | B11: Aktyvi | C11: =Investavimas!AM$54 -> 50.12 | D11: =Investavimas!AM$55 -> 50.63 | E11: =Investavimas!AL$55-Investavimas!AL$54 -> 0 | F11: =Investavimas!AL$55 -> 50 | G11: =$D11-$E11-$C11 -> 0.51 | H11: =D11-F11 -> 0.63
A12: =Investavimas!AO$1 -> Viainvest | B12: Aktyvi | C12: =Investavimas!AP$54 -> 0 | D12: =Investavimas!AP$55 -> 100 | E12: =Investavimas!AO$55-Investavimas!AO$54 -> 100 | F12: =Investavimas!AO$55 -> 100 | G12: =$D12-$E12-$C12 -> 0 | H12: =D12-F12 -> 0
A31: Viso: | C31: =SUM(C5:C30) -> 3742.25 | D31: =SUM(D5:D30) -> 4332.99 | E31: =SUM(E5:E30) -> 520 | F31: =SUM(F5:F30) -> 4040 | G31: =SUM(G5:G30) -> 70.74 | H31: =SUM(H5:H30) -> 292.99

Sheet P2P 2025.11
A1: 2025.11
A3: Platforma | B3: Būsena | C3: Vertė | E3: Įnešta | G3: Pelnas
C4: 2025.10.31 | D4: 45991 | E4: =A1 -> 2025.11 | F4: Viso | G4: =A1 -> 2025.11 | H4: Viso
A5: =Investavimas!T$1 -> Profitus | B5: Aktyvi | C5: =Investavimas!U$55 -> 935.55 | D5: =Investavimas!U$56 -> 940.78 | E5: =Investavimas!T$56-Investavimas!T$55 -> 0 | F5: =Investavimas!T$56 -> 900 | G5: =$D5-$E5-$C5 -> 5.23 | H5: =D5-F5 -> 40.78
A6: =Investavimas!W$1 -> Nordstreet | B6: Aktyvi | C6: =Investavimas!X$55 -> 969.59 | D6: =Investavimas!X$56 -> 977.96 | E6: =Investavimas!W$56-Investavimas!W$55 -> 0 | F6: =Investavimas!W56 -> 900 | G6: =$D6-$E6-$C6 -> 8.37 | H6: =D6-F6 -> 77.96
A7: =Investavimas!Z$1 -> Indemo | B7: Aktyvi | C7: =Investavimas!AA$55 -> 584.05 | D7: =Investavimas!AA$56 -> 584.05 | E7: =Investavimas!Z$56-Investavimas!Z$55 -> 0 | F7: =Investavimas!Z56 -> 500 | G7: =$D7-$E7-$C7 -> 0 | H7: =D7-F7 -> 84.05
A8: =Investavimas!AC$1 -> Crowdpear | B8: Aktyvi | C8: =Investavimas!AD$55 -> 963.27 | D8: =Investavimas!AD$56 -> 969.05 | E8: =Investavimas!AC$56-Investavimas!AC$55 -> 0 | F8: =Investavimas!AC$56 -> 900 | G8: =$D8-$E8-$C8 -> 5.78 | H8: =D8-F8 -> 69.05
A9: =Investavimas!AF$1 -> Scramble | B9: Aktyvi | C9: =Investavimas!AG$55 -> 538.11 | D9: =Investavimas!AG$56 -> 639.11 | E9: =Investavimas!AF$56-Investavimas!AF$55 -> 100 | F9: =Investavimas!AF$56 -> 600 | G9: =$D9-$E9-$C9 -> 1 | H9: =D9-F9 -> 39.11
A10: =Investavimas!AI$1 -> Nectaro | B10: Aktyvi | C10: =Investavimas!AJ$55 -> 191.79 | D10: =Investavimas!AJ$56 -> 214.47 | E10: =Investavimas!AI$56-Investavimas!AI$55 -> 20 | F10: =Investavimas!AI$56 -> 210 | G10: =$D10-$E10-$C10 -> 2.68 | H10: =D10-F10 -> 4.47
A11: =Investavimas!AL$1 -> Debitum | B11: Aktyvi | C11: =Investavimas!AM$55 -> 50.63 | D11: =Investavimas!AM$56 -> 101.4 | E11: =Investavimas!AL$56-Investavimas!AL$55 -> 50 | F11: =Investavimas!AL$56 -> 100 | G11: =$D11-$E11-$C11 -> 0.77 | H11: =D11-F11 -> 1.4
A12: =Investavimas!AO$1 -> Viainvest | B12: Aktyvi | C12: =Investavimas!AP$55 -> 100 | D12: =Investavimas!AP$56 -> 150.86 | E12: =Investavimas!AO$56-Investavimas!AO$55 -> 50 | F12: =Investavimas!AO$56 -> 150 | G12: =$D12-$E12-$C12 -> 0.86 | H12: =D12-F12 -> 0.86
A13: =Investavimas!AR$1 -> Rontgen | B13: Aktyvi | C13: =Investavimas!AS$55 -> 0 | D13: =Investavimas!AS$56 -> 500 | E13: =Investavimas!AR$56-Investavimas!AR$55 -> 500 | F13: =Investavimas!AR$56 -> 500 | G13: =$D13-$E13-$C13 -> 0 | H13: =D13-F13 -> 0
A14: =Investavimas!AU$1 -> Afranga | B14: Aktyvi | C14: =Investavimas!AV$55 -> 0 | D14: =Investavimas!AV$56 -> 150.5 | E14: =Investavimas!AU$56-Investavimas!AU$55 -> 150 | F14: =Investavimas!AU$56 -> 150 | G14: =$D14-$E14-$C14 -> 0.5 | H14: =D14-F14 -> 0.5
A31: Viso: | C31: =SUM(C5:C30) -> 4332.99 | D31: =SUM(D5:D30) -> 5228.18 | E31: =SUM(E5:E30) -> 870 | F31: =SUM(F5:F30) -> 4910 | G31: =SUM(G5:G30) -> 25.19 | H31: =SUM(H5:H30) -> 318.18

Sheet P2P 2025.12
A1: 2025.12
A3: Platforma | B3: Būsena | C3: Vertė | E3: Įnešta | G3: Pelnas
C4: 2025.11.30 | D4: 46022 | E4: =A1 -> 2025.12 | F4: Viso | G4: =A1 -> 2025.12 | H4: Viso
A5: =Investavimas!T$1 -> Profitus | B5: Aktyvi | C5: =Investavimas!U$56 -> 940.78 | D5: =Investavimas!U$57 -> 1049.25 | E5: =Investavimas!T$57-Investavimas!T$56 -> 100 | F5: =Investavimas!T$57 -> 1000 | G5: =$D5-$E5-$C5 -> 8.47 | H5: =D5-F5 -> 49.25
A6: =Investavimas!W$1 -> Nordstreet | B6: Aktyvi | C6: =Investavimas!X$56 -> 977.96 | D6: =Investavimas!X$57 -> 990.78 | E6: =Investavimas!W$57-Investavimas!W$56 -> 0 | F6: =Investavimas!W57 -> 900 | G6: =$D6-$E6-$C6 -> 12.82 | H6: =D6-F6 -> 90.78
A7: =Investavimas!Z$1 -> Indemo | B7: Aktyvi | C7: =Investavimas!AA$56 -> 584.05 | D7: =Investavimas!AA$57 -> 604.83 | E7: =Investavimas!Z$57-Investavimas!Z$56 -> 20 | F7: =Investavimas!Z57 -> 520 | G7: =$D7-$E7-$C7 -> 0.78 | H7: =D7-F7 -> 84.83
A8: =Investavimas!AC$1 -> Crowdpear | B8: Aktyvi | C8: =Investavimas!AD$56 -> 969.05 | D8: =Investavimas!AD$57 -> 1094 | E8: =Investavimas!AC$57-Investavimas!AC$56 -> 100 | F8: =Investavimas!AC$57 -> 1000 | G8: =$D8-$E8-$C8 -> 24.95 | H8: =D8-F8 -> 94
A9: =Investavimas!AF$1 -> Scramble | B9: Aktyvi | C9: =Investavimas!AG$56 -> 639.11 | D9: =Investavimas!AG$57 -> 849.62 | E9: =Investavimas!AF$57-Investavimas!AF$56 -> 200 | F9: =Investavimas!AF$57 -> 800 | G9: =$D9-$E9-$C9 -> 10.51 | H9: =D9-F9 -> 49.62
A10: =Investavimas!AI$1 -> Nectaro | B10: Aktyvi | C10: =Investavimas!AJ$56 -> 214.47 | D10: =Investavimas!AJ$57 -> 246.8 | E10: =Investavimas!AI$57-Investavimas!AI$56 -> 30 | F10: =Investavimas!AI$57 -> 240 | G10: =$D10-$E10-$C10 -> 2.33 | H10: =D10-F10 -> 6.8
A11: =Investavimas!AL$1 -> Debitum | B11: Aktyvi | C11: =Investavimas!AM$56 -> 101.4 | D11: =Investavimas!AM$57 -> 122.52 | E11: =Investavimas!AL$57-Investavimas!AL$56 -> 20 | F11: =Investavimas!AL$57 -> 120 | G11: =$D11-$E11-$C11 -> 1.12 | H11: =D11-F11 -> 2.52
A12: =Investavimas!AO$1 -> Viainvest | B12: Aktyvi | C12: =Investavimas!AP$56 -> 150.86 | D12: =Investavimas!AP$57 -> 202.13 | E12: =Investavimas!AO$57-Investavimas!AO$56 -> 50 | F12: =Investavimas!AO$57 -> 200 | G12: =$D12-$E12-$C12 -> 1.27 | H12: =D12-F12 -> 2.13
A13: =Investavimas!AR$1 -> Rontgen | B13: Aktyvi | C13: =Investavimas!AS$56 -> 500 | D13: =Investavimas!AS$57 -> 500 | E13: =Investavimas!AR$57-Investavimas!AR$56 -> 0 | F13: =Investavimas!AR$57 -> 500 | G13: =$D13-$E13-$C13 -> 0 | H13: =D13-F13 -> 0
A14: =Investavimas!AU$1 -> Afranga | B14: Aktyvi | C14: =Investavimas!AV$56 -> 150.5 | D14: =Investavimas!AV$57 -> 171.49 | E14: =Investavimas!AU$57-Investavimas!AU$56 -> 20 | F14: =Investavimas!AU$57 -> 170 | G14: =$D14-$E14-$C14 -> 0.99 | H14: =D14-F14 -> 1.49
A31: Viso: | C31: =SUM(C5:C30) -> 5228.18 | D31: =SUM(D5:D30) -> 5831.42 | E31: =SUM(E5:E30) -> 540 | F31: =SUM(F5:F30) -> 5450 | G31: =SUM(G5:G30) -> 63.24 | H31: =SUM(H5:H30) -> 381.42

Sheet P2P 2026.01
A1: 2026.01
A3: Platforma | B3: Būsena | C3: Vertė | E3: Įnešta | G3: Pelnas
C4: 46022 | D4: 46053 | E4: =A1 -> 2026.01 | F4: Viso | G4: =A1 -> 2026.01 | H4: Viso
A5: =Investavimas!T$1 -> Profitus | B5: Aktyvi | C5: =Investavimas!U$57 -> 1049.25 | D5: =Investavimas!U$58 -> 1058.32 | E5: =Investavimas!T$58-Investavimas!T$57 -> 0 | F5: =Investavimas!T$58 -> 1000 | G5: =$D5-$E5-$C5 -> 9.07 | H5: =D5-F5 -> 58.32
A6: =Investavimas!W$1 -> Nordstreet | B6: Aktyvi | C6: =Investavimas!X$57 -> 990.78 | D6: =Investavimas!X$58 -> 1001.92 | E6: =Investavimas!W$58-Investavimas!W$57 -> 0 | F6: =Investavimas!W58 -> 900 | G6: =$D6-$E6-$C6 -> 11.14 | H6: =D6-F6 -> 101.92
A7: =Investavimas!Z$1 -> Indemo | B7: Aktyvi | C7: =Investavimas!AA$57 -> 604.83 | D7: =Investavimas!AA$58 -> 604.83 | E7: =Investavimas!Z$58-Investavimas!Z$57 -> 0 | F7: =Investavimas!Z58 -> 520 | G7: =$D7-$E7-$C7 -> 0 | H7: =D7-F7 -> 84.83
A8: =Investavimas!AC$1 -> Crowdpear | B8: Aktyvi | C8: =Investavimas!AD$57 -> 1094 | D8: =Investavimas!AD$58 -> 1102.32 | E8: =Investavimas!AC$58-Investavimas!AC$57 -> 0 | F8: =Investavimas!AC$58 -> 1000 | G8: =$D8-$E8-$C8 -> 8.32 | H8: =D8-F8 -> 102.32
A9: =Investavimas!AF$1 -> Scramble | B9: Aktyvi | C9: =Investavimas!AG$57 -> 849.62 | D9: =Investavimas!AG$58 -> 956.77 | E9: =Investavimas!AF$58-Investavimas!AF$57 -> 100 | F9: =Investavimas!AF$58 -> 900 | G9: =$D9-$E9-$C9 -> 7.15 | H9: =D9-F9 -> 56.77
A10: =Investavimas!AI$1 -> Nectaro | B10: Aktyvi | C10: =Investavimas!AJ$57 -> 246.8 | D10: =Investavimas!AJ$58 -> 299 | E10: =Investavimas!AI$58-Investavimas!AI$57 -> 50 | F10: =Investavimas!AI$58 -> 290 | G10: =$D10-$E10-$C10 -> 2.2 | H10: =D10-F10 -> 9
A11: =Investavimas!AL$1 -> Debitum | B11: Aktyvi | C11: =Investavimas!AM$57 -> 122.52 | D11: =Investavimas!AM$58 -> 143.83 | E11: =Investavimas!AL$58-Investavimas!AL$57 -> 20 | F11: =Investavimas!AL$58 -> 140 | G11: =$D11-$E11-$C11 -> 1.31 | H11: =D11-F11 -> 3.83
A12: =Investavimas!AO$1 -> Viainvest | B12: Aktyvi | C12: =Investavimas!AP$57 -> 202.13 | D12: =Investavimas!AP$58 -> 213.88 | E12: =Investavimas!AO$58-Investavimas!AO$57 -> 10 | F12: =Investavimas!AO$58 -> 210 | G12: =$D12-$E12-$C12 -> 1.75 | H12: =D12-F12 -> 3.88
A13: =Investavimas!AR$1 -> Rontgen | B13: Aktyvi | C13: =Investavimas!AS$57 -> 500 | D13: =Investavimas!AS$58 -> 607.58 | E13: =Investavimas!AR$58-Investavimas!AR$57 -> 100 | F13: =Investavimas!AR$58 -> 600 | G13: =$D13-$E13-$C13 -> 7.58 | H13: =D13-F13 -> 7.58
A14: =Investavimas!AU$1 -> Afranga | B14: Aktyvi | C14: =Investavimas!AV$57 -> 171.49 | D14: =Investavimas!AV$58 -> 193.64 | E14: =Investavimas!AU$58-Investavimas!AU$57 -> 20 | F14: =Investavimas!AU$58 -> 190 | G14: =$D14-$E14-$C14 -> 2.15 | H14: =D14-F14 -> 3.64
A31: Viso: | C31: =SUM(C5:C30) -> 5831.42 | D31: =SUM(D5:D30) -> 6182.09 | E31: =SUM(E5:E30) -> 300 | F31: =SUM(F5:F30) -> 5750 | G31: =SUM(G5:G30) -> 50.67 | H31: =SUM(H5:H30) -> 432.09

Sheet P2P 2026.02
A1: 2026.02
A3: Platforma | B3: Būsena | C3: Vertė | E3: Įnešta | G3: Pelnas
C4: 46053 | D4: 46081 | E4: =A1 -> 2026.02 | F4: Viso | G4: =A1 -> 2026.02 | H4: Viso
A5: =Investavimas!T$1 -> Profitus | B5: Aktyvi | C5: =Investavimas!U$58 -> 1058.32 | D5: =Investavimas!U$59 -> 1082.54 | E5: =Investavimas!T$59-Investavimas!T$58 -> 20 | F5: =Investavimas!T$59 -> 1020 | G5: =$D5-$E5-$C5 -> 4.22 | H5: =D5-F5 -> 62.54
A6: =Investavimas!W$1 -> Nordstreet | B6: Aktyvi | C6: =Investavimas!X$58 -> 1001.92 | D6: =Investavimas!X$59 -> 1061.76 | E6: =Investavimas!W$59-Investavimas!W$58 -> 50 | F6: =Investavimas!W59 -> 950 | G6: =$D6-$E6-$C6 -> 9.84 | H6: =D6-F6 -> 111.76
A7: =Investavimas!Z$1 -> Indemo | B7: Aktyvi | C7: =Investavimas!AA$58 -> 604.83 | D7: =Investavimas!AA$59 -> 604.83 | E7: =Investavimas!Z$59-Investavimas!Z$58 -> 0 | F7: =Investavimas!Z59 -> 520 | G7: =$D7-$E7-$C7 -> 0 | H7: =D7-F7 -> 84.83
A8: =Investavimas!AC$1 -> Crowdpear | B8: Aktyvi | C8: =Investavimas!AD$58 -> 1102.32 | D8: =Investavimas!AD$59 -> 1110.46 | E8: =Investavimas!AC$59-Investavimas!AC$58 -> 0 | F8: =Investavimas!AC$59 -> 1000 | G8: =$D8-$E8-$C8 -> 8.14 | H8: =D8-F8 -> 110.46
A9: =Investavimas!AF$1 -> Scramble | B9: Aktyvi | C9: =Investavimas!AG$58 -> 956.77 | D9: =Investavimas!AG$59 -> 961.24 | E9: =Investavimas!AF$59-Investavimas!AF$58 -> 0 | F9: =Investavimas!AF$59 -> 900 | G9: =$D9-$E9-$C9 -> 4.47 | H9: =D9-F9 -> 61.24
A10: =Investavimas!AI$1 -> Nectaro | B10: Aktyvi | C10: =Investavimas!AJ$58 -> 299 | D10: =Investavimas!AJ$59 -> 301.33 | E10: =Investavimas!AI$59-Investavimas!AI$58 -> 0 | F10: =Investavimas!AI$59 -> 290 | G10: =$D10-$E10-$C10 -> 2.33 | H10: =D10-F10 -> 11.33
A11: =Investavimas!AL$1 -> Debitum | B11: Aktyvi | C11: =Investavimas!AM$58 -> 143.83 | D11: =Investavimas!AM$59 -> 165.2 | E11: =Investavimas!AL$59-Investavimas!AL$58 -> 20 | F11: =Investavimas!AL$59 -> 160 | G11: =$D11-$E11-$C11 -> 1.37 | H11: =D11-F11 -> 5.2
A12: =Investavimas!AO$1 -> Viainvest | B12: Aktyvi | C12: =Investavimas!AP$58 -> 213.88 | D12: =Investavimas!AP$59 -> 245.74 | E12: =Investavimas!AO$59-Investavimas!AO$58 -> 30 | F12: =Investavimas!AO$59 -> 240 | G12: =$D12-$E12-$C12 -> 1.86 | H12: =D12-F12 -> 5.74
A13: =Investavimas!AR$1 -> Rontgen | B13: Aktyvi | C13: =Investavimas!AS$58 -> 607.58 | D13: =Investavimas!AS$59 -> 607.58 | E13: =Investavimas!AR$59-Investavimas!AR$58 -> 0 | F13: =Investavimas!AR$59 -> 600 | G13: =$D13-$E13-$C13 -> 0 | H13: =D13-F13 -> 7.58
A14: =Investavimas!AU$1 -> Afranga | B14: Aktyvi | C14: =Investavimas!AV$58 -> 193.64 | D14: =Investavimas!AV$59 -> 215.26 | E14: =Investavimas!AU$59-Investavimas!AU$58 -> 20 | F14: =Investavimas!AU$59 -> 210 | G14: =$D14-$E14-$C14 -> 1.62 | H14: =D14-F14 -> 5.26
A31: Viso: | C31: =SUM(C5:C30) -> 6182.09 | D31: =SUM(D5:D30) -> 6355.94 | E31: =SUM(E5:E30) -> 140 | F31: =SUM(F5:F30) -> 5890 | G31: =SUM(G5:G30) -> 33.85 | H31: =SUM(H5:H30) -> 465.94
