Workbook

Sheet Overview
A1: Paskola | I1: Pabaiga | M1: Grąžinta | Q1: Pinigai | U1: Grąžinta | W1: Vertė | AA1: Mokesčiai
A2: Nr. | B2: Inv. data | C2: Pavadinimas | D2: Šalis | E2: Įkeitimas | F2: Terminas | G2: % | H2: Investuota | I2: Planuojama | J2: Reali | K2: Liko | L2: Vėluoja | M2: Paskola | N2: Palūkanos | O2: Mokesčiai | Q2: Įnešta | R2: Investuota | S2: Premijos | T2: Gryni | U2: Paskola | V2: Palūkanos | W2: Viso | X2: Eur. | Y2: % | Z2: XIRR | AA2: Eur. | AC2: Vėluoja
A3: 1 | B3: ='42604620'!B9 -> 46219 | C3: ='42604620'!B1 -> 42604620 | D3: ='42604620'!B2 -> Poland | E3: ='42604620'!B4 -> Žemė | F3: ='42604620'!B8 -> 1 m. 0 mėn. 9 d. | G3: ='42604620'!B15 -> 0.13 | H3: ='42604620'!B16 -> 55 | I3: ='42604620'!B11 -> 46593 | J3: ='42604620'!O3 | K3: ='42604620'!B12 -> 298 | L3: ='42604620'!P3 | M3: ='42604620'!K3 -> 0.26 | N3: ='42604620'!L3 -> 0.59 | O3: ='42604620'!M3 -> 0 | Q3: =Pinigai!I2 -> 100 | R3: =SUM(H3:H100)-U3 -> 106.68 | S3: =Pinigai!H2 -> 6.65 | T3: =W3-R3 -> 0.56 | U3: =SUM(M3:M100) -> 0.26 | V3: =SUM(N3:N100)-AA3 -> 0.59 | W3: =Q3+S3+V3 -> 107.24 | X3: =W3-Q3 -> 7.24 | Y3: =(W3-Q3)/Q3 -> 0.0724 | Z3: =XIRR(Pinigai!K2:K200,Pinigai!A2:A200) -> 36.227126 | AA3: =SUM(O3:O100) -> 0 | AC3: ='42604620'!Z3
A4: 2 | B4: ='12664422'!B9 -> 46277 | C4: ='12664422'!B1 -> 12664422 | D4: ='12664422'!B2 -> Latvia | E4: ='12664422'!B4 -> Mašinos | F4: ='12664422'!B8 -> 1 m. 5 mėn. 0 d. | G4: ='12664422'!B15 -> 0.11 | H4: ='12664422'!B16 -> 51.94 | I4: ='12664422'!B11 -> 46795 | J4: ='12664422'!O3 | K4: ='12664422'!B12 -> 500 | L4: ='12664422'!P3 | M4: ='12664422'!K3 -> 0 | N4: ='12664422'!L3 -> 0 | O4: ='12664422'!M3 -> 0 | AC4: ='12664422'!Z3

Sheet Pinigai
A1: Data | B1: Įnešta | C1: Išimta | D1: Premija | F1: Įnešta | G1: Išimta | H1: Premija | I1: Skirtumas | K1: XIRR
A2: 46218 | B2: 50 | C2: 0 | D2: 0 | F2: =SUM(B2:B35) -> 100 | G2: =SUM(C2:C35) -> 0 | H2: =SUM(D2:D14) -> 6.65 | I2: =F2-G2 -> 100 | K2: =B2*-1 -> -50
A3: 46219 | B3: 0 | C3: 0 | D3: 5 | K3: =B3*-1 -> 0
A4: 46219 | B4: 0 | C4: 0 | D4: 1.65 | K4: =B4*-1 -> 0
A5: 46276 | B5: 50 | C5: 0 | D5: 0
A200: =TODAY() -> 46295 | K200: =Overview!W3 -> 107.24

Sheet 12664422
A1: Loan ID | B1: 12664422 | D1: Data | G1: Paskola | K1: Grąžinimas
A2: Šalis | B2: Latvia | D2: Planuojama | E2: Reali | F2: Vėl./Anks. | G2: Principal | H2: Interest | I2: Mokestis | K2: Paskola | L2: Palūkanos | M2: Mokesčiai | N2: XIRR | O2: Data | P2: Vėluoja | Q2: Vėl./Anks. | X2: Data | Y2: Suma | Z2: Vėluoja
A3: Skolininkas | B3: Maltas pagasta zemnieku saimniecība "MARKĀNI" | D3: 46307 | F3: =IF(E3>0,E3-D3,"") | K3: =G53 -> 0 | L3: =H53 -> 0 | M3: =I53 -> 0 | N3: =IF(B16=K3,XIRR(Y3:Y52,X3:X52),"") | O3: =IF(B16=K3,MAX(E:E),"") | P3: =IF(Z3="+",TODAY()-B11,"") | Q3: =IF(B16=K3,MAX(E:E)-B11,"") | X3: =B9 -> 46277 | Y3: =B16*-1 -> -51.94 | Z3: =IF(AND(TODAY()>B11, K3<>B16), "+", "")
A4: Įkeitimas | B4: Mašinos | D4: 46338 | F4: =IF(E4>0,E4-D4,"") | X4: =E3 -> 0 | Y4: =G3+H3-I3 -> 0
A5: LTV | B5: 0.38 | D5: 46368 | F5: =IF(E5>0,E5-D5,"") | X5: =E4 -> 0 | Y5: =G4+H4-I4 -> 0
D6: 46399 | F6: =IF(E6>0,E6-D6,"") | X6: =E5 -> 0 | Y6: =G5+H5-I5 -> 0
D7: 46430 | F7: =IF(E7>0,E7-D7,"") | X7: =E6 -> 0 | Y7: =G6+H6-I6 -> 0
A8: Terminas | B8: =DATEDIF(B9,B11,"y") & " m. " & DATEDIF(B9,B11,"ym") & " mėn. " & DATEDIF(B9,B11,"md") & " d." -> 1 m. 5 mėn. 0 d. | D8: 46458 | F8: =IF(E8>0,E8-D8,"") | X8: =E7 -> 0 | Y8: =G7+H7-I7 -> 0
A9: Investuota | B9: 46277 | D9: 46489 | F9: =IF(E9>0,E9-D9,"") | X9: =E8 -> 0 | Y9: =G8+H8-I8 -> 0
A10: Pradžia | D10: 46519 | F10: =IF(E10>0,E10-D10,"") | X10: =E9 -> 0 | Y10: =G9+H9-I9 -> 0
A11: Pabaiga | B11: 46795 | D11: 46550 | F11: =IF(E11>0,E11-D11,"") | X11: =E10 -> 0 | Y11: =G10+H10-I10 -> 0
A12: Liko, dienos | B12: =IF(B16<>K3,(TODAY()-B11)*-1,"") -> 500 | D12: 46580 | F12: =IF(E12>0,E12-D12,"") | X12: =E11 -> 0 | Y12: =G11+H11-I11 -> 0
D13: 46611 | F13: =IF(E13>0,E13-D13,"") | X13: =E12 -> 0 | Y13: =G12+H12-I12 -> 0
D14: 46642 | F14: =IF(E14>0,E14-D14,"") | X14: =E13 -> 0 | Y14: =G13+H13-I13 -> 0
A15: Palūkanos | B15: 0.11 | D15: 46672 | F15: =IF(E15>0,E15-D15,"") | X15: =E14 -> 0 | Y15: =G14+H14-I14 -> 0
A16: Investuota, Eur | B16: 51.94 | D16: 46703 | F16: =IF(E16>0,E16-D16,"") | X16: =E15 -> 0 | Y16: =G15+H15-I15 -> 0
D17: 46733 | F17: =IF(E17>0,E17-D17,"") | X17: =E16 -> 0 | Y17: =G16+H16-I16 -> 0
D18: 46764 | F18: =IF(E18>0,E18-D18,"") | X18: =E17 -> 0 | Y18: =G17+H17-I17 -> 0
D19: 46795 | F19: =IF(E19>0,E19-D19,"") | X19: =E18 -> 0 | Y19: =G18+H18-I18 -> 0
F20: =IF(E20>0,E20-D20,"") | X20: =E19 -> 0 | Y20: =G19+H19-I19 -> 0
F21: =IF(E21>0,E21-D21,"") | X21: =E20 -> 0 | Y21: =G20+H20-I20 -> 0
F22: =IF(E22>0,E22-D22,"") | X22: =E21 -> 0 | Y22: =G21+H21-I21 -> 0
F23: =IF(E23>0,E23-D23,"") | X23: =E22 -> 0 | Y23: =G22+H22-I22 -> 0
F24: =IF(E24>0,E24-D24,"") | X24: =E23 -> 0 | Y24: =G23+H23-I23 -> 0
F25: =IF(E25>0,E25-D25,"") | X25: =E24 -> 0 | Y25: =G24+H24-I24 -> 0
F26: =IF(E26>0,E26-D26,"") | X26: =E25 -> 0 | Y26: =G25+H25-I25 -> 0
F27: =IF(E27>0,E27-D27,"") | X27: =E26 -> 0 | Y27: =G26+H26-I26 -> 0
F28: =IF(E28>0,E28-D28,"") | X28: =E27 -> 0 | Y28: =G27+H27-I27 -> 0
F29: =IF(E29>0,E29-D29,"") | X29: =E28 -> 0 | Y29: =G28+H28-I28 -> 0
F30: =IF(E30>0,E30-D30,"") | X30: =E29 -> 0 | Y30: =G29+H29-I29 -> 0
F31: =IF(E31>0,E31-D31,"") | X31: =E30 -> 0 | Y31: =G30+H30-I30 -> 0
... F52: =IF(E52>0,E52-D52,"") | X52: =E51 -> 0 | Y52: =G51+H51-I51 -> 0
D53: Viso: | G53: =SUM(G3:G52) -> 0 | H53: =SUM(H3:H52) -> 0 | I53: =SUM(I3:I52) -> 0

Sheet 42604620
A1: Loan ID | B1: 42604620 | D1: Data | G1: Paskola | K1: Grąžinimas
A2: Šalis | B2: Poland | D2: Planuojama | E2: Reali | F2: Vėl./Anks. | G2: Principal | H2: Interest | I2: Mokestis | K2: Paskola | L2: Palūkanos | M2: Mokesčiai | N2: XIRR | O2: Data | P2: Vėluoja | Q2: Vėl./Anks. | X2: Data | Y2: Suma | Z2: Vėluoja
A3: Skolininkas | B3: GOSPODARSTWO ROLNE KINGA SZYMAŃSKA | D3: 46255 | E3: 46275 | F3: =IF(E3>0,E3-D3,"") -> 20 | G3: 0 | H3: 0.29 | I3: 0 | K3: =G53 -> 0.26 | L3: =H53 -> 0.59 | M3: =I53 -> 0 | N3: =IF(B16=K3,XIRR(Y3:Y52,X3:X52),"") | O3: =IF(B16=K3,MAX(E:E),"") | P3: =IF(Z3="+",TODAY()-B11,"") | Q3: =IF(B16=K3,MAX(E:E)-B11,"") | X3: =B9 -> 46219 | Y3: =B16*-1 -> -55 | Z3: =IF(AND(TODAY()>B11, K3<>B16), "+", "")
A4: Įkeitimas | B4: Žemė | D4: 46255 | E4: 46278 | F4: =IF(E4>0,E4-D4,"") -> 23 | G4: 0.26 | H4: 0.3 | I4: 0 | X4: =E3 -> 46275 | Y4: =G3+H3-I3 -> 0.29
A5: LTV | B5: 0.58 | D5: 46286 | F5: =IF(E5>0,E5-D5,"") | X5: =E4 -> 46278 | Y5: =G4+H4-I4 -> 0.56
D6: 46316 | F6: =IF(E6>0,E6-D6,"") | X6: =E5 -> 0 | Y6: =G5+H5-I5 -> 0
D7: 46347 | F7: =IF(E7>0,E7-D7,"") | X7: =E6 -> 0 | Y7: =G6+H6-I6 -> 0
A8: Terminas | B8: =DATEDIF(B9,B11,"y") & " m. " & DATEDIF(B9,B11,"ym") & " mėn. " & DATEDIF(B9,B11,"md") & " d." -> 1 m. 0 mėn. 9 d. | D8: 46377 | F8: =IF(E8>0,E8-D8,"") | X8: =E7 -> 0 | Y8: =G7+H7-I7 -> 0
A9: Investuota | B9: 46219 | D9: 46408 | F9: =IF(E9>0,E9-D9,"") | X9: =E8 -> 0 | Y9: =G8+H8-I8 -> 0
A10: Pradžia | D10: 46439 | F10: =IF(E10>0,E10-D10,"") | X10: =E9 -> 0 | Y10: =G9+H9-I9 -> 0
A11: Pabaiga | B11: 46593 | D11: 46467 | F11: =IF(E11>0,E11-D11,"") | X11: =E10 -> 0 | Y11: =G10+H10-I10 -> 0
A12: Liko, dienos | B12: =IF(B16<>K3,(TODAY()-B11)*-1,"") -> 298 | D12: 46498 | F12: =IF(E12>0,E12-D12,"") | X12: =E11 -> 0 | Y12: =G11+H11-I11 -> 0
D13: 46528 | F13: =IF(E13>0,E13-D13,"") | X13: =E12 -> 0 | Y13: =G12+H12-I12 -> 0
F14: =IF(E14>0,E14-D14,"") | X14: =E13 -> 0 | Y14: =G13+H13-I13 -> 0
A15: Palūkanos | B15: 0.13 | F15: =IF(E15>0,E15-D15,"") | X15: =E14 -> 0 | Y15: =G14+H14-I14 -> 0
A16: Investuota, Eur | B16: 55 | F16: =IF(E16>0,E16-D16,"") | X16: =E15 -> 0 | Y16: =G15+H15-I15 -> 0
F17: =IF(E17>0,E17-D17,"") | X17: =E16 -> 0 | Y17: =G16+H16-I16 -> 0
F18: =IF(E18>0,E18-D18,"") | X18: =E17 -> 0 | Y18: =G17+H17-I17 -> 0
F19: =IF(E19>0,E19-D19,"") | X19: =E18 -> 0 | Y19: =G18+H18-I18 -> 0
F20: =IF(E20>0,E20-D20,"") | X20: =E19 -> 0 | Y20: =G19+H19-I19 -> 0
F21: =IF(E21>0,E21-D21,"") | X21: =E20 -> 0 | Y21: =G20+H20-I20 -> 0
F22: =IF(E22>0,E22-D22,"") | X22: =E21 -> 0 | Y22: =G21+H21-I21 -> 0
F23: =IF(E23>0,E23-D23,"") | X23: =E22 -> 0 | Y23: =G22+H22-I22 -> 0
F24: =IF(E24>0,E24-D24,"") | X24: =E23 -> 0 | Y24: =G23+H23-I23 -> 0
F25: =IF(E25>0,E25-D25,"") | X25: =E24 -> 0 | Y25: =G24+H24-I24 -> 0
F26: =IF(E26>0,E26-D26,"") | X26: =E25 -> 0 | Y26: =G25+H25-I25 -> 0
F27: =IF(E27>0,E27-D27,"") | X27: =E26 -> 0 | Y27: =G26+H26-I26 -> 0
F28: =IF(E28>0,E28-D28,"") | X28: =E27 -> 0 | Y28: =G27+H27-I27 -> 0
... F52: =IF(E52>0,E52-D52,"") | X52: =E51 -> 0 | Y52: =G51+H51-I51 -> 0
D53: Viso: | G53: =SUM(G3:G52) -> 0.26 | H53: =SUM(H3:H52) -> 0.59 | I53: =SUM(I3:I52) -> 0
