Workbook

Sheet Overview
A1: Paskola | I1: Pabaiga | M1: Grąžinta | Q1: Pinigai | U1: Grąžinta | W1: Vertė | AA1: Mokesčiai
A2: Nr. | B2: Inv. data | C2: Pavadinimas | D2: Šalis | E2: Tipas | F2: Terminas | G2: % | H2: Investuota | I2: Planuojama | J2: Reali | K2: Liko | L2: Vėluoja | M2: Paskola | N2: Palūkanos | O2: Mokesčiai | Q2: Įnešta | R2: Investuota | S2: Premijos | T2: Gryni | U2: Paskola | V2: Palūkanos | W2: Viso | X2: Eur. | Y2: % | Z2: XIRR | AA2: Eur. | AC2: Vėluoja
A3: 1 | B3: =LVX0000P9SY1!B9 -> 45909 | C3: =LVX0000P9SY1!B1 -> LVX0000P9SY1 | D3: =LVX0000P9SY1!B2 -> Romania | E3: =LVX0000P9SY1!B4 -> Pesonal | F3: =LVX0000P9SY1!B8 -> 0 m. 11 mėn. 16 d. | G3: =LVX0000P9SY1!B15 -> 0.125 | H3: =LVX0000P9SY1!B16 -> 50 | I3: =LVX0000P9SY1!B11 -> 46259 | J3: =LVX0000P9SY1!O3 | K3: =LVX0000P9SY1!B12 -> -36 | L3: =LVX0000P9SY1!P3 -> 36 | M3: =LVX0000P9SY1!K3 -> 49.99 | N3: =LVX0000P9SY1!L3 -> 1.9 | O3: =LVX0000P9SY1!M3 -> 0.11 | Q3: =Pinigai!I2 -> 320 | R3: =SUM(H3:H100)-U3 -> 352.87 | S3: =Pinigai!H2 -> 2.71 | T3: =W3-R3 -> 1.07 | U3: =SUM(M3:M100) -> 590.9 | V3: =SUM(N3:N100)-AA3 -> 31.23 | W3: =Q3+V3+S3 -> 353.94 | X3: =W3-Q3 -> 33.94 | Y3: =(W3-Q3)/Q3 -> 0.1060625 | Z3: =XIRR(Pinigai!K2:K200,Pinigai!A2:A200) -> 0.12527701 | AA3: =SUM(O3:O100) -> 1.4 | AC3: =LVX0000P9SY1!Z3 -> +
A4: 2 | B4: =LVX0000PFLZ9!B9 -> 45918 | C4: =LVX0000PFLZ9!B1 -> LVX0000PFLZ9 | D4: =LVX0000PFLZ9!B2 -> Romania | E4: =LVX0000PFLZ9!B4 -> Pesonal | F4: =LVX0000PFLZ9!B8 -> 0 m. 11 mėn. 21 d. | G4: =LVX0000PFLZ9!B15 -> 0.125 | H4: =LVX0000PFLZ9!B16 -> 53.9 | I4: =LVX0000PFLZ9!B11 -> 46273 | J4: =LVX0000PFLZ9!O3 -> 46271 | K4: =LVX0000PFLZ9!B12 | L4: =LVX0000PFLZ9!P3 | M4: =LVX0000PFLZ9!K3 -> 53.9 | N4: =LVX0000PFLZ9!L3 -> 3.07 | O4: =LVX0000PFLZ9!M3 -> 0.15 | AC4: =LVX0000PFLZ9!Z3
A5: 3 | B5: =LVX0000PLPE3!B9 -> 45934 | C5: =LVX0000PLPE3!B1 -> LVX0000PLPE3 | D5: =LVX0000PLPE3!B2 -> Cyprus | E5: =LVX0000PLPE3!B4 -> Business | F5: =LVX0000PLPE3!B8 -> 0 m. 8 mėn. 19 d. | G5: =LVX0000PLPE3!B15 -> 0.12 | H5: =LVX0000PLPE3!B16 -> 13.66 | I5: =LVX0000PLPE3!B11 -> 46196 | J5: =LVX0000PLPE3!O3 -> 46234 | K5: =LVX0000PLPE3!B12 | L5: =LVX0000PLPE3!P3 | M5: =LVX0000PLPE3!K3 -> 13.66 | N5: =LVX0000PLPE3!L3 -> 1.23 | O5: =LVX0000PLPE3!M3 -> 0.06 | AC5: =LVX0000PLPE3!Z3
A6: 4 | B6: =LVX0000PQRD0!B9 -> 45938 | C6: =LVX0000PQRD0!B1 -> LVX0000PQRD0 | D6: =LVX0000PQRD0!B2 -> Moldova | E6: =LVX0000PQRD0!B4 -> Business | F6: =LVX0000PQRD0!B8 -> 0 m. 5 mėn. 23 d. | G6: =LVX0000PQRD0!B15 -> 0.13 | H6: =LVX0000PQRD0!B16 -> 11.35 | I6: =LVX0000PQRD0!B11 -> 46112 | J6: =LVX0000PQRD0!O3 -> 46115 | K6: =LVX0000PQRD0!B12 | L6: =LVX0000PQRD0!P3 | M6: =LVX0000PQRD0!K3 -> 11.35 | N6: =LVX0000PQRD0!L3 -> 0.72 | O6: =LVX0000PQRD0!M3 -> 0.04 | AC6: =LVX0000PQRD0!Z3
A7: 5 | B7: =LVX0000PLQM4!B9 -> 45947 | C7: =LVX0000PLQM4!B1 -> LVX0000PLQM4 | D7: =LVX0000PLQM4!B2 -> Romania | E7: =LVX0000PLQM4!B4 -> Business | F7: =LVX0000PLQM4!B8 -> 0 m. 8 mėn. 5 d. | G7: =LVX0000PLQM4!B15 -> 0.12 | H7: =LVX0000PLQM4!B16 -> 13.86 | I7: =LVX0000PLQM4!B11 -> 46195 | J7: =LVX0000PLQM4!O3 -> 46234 | K7: =LVX0000PLQM4!B12 | L7: =LVX0000PLQM4!P3 | M7: =LVX0000PLQM4!K3 -> 13.86 | N7: =LVX0000PLQM4!L3 -> 1.12 | O7: =LVX0000PLQM4!M3 -> 0.06 | AC7: =LVX0000PLQM4!Z3
A8: 6 | B8: =LVX0000PQUM5!B9 -> 45947 | C8: =LVX0000PQUM5!B1 -> LVX0000PQUM5 | D8: =LVX0000PQUM5!B2 -> Cyprus | E8: =LVX0000PQUM5!B4 -> Business | F8: =LVX0000PQUM5!B8 -> 0 m. 5 mėn. 14 d. | G8: =LVX0000PQUM5!B15 -> 0.12 | H8: =LVX0000PQUM5!B16 -> 10 | I8: =LVX0000PQUM5!B11 -> 46112 | J8: =LVX0000PQUM5!O3 -> 46120 | K8: =LVX0000PQUM5!B12 | L8: =LVX0000PQUM5!P3 | M8: =LVX0000PQUM5!K3 -> 10 | N8: =LVX0000PQUM5!L3 -> 0.57 | O8: =LVX0000PQUM5!M3 -> 0.03 | AC8: =LVX0000PQUM5!Z3
A9: 7 | B9: =LVX0000Q7QJ9!B9 -> 45958 | C9: =LVX0000Q7QJ9!B1 -> LVX0000Q7QJ9 | D9: =LVX0000Q7QJ9!B2 -> Romania | E9: =LVX0000Q7QJ9!B4 -> Pesonal | F9: =LVX0000Q7QJ9!B8 -> 1 m. 8 mėn. 19 d. | G9: =LVX0000Q7QJ9!B15 -> 0.125 | H9: =LVX0000Q7QJ9!B16 -> 25.71 | I9: =LVX0000Q7QJ9!B11 -> 46585 | J9: =LVX0000Q7QJ9!O3 -> 46053 | K9: =LVX0000Q7QJ9!B12 | L9: =LVX0000Q7QJ9!P3 | M9: =LVX0000Q7QJ9!K3 -> 25.71 | N9: =LVX0000Q7QJ9!L3 -> 0.29 | O9: =LVX0000Q7QJ9!M3 -> 0.01 | AC9: =LVX0000Q7QJ9!Z3
A10: 8 | B10: =LVX0000PQUR4!B9 -> 45962 | C10: =LVX0000PQUR4!B1 -> LVX0000PQUR4 | D10: =LVX0000PQUR4!B2 -> Philippines | E10: =LVX0000PQUR4!B4 -> Business | F10: =LVX0000PQUR4!B8 -> 0 m. 2 mėn. 29 d. | G10: =LVX0000PQUR4!B15 -> 0.115 | H10: =LVX0000PQUR4!B16 -> 10 | I10: =LVX0000PQUR4!B11 -> 46052 | J10: =LVX0000PQUR4!O3 -> 46064 | K10: =LVX0000PQUR4!B12 | L10: =LVX0000PQUR4!P3 | M10: =LVX0000PQUR4!K3 -> 10 | N10: =LVX0000PQUR4!L3 -> 0.32 | O10: =LVX0000PQUR4!M3 -> 0.01 | AC10: =LVX0000PQUR4!Z3
A11: 9 | B11: =LVX0000Q0ED3!B9 -> 45962 | C11: =LVX0000Q0ED3!B1 -> LVX0000Q0ED3 | D11: =LVX0000Q0ED3!B2 -> Romania | E11: =LVX0000Q0ED3!B4 -> Business | F11: =LVX0000Q0ED3!B8 -> 0 m. 5 mėn. 14 d. | G11: =LVX0000Q0ED3!B15 -> 0.12 | H11: =LVX0000Q0ED3!B16 -> 17.46 | I11: =LVX0000Q0ED3!B11 -> 46127 | J11: =LVX0000Q0ED3!O3 -> 46130 | K11: =LVX0000Q0ED3!B12 | L11: =LVX0000Q0ED3!P3 | M11: =LVX0000Q0ED3!K3 -> 17.46 | N11: =LVX0000Q0ED3!L3 -> 0.97 | O11: =LVX0000Q0ED3!M3 -> 0.05 | AC11: =LVX0000Q0ED3!Z3
A12: 10 | B12: =LVX0000PQUG7!B9 -> 45971 | C12: =LVX0000PQUG7!B1 -> LVX0000PQUG7 | D12: =LVX0000PQUG7!B2 -> Romania | E12: =LVX0000PQUG7!B4 -> Business | F12: =LVX0000PQUG7!B8 -> 0 m. 4 mėn. 21 d. | G12: =LVX0000PQUG7!B15 -> 0.12 | H12: =LVX0000PQUG7!B16 -> 17.67 | I12: =LVX0000PQUG7!B11 -> 46112 | J12: =LVX0000PQUG7!O3 -> 46142 | K12: =LVX0000PQUG7!B12 | L12: =LVX0000PQUG7!P3 | M12: =LVX0000PQUG7!K3 -> 17.67 | N12: =LVX0000PQUG7!L3 -> 0.78 | O12: =LVX0000PQUG7!M3 -> 0.04 | AC12: =LVX0000PQUG7!Z3
A13: 11 | B13: =LVX0000Q0E27!B9 -> 45981 | C13: =LVX0000Q0E27!B1 -> LVX0000Q0E27 | D13: =LVX0000Q0E27!B2 -> Cyprus | E13: =LVX0000Q0E27!B4 -> Business | F13: =LVX0000Q0E27!B8 -> 0 m. 4 mėn. 25 d. | G13: =LVX0000Q0E27!B15 -> 0.12 | H13: =LVX0000Q0E27!B16 -> 12.74 | I13: =LVX0000Q0E27!B11 -> 46126 | J13: =LVX0000Q0E27!O3 -> 46129 | K13: =LVX0000Q0E27!B12 | L13: =LVX0000Q0E27!P3 | M13: =LVX0000Q0E27!K3 -> 12.74 | N13: =LVX0000Q0E27!L3 -> 0.62 | O13: =LVX0000Q0E27!M3 -> 0.03 | AC13: =LVX0000Q0E27!Z3
A14: 12 | B14: =LVX0000QBKH6!B9 -> 45985 | C14: =LVX0000QBKH6!B1 -> LVX0000QBKH6 | D14: =LVX0000QBKH6!B2 -> Moldova | E14: =LVX0000QBKH6!B4 -> Business | F14: =LVX0000QBKH6!B8 -> 0 m. 5 mėn. 4 d. | G14: =LVX0000QBKH6!B15 -> 0.13 | H14: =LVX0000QBKH6!B16 -> 13.25 | I14: =LVX0000QBKH6!B11 -> 46140 | J14: =LVX0000QBKH6!O3 -> 46135 | K14: =LVX0000QBKH6!B12 | L14: =LVX0000QBKH6!P3 | M14: =LVX0000QBKH6!K3 -> 13.25 | N14: =LVX0000QBKH6!L3 -> 0.71 | O14: =LVX0000QBKH6!M3 -> 0.03 | AC14: =LVX0000QBKH6!Z3
A15: 13 | B15: =LVX0000QSAL3!B9 -> 45996 | C15: =LVX0000QSAL3!B1 -> LVX0000QSAL3 | D15: =LVX0000QSAL3!B2 -> Cyprus | E15: =LVX0000QSAL3!B4 -> Business | F15: =LVX0000QSAL3!B8 -> 0 m. 8 mėn. 18 d. | G15: =LVX0000QSAL3!B15 -> 0.12 | H15: =LVX0000QSAL3!B16 -> 14.43 | I15: =LVX0000QSAL3!B11 -> 46257 | J15: =LVX0000QSAL3!O3 -> 46295 | K15: =LVX0000QSAL3!B12 | L15: =LVX0000QSAL3!P3 | M15: =LVX0000QSAL3!K3 -> 14.43 | N15: =LVX0000QSAL3!L3 -> 1.26 | O15: =LVX0000QSAL3!M3 -> 0.05 | AC15: =LVX0000QSAL3!Z3
A16: 14 | B16: =LVX0000R31L6!B9 -> 46003 | C16: =LVX0000R31L6!B1 -> LVX0000R31L6 | D16: =LVX0000R31L6!B2 -> Romania | E16: =LVX0000R31L6!B4 -> Business | F16: =LVX0000R31L6!B8 -> 0 m. 8 mėn. 26 d. | G16: =LVX0000R31L6!B15 -> 0.12 | H16: =LVX0000R31L6!B16 -> 16.45 | I16: =LVX0000R31L6!B11 -> 46272 | J16: =LVX0000R31L6!O3 -> 46265 | K16: =LVX0000R31L6!B12 | L16: =LVX0000R31L6!P3 | M16: =LVX0000R31L6!K3 -> 16.45 | N16: =LVX0000R31L6!L3 -> 1.21 | O16: =LVX0000R31L6!M3 -> 0.04 | AC16: =LVX0000R31L6!Z3
A17: 15 | B17: =LVX0000R32A7!B9 -> 46004 | C17: =LVX0000R32A7!B1 -> LVX0000R32A7 | D17: =LVX0000R32A7!B2 -> Moldova | E17: =LVX0000R32A7!B4 -> Business | F17: =LVX0000R32A7!B8 -> 0 m. 8 mėn. 25 d. | G17: =LVX0000R32A7!B15 -> 0.125 | H17: =LVX0000R32A7!B16 -> 10.58 | I17: =LVX0000R32A7!B11 -> 46272 | J17: =LVX0000R32A7!O3 -> 46295 | K17: =LVX0000R32A7!B12 | L17: =LVX0000R32A7!P3 | M17: =LVX0000R32A7!K3 -> 10.58 | N17: =LVX0000R32A7!L3 -> 0.94 | O17: =LVX0000R32A7!M3 -> 0.04 | AC17: =LVX0000R32A7!Z3
A18: 16 | B18: =LVX0000RAL27!B9 -> 46015 | C18: =LVX0000RAL27!B1 -> LVX0000RAL27 | D18: =LVX0000RAL27!B2 -> Latvia | E18: =LVX0000RAL27!B4 -> Business | F18: =LVX0000RAL27!B8 -> 0 m. 3 mėn. 24 d. | G18: =LVX0000RAL27!B15 -> 0.11 | H18: =LVX0000RAL27!B16 -> 12.36 | I18: =LVX0000RAL27!B11 -> 46129 | J18: =LVX0000RAL27!O3 -> 46129 | K18: =LVX0000RAL27!B12 | L18: =LVX0000RAL27!P3 | M18: =LVX0000RAL27!K3 -> 12.36 | N18: =LVX0000RAL27!L3 -> 0.42 | O18: =LVX0000RAL27!M3 -> 0.02 | AC18: =LVX0000RAL27!Z3
A19: 17 | B19: =LVX0000RAM67!B9 -> 46024 | C19: =LVX0000RAM67!B1 -> LVX0000RAM67 | D19: =LVX0000RAM67!B2 -> Latvia | E19: =LVX0000RAM67!B4 -> Business | F19: =LVX0000RAM67!B8 -> 0 m. 3 mėn. 15 d. | G19: =LVX0000RAM67!B15 -> 0.11 | H19: =LVX0000RAM67!B16 -> 21.95 | I19: =LVX0000RAM67!B11 -> 46129 | J19: =LVX0000RAM67!O3 -> 46129 | K19: =LVX0000RAM67!B12 | L19: =LVX0000RAM67!P3 | M19: =LVX0000RAM67!K3 -> 21.95 | N19: =LVX0000RAM67!L3 -> 0.69 | O19: =LVX0000RAM67!M3 -> 0.03 | AC19: =LVX0000RAM67!Z3
A20: 18 | B20: =LVX0000R7P58!B9 -> 46029 | C20: =LVX0000R7P58!B1 -> LVX0000R7P58 | D20: =LVX0000R7P58!B2 -> Latvia | E20: =LVX0000R7P58!B4 -> Business | F20: =LVX0000R7P58!B8 -> 0 m. 3 mėn. 10 d. | G20: =LVX0000R7P58!B15 -> 0.11 | H20: =LVX0000R7P58!B16 -> 18.23 | I20: =LVX0000R7P58!B11 -> 46129 | J20: =LVX0000R7P58!O3 -> 46129 | K20: =LVX0000R7P58!B12 | L20: =LVX0000R7P58!P3 | M20: =LVX0000R7P58!K3 -> 18.23 | N20: =LVX0000R7P58!L3 -> 0.54 | O20: =LVX0000R7P58!M3 -> 0.03 | AC20: =LVX0000R7P58!Z3
A21: 19 | B21: =LVX0000RL9Y3!B9 -> 46032 | C21: =LVX0000RL9Y3!B1 -> LVX0000RL9Y3 | D21: =LVX0000RL9Y3!B2 -> Moldova | E21: =LVX0000RL9Y3!B4 -> Business | F21: =LVX0000RL9Y3!B8 -> 0 m. 3 mėn. 27 d. | G21: =LVX0000RL9Y3!B15 -> 0.115 | H21: =LVX0000RL9Y3!B16 -> 13.84 | I21: =LVX0000RL9Y3!B11 -> 46149 | J21: =LVX0000RL9Y3!O3 -> 46150 | K21: =LVX0000RL9Y3!B12 | L21: =LVX0000RL9Y3!P3 | M21: =LVX0000RL9Y3!K3 -> 13.84 | N21: =LVX0000RL9Y3!L3 -> 0.51 | O21: =LVX0000RL9Y3!M3 -> 0.03 | AC21: =LVX0000RL9Y3!Z3
A22: 20 | B22: =LVX0000RL9Z0!B9 -> 46037 | C22: =LVX0000RL9Z0!B1 -> LVX0000RL9Z0 | D22: =LVX0000RL9Z0!B2 -> Moldova | E22: =LVX0000RL9Z0!B4 -> Business | F22: =LVX0000RL9Z0!B8 -> 0 m. 5 mėn. 21 d. | G22: =LVX0000RL9Z0!B15 -> 0.12 | H22: =LVX0000RL9Z0!B16 -> 13.72 | I22: =LVX0000RL9Z0!B11 -> 46209 | J22: =LVX0000RL9Z0!O3 -> 46234 | K22: =LVX0000RL9Z0!B12 | L22: =LVX0000RL9Z0!P3 | M22: =LVX0000RL9Z0!K3 -> 13.72 | N22: =LVX0000RL9Z0!L3 -> 0.7 | O22: =LVX0000RL9Z0!M3 -> 0.04 | AC22: =LVX0000RL9Z0!Z3
A23: 21 | B23: =LVX0000RLA68!B9 -> 46050 | C23: =LVX0000RLA68!B1 -> LVX0000RLA68 | D23: =LVX0000RLA68!B2 -> Philippines | E23: =LVX0000RLA68!B4 -> Business | F23: =LVX0000RLA68!B8 -> 0 m. 3 mėn. 9 d. | G23: =LVX0000RLA68!B15 -> 0.11 | H23: =LVX0000RLA68!B16 -> 11.66 | I23: =LVX0000RLA68!B11 -> 46149 | J23: =LVX0000RLA68!O3 -> 46151 | K23: =LVX0000RLA68!B12 | L23: =LVX0000RLA68!P3 | M23: =LVX0000RLA68!K3 -> 11.66 | N23: =LVX0000RLA68!L3 -> 0.35 | O23: =LVX0000RLA68!M3 -> 0.02 | AC23: =LVX0000RLA68!Z3
A24: 22 | B24: =LVX0000RLA27!B9 -> 46064 | C24: =LVX0000RLA27!B1 -> LVX0000RLA27 | D24: =LVX0000RLA27!B2 -> Cyprus | E24: =LVX0000RLA27!B4 -> Business | F24: =LVX0000RLA27!B8 -> 0 m. 4 mėn. 25 d. | G24: =LVX0000RLA27!B15 -> 0.11 | H24: =LVX0000RLA27!B16 -> 14.08 | I24: =LVX0000RLA27!B11 -> 46209 | J24: =LVX0000RLA27!O3 -> 46265 | K24: =LVX0000RLA27!B12 | L24: =LVX0000RLA27!P3 | M24: =LVX0000RLA27!K3 -> 14.08 | N24: =LVX0000RLA27!L3 -> 0.66 | O24: =LVX0000RLA27!M3 -> 0.03 | AC24: =LVX0000RLA27!Z3
A25: 23 | B25: =LVX0000RXUV8!B9 -> 46079 | C25: =LVX0000RXUV8!B1 -> LVX0000RXUV8 | D25: =LVX0000RXUV8!B2 -> Romania | E25: =LVX0000RXUV8!B4 -> Business | F25: =LVX0000RXUV8!B8 -> 0 m. 4 mėn. 28 d. | G25: =LVX0000RXUV8!B15 -> 0.11 | H25: =LVX0000RXUV8!B16 -> 12.52 | I25: =LVX0000RXUV8!B11 -> 46227 | J25: =LVX0000RXUV8!O3 -> 46234 | K25: =LVX0000RXUV8!B12 | L25: =LVX0000RXUV8!P3 | M25: =LVX0000RXUV8!K3 -> 12.52 | N25: =LVX0000RXUV8!L3 -> 0.51 | O25: =LVX0000RXUV8!M3 -> 0.02 | AC25: =LVX0000RXUV8!Z3
A26: 24 | B26: =LVX0000SIO33!B9 -> 46094 | C26: =LVX0000SIO33!B1 -> LVX0000SIO33 | D26: =LVX0000SIO33!B2 -> Moldova | E26: =LVX0000SIO33!B4 -> Business | F26: =LVX0000SIO33!B8 -> 0 m. 5 mėn. 5 d. | G26: =LVX0000SIO33!B15 -> 0.12 | H26: =LVX0000SIO33!B16 -> 10.74 | I26: =LVX0000SIO33!B11 -> 46252 | J26: =LVX0000SIO33!O3 -> 46234 | K26: =LVX0000SIO33!B12 | L26: =LVX0000SIO33!P3 | M26: =LVX0000SIO33!K3 -> 10.74 | N26: =LVX0000SIO33!L3 -> 0.42 | O26: =LVX0000SIO33!M3 -> 0.01 | AC26: =LVX0000SIO33!Z3
A27: 25 | B27: =LVX0000T2IU1!B9 -> 46106 | C27: =LVX0000T2IU1!B1 -> LVX0000T2IU1 | D27: =LVX0000T2IU1!B2 -> Cyprus | E27: =LVX0000T2IU1!B4 -> Business | F27: =LVX0000T2IU1!B8 -> 1 m. 3 mėn. 0 d. | G27: =LVX0000T2IU1!B15 -> 0.125 | H27: =LVX0000T2IU1!B16 -> 18.62 | I27: =LVX0000T2IU1!B11 -> 46563 | J27: =LVX0000T2IU1!O3 | K27: =LVX0000T2IU1!B12 -> 268 | L27: =LVX0000T2IU1!P3 | M27: =LVX0000T2IU1!K3 -> 0 | N27: =LVX0000T2IU1!L3 -> 1.09 | O27: =LVX0000T2IU1!M3 -> 0.05 | AC27: =LVX0000T2IU1!Z3
A28: 26 | B28: =LVX0000T2IT3!B9 -> 46115 | C28: =LVX0000T2IT3!B1 -> LVX0000T2IT3 | D28: =LVX0000T2IT3!B2 -> Cyprus | E28: =LVX0000T2IT3!B4 -> Business | F28: =LVX0000T2IT3!B8 -> 0 m. 11 mėn. 29 d. | G28: =LVX0000T2IT3!B15 -> 0.12 | H28: =LVX0000T2IT3!B16 -> 14.01 | I28: =LVX0000T2IT3!B11 -> 46478 | J28: =LVX0000T2IT3!O3 | K28: =LVX0000T2IT3!B12 -> 183 | L28: =LVX0000T2IT3!P3 | M28: =LVX0000T2IT3!K3 -> 0 | N28: =LVX0000T2IT3!L3 -> 0.74 | O28: =LVX0000T2IT3!M3 -> 0.03 | AC28: =LVX0000T2IT3!Z3
A29: 27 | B29: =LVX0000ST8W0!B9 -> 46120 | C29: =LVX0000ST8W0!B1 -> LVX0000ST8W0 | D29: =LVX0000ST8W0!B2 -> Moldova | E29: =LVX0000ST8W0!B4 -> Business | F29: =LVX0000ST8W0!B8 -> 0 m. 7 mėn. 22 d. | G29: =LVX0000ST8W0!B15 -> 0.125 | H29: =LVX0000ST8W0!B16 -> 11.15 | I29: =LVX0000ST8W0!B11 -> 46356 | J29: =LVX0000ST8W0!O3 | K29: =LVX0000ST8W0!B12 -> 61 | L29: =LVX0000ST8W0!P3 | M29: =LVX0000ST8W0!K3 -> 0 | N29: =LVX0000ST8W0!L3 -> 0.6 | O29: =LVX0000ST8W0!M3 -> 0.01 | AC29: =LVX0000ST8W0!Z3
A30: 28 | B30: =LVX0000TJMX6!B9 -> 46129 | C30: =LVX0000TJMX6!B1 -> LVX0000TJMX6 | D30: =LVX0000TJMX6!B2 -> Romania | E30: =LVX0000TJMX6!B4 -> Personal | F30: =LVX0000TJMX6!B8 -> 0 m. 10 mėn. 20 d. | G30: =LVX0000TJMX6!B15 -> 0.125 | H30: =LVX0000TJMX6!B16 -> 31.84 | I30: =LVX0000TJMX6!B11 -> 46455 | J30: =LVX0000TJMX6!O3 | K30: =LVX0000TJMX6!B12 -> 160 | L30: =LVX0000TJMX6!P3 | M30: =LVX0000TJMX6!K3 -> 20.99 | N30: =LVX0000TJMX6!L3 -> 1.26 | O30: =LVX0000TJMX6!M3 -> 0.06 | AC30: =LVX0000TJMX6!Z3
A31: 29 | B31: =LVX0000TL6K6!B9 -> 46129 | C31: =LVX0000TL6K6!B1 -> LVX0000TL6K6 | D31: =LVX0000TL6K6!B2 -> Moldova | E31: =LVX0000TL6K6!B4 -> Business | F31: =LVX0000TL6K6!B8 -> 0 m. 6 mėn. 5 d. | G31: =LVX0000TL6K6!B15 -> 0.12 | H31: =LVX0000TL6K6!B16 -> 20 | I31: =LVX0000TL6K6!B11 -> 46317 | J31: =LVX0000TL6K6!O3 -> 46282 | K31: =LVX0000TL6K6!B12 | L31: =LVX0000TL6K6!P3 | M31: =LVX0000TL6K6!K3 -> 20 | N31: =LVX0000TL6K6!L3 -> 0.97 | O31: =LVX0000TL6K6!M3 -> 0.06 | AC31: =LVX0000TL6K6!Z3
A32: 30 | B32: =LVX0000TJR12!B9 -> 46129 | C32: =LVX0000TJR12!B1 -> LVX0000TJR12 | D32: =LVX0000TJR12!B2 -> Moldova | E32: =LVX0000TJR12!B4 -> Business | F32: =LVX0000TJR12!B8 -> 0 m. 8 mėn. 29 d. | G32: =LVX0000TJR12!B15 -> 0.125 | H32: =LVX0000TJR12!B16 -> 20 | I32: =LVX0000TJR12!B11 -> 46402 | J32: =LVX0000TJR12!O3 | K32: =LVX0000TJR12!B12 -> 107 | L32: =LVX0000TJR12!P3 | M32: =LVX0000TJR12!K3 -> 0 | N32: =LVX0000TJR12!L3 -> 1.01 | O32: =LVX0000TJR12!M3 -> 0.05 | AC32: =LVX0000TJR12!Z3
A33: 31 | B33: =LVX0000TJQV1!B9 -> 46130 | C33: =LVX0000TJQV1!B1 -> LVX0000TJQV1 | D33: =LVX0000TJQV1!B2 -> Romania | E33: =LVX0000TJQV1!B4 -> Business | F33: =LVX0000TJQV1!B8 -> 0 m. 8 mėn. 28 d. | G33: =LVX0000TJQV1!B15 -> 0.115 | H33: =LVX0000TJQV1!B16 -> 17.46 | I33: =LVX0000TJQV1!B11 -> 46402 | J33: =LVX0000TJQV1!O3 -> 46295 | K33: =LVX0000TJQV1!B12 | L33: =LVX0000TJQV1!P3 | M33: =LVX0000TJQV1!K3 -> 17.46 | N33: =LVX0000TJQV1!L3 -> 0.71 | O33: =LVX0000TJQV1!M3 -> 0.02 | AC33: =LVX0000TJQV1!Z3
A34: 32 | B34: =LVX0000TPE43!B9 -> 46135 | C34: =LVX0000TPE43!B1 -> LVX0000TPE43 | D34: =LVX0000TPE43!B2 -> Romania | E34: =LVX0000TPE43!B4 -> Business | F34: =LVX0000TPE43!B8 -> 0 m. 5 mėn. 28 d. | G34: =LVX0000TPE43!B15 -> 0.11 | H34: =LVX0000TPE43!B16 -> 13.66 | I34: =LVX0000TPE43!B11 -> 46316 | J34: =LVX0000TPE43!O3 -> 46295 | K34: =LVX0000TPE43!B12 | L34: =LVX0000TPE43!P3 | M34: =LVX0000TPE43!K3 -> 13.66 | N34: =LVX0000TPE43!L3 -> 0.52 | O34: =LVX0000TPE43!M3 -> 0.02 | AC34: =LVX0000TPE43!Z3
A35: 33 | B35: =LVX0000TRIW9!B9 -> 46150 | C35: =LVX0000TRIW9!B1 -> LVX0000TRIW9 | D35: =LVX0000TRIW9!B2 -> Moldova | E35: =LVX0000TRIW9!B4 -> Business | F35: =LVX0000TRIW9!B8 -> 0 m. 5 mėn. 12 d. | G35: =LVX0000TRIW9!B15 -> 0.12 | H35: =LVX0000TRIW9!B16 -> 14.87 | I35: =LVX0000TRIW9!B11 -> 46315 | J35: =LVX0000TRIW9!O3 -> 46282 | K35: =LVX0000TRIW9!B12 | L35: =LVX0000TRIW9!P3 | M35: =LVX0000TRIW9!K3 -> 14.87 | N35: =LVX0000TRIW9!L3 -> 0.62 | O35: =LVX0000TRIW9!M3 -> 0.04 | AC35: =LVX0000TRIW9!Z3
A36: 34 | B36: =LVX0000TRJ61!B9 -> 46151 | C36: =LVX0000TRJ61!B1 -> LVX0000TRJ61 | D36: =LVX0000TRJ61!B2 -> Philippines | E36: =LVX0000TRJ61!B4 -> Business | F36: =LVX0000TRJ61!B8 -> 0 m. 3 mėn. 22 d. | G36: =LVX0000TRJ61!B15 -> 0.11 | H36: =LVX0000TRJ61!B16 -> 11.66 | I36: =LVX0000TRJ61!B11 -> 46265 | J36: =LVX0000TRJ61!O3 -> 46295 | K36: =LVX0000TRJ61!B12 | L36: =LVX0000TRJ61!P3 | M36: =LVX0000TRJ61!K3 -> 11.66 | N36: =LVX0000TRJ61!L3 -> 0.38 | O36: =LVX0000TRJ61!M3 -> 0.02 | AC36: =LVX0000TRJ61!Z3
A37: 35 | B37: =LVX0000U4UG8!B9 -> 46157 | C37: =LVX0000U4UG8!B1 -> LVX0000U4UG8 | D37: =LVX0000U4UG8!B2 -> Romania | E37: =LVX0000U4UG8!B4 -> Personal | F37: =LVX0000U4UG8!B8 -> 0 m. 11 mėn. 21 d. | G37: =LVX0000U4UG8!B15 -> 0.125 | H37: =LVX0000U4UG8!B16 -> 16.58 | I37: =LVX0000U4UG8!B11 -> 46513 | J37: =LVX0000U4UG8!O3 | K37: =LVX0000U4UG8!B12 -> 218 | L37: =LVX0000U4UG8!P3 | M37: =LVX0000U4UG8!K3 -> 8.05 | N37: =LVX0000U4UG8!L3 -> 0.62 | O37: =LVX0000U4UG8!M3 -> 0.03 | AC37: =LVX0000U4UG8!Z3
A38: 36 | B38: =LVX0000ULW59!B9 -> 46188 | C38: =LVX0000ULW59!B1 -> LVX0000ULW59 | D38: =LVX0000ULW59!B2 -> Moldova | E38: =LVX0000ULW59!B4 -> Personal | F38: =LVX0000ULW59!B8 -> 2 m. 5 mėn. 10 d. | G38: =LVX0000ULW59!B15 -> 0.14 | H38: =LVX0000ULW59!B16 -> 10.3 | I38: =LVX0000ULW59!B11 -> 47082 | J38: =LVX0000ULW59!O3 | K38: =LVX0000ULW59!B12 -> 787 | L38: =LVX0000ULW59!P3 | M38: =LVX0000ULW59!K3 -> 2.2 | N38: =LVX0000ULW59!L3 -> 0.38 | O38: =LVX0000ULW59!M3 -> 0.01 | AC38: =LVX0000ULW59!Z3
A39: 37 | B39: =LVX0000UP6R4!B9 -> 46191 | C39: =LVX0000UP6R4!B1 -> LVX0000UP6R4 | D39: =LVX0000UP6R4!B2 -> Romania | E39: =LVX0000UP6R4!B4 -> Personal | F39: =LVX0000UP6R4!B8 -> 1 m. 10 mėn. 0 d. | G39: =LVX0000UP6R4!B15 -> 0.125 | H39: =LVX0000UP6R4!B16 -> 14.5 | I39: =LVX0000UP6R4!B11 -> 46861 | J39: =LVX0000UP6R4!O3 | K39: =LVX0000UP6R4!B12 -> 566 | L39: =LVX0000UP6R4!P3 | M39: =LVX0000UP6R4!K3 -> 11.85 | N39: =LVX0000UP6R4!L3 -> 0.41 | O39: =LVX0000UP6R4!M3 -> 0.01 | AC39: =LVX0000UP6R4!Z3
A40: 38 | B40: =LVX0000URIF2!B9 -> 46195 | C40: =LVX0000URIF2!B1 -> LVX0000URIF2 | D40: =LVX0000URIF2!B2 -> Cyprus | E40: =LVX0000URIF2!B4 -> Business | F40: =LVX0000URIF2!B8 -> 0 m. 5 mėn. 26 d. | G40: =LVX0000URIF2!B15 -> 0.12 | H40: =LVX0000URIF2!B16 -> 14.16 | I40: =LVX0000URIF2!B11 -> 46374 | J40: =LVX0000URIF2!O3 | K40: =LVX0000URIF2!B12 -> 79 | L40: =LVX0000URIF2!P3 | M40: =LVX0000URIF2!K3 -> 0 | N40: =LVX0000URIF2!L3 -> 0.37 | O40: =LVX0000URIF2!M3 -> 0 | AC40: =LVX0000URIF2!Z3
A41: 39 | B41: ='LVX0000URIF2 (2)'!B9 -> 46207 | C41: ='LVX0000URIF2 (2)'!B1 -> LVX0000URIF2 | D41: ='LVX0000URIF2 (2)'!B2 -> Cyprus | E41: ='LVX0000URIF2 (2)'!B4 -> Business | F41: ='LVX0000URIF2 (2)'!B8 -> 0 m. 5 mėn. 14 d. | G41: ='LVX0000URIF2 (2)'!B15 -> 0.12 | H41: ='LVX0000URIF2 (2)'!B16 -> 22.13 | I41: ='LVX0000URIF2 (2)'!B11 -> 46374 | J41: ='LVX0000URIF2 (2)'!O3 | K41: ='LVX0000URIF2 (2)'!B12 -> 79 | L41: ='LVX0000URIF2 (2)'!P3 | M41: ='LVX0000URIF2 (2)'!K3 -> 0 | N41: ='LVX0000URIF2 (2)'!L3 -> 0.49 | O41: ='LVX0000URIF2 (2)'!M3 -> 0 | AC41: ='LVX0000URIF2 (2)'!Z3
A42: 40 | B42: =LVX0000UUJT5!B9 -> 46213 | C42: =LVX0000UUJT5!B1 -> LVX0000UUJT5 | D42: =LVX0000UUJT5!B2 -> Romania | E42: =LVX0000UUJT5!B4 -> Business | F42: =LVX0000UUJT5!B8 -> 0 m. 5 mėn. 12 d. | G42: =LVX0000UUJT5!B15 -> 0.11 | H42: =LVX0000UUJT5!B16 -> 12.58 | I42: =LVX0000UUJT5!B11 -> 46378 | J42: =LVX0000UUJT5!O3 -> 46295 | K42: =LVX0000UUJT5!B12 | L42: =LVX0000UUJT5!P3 | M42: =LVX0000UUJT5!K3 -> 12.58 | N42: =LVX0000UUJT5!L3 -> 0.17 | O42: =LVX0000UUJT5!M3 -> 0 | AC42: =LVX0000UUJT5!Z3
A43: 41 | B43: =LVX0000UXVE6!B9 -> 46213 | C43: =LVX0000UXVE6!B1 -> LVX0000UXVE6 | D43: =LVX0000UXVE6!B2 -> Latvia | E43: =LVX0000UXVE6!B4 -> Business | F43: =LVX0000UXVE6!B8 -> 0 m. 7 mėn. 18 d. | G43: =LVX0000UXVE6!B15 -> 0.11 | H43: =LVX0000UXVE6!B16 -> 16.02 | I43: =LVX0000UXVE6!B11 -> 46446 | J43: =LVX0000UXVE6!O3 | K43: =LVX0000UXVE6!B12 -> 151 | L43: =LVX0000UXVE6!P3 | M43: =LVX0000UXVE6!K3 -> 0 | N43: =LVX0000UXVE6!L3 -> 0.3 | O43: =LVX0000UXVE6!M3 -> 0 | AC43: =LVX0000UXVE6!Z3
A44: 42 | B44: =LVX0000UXVI7!B9 -> 46219 | C44: =LVX0000UXVI7!B1 -> LVX0000UXVI7 | D44: =LVX0000UXVI7!B2 -> Latvia | E44: =LVX0000UXVI7!B4 -> Business | F44: =LVX0000UXVI7!B8 -> 0 m. 7 mėn. 12 d. | G44: =LVX0000UXVI7!B15 -> 0.11 | H44: =LVX0000UXVI7!B16 -> 15.29 | I44: =LVX0000UXVI7!B11 -> 46446 | J44: =LVX0000UXVI7!O3 | K44: =LVX0000UXVI7!B12 -> 151 | L44: =LVX0000UXVI7!P3 | M44: =LVX0000UXVI7!K3 -> 0 | N44: =LVX0000UXVI7!L3 -> 0.26 | O44: =LVX0000UXVI7!M3 -> 0 | AC44: =LVX0000UXVI7!Z3
A45: 43 | B45: =LVX0000V3XU4!B9 -> 46226 | C45: =LVX0000V3XU4!B1 -> LVX0000V3XU4 | D45: =LVX0000V3XU4!B2 -> Romania | E45: =LVX0000V3XU4!B4 -> Personal | F45: =LVX0000V3XU4!B8 -> 1 m. 9 mėn. 1 d. | G45: =LVX0000V3XU4!B15 -> 0.125 | H45: =LVX0000V3XU4!B16 -> 19.43 | I45: =LVX0000V3XU4!B11 -> 46867 | J45: =LVX0000V3XU4!O3 -> 46290 | K45: =LVX0000V3XU4!B12 | L45: =LVX0000V3XU4!P3 | M45: =LVX0000V3XU4!K3 -> 19.43 | N45: =LVX0000V3XU4!L3 -> 0.18 | O45: =LVX0000V3XU4!M3 -> 0.01 | AC45: =LVX0000V3XU4!Z3
A46: 44 | B46: =LVX0000V0S54!B9 -> 46244 | C46: =LVX0000V0S54!B1 -> LVX0000V0S54 | D46: =LVX0000V0S54!B2 -> Cyprus | E46: =LVX0000V0S54!B4 -> Business | F46: =LVX0000V0S54!B8 -> 0 m. 7 mėn. 25 d. | G46: =LVX0000V0S54!B15 -> 0.125 | H46: =LVX0000V0S54!B16 -> 10.84 | I46: =LVX0000V0S54!B11 -> 46481 | J46: =LVX0000V0S54!O3 | K46: =LVX0000V0S54!B12 -> 186 | L46: =LVX0000V0S54!P3 | M46: =LVX0000V0S54!K3 -> 0 | N46: =LVX0000V0S54!L3 -> 0.11 | O46: =LVX0000V0S54!M3 -> 0 | AC46: =LVX0000V0S54!Z3
A47: 45 | B47: =LVX0000VDGZ2!B9 -> 46253 | C47: =LVX0000VDGZ2!B1 -> LVX0000VDGZ2 | D47: =LVX0000VDGZ2!B2 -> Philippines | E47: =LVX0000VDGZ2!B4 -> Business | F47: =LVX0000VDGZ2!B8 -> 0 m. 8 mėn. 25 d. | G47: =LVX0000VDGZ2!B15 -> 0.12 | H47: =LVX0000VDGZ2!B16 -> 11.01 | I47: =LVX0000VDGZ2!B11 -> 46521 | J47: =LVX0000VDGZ2!O3 | K47: =LVX0000VDGZ2!B12 -> 226 | L47: =LVX0000VDGZ2!P3 | M47: =LVX0000VDGZ2!K3 -> 0 | N47: =LVX0000VDGZ2!L3 -> 0.08 | O47: =LVX0000VDGZ2!M3 -> 0 | AC47: =LVX0000VDGZ2!Z3
A48: 46 | B48: =LVX0000VG7G5!B9 -> 46260 | C48: =LVX0000VG7G5!B1 -> LVX0000VG7G5 | D48: =LVX0000VG7G5!B2 -> Cyprus | E48: =LVX0000VG7G5!B4 -> Business | F48: =LVX0000VG7G5!B8 -> 0 m. 11 mėn. 23 d. | G48: =LVX0000VG7G5!B15 -> 0.13 | H48: =LVX0000VG7G5!B16 -> 20 | I48: =LVX0000VG7G5!B11 -> 46617 | J48: =LVX0000VG7G5!O3 | K48: =LVX0000VG7G5!B12 -> 322 | L48: =LVX0000VG7G5!P3 | M48: =LVX0000VG7G5!K3 -> 0 | N48: =LVX0000VG7G5!L3 -> 0.1 | O48: =LVX0000VG7G5!M3 -> 0 | AC48: =LVX0000VG7G5!Z3
A49: 47 | B49: =LVX0000VG7N1!B9 -> 46260 | C49: =LVX0000VG7N1!B1 -> LVX0000VG7N1 | D49: =LVX0000VG7N1!B2 -> Philippines | E49: =LVX0000VG7N1!B4 -> Business | F49: =LVX0000VG7N1!B8 -> 0 m. 8 mėn. 22 d. | G49: =LVX0000VG7N1!B15 -> 0.12 | H49: =LVX0000VG7N1!B16 -> 20 | I49: =LVX0000VG7N1!B11 -> 46525 | J49: =LVX0000VG7N1!O3 | K49: =LVX0000VG7N1!B12 -> 230 | L49: =LVX0000VG7N1!P3 | M49: =LVX0000VG7N1!K3 -> 0 | N49: =LVX0000VG7N1!L3 -> 0.09 | O49: =LVX0000VG7N1!M3 -> 0 | AC49: =LVX0000VG7N1!Z3
A50: 48 | B50: =LVX0000VHJ69!B9 -> 46260 | C50: =LVX0000VHJ69!B1 -> LVX0000VHJ69 | D50: =LVX0000VHJ69!B2 -> Moldova | E50: =LVX0000VHJ69!B4 -> Business | F50: =LVX0000VHJ69!B8 -> 0 m. 11 mėn. 26 d. | G50: =LVX0000VHJ69!B15 -> 0.1225 | H50: =LVX0000VHJ69!B16 -> 26.67 | I50: =LVX0000VHJ69!B11 -> 46620 | J50: =LVX0000VHJ69!O3 | K50: =LVX0000VHJ69!B12 -> 325 | L50: =LVX0000VHJ69!P3 | M50: =LVX0000VHJ69!K3 -> 0 | N50: =LVX0000VHJ69!L3 -> 0.13 | O50: =LVX0000VHJ69!M3 -> 0 | AC50: =LVX0000VHJ69!Z3
A51: 49 | B51: =LVX0000VIR76!B9 -> 46261 | C51: =LVX0000VIR76!B1 -> LVX0000VIR76 | D51: =LVX0000VIR76!B2 -> Romania | E51: =LVX0000VIR76!B4 -> Personal | F51: =LVX0000VIR76!B8 -> 1 m. 10 mėn. 7 d. | G51: =LVX0000VIR76!B15 -> 0.12 | H51: =LVX0000VIR76!B16 -> 23.81 | I51: =LVX0000VIR76!B11 -> 46938 | J51: =LVX0000VIR76!O3 | K51: =LVX0000VIR76!B12 -> 643 | L51: =LVX0000VIR76!P3 | M51: =LVX0000VIR76!K3 -> 6.64 | N51: =LVX0000VIR76!L3 -> 0.21 | O51: =LVX0000VIR76!M3 -> 0 | AC51: =LVX0000VIR76!Z3
A52: 50 | B52: =LVX0000VG2M4!B9 -> 46272 | C52: =LVX0000VG2M4!B1 -> LVX0000VG2M4 | D52: =LVX0000VG2M4!B2 -> Romania | E52: =LVX0000VG2M4!B4 -> Personal | F52: =LVX0000VG2M4!B8 -> 1 m. 5 mėn. 8 d. | G52: =LVX0000VG2M4!B15 -> 0.12 | H52: =LVX0000VG2M4!B16 -> 25.95 | I52: =LVX0000VG2M4!B11 -> 46798 | J52: =LVX0000VG2M4!O3 | K52: =LVX0000VG2M4!B12 -> 503 | L52: =LVX0000VG2M4!P3 | M52: =LVX0000VG2M4!K3 -> 6.73 | N52: =LVX0000VG2M4!L3 -> 0.15 | O52: =LVX0000VG2M4!M3 -> 0 | AC52: =LVX0000VG2M4!Z3
A53: 51 | B53: =LVX0000VQWF3!B9 -> 46281 | C53: =LVX0000VQWF3!B1 -> LVX0000VQWF3 | D53: =LVX0000VQWF3!B2 -> Romania | E53: =LVX0000VQWF3!B4 -> Personal | F53: =LVX0000VQWF3!B8 -> 1 m. 1 mėn. 27 d. | G53: =LVX0000VQWF3!B15 -> 0.12 | H53: =LVX0000VQWF3!B16 -> 15.63 | I53: =LVX0000VQWF3!B11 -> 46703 | J53: =LVX0000VQWF3!O3 | K53: =LVX0000VQWF3!B12 -> 408 | L53: =LVX0000VQWF3!P3 | M53: =LVX0000VQWF3!K3 -> 0.47 | N53: =LVX0000VQWF3!L3 -> 0.07 | O53: =LVX0000VQWF3!M3 -> 0 | AC53: =LVX0000VQWF3!Z3
A54: 52 | B54: =LVX0000VISL6!B9 -> 46282 | C54: =LVX0000VISL6!B1 -> LVX0000VISL6 | D54: =LVX0000VISL6!B2 -> Philippines | E54: =LVX0000VISL6!B4 -> Business | F54: =LVX0000VISL6!B8 -> 0 m. 8 mėn. 5 d. | G54: =LVX0000VISL6!B15 -> 0.12 | H54: =LVX0000VISL6!B16 -> 20 | I54: =LVX0000VISL6!B11 -> 46529 | J54: =LVX0000VISL6!O3 | K54: =LVX0000VISL6!B12 -> 234 | L54: =LVX0000VISL6!P3 | M54: =LVX0000VISL6!K3 -> 0 | N54: =LVX0000VISL6!L3 -> 0 | O54: =LVX0000VISL6!M3 -> 0 | AC54: =LVX0000VISL6!Z3
A55: 53 | B55: =LVX0000VQWW8!B9 -> 46282 | C55: =LVX0000VQWW8!B1 -> LVX0000VQWW8 | D55: =LVX0000VQWW8!B2 -> Romania | E55: =LVX0000VQWW8!B4 -> Personal | F55: =LVX0000VQWW8!B8 -> 1 m. 9 mėn. 14 d. | G55: =LVX0000VQWW8!B15 -> 0.12 | H55: =LVX0000VQWW8!B16 -> 25.39 | I55: =LVX0000VQWW8!B11 -> 46935 | J55: =LVX0000VQWW8!O3 | K55: =LVX0000VQWW8!B12 -> 640 | L55: =LVX0000VQWW8!P3 | M55: =LVX0000VQWW8!K3 -> 4.16 | N55: =LVX0000VQWW8!L3 -> 0.1 | O55: =LVX0000VQWW8!M3 -> 0 | AC55: =LVX0000VQWW8!Z3
A56: 54 | B56: =LVX0000VRTQ4!B9 -> 46293 | C56: =LVX0000VRTQ4!B1 -> LVX0000VRTQ4 | D56: =LVX0000VRTQ4!B2 -> Cyprus | E56: =LVX0000VRTQ4!B4 -> Business | F56: =LVX0000VRTQ4!B8 -> 1 m. 2 mėn. 18 d. | G56: =LVX0000VRTQ4!B15 -> 0.135 | H56: =LVX0000VRTQ4!B16 -> 10.05 | I56: =LVX0000VRTQ4!B11 -> 46737 | J56: =LVX0000VRTQ4!O3 | K56: =LVX0000VRTQ4!B12 -> 442 | L56: =LVX0000VRTQ4!P3 | M56: =LVX0000VRTQ4!K3 -> 0 | N56: =LVX0000VRTQ4!L3 -> 0 | O56: =LVX0000VRTQ4!M3 -> 0 | AC56: =LVX0000VQWW8!Z4 -> 0

Sheet Pinigai
A1: Data | B1: Įnešta | C1: Išimta | D1: Premijos | F1: Įnešta | G1: Išimta | H1: Premijos | I1: Skirtumas | K1: Įnešta
A2: 45909 | B2: 50 | C2: 0 | D2: 0 | F2: =SUM(B2:B37) -> 320 | G2: =SUM(C2:C37) -> 0 | H2: =SUM(D2:D37) -> 2.71 | I2: =F2-G2 -> 320 | K2: =B2*-1 -> -50
A3: 45915 | B3: 50 | C3: 0 | D3: 0 | K3: =B3*-1 -> -50
A4: 45944 | B4: 20 | C4: 0 | D4: 0 | K4: =B4*-1 -> -20
A5: 45947 | B5: 20 | C5: 0 | D5: 0 | K5: =B5*-1 -> -20
A6: 45958 | B6: 50 | C6: 0 | D6: 0 | K6: =B6*-1 -> -50
A7: 45970 | B7: 10 | C7: 0 | D7: 0 | K7: =B7*-1 -> -10
A8: 45975 | B8: 0 | C8: 0 | D8: 0.78 | K8: =B8*-1 -> 0
A9: 45985 | B9: 10 | C9: 0 | D9: 0 | K9: =B9*-1 -> -10
A10: 45996 | B10: 10 | C10: 0 | D10: 0 | K10: =B10*-1 -> -10
A11: 46002 | B11: 10 | C11: 0 | D11: 0 | K11: =B11*-1 -> -10
A12: 46015 | B12: 10 | C12: 0 | D12: 0 | K12: =B12*-1 -> -10
A13: 46024 | B13: 20 | C13: 0 | D13: 0 | K13: =B13*-1 -> -20
A14: 46029 | B14: 10 | C14: 0 | D14: 0 | K14: =B14*-1 -> -10
... A23: 46276 | B23: 0 | C23: 0 | D23: 0.02 | K23: =B23*-1 -> 0
K24: =B24*-1 -> 0
A200: =TODAY() -> 46295 | K200: =Overview!W3 -> 353.94

Sheet LVX0000VRTQ4
A1: Loan ID | B1: LVX0000VRTQ4 | D1: Data | G1: Paskola | K1: Grąžinimas
A2: Šalis | B2: Cyprus | D2: Planuojama | E2: Reali | F2: Vėl./Anks. | G2: Principal | H2: Interest | I2: Mokestis | K2: Paskola | L2: Palūkanos | M2: Mokesčiai | N2: XIRR | O2: Data | P2: Vėluoja | Q2: Vėl./Anks. | X2: Data | Y2: Suma | Z2: Vėluoja
A3: Skolintojas | B3: SIA "Abele Finance" | D3: 46295 | E3: 46295 | F3: =IF(E3>0,E3-D3,"") -> 0 | G3: 0 | H3: 0 | I3: 0 | K3: =G53 -> 0 | L3: =H53 -> 0 | M3: =I53 -> 0 | N3: =IF(B16=K3,XIRR(Y3:Y52,X3:X52),"") | O3: =IF(B16=K3,MAX(E:E),"") | P3: =IF(Z3="+",TODAY()-B11,"") | Q3: =IF(B16=K3,MAX(E:E)-B11,"") | X3: =B9 -> 46293 | Y3: =B16*-1 -> -10.05 | Z3: =IF(AND(TODAY()>B11, K3<>B16), "+", "")
A4: Tipas | B4: Business | F4: =IF(E4>0,E4-D4,"") | X4: =E3 -> 46295 | Y4: =G3+H3-I3 -> 0
F5: =IF(E5>0,E5-D5,"") | X5: =E4 -> 0 | Y5: =G4+H4-I4 -> 0
F6: =IF(E6>0,E6-D6,"") | X6: =E5 -> 0 | Y6: =G5+H5-I5 -> 0
F7: =IF(E7>0,E7-D7,"") | X7: =E6 -> 0 | Y7: =G6+H6-I6 -> 0
A8: Terminas | B8: =DATEDIF(B9,B11,"y") & " m. " & DATEDIF(B9,B11,"ym") & " mėn. " & DATEDIF(B9,B11,"md") & " d." -> 1 m. 2 mėn. 18 d. | F8: =IF(E8>0,E8-D8,"") | X8: =E7 -> 0 | Y8: =G7+H7-I7 -> 0
A9: Investuota | B9: 46293 | X9: =E8 -> 0 | Y9: =G8+H8-I8 -> 0
A10: Pradžia | B10: 46282 | F10: =IF(E10>0,E10-D10,"") | X10: =E9 -> 0 | Y10: =G9+H9-I9 -> 0
A11: Pabaiga | B11: 46737 | F11: =IF(E11>0,E11-D11,"") | X11: =E10 -> 0 | Y11: =G10+H10-I10 -> 0
A12: Liko, dienos | B12: =IF(B16<>K3,(TODAY()-B11)*-1,"") -> 442 | F12: =IF(E12>0,E12-D12,"") | X12: =E11 -> 0 | Y12: =G11+H11-I11 -> 0
F13: =IF(E13>0,E13-D13,"") | X13: =E12 -> 0 | Y13: =G12+H12-I12 -> 0
F14: =IF(E14>0,E14-D14,"") | X14: =E13 -> 0 | Y14: =G13+H13-I13 -> 0
A15: Palūkanos | B15: 0.135 | F15: =IF(E15>0,E15-D15,"") | X15: =E14 -> 0 | Y15: =G14+H14-I14 -> 0
A16: Investuota, Eur | B16: 10.05 | F16: =IF(E16>0,E16-D16,"") | X16: =E15 -> 0 | Y16: =G15+H15-I15 -> 0
F17: =IF(E17>0,E17-D17,"") | X17: =E16 -> 0 | Y17: =G16+H16-I16 -> 0
F18: =IF(E18>0,E18-D18,"") | X18: =E17 -> 0 | Y18: =G17+H17-I17 -> 0
F19: =IF(E19>0,E19-D19,"") | X19: =E18 -> 0 | Y19: =G18+H18-I18 -> 0
F20: =IF(E20>0,E20-D20,"") | X20: =E19 -> 0 | Y20: =G19+H19-I19 -> 0
F21: =IF(E21>0,E21-D21,"") | X21: =E20 -> 0 | Y21: =G20+H20-I20 -> 0
F22: =IF(E22>0,E22-D22,"") | X22: =E21 -> 0 | Y22: =G21+H21-I21 -> 0
F23: =IF(E23>0,E23-D23,"") | X23: =E22 -> 0 | Y23: =G22+H22-I22 -> 0
F24: =IF(E24>0,E24-D24,"") | X24: =E23 -> 0 | Y24: =G23+H23-I23 -> 0
F25: =IF(E25>0,E25-D25,"") | X25: =E24 -> 0 | Y25: =G24+H24-I24 -> 0
F26: =IF(E26>0,E26-D26,"") | X26: =E25 -> 0 | Y26: =G25+H25-I25 -> 0
F27: =IF(E27>0,E27-D27,"") | X27: =E26 -> 0 | Y27: =G26+H26-I26 -> 0
F28: =IF(E28>0,E28-D28,"") | X28: =E27 -> 0 | Y28: =G27+H27-I27 -> 0
... F52: =IF(E52>0,E52-D52,"") | X52: =E51 -> 0 | Y52: =G51+H51-I51 -> 0
D53: Viso: | G53: =SUM(G3:G52) -> 0 | H53: =SUM(H3:H52) -> 0 | I53: =SUM(I3:I52) -> 0

Sheet LVX0000VQWW8
A1: Loan ID | B1: LVX0000VQWW8 | D1: Data | G1: Paskola | K1: Grąžinimas
A2: Šalis | B2: Romania | D2: Planuojama | E2: Reali | F2: Vėl./Anks. | G2: Principal | H2: Interest | I2: Mokestis | K2: Paskola | L2: Palūkanos | M2: Mokesčiai | N2: XIRR | O2: Data | P2: Vėluoja | Q2: Vėl./Anks. | X2: Data | Y2: Suma | Z2: Vėluoja
A3: Skolintojas | B3: ECOFINANCE IFN SA | D3: 46295 | E3: 46295 | F3: =IF(E3>0,E3-D3,"") -> 0 | G3: 4.16 | H3: 0.1 | I3: 0 | K3: =G53 -> 4.16 | L3: =H53 -> 0.1 | M3: =I53 -> 0 | N3: =IF(B16=K3,XIRR(Y3:Y52,X3:X52),"") | O3: =IF(B16=K3,MAX(E:E),"") | P3: =IF(Z3="+",TODAY()-B11,"") | Q3: =IF(B16=K3,MAX(E:E)-B11,"") | X3: =B9 -> 46282 | Y3: =B16*-1 -> -25.39 | Z3: =IF(AND(TODAY()>B11, K3<>B16), "+", "")
A4: Tipas | B4: Personal | F4: =IF(E4>0,E4-D4,"") | X4: =E3 -> 46295 | Y4: =G3+H3-I3 -> 4.26
F5: =IF(E5>0,E5-D5,"") | X5: =E4 -> 0 | Y5: =G4+H4-I4 -> 0
F6: =IF(E6>0,E6-D6,"") | X6: =E5 -> 0 | Y6: =G5+H5-I5 -> 0
F7: =IF(E7>0,E7-D7,"") | X7: =E6 -> 0 | Y7: =G6+H6-I6 -> 0
A8: Terminas | B8: =DATEDIF(B9,B11,"y") & " m. " & DATEDIF(B9,B11,"ym") & " mėn. " & DATEDIF(B9,B11,"md") & " d." -> 1 m. 9 mėn. 14 d. | F8: =IF(E8>0,E8-D8,"") | X8: =E7 -> 0 | Y8: =G7+H7-I7 -> 0
A9: Investuota | B9: 46282 | X9: =E8 -> 0 | Y9: =G8+H8-I8 -> 0
A10: Pradžia | B10: 46280 | F10: =IF(E10>0,E10-D10,"") | X10: =E9 -> 0 | Y10: =G9+H9-I9 -> 0
A11: Pabaiga | B11: 46935 | F11: =IF(E11>0,E11-D11,"") | X11: =E10 -> 0 | Y11: =G10+H10-I10 -> 0
A12: Liko, dienos | B12: =IF(B16<>K3,(TODAY()-B11)*-1,"") -> 640 | F12: =IF(E12>0,E12-D12,"") | X12: =E11 -> 0 | Y12: =G11+H11-I11 -> 0
F13: =IF(E13>0,E13-D13,"") | X13: =E12 -> 0 | Y13: =G12+H12-I12 -> 0
F14: =IF(E14>0,E14-D14,"") | X14: =E13 -> 0 | Y14: =G13+H13-I13 -> 0
A15: Palūkanos | B15: 0.12 | F15: =IF(E15>0,E15-D15,"") | X15: =E14 -> 0 | Y15: =G14+H14-I14 -> 0
A16: Investuota, Eur | B16: 25.39 | F16: =IF(E16>0,E16-D16,"") | X16: =E15 -> 0 | Y16: =G15+H15-I15 -> 0
F17: =IF(E17>0,E17-D17,"") | X17: =E16 -> 0 | Y17: =G16+H16-I16 -> 0
F18: =IF(E18>0,E18-D18,"") | X18: =E17 -> 0 | Y18: =G17+H17-I17 -> 0
F19: =IF(E19>0,E19-D19,"") | X19: =E18 -> 0 | Y19: =G18+H18-I18 -> 0
F20: =IF(E20>0,E20-D20,"") | X20: =E19 -> 0 | Y20: =G19+H19-I19 -> 0
F21: =IF(E21>0,E21-D21,"") | X21: =E20 -> 0 | Y21: =G20+H20-I20 -> 0
F22: =IF(E22>0,E22-D22,"") | X22: =E21 -> 0 | Y22: =G21+H21-I21 -> 0
F23: =IF(E23>0,E23-D23,"") | X23: =E22 -> 0 | Y23: =G22+H22-I22 -> 0
F24: =IF(E24>0,E24-D24,"") | X24: =E23 -> 0 | Y24: =G23+H23-I23 -> 0
F25: =IF(E25>0,E25-D25,"") | X25: =E24 -> 0 | Y25: =G24+H24-I24 -> 0
F26: =IF(E26>0,E26-D26,"") | X26: =E25 -> 0 | Y26: =G25+H25-I25 -> 0
F27: =IF(E27>0,E27-D27,"") | X27: =E26 -> 0 | Y27: =G26+H26-I26 -> 0
F28: =IF(E28>0,E28-D28,"") | X28: =E27 -> 0 | Y28: =G27+H27-I27 -> 0
... F52: =IF(E52>0,E52-D52,"") | X52: =E51 -> 0 | Y52: =G51+H51-I51 -> 0
D53: Viso: | G53: =SUM(G3:G52) -> 4.16 | H53: =SUM(H3:H52) -> 0.1 | I53: =SUM(I3:I52) -> 0

Sheet LVX0000VISL6
A1: Loan ID | B1: LVX0000VISL6 | D1: Data | G1: Paskola | K1: Grąžinimas
A2: Šalis | B2: Philippines | D2: Planuojama | E2: Reali | F2: Vėl./Anks. | G2: Principal | H2: Interest | I2: Mokestis | K2: Paskola | L2: Palūkanos | M2: Mokesčiai | N2: XIRR | O2: Data | P2: Vėluoja | Q2: Vėl./Anks. | X2: Data | Y2: Suma | Z2: Vėluoja
A3: Skolintojas | B3: SIA "Abele Finance" | D3: 46295 | E3: 46295 | F3: =IF(E3>0,E3-D3,"") -> 0 | G3: 0 | H3: 0 | I3: 0 | K3: =G53 -> 0 | L3: =H53 -> 0 | M3: =I53 -> 0 | N3: =IF(B16=K3,XIRR(Y3:Y52,X3:X52),"") | O3: =IF(B16=K3,MAX(E:E),"") | P3: =IF(Z3="+",TODAY()-B11,"") | Q3: =IF(B16=K3,MAX(E:E)-B11,"") | X3: =B9 -> 46282 | Y3: =B16*-1 -> -20 | Z3: =IF(AND(TODAY()>B11, K3<>B16), "+", "")
A4: Tipas | B4: Business | F4: =IF(E4>0,E4-D4,"") | X4: =E3 -> 46295 | Y4: =G3+H3-I3 -> 0
F5: =IF(E5>0,E5-D5,"") | X5: =E4 -> 0 | Y5: =G4+H4-I4 -> 0
F6: =IF(E6>0,E6-D6,"") | X6: =E5 -> 0 | Y6: =G5+H5-I5 -> 0
F7: =IF(E7>0,E7-D7,"") | X7: =E6 -> 0 | Y7: =G6+H6-I6 -> 0
A8: Terminas | B8: =DATEDIF(B9,B11,"y") & " m. " & DATEDIF(B9,B11,"ym") & " mėn. " & DATEDIF(B9,B11,"md") & " d." -> 0 m. 8 mėn. 5 d. | F8: =IF(E8>0,E8-D8,"") | X8: =E7 -> 0 | Y8: =G7+H7-I7 -> 0
A9: Investuota | B9: 46282 | X9: =E8 -> 0 | Y9: =G8+H8-I8 -> 0
A10: Pradžia | B10: 46259 | F10: =IF(E10>0,E10-D10,"") | X10: =E9 -> 0 | Y10: =G9+H9-I9 -> 0
A11: Pabaiga | B11: 46529 | F11: =IF(E11>0,E11-D11,"") | X11: =E10 -> 0 | Y11: =G10+H10-I10 -> 0
A12: Liko, dienos | B12: =IF(B16<>K3,(TODAY()-B11)*-1,"") -> 234 | F12: =IF(E12>0,E12-D12,"") | X12: =E11 -> 0 | Y12: =G11+H11-I11 -> 0
F13: =IF(E13>0,E13-D13,"") | X13: =E12 -> 0 | Y13: =G12+H12-I12 -> 0
F14: =IF(E14>0,E14-D14,"") | X14: =E13 -> 0 | Y14: =G13+H13-I13 -> 0
A15: Palūkanos | B15: 0.12 | F15: =IF(E15>0,E15-D15,"") | X15: =E14 -> 0 | Y15: =G14+H14-I14 -> 0
A16: Investuota, Eur | B16: 20 | F16: =IF(E16>0,E16-D16,"") | X16: =E15 -> 0 | Y16: =G15+H15-I15 -> 0
F17: =IF(E17>0,E17-D17,"") | X17: =E16 -> 0 | Y17: =G16+H16-I16 -> 0
F18: =IF(E18>0,E18-D18,"") | X18: =E17 -> 0 | Y18: =G17+H17-I17 -> 0
F19: =IF(E19>0,E19-D19,"") | X19: =E18 -> 0 | Y19: =G18+H18-I18 -> 0
F20: =IF(E20>0,E20-D20,"") | X20: =E19 -> 0 | Y20: =G19+H19-I19 -> 0
F21: =IF(E21>0,E21-D21,"") | X21: =E20 -> 0 | Y21: =G20+H20-I20 -> 0
F22: =IF(E22>0,E22-D22,"") | X22: =E21 -> 0 | Y22: =G21+H21-I21 -> 0
F23: =IF(E23>0,E23-D23,"") | X23: =E22 -> 0 | Y23: =G22+H22-I22 -> 0
F24: =IF(E24>0,E24-D24,"") | X24: =E23 -> 0 | Y24: =G23+H23-I23 -> 0
F25: =IF(E25>0,E25-D25,"") | X25: =E24 -> 0 | Y25: =G24+H24-I24 -> 0
F26: =IF(E26>0,E26-D26,"") | X26: =E25 -> 0 | Y26: =G25+H25-I25 -> 0
F27: =IF(E27>0,E27-D27,"") | X27: =E26 -> 0 | Y27: =G26+H26-I26 -> 0
F28: =IF(E28>0,E28-D28,"") | X28: =E27 -> 0 | Y28: =G27+H27-I27 -> 0
... F52: =IF(E52>0,E52-D52,"") | X52: =E51 -> 0 | Y52: =G51+H51-I51 -> 0
D53: Viso: | G53: =SUM(G3:G52) -> 0 | H53: =SUM(H3:H52) -> 0 | I53: =SUM(I3:I52) -> 0

Sheet LVX0000VQWF3
A1: Loan ID | B1: LVX0000VQWF3 | D1: Data | G1: Paskola | K1: Grąžinimas
A2: Šalis | B2: Romania | D2: Planuojama | E2: Reali | F2: Vėl./Anks. | G2: Principal | H2: Interest | I2: Mokestis | K2: Paskola | L2: Palūkanos | M2: Mokesčiai | N2: XIRR | O2: Data | P2: Vėluoja | Q2: Vėl./Anks. | X2: Data | Y2: Suma | Z2: Vėluoja
A3: Skolintojas | B3: ECOFINANCE IFN SA | D3: 46295 | E3: 46295 | F3: =IF(E3>0,E3-D3,"") -> 0 | G3: 0.47 | H3: 0.07 | I3: 0 | K3: =G53 -> 0.47 | L3: =H53 -> 0.07 | M3: =I53 -> 0 | N3: =IF(B16=K3,XIRR(Y3:Y52,X3:X52),"") | O3: =IF(B16=K3,MAX(E:E),"") | P3: =IF(Z3="+",TODAY()-B11,"") | Q3: =IF(B16=K3,MAX(E:E)-B11,"") | X3: =B9 -> 46281 | Y3: =B16*-1 -> -15.63 | Z3: =IF(AND(TODAY()>B11, K3<>B16), "+", "")
A4: Tipas | B4: Personal | F4: =IF(E4>0,E4-D4,"") | X4: =E3 -> 46295 | Y4: =G3+H3-I3 -> 0.54
F5: =IF(E5>0,E5-D5,"") | X5: =E4 -> 0 | Y5: =G4+H4-I4 -> 0
F6: =IF(E6>0,E6-D6,"") | X6: =E5 -> 0 | Y6: =G5+H5-I5 -> 0
F7: =IF(E7>0,E7-D7,"") | X7: =E6 -> 0 | Y7: =G6+H6-I6 -> 0
A8: Terminas | B8: =DATEDIF(B9,B11,"y") & " m. " & DATEDIF(B9,B11,"ym") & " mėn. " & DATEDIF(B9,B11,"md") & " d." -> 1 m. 1 mėn. 27 d. | F8: =IF(E8>0,E8-D8,"") | X8: =E7 -> 0 | Y8: =G7+H7-I7 -> 0
A9: Investuota | B9: 46281 | X9: =E8 -> 0 | Y9: =G8+H8-I8 -> 0
A10: Pradžia | B10: 46280 | F10: =IF(E10>0,E10-D10,"") | X10: =E9 -> 0 | Y10: =G9+H9-I9 -> 0
A11: Pabaiga | B11: 46703 | F11: =IF(E11>0,E11-D11,"") | X11: =E10 -> 0 | Y11: =G10+H10-I10 -> 0
A12: Liko, dienos | B12: =IF(B16<>K3,(TODAY()-B11)*-1,"") -> 408 | F12: =IF(E12>0,E12-D12,"") | X12: =E11 -> 0 | Y12: =G11+H11-I11 -> 0
F13: =IF(E13>0,E13-D13,"") | X13: =E12 -> 0 | Y13: =G12+H12-I12 -> 0
F14: =IF(E14>0,E14-D14,"") | X14: =E13 -> 0 | Y14: =G13+H13-I13 -> 0
A15: Palūkanos | B15: 0.12 | F15: =IF(E15>0,E15-D15,"") | X15: =E14 -> 0 | Y15: =G14+H14-I14 -> 0
A16: Investuota, Eur | B16: 15.63 | F16: =IF(E16>0,E16-D16,"") | X16: =E15 -> 0 | Y16: =G15+H15-I15 -> 0
F17: =IF(E17>0,E17-D17,"") | X17: =E16 -> 0 | Y17: =G16+H16-I16 -> 0
F18: =IF(E18>0,E18-D18,"") | X18: =E17 -> 0 | Y18: =G17+H17-I17 -> 0
F19: =IF(E19>0,E19-D19,"") | X19: =E18 -> 0 | Y19: =G18+H18-I18 -> 0
F20: =IF(E20>0,E20-D20,"") | X20: =E19 -> 0 | Y20: =G19+H19-I19 -> 0
F21: =IF(E21>0,E21-D21,"") | X21: =E20 -> 0 | Y21: =G20+H20-I20 -> 0
F22: =IF(E22>0,E22-D22,"") | X22: =E21 -> 0 | Y22: =G21+H21-I21 -> 0
F23: =IF(E23>0,E23-D23,"") | X23: =E22 -> 0 | Y23: =G22+H22-I22 -> 0
F24: =IF(E24>0,E24-D24,"") | X24: =E23 -> 0 | Y24: =G23+H23-I23 -> 0
F25: =IF(E25>0,E25-D25,"") | X25: =E24 -> 0 | Y25: =G24+H24-I24 -> 0
F26: =IF(E26>0,E26-D26,"") | X26: =E25 -> 0 | Y26: =G25+H25-I25 -> 0
F27: =IF(E27>0,E27-D27,"") | X27: =E26 -> 0 | Y27: =G26+H26-I26 -> 0
F28: =IF(E28>0,E28-D28,"") | X28: =E27 -> 0 | Y28: =G27+H27-I27 -> 0
... F52: =IF(E52>0,E52-D52,"") | X52: =E51 -> 0 | Y52: =G51+H51-I51 -> 0
D53: Viso: | G53: =SUM(G3:G52) -> 0.47 | H53: =SUM(H3:H52) -> 0.07 | I53: =SUM(I3:I52) -> 0

Sheet LVX0000VG2M4
A1: Loan ID | B1: LVX0000VG2M4 | D1: Data | G1: Paskola | K1: Grąžinimas
A2: Šalis | B2: Romania | D2: Planuojama | E2: Reali | F2: Vėl./Anks. | G2: Principal | H2: Interest | I2: Mokestis | K2: Paskola | L2: Palūkanos | M2: Mokesčiai | N2: XIRR | O2: Data | P2: Vėluoja | Q2: Vėl./Anks. | X2: Data | Y2: Suma | Z2: Vėluoja
A3: Skolintojas | B3: ECOFINANCE IFN SA | D3: 46295 | E3: 46295 | F3: =IF(E3>0,E3-D3,"") -> 0 | G3: 6.73 | H3: 0.15 | I3: 0 | K3: =G53 -> 6.73 | L3: =H53 -> 0.15 | M3: =I53 -> 0 | N3: =IF(B16=K3,XIRR(Y3:Y52,X3:X52),"") | O3: =IF(B16=K3,MAX(E:E),"") | P3: =IF(Z3="+",TODAY()-B11,"") | Q3: =IF(B16=K3,MAX(E:E)-B11,"") | X3: =B9 -> 46272 | Y3: =B16*-1 -> -25.95 | Z3: =IF(AND(TODAY()>B11, K3<>B16), "+", "")
A4: Tipas | B4: Personal | F4: =IF(E4>0,E4-D4,"") | X4: =E3 -> 46295 | Y4: =G3+H3-I3 -> 6.88
F5: =IF(E5>0,E5-D5,"") | X5: =E4 -> 0 | Y5: =G4+H4-I4 -> 0
F6: =IF(E6>0,E6-D6,"") | X6: =E5 -> 0 | Y6: =G5+H5-I5 -> 0
F7: =IF(E7>0,E7-D7,"") | X7: =E6 -> 0 | Y7: =G6+H6-I6 -> 0
A8: Terminas | B8: =DATEDIF(B9,B11,"y") & " m. " & DATEDIF(B9,B11,"ym") & " mėn. " & DATEDIF(B9,B11,"md") & " d." -> 1 m. 5 mėn. 8 d. | F8: =IF(E8>0,E8-D8,"") | X8: =E7 -> 0 | Y8: =G7+H7-I7 -> 0
A9: Investuota | B9: 46272 | X9: =E8 -> 0 | Y9: =G8+H8-I8 -> 0
A10: Pradžia | B10: 46252 | F10: =IF(E10>0,E10-D10,"") | X10: =E9 -> 0 | Y10: =G9+H9-I9 -> 0
A11: Pabaiga | B11: 46798 | F11: =IF(E11>0,E11-D11,"") | X11: =E10 -> 0 | Y11: =G10+H10-I10 -> 0
A12: Liko, dienos | B12: =IF(B16<>K3,(TODAY()-B11)*-1,"") -> 503 | F12: =IF(E12>0,E12-D12,"") | X12: =E11 -> 0 | Y12: =G11+H11-I11 -> 0
F13: =IF(E13>0,E13-D13,"") | X13: =E12 -> 0 | Y13: =G12+H12-I12 -> 0
F14: =IF(E14>0,E14-D14,"") | X14: =E13 -> 0 | Y14: =G13+H13-I13 -> 0
A15: Palūkanos | B15: 0.12 | F15: =IF(E15>0,E15-D15,"") | X15: =E14 -> 0 | Y15: =G14+H14-I14 -> 0
A16: Investuota, Eur | B16: 25.95 | F16: =IF(E16>0,E16-D16,"") | X16: =E15 -> 0 | Y16: =G15+H15-I15 -> 0
F17: =IF(E17>0,E17-D17,"") | X17: =E16 -> 0 | Y17: =G16+H16-I16 -> 0
F18: =IF(E18>0,E18-D18,"") | X18: =E17 -> 0 | Y18: =G17+H17-I17 -> 0
F19: =IF(E19>0,E19-D19,"") | X19: =E18 -> 0 | Y19: =G18+H18-I18 -> 0
F20: =IF(E20>0,E20-D20,"") | X20: =E19 -> 0 | Y20: =G19+H19-I19 -> 0
F21: =IF(E21>0,E21-D21,"") | X21: =E20 -> 0 | Y21: =G20+H20-I20 -> 0
F22: =IF(E22>0,E22-D22,"") | X22: =E21 -> 0 | Y22: =G21+H21-I21 -> 0
F23: =IF(E23>0,E23-D23,"") | X23: =E22 -> 0 | Y23: =G22+H22-I22 -> 0
F24: =IF(E24>0,E24-D24,"") | X24: =E23 -> 0 | Y24: =G23+H23-I23 -> 0
F25: =IF(E25>0,E25-D25,"") | X25: =E24 -> 0 | Y25: =G24+H24-I24 -> 0
F26: =IF(E26>0,E26-D26,"") | X26: =E25 -> 0 | Y26: =G25+H25-I25 -> 0
F27: =IF(E27>0,E27-D27,"") | X27: =E26 -> 0 | Y27: =G26+H26-I26 -> 0
F28: =IF(E28>0,E28-D28,"") | X28: =E27 -> 0 | Y28: =G27+H27-I27 -> 0
... F52: =IF(E52>0,E52-D52,"") | X52: =E51 -> 0 | Y52: =G51+H51-I51 -> 0
D53: Viso: | G53: =SUM(G3:G52) -> 6.73 | H53: =SUM(H3:H52) -> 0.15 | I53: =SUM(I3:I52) -> 0

Sheet LVX0000VIR76
A1: Loan ID | B1: LVX0000VIR76 | D1: Data | G1: Paskola | K1: Grąžinimas
A2: Šalis | B2: Romania | D2: Planuojama | E2: Reali | F2: Vėl./Anks. | G2: Principal | H2: Interest | I2: Mokestis | K2: Paskola | L2: Palūkanos | M2: Mokesčiai | N2: XIRR | O2: Data | P2: Vėluoja | Q2: Vėl./Anks. | X2: Data | Y2: Suma | Z2: Vėluoja
A3: Skolintojas | B3: ECOFINANCE IFN SA | D3: 46265 | E3: 46265 | F3: =IF(E3>0,E3-D3,"") -> 0 | G3: 0 | H3: 0 | I3: 0 | K3: =G53 -> 6.64 | L3: =H53 -> 0.21 | M3: =I53 -> 0 | N3: =IF(B16=K3,XIRR(Y3:Y52,X3:X52),"") | O3: =IF(B16=K3,MAX(E:E),"") | P3: =IF(Z3="+",TODAY()-B11,"") | Q3: =IF(B16=K3,MAX(E:E)-B11,"") | X3: =B9 -> 46261 | Y3: =B16*-1 -> -23.81 | Z3: =IF(AND(TODAY()>B11, K3<>B16), "+", "")
A4: Tipas | B4: Personal | D4: 46295 | E4: 46295 | F4: =IF(E4>0,E4-D4,"") -> 0 | G4: 6.64 | H4: 0.21 | I4: 0 | X4: =E3 -> 46265 | Y4: =G3+H3-I3 -> 0
F5: =IF(E5>0,E5-D5,"") | X5: =E4 -> 46295 | Y5: =G4+H4-I4 -> 6.85
F6: =IF(E6>0,E6-D6,"") | X6: =E5 -> 0 | Y6: =G5+H5-I5 -> 0
F7: =IF(E7>0,E7-D7,"") | X7: =E6 -> 0 | Y7: =G6+H6-I6 -> 0
A8: Terminas | B8: =DATEDIF(B9,B11,"y") & " m. " & DATEDIF(B9,B11,"ym") & " mėn. " & DATEDIF(B9,B11,"md") & " d." -> 1 m. 10 mėn. 7 d. | F8: =IF(E8>0,E8-D8,"") | X8: =E7 -> 0 | Y8: =G7+H7-I7 -> 0
A9: Investuota | B9: 46261 | X9: =E8 -> 0 | Y9: =G8+H8-I8 -> 0
A10: Pradžia | B10: 46259 | F10: =IF(E10>0,E10-D10,"") | X10: =E9 -> 0 | Y10: =G9+H9-I9 -> 0
A11: Pabaiga | B11: 46938 | F11: =IF(E11>0,E11-D11,"") | X11: =E10 -> 0 | Y11: =G10+H10-I10 -> 0
A12: Liko, dienos | B12: =IF(B16<>K3,(TODAY()-B11)*-1,"") -> 643 | F12: =IF(E12>0,E12-D12,"") | X12: =E11 -> 0 | Y12: =G11+H11-I11 -> 0
F13: =IF(E13>0,E13-D13,"") | X13: =E12 -> 0 | Y13: =G12+H12-I12 -> 0
F14: =IF(E14>0,E14-D14,"") | X14: =E13 -> 0 | Y14: =G13+H13-I13 -> 0
A15: Palūkanos | B15: 0.12 | F15: =IF(E15>0,E15-D15,"") | X15: =E14 -> 0 | Y15: =G14+H14-I14 -> 0
A16: Investuota, Eur | B16: 23.81 | F16: =IF(E16>0,E16-D16,"") | X16: =E15 -> 0 | Y16: =G15+H15-I15 -> 0
F17: =IF(E17>0,E17-D17,"") | X17: =E16 -> 0 | Y17: =G16+H16-I16 -> 0
F18: =IF(E18>0,E18-D18,"") | X18: =E17 -> 0 | Y18: =G17+H17-I17 -> 0
F19: =IF(E19>0,E19-D19,"") | X19: =E18 -> 0 | Y19: =G18+H18-I18 -> 0
F20: =IF(E20>0,E20-D20,"") | X20: =E19 -> 0 | Y20: =G19+H19-I19 -> 0
F21: =IF(E21>0,E21-D21,"") | X21: =E20 -> 0 | Y21: =G20+H20-I20 -> 0
F22: =IF(E22>0,E22-D22,"") | X22: =E21 -> 0 | Y22: =G21+H21-I21 -> 0
F23: =IF(E23>0,E23-D23,"") | X23: =E22 -> 0 | Y23: =G22+H22-I22 -> 0
F24: =IF(E24>0,E24-D24,"") | X24: =E23 -> 0 | Y24: =G23+H23-I23 -> 0
F25: =IF(E25>0,E25-D25,"") | X25: =E24 -> 0 | Y25: =G24+H24-I24 -> 0
F26: =IF(E26>0,E26-D26,"") | X26: =E25 -> 0 | Y26: =G25+H25-I25 -> 0
F27: =IF(E27>0,E27-D27,"") | X27: =E26 -> 0 | Y27: =G26+H26-I26 -> 0
F28: =IF(E28>0,E28-D28,"") | X28: =E27 -> 0 | Y28: =G27+H27-I27 -> 0
... F52: =IF(E52>0,E52-D52,"") | X52: =E51 -> 0 | Y52: =G51+H51-I51 -> 0
D53: Viso: | G53: =SUM(G3:G52) -> 6.64 | H53: =SUM(H3:H52) -> 0.21 | I53: =SUM(I3:I52) -> 0

Sheet LVX0000VHJ69
A1: Loan ID | B1: LVX0000VHJ69 | D1: Data | G1: Paskola | K1: Grąžinimas
A2: Šalis | B2: Moldova | D2: Planuojama | E2: Reali | F2: Vėl./Anks. | G2: Principal | H2: Interest | I2: Mokestis | K2: Paskola | L2: Palūkanos | M2: Mokesčiai | N2: XIRR | O2: Data | P2: Vėluoja | Q2: Vėl./Anks. | X2: Data | Y2: Suma | Z2: Vėluoja
A3: Skolintojas | B3: SIA "Abele Finance" | D3: 46265 | E3: 46265 | F3: =IF(E3>0,E3-D3,"") -> 0 | G3: 0 | H3: 0 | I3: 0 | K3: =G53 -> 0 | L3: =H53 -> 0.13 | M3: =I53 -> 0 | N3: =IF(B16=K3,XIRR(Y3:Y52,X3:X52),"") | O3: =IF(B16=K3,MAX(E:E),"") | P3: =IF(Z3="+",TODAY()-B11,"") | Q3: =IF(B16=K3,MAX(E:E)-B11,"") | X3: =B9 -> 46260 | Y3: =B16*-1 -> -26.67 | Z3: =IF(AND(TODAY()>B11, K3<>B16), "+", "")
A4: Tipas | B4: Business | D4: 46295 | E4: 46295 | F4: =IF(E4>0,E4-D4,"") -> 0 | G4: 0 | H4: 0.13 | I4: 0 | X4: =E3 -> 46265 | Y4: =G3+H3-I3 -> 0
F5: =IF(E5>0,E5-D5,"") | X5: =E4 -> 46295 | Y5: =G4+H4-I4 -> 0.13
F6: =IF(E6>0,E6-D6,"") | X6: =E5 -> 0 | Y6: =G5+H5-I5 -> 0
F7: =IF(E7>0,E7-D7,"") | X7: =E6 -> 0 | Y7: =G6+H6-I6 -> 0
A8: Terminas | B8: =DATEDIF(B9,B11,"y") & " m. " & DATEDIF(B9,B11,"ym") & " mėn. " & DATEDIF(B9,B11,"md") & " d." -> 0 m. 11 mėn. 26 d. | F8: =IF(E8>0,E8-D8,"") | X8: =E7 -> 0 | Y8: =G7+H7-I7 -> 0
A9: Investuota | B9: 46260 | X9: =E8 -> 0 | Y9: =G8+H8-I8 -> 0
A10: Pradžia | B10: 46255 | F10: =IF(E10>0,E10-D10,"") | X10: =E9 -> 0 | Y10: =G9+H9-I9 -> 0
A11: Pabaiga | B11: 46620 | F11: =IF(E11>0,E11-D11,"") | X11: =E10 -> 0 | Y11: =G10+H10-I10 -> 0
A12: Liko, dienos | B12: =IF(B16<>K3,(TODAY()-B11)*-1,"") -> 325 | F12: =IF(E12>0,E12-D12,"") | X12: =E11 -> 0 | Y12: =G11+H11-I11 -> 0
F13: =IF(E13>0,E13-D13,"") | X13: =E12 -> 0 | Y13: =G12+H12-I12 -> 0
F14: =IF(E14>0,E14-D14,"") | X14: =E13 -> 0 | Y14: =G13+H13-I13 -> 0
A15: Palūkanos | B15: 0.1225 | F15: =IF(E15>0,E15-D15,"") | X15: =E14 -> 0 | Y15: =G14+H14-I14 -> 0
A16: Investuota, Eur | B16: 26.67 | F16: =IF(E16>0,E16-D16,"") | X16: =E15 -> 0 | Y16: =G15+H15-I15 -> 0
F17: =IF(E17>0,E17-D17,"") | X17: =E16 -> 0 | Y17: =G16+H16-I16 -> 0
F18: =IF(E18>0,E18-D18,"") | X18: =E17 -> 0 | Y18: =G17+H17-I17 -> 0
F19: =IF(E19>0,E19-D19,"") | X19: =E18 -> 0 | Y19: =G18+H18-I18 -> 0
F20: =IF(E20>0,E20-D20,"") | X20: =E19 -> 0 | Y20: =G19+H19-I19 -> 0
F21: =IF(E21>0,E21-D21,"") | X21: =E20 -> 0 | Y21: =G20+H20-I20 -> 0
F22: =IF(E22>0,E22-D22,"") | X22: =E21 -> 0 | Y22: =G21+H21-I21 -> 0
F23: =IF(E23>0,E23-D23,"") | X23: =E22 -> 0 | Y23: =G22+H22-I22 -> 0
F24: =IF(E24>0,E24-D24,"") | X24: =E23 -> 0 | Y24: =G23+H23-I23 -> 0
F25: =IF(E25>0,E25-D25,"") | X25: =E24 -> 0 | Y25: =G24+H24-I24 -> 0
F26: =IF(E26>0,E26-D26,"") | X26: =E25 -> 0 | Y26: =G25+H25-I25 -> 0
F27: =IF(E27>0,E27-D27,"") | X27: =E26 -> 0 | Y27: =G26+H26-I26 -> 0
F28: =IF(E28>0,E28-D28,"") | X28: =E27 -> 0 | Y28: =G27+H27-I27 -> 0
... F52: =IF(E52>0,E52-D52,"") | X52: =E51 -> 0 | Y52: =G51+H51-I51 -> 0
D53: Viso: | G53: =SUM(G3:G52) -> 0 | H53: =SUM(H3:H52) -> 0.13 | I53: =SUM(I3:I52) -> 0

Sheet LVX0000VG7N1
A1: Loan ID | B1: LVX0000VG7N1 | D1: Data | G1: Paskola | K1: Grąžinimas
A2: Šalis | B2: Philippines | D2: Planuojama | E2: Reali | F2: Vėl./Anks. | G2: Principal | H2: Interest | I2: Mokestis | K2: Paskola | L2: Palūkanos | M2: Mokesčiai | N2: XIRR | O2: Data | P2: Vėluoja | Q2: Vėl./Anks. | X2: Data | Y2: Suma | Z2: Vėluoja
A3: Skolintojas | B3: SIA "Abele Finance" | D3: 46265 | E3: 46265 | F3: =IF(E3>0,E3-D3,"") -> 0 | G3: 0 | H3: 0 | I3: 0 | K3: =G53 -> 0 | L3: =H53 -> 0.09 | M3: =I53 -> 0 | N3: =IF(B16=K3,XIRR(Y3:Y52,X3:X52),"") | O3: =IF(B16=K3,MAX(E:E),"") | P3: =IF(Z3="+",TODAY()-B11,"") | Q3: =IF(B16=K3,MAX(E:E)-B11,"") | X3: =B9 -> 46260 | Y3: =B16*-1 -> -20 | Z3: =IF(AND(TODAY()>B11, K3<>B16), "+", "")
A4: Tipas | B4: Business | D4: 46295 | E4: 46295 | F4: =IF(E4>0,E4-D4,"") -> 0 | G4: 0 | H4: 0.09 | I4: 0 | X4: =E3 -> 46265 | Y4: =G3+H3-I3 -> 0
F5: =IF(E5>0,E5-D5,"") | X5: =E4 -> 46295 | Y5: =G4+H4-I4 -> 0.09
F6: =IF(E6>0,E6-D6,"") | X6: =E5 -> 0 | Y6: =G5+H5-I5 -> 0
F7: =IF(E7>0,E7-D7,"") | X7: =E6 -> 0 | Y7: =G6+H6-I6 -> 0
A8: Terminas | B8: =DATEDIF(B9,B11,"y") & " m. " & DATEDIF(B9,B11,"ym") & " mėn. " & DATEDIF(B9,B11,"md") & " d." -> 0 m. 8 mėn. 22 d. | F8: =IF(E8>0,E8-D8,"") | X8: =E7 -> 0 | Y8: =G7+H7-I7 -> 0
A9: Investuota | B9: 46260 | X9: =E8 -> 0 | Y9: =G8+H8-I8 -> 0
A10: Pradžia | B10: 46252 | F10: =IF(E10>0,E10-D10,"") | X10: =E9 -> 0 | Y10: =G9+H9-I9 -> 0
A11: Pabaiga | B11: 46525 | F11: =IF(E11>0,E11-D11,"") | X11: =E10 -> 0 | Y11: =G10+H10-I10 -> 0
A12: Liko, dienos | B12: =IF(B16<>K3,(TODAY()-B11)*-1,"") -> 230 | F12: =IF(E12>0,E12-D12,"") | X12: =E11 -> 0 | Y12: =G11+H11-I11 -> 0
F13: =IF(E13>0,E13-D13,"") | X13: =E12 -> 0 | Y13: =G12+H12-I12 -> 0
F14: =IF(E14>0,E14-D14,"") | X14: =E13 -> 0 | Y14: =G13+H13-I13 -> 0
A15: Palūkanos | B15: 0.12 | F15: =IF(E15>0,E15-D15,"") | X15: =E14 -> 0 | Y15: =G14+H14-I14 -> 0
A16: Investuota, Eur | B16: 20 | F16: =IF(E16>0,E16-D16,"") | X16: =E15 -> 0 | Y16: =G15+H15-I15 -> 0
F17: =IF(E17>0,E17-D17,"") | X17: =E16 -> 0 | Y17: =G16+H16-I16 -> 0
F18: =IF(E18>0,E18-D18,"") | X18: =E17 -> 0 | Y18: =G17+H17-I17 -> 0
F19: =IF(E19>0,E19-D19,"") | X19: =E18 -> 0 | Y19: =G18+H18-I18 -> 0
F20: =IF(E20>0,E20-D20,"") | X20: =E19 -> 0 | Y20: =G19+H19-I19 -> 0
F21: =IF(E21>0,E21-D21,"") | X21: =E20 -> 0 | Y21: =G20+H20-I20 -> 0
F22: =IF(E22>0,E22-D22,"") | X22: =E21 -> 0 | Y22: =G21+H21-I21 -> 0
F23: =IF(E23>0,E23-D23,"") | X23: =E22 -> 0 | Y23: =G22+H22-I22 -> 0
F24: =IF(E24>0,E24-D24,"") | X24: =E23 -> 0 | Y24: =G23+H23-I23 -> 0
F25: =IF(E25>0,E25-D25,"") | X25: =E24 -> 0 | Y25: =G24+H24-I24 -> 0
F26: =IF(E26>0,E26-D26,"") | X26: =E25 -> 0 | Y26: =G25+H25-I25 -> 0
F27: =IF(E27>0,E27-D27,"") | X27: =E26 -> 0 | Y27: =G26+H26-I26 -> 0
F28: =IF(E28>0,E28-D28,"") | X28: =E27 -> 0 | Y28: =G27+H27-I27 -> 0
... F52: =IF(E52>0,E52-D52,"") | X52: =E51 -> 0 | Y52: =G51+H51-I51 -> 0
D53: Viso: | G53: =SUM(G3:G52) -> 0 | H53: =SUM(H3:H52) -> 0.09 | I53: =SUM(I3:I52) -> 0

Sheet LVX0000VG7G5
A1: Loan ID | B1: LVX0000VG7G5 | D1: Data | G1: Paskola | K1: Grąžinimas
A2: Šalis | B2: Cyprus | D2: Planuojama | E2: Reali | F2: Vėl./Anks. | G2: Principal | H2: Interest | I2: Mokestis | K2: Paskola | L2: Palūkanos | M2: Mokesčiai | N2: XIRR | O2: Data | P2: Vėluoja | Q2: Vėl./Anks. | X2: Data | Y2: Suma | Z2: Vėluoja
A3: Skolintojas | B3: SIA "Abele Finance" | D3: 46265 | E3: 46265 | F3: =IF(E3>0,E3-D3,"") -> 0 | G3: 0 | H3: 0 | I3: 0 | K3: =G53 -> 0 | L3: =H53 -> 0.1 | M3: =I53 -> 0 | N3: =IF(B16=K3,XIRR(Y3:Y52,X3:X52),"") | O3: =IF(B16=K3,MAX(E:E),"") | P3: =IF(Z3="+",TODAY()-B11,"") | Q3: =IF(B16=K3,MAX(E:E)-B11,"") | X3: =B9 -> 46260 | Y3: =B16*-1 -> -20 | Z3: =IF(AND(TODAY()>B11, K3<>B16), "+", "")
A4: Tipas | B4: Business | D4: 46295 | E4: 46295 | F4: =IF(E4>0,E4-D4,"") -> 0 | G4: 0 | H4: 0.1 | I4: 0 | X4: =E3 -> 46265 | Y4: =G3+H3-I3 -> 0
F5: =IF(E5>0,E5-D5,"") | X5: =E4 -> 46295 | Y5: =G4+H4-I4 -> 0.1
F6: =IF(E6>0,E6-D6,"") | X6: =E5 -> 0 | Y6: =G5+H5-I5 -> 0
F7: =IF(E7>0,E7-D7,"") | X7: =E6 -> 0 | Y7: =G6+H6-I6 -> 0
A8: Terminas | B8: =DATEDIF(B9,B11,"y") & " m. " & DATEDIF(B9,B11,"ym") & " mėn. " & DATEDIF(B9,B11,"md") & " d." -> 0 m. 11 mėn. 23 d. | F8: =IF(E8>0,E8-D8,"") | X8: =E7 -> 0 | Y8: =G7+H7-I7 -> 0
A9: Investuota | B9: 46260 | X9: =E8 -> 0 | Y9: =G8+H8-I8 -> 0
A10: Pradžia | B10: 46252 | F10: =IF(E10>0,E10-D10,"") | X10: =E9 -> 0 | Y10: =G9+H9-I9 -> 0
A11: Pabaiga | B11: 46617 | F11: =IF(E11>0,E11-D11,"") | X11: =E10 -> 0 | Y11: =G10+H10-I10 -> 0
A12: Liko, dienos | B12: =IF(B16<>K3,(TODAY()-B11)*-1,"") -> 322 | F12: =IF(E12>0,E12-D12,"") | X12: =E11 -> 0 | Y12: =G11+H11-I11 -> 0
F13: =IF(E13>0,E13-D13,"") | X13: =E12 -> 0 | Y13: =G12+H12-I12 -> 0
F14: =IF(E14>0,E14-D14,"") | X14: =E13 -> 0 | Y14: =G13+H13-I13 -> 0
A15: Palūkanos | B15: 0.13 | F15: =IF(E15>0,E15-D15,"") | X15: =E14 -> 0 | Y15: =G14+H14-I14 -> 0
A16: Investuota, Eur | B16: 20 | F16: =IF(E16>0,E16-D16,"") | X16: =E15 -> 0 | Y16: =G15+H15-I15 -> 0
F17: =IF(E17>0,E17-D17,"") | X17: =E16 -> 0 | Y17: =G16+H16-I16 -> 0
F18: =IF(E18>0,E18-D18,"") | X18: =E17 -> 0 | Y18: =G17+H17-I17 -> 0
F19: =IF(E19>0,E19-D19,"") | X19: =E18 -> 0 | Y19: =G18+H18-I18 -> 0
F20: =IF(E20>0,E20-D20,"") | X20: =E19 -> 0 | Y20: =G19+H19-I19 -> 0
F21: =IF(E21>0,E21-D21,"") | X21: =E20 -> 0 | Y21: =G20+H20-I20 -> 0
F22: =IF(E22>0,E22-D22,"") | X22: =E21 -> 0 | Y22: =G21+H21-I21 -> 0
F23: =IF(E23>0,E23-D23,"") | X23: =E22 -> 0 | Y23: =G22+H22-I22 -> 0
F24: =IF(E24>0,E24-D24,"") | X24: =E23 -> 0 | Y24: =G23+H23-I23 -> 0
F25: =IF(E25>0,E25-D25,"") | X25: =E24 -> 0 | Y25: =G24+H24-I24 -> 0
F26: =IF(E26>0,E26-D26,"") | X26: =E25 -> 0 | Y26: =G25+H25-I25 -> 0
F27: =IF(E27>0,E27-D27,"") | X27: =E26 -> 0 | Y27: =G26+H26-I26 -> 0
F28: =IF(E28>0,E28-D28,"") | X28: =E27 -> 0 | Y28: =G27+H27-I27 -> 0
... F52: =IF(E52>0,E52-D52,"") | X52: =E51 -> 0 | Y52: =G51+H51-I51 -> 0
D53: Viso: | G53: =SUM(G3:G52) -> 0 | H53: =SUM(H3:H52) -> 0.1 | I53: =SUM(I3:I52) -> 0

Sheet LVX0000VDGZ2
A1: Loan ID | B1: LVX0000VDGZ2 | D1: Data | G1: Paskola | K1: Grąžinimas
A2: Šalis | B2: Philippines | D2: Planuojama | E2: Reali | F2: Vėl./Anks. | G2: Principal | H2: Interest | I2: Mokestis | K2: Paskola | L2: Palūkanos | M2: Mokesčiai | N2: XIRR | O2: Data | P2: Vėluoja | Q2: Vėl./Anks. | X2: Data | Y2: Suma | Z2: Vėluoja
A3: Skolintojas | B3: SIA "Abele Finance" | D3: 46265 | E3: 46265 | F3: =IF(E3>0,E3-D3,"") -> 0 | G3: 0 | H3: 0 | I3: 0 | K3: =G53 -> 0 | L3: =H53 -> 0.08 | M3: =I53 -> 0 | N3: =IF(B16=K3,XIRR(Y3:Y52,X3:X52),"") | O3: =IF(B16=K3,MAX(E:E),"") | P3: =IF(Z3="+",TODAY()-B11,"") | Q3: =IF(B16=K3,MAX(E:E)-B11,"") | X3: =B9 -> 46253 | Y3: =B16*-1 -> -11.01 | Z3: =IF(AND(TODAY()>B11, K3<>B16), "+", "")
A4: Tipas | B4: Business | D4: 46295 | E4: 46295 | F4: =IF(E4>0,E4-D4,"") -> 0 | G4: 0 | H4: 0.08 | I4: 0 | X4: =E3 -> 46265 | Y4: =G3+H3-I3 -> 0
F5: =IF(E5>0,E5-D5,"") | X5: =E4 -> 46295 | Y5: =G4+H4-I4 -> 0.08
F6: =IF(E6>0,E6-D6,"") | X6: =E5 -> 0 | Y6: =G5+H5-I5 -> 0
F7: =IF(E7>0,E7-D7,"") | X7: =E6 -> 0 | Y7: =G6+H6-I6 -> 0
A8: Terminas | B8: =DATEDIF(B9,B11,"y") & " m. " & DATEDIF(B9,B11,"ym") & " mėn. " & DATEDIF(B9,B11,"md") & " d." -> 0 m. 8 mėn. 25 d. | F8: =IF(E8>0,E8-D8,"") | X8: =E7 -> 0 | Y8: =G7+H7-I7 -> 0
A9: Investuota | B9: 46253 | X9: =E8 -> 0 | Y9: =G8+H8-I8 -> 0
A10: Pradžia | B10: 46246 | F10: =IF(E10>0,E10-D10,"") | X10: =E9 -> 0 | Y10: =G9+H9-I9 -> 0
A11: Pabaiga | B11: 46521 | F11: =IF(E11>0,E11-D11,"") | X11: =E10 -> 0 | Y11: =G10+H10-I10 -> 0
A12: Liko, dienos | B12: =IF(B16<>K3,(TODAY()-B11)*-1,"") -> 226 | F12: =IF(E12>0,E12-D12,"") | X12: =E11 -> 0 | Y12: =G11+H11-I11 -> 0
F13: =IF(E13>0,E13-D13,"") | X13: =E12 -> 0 | Y13: =G12+H12-I12 -> 0
F14: =IF(E14>0,E14-D14,"") | X14: =E13 -> 0 | Y14: =G13+H13-I13 -> 0
A15: Palūkanos | B15: 0.12 | F15: =IF(E15>0,E15-D15,"") | X15: =E14 -> 0 | Y15: =G14+H14-I14 -> 0
A16: Investuota, Eur | B16: 11.01 | F16: =IF(E16>0,E16-D16,"") | X16: =E15 -> 0 | Y16: =G15+H15-I15 -> 0
F17: =IF(E17>0,E17-D17,"") | X17: =E16 -> 0 | Y17: =G16+H16-I16 -> 0
F18: =IF(E18>0,E18-D18,"") | X18: =E17 -> 0 | Y18: =G17+H17-I17 -> 0
F19: =IF(E19>0,E19-D19,"") | X19: =E18 -> 0 | Y19: =G18+H18-I18 -> 0
F20: =IF(E20>0,E20-D20,"") | X20: =E19 -> 0 | Y20: =G19+H19-I19 -> 0
F21: =IF(E21>0,E21-D21,"") | X21: =E20 -> 0 | Y21: =G20+H20-I20 -> 0
F22: =IF(E22>0,E22-D22,"") | X22: =E21 -> 0 | Y22: =G21+H21-I21 -> 0
F23: =IF(E23>0,E23-D23,"") | X23: =E22 -> 0 | Y23: =G22+H22-I22 -> 0
F24: =IF(E24>0,E24-D24,"") | X24: =E23 -> 0 | Y24: =G23+H23-I23 -> 0
F25: =IF(E25>0,E25-D25,"") | X25: =E24 -> 0 | Y25: =G24+H24-I24 -> 0
F26: =IF(E26>0,E26-D26,"") | X26: =E25 -> 0 | Y26: =G25+H25-I25 -> 0
F27: =IF(E27>0,E27-D27,"") | X27: =E26 -> 0 | Y27: =G26+H26-I26 -> 0
F28: =IF(E28>0,E28-D28,"") | X28: =E27 -> 0 | Y28: =G27+H27-I27 -> 0
... F52: =IF(E52>0,E52-D52,"") | X52: =E51 -> 0 | Y52: =G51+H51-I51 -> 0
D53: Viso: | G53: =SUM(G3:G52) -> 0 | H53: =SUM(H3:H52) -> 0.08 | I53: =SUM(I3:I52) -> 0

Sheet LVX0000V0S54
A1: Loan ID | B1: LVX0000V0S54 | D1: Data | G1: Paskola | K1: Grąžinimas
A2: Šalis | B2: Cyprus | D2: Planuojama | E2: Reali | F2: Vėl./Anks. | G2: Principal | H2: Interest | I2: Mokestis | K2: Paskola | L2: Palūkanos | M2: Mokesčiai | N2: XIRR | O2: Data | P2: Vėluoja | Q2: Vėl./Anks. | X2: Data | Y2: Suma | Z2: Vėluoja
A3: Skolintojas | B3: SIA "Abele Finance" | D3: 46265 | E3: 46265 | F3: =IF(E3>0,E3-D3,"") -> 0 | G3: 0 | H3: 0 | I3: 0 | K3: =G53 -> 0 | L3: =H53 -> 0.11 | M3: =I53 -> 0 | N3: =IF(B16=K3,XIRR(Y3:Y52,X3:X52),"") | O3: =IF(B16=K3,MAX(E:E),"") | P3: =IF(Z3="+",TODAY()-B11,"") | Q3: =IF(B16=K3,MAX(E:E)-B11,"") | X3: =B9 -> 46244 | Y3: =B16*-1 -> -10.84 | Z3: =IF(AND(TODAY()>B11, K3<>B16), "+", "")
A4: Tipas | B4: Business | D4: 46295 | E4: 46295 | F4: =IF(E4>0,E4-D4,"") -> 0 | G4: 0 | H4: 0.11 | I4: 0 | X4: =E3 -> 46265 | Y4: =G3+H3-I3 -> 0
F5: =IF(E5>0,E5-D5,"") | X5: =E4 -> 46295 | Y5: =G4+H4-I4 -> 0.11
F6: =IF(E6>0,E6-D6,"") | X6: =E5 -> 0 | Y6: =G5+H5-I5 -> 0
F7: =IF(E7>0,E7-D7,"") | X7: =E6 -> 0 | Y7: =G6+H6-I6 -> 0
A8: Terminas | B8: =DATEDIF(B9,B11,"y") & " m. " & DATEDIF(B9,B11,"ym") & " mėn. " & DATEDIF(B9,B11,"md") & " d." -> 0 m. 7 mėn. 25 d. | F8: =IF(E8>0,E8-D8,"") | X8: =E7 -> 0 | Y8: =G7+H7-I7 -> 0
A9: Investuota | B9: 46244 | X9: =E8 -> 0 | Y9: =G8+H8-I8 -> 0
A10: Pradžia | B10: 46211 | F10: =IF(E10>0,E10-D10,"") | X10: =E9 -> 0 | Y10: =G9+H9-I9 -> 0
A11: Pabaiga | B11: 46481 | F11: =IF(E11>0,E11-D11,"") | X11: =E10 -> 0 | Y11: =G10+H10-I10 -> 0
A12: Liko, dienos | B12: =IF(B16<>K3,(TODAY()-B11)*-1,"") -> 186 | F12: =IF(E12>0,E12-D12,"") | X12: =E11 -> 0 | Y12: =G11+H11-I11 -> 0
F13: =IF(E13>0,E13-D13,"") | X13: =E12 -> 0 | Y13: =G12+H12-I12 -> 0
F14: =IF(E14>0,E14-D14,"") | X14: =E13 -> 0 | Y14: =G13+H13-I13 -> 0
A15: Palūkanos | B15: 0.125 | F15: =IF(E15>0,E15-D15,"") | X15: =E14 -> 0 | Y15: =G14+H14-I14 -> 0
A16: Investuota, Eur | B16: 10.84 | F16: =IF(E16>0,E16-D16,"") | X16: =E15 -> 0 | Y16: =G15+H15-I15 -> 0
F17: =IF(E17>0,E17-D17,"") | X17: =E16 -> 0 | Y17: =G16+H16-I16 -> 0
F18: =IF(E18>0,E18-D18,"") | X18: =E17 -> 0 | Y18: =G17+H17-I17 -> 0
F19: =IF(E19>0,E19-D19,"") | X19: =E18 -> 0 | Y19: =G18+H18-I18 -> 0
F20: =IF(E20>0,E20-D20,"") | X20: =E19 -> 0 | Y20: =G19+H19-I19 -> 0
F21: =IF(E21>0,E21-D21,"") | X21: =E20 -> 0 | Y21: =G20+H20-I20 -> 0
F22: =IF(E22>0,E22-D22,"") | X22: =E21 -> 0 | Y22: =G21+H21-I21 -> 0
F23: =IF(E23>0,E23-D23,"") | X23: =E22 -> 0 | Y23: =G22+H22-I22 -> 0
F24: =IF(E24>0,E24-D24,"") | X24: =E23 -> 0 | Y24: =G23+H23-I23 -> 0
F25: =IF(E25>0,E25-D25,"") | X25: =E24 -> 0 | Y25: =G24+H24-I24 -> 0
F26: =IF(E26>0,E26-D26,"") | X26: =E25 -> 0 | Y26: =G25+H25-I25 -> 0
F27: =IF(E27>0,E27-D27,"") | X27: =E26 -> 0 | Y27: =G26+H26-I26 -> 0
F28: =IF(E28>0,E28-D28,"") | X28: =E27 -> 0 | Y28: =G27+H27-I27 -> 0
... F52: =IF(E52>0,E52-D52,"") | X52: =E51 -> 0 | Y52: =G51+H51-I51 -> 0
D53: Viso: | G53: =SUM(G3:G52) -> 0 | H53: =SUM(H3:H52) -> 0.11 | I53: =SUM(I3:I52) -> 0

Sheet LVX0000V3XU4
A1: Loan ID | B1: LVX0000V3XU4 | D1: Data | G1: Paskola | K1: Grąžinimas
A2: Šalis | B2: Romania | D2: Planuojama | E2: Reali | F2: Vėl./Anks. | G2: Principal | H2: Interest | I2: Mokestis | K2: Paskola | L2: Palūkanos | M2: Mokesčiai | N2: XIRR | O2: Data | P2: Vėluoja | Q2: Vėl./Anks. | X2: Data | Y2: Suma | Z2: Vėluoja
A3: Skolintojas | B3: ECOFINANCE IFN SA | D3: 46234 | E3: 46234 | F3: =IF(E3>0,E3-D3,"") -> 0 | G3: 1.13 | H3: 0.03 | I3: 0 | K3: =G53 -> 19.43 | L3: =H53 -> 0.18 | M3: =I53 -> 0.01 | N3: =IF(B16=K3,XIRR(Y3:Y52,X3:X52),"") -> 0.080870053 | O3: =IF(B16=K3,MAX(E:E),"") -> 46290 | P3: =IF(Z3="+",TODAY()-B11,"") | Q3: =IF(B16=K3,MAX(E:E)-B11,"") -> -577 | X3: =B9 -> 46226 | Y3: =B16*-1 -> -19.43 | Z3: =IF(AND(TODAY()>B11, K3<>B16), "+", "")
A4: Tipas | B4: Personal | D4: 46265 | E4: 46265 | F4: =IF(E4>0,E4-D4,"") -> 0 | G4: 15.4 | H4: 0.12 | I4: 0.01 | X4: =E3 -> 46234 | Y4: =G3+H3-I3 -> 1.16
D5: 46290 | E5: 46290 | F5: =IF(E5>0,E5-D5,"") -> 0 | G5: 2.9 | H5: 0.03 | I5: 0 | X5: =E4 -> 46265 | Y5: =G4+H4-I4 -> 15.51
F6: =IF(E6>0,E6-D6,"") | X6: =E5 -> 46290 | Y6: =G5+H5-I5 -> 2.93
F7: =IF(E7>0,E7-D7,"") | X7: =E6 -> 0 | Y7: =G6+H6-I6 -> 0
A8: Terminas | B8: =DATEDIF(B9,B11,"y") & " m. " & DATEDIF(B9,B11,"ym") & " mėn. " & DATEDIF(B9,B11,"md") & " d." -> 1 m. 9 mėn. 1 d. | F8: =IF(E8>0,E8-D8,"") | X8: =E7 -> 0 | Y8: =G7+H7-I7 -> 0
A9: Investuota | B9: 46226 | X9: =E8 -> 0 | Y9: =G8+H8-I8 -> 0
A10: Pradžia | B10: 46219 | F10: =IF(E10>0,E10-D10,"") | X10: =E9 -> 0 | Y10: =G9+H9-I9 -> 0
A11: Pabaiga | B11: 46867 | F11: =IF(E11>0,E11-D11,"") | X11: =E10 -> 0 | Y11: =G10+H10-I10 -> 0
A12: Liko, dienos | B12: =IF(B16<>K3,(TODAY()-B11)*-1,"") | F12: =IF(E12>0,E12-D12,"") | X12: =E11 -> 0 | Y12: =G11+H11-I11 -> 0
F13: =IF(E13>0,E13-D13,"") | X13: =E12 -> 0 | Y13: =G12+H12-I12 -> 0
F14: =IF(E14>0,E14-D14,"") | X14: =E13 -> 0 | Y14: =G13+H13-I13 -> 0
A15: Palūkanos | B15: 0.125 | F15: =IF(E15>0,E15-D15,"") | X15: =E14 -> 0 | Y15: =G14+H14-I14 -> 0
A16: Investuota, Eur | B16: 19.43 | F16: =IF(E16>0,E16-D16,"") | X16: =E15 -> 0 | Y16: =G15+H15-I15 -> 0
F17: =IF(E17>0,E17-D17,"") | X17: =E16 -> 0 | Y17: =G16+H16-I16 -> 0
F18: =IF(E18>0,E18-D18,"") | X18: =E17 -> 0 | Y18: =G17+H17-I17 -> 0
F19: =IF(E19>0,E19-D19,"") | X19: =E18 -> 0 | Y19: =G18+H18-I18 -> 0
F20: =IF(E20>0,E20-D20,"") | X20: =E19 -> 0 | Y20: =G19+H19-I19 -> 0
F21: =IF(E21>0,E21-D21,"") | X21: =E20 -> 0 | Y21: =G20+H20-I20 -> 0
F22: =IF(E22>0,E22-D22,"") | X22: =E21 -> 0 | Y22: =G21+H21-I21 -> 0
F23: =IF(E23>0,E23-D23,"") | X23: =E22 -> 0 | Y23: =G22+H22-I22 -> 0
F24: =IF(E24>0,E24-D24,"") | X24: =E23 -> 0 | Y24: =G23+H23-I23 -> 0
F25: =IF(E25>0,E25-D25,"") | X25: =E24 -> 0 | Y25: =G24+H24-I24 -> 0
F26: =IF(E26>0,E26-D26,"") | X26: =E25 -> 0 | Y26: =G25+H25-I25 -> 0
F27: =IF(E27>0,E27-D27,"") | X27: =E26 -> 0 | Y27: =G26+H26-I26 -> 0
F28: =IF(E28>0,E28-D28,"") | X28: =E27 -> 0 | Y28: =G27+H27-I27 -> 0
... F52: =IF(E52>0,E52-D52,"") | X52: =E51 -> 0 | Y52: =G51+H51-I51 -> 0
D53: Viso: | G53: =SUM(G3:G52) -> 19.43 | H53: =SUM(H3:H52) -> 0.18 | I53: =SUM(I3:I52) -> 0.01

Sheet LVX0000UXVI7
A1: Loan ID | B1: LVX0000UXVI7 | D1: Data | G1: Paskola | K1: Grąžinimas
A2: Šalis | B2: Latvia | D2: Planuojama | E2: Reali | F2: Vėl./Anks. | G2: Principal | H2: Interest | I2: Mokestis | K2: Paskola | L2: Palūkanos | M2: Mokesčiai | N2: XIRR | O2: Data | P2: Vėluoja | Q2: Vėl./Anks. | X2: Data | Y2: Suma | Z2: Vėluoja
A3: Skolintojas | B3: SIA "Abele Finance" | D3: 46234 | E3: 46234 | F3: =IF(E3>0,E3-D3,"") -> 0 | G3: 0 | H3: 0 | I3: 0 | K3: =G53 -> 0 | L3: =H53 -> 0.26 | M3: =I53 -> 0 | N3: =IF(B16=K3,XIRR(Y3:Y52,X3:X52),"") | O3: =IF(B16=K3,MAX(E:E),"") | P3: =IF(Z3="+",TODAY()-B11,"") | Q3: =IF(B16=K3,MAX(E:E)-B11,"") | X3: =B9 -> 46219 | Y3: =B16*-1 -> -15.29 | Z3: =IF(AND(TODAY()>B11, K3<>B16), "+", "")
A4: Tipas | B4: Business | D4: 46265 | E4: 46265 | F4: =IF(E4>0,E4-D4,"") -> 0 | G4: 0 | H4: 0.11 | I4: 0 | X4: =E3 -> 46234 | Y4: =G3+H3-I3 -> 0
D5: 46295 | E5: 46295 | F5: =IF(E5>0,E5-D5,"") -> 0 | G5: 0 | H5: 0.15 | I5: 0 | X5: =E4 -> 46265 | Y5: =G4+H4-I4 -> 0.11
F6: =IF(E6>0,E6-D6,"") | X6: =E5 -> 46295 | Y6: =G5+H5-I5 -> 0.15
F7: =IF(E7>0,E7-D7,"") | X7: =E6 -> 0 | Y7: =G6+H6-I6 -> 0
A8: Terminas | B8: =DATEDIF(B9,B11,"y") & " m. " & DATEDIF(B9,B11,"ym") & " mėn. " & DATEDIF(B9,B11,"md") & " d." -> 0 m. 7 mėn. 12 d. | F8: =IF(E8>0,E8-D8,"") | X8: =E7 -> 0 | Y8: =G7+H7-I7 -> 0
A9: Investuota | B9: 46219 | X9: =E8 -> 0 | Y9: =G8+H8-I8 -> 0
A10: Pradžia | B10: 46204 | F10: =IF(E10>0,E10-D10,"") | X10: =E9 -> 0 | Y10: =G9+H9-I9 -> 0
A11: Pabaiga | B11: 46446 | F11: =IF(E11>0,E11-D11,"") | X11: =E10 -> 0 | Y11: =G10+H10-I10 -> 0
A12: Liko, dienos | B12: =IF(B16<>K3,(TODAY()-B11)*-1,"") -> 151 | F12: =IF(E12>0,E12-D12,"") | X12: =E11 -> 0 | Y12: =G11+H11-I11 -> 0
F13: =IF(E13>0,E13-D13,"") | X13: =E12 -> 0 | Y13: =G12+H12-I12 -> 0
F14: =IF(E14>0,E14-D14,"") | X14: =E13 -> 0 | Y14: =G13+H13-I13 -> 0
A15: Palūkanos | B15: 0.11 | F15: =IF(E15>0,E15-D15,"") | X15: =E14 -> 0 | Y15: =G14+H14-I14 -> 0
A16: Investuota, Eur | B16: 15.29 | F16: =IF(E16>0,E16-D16,"") | X16: =E15 -> 0 | Y16: =G15+H15-I15 -> 0
F17: =IF(E17>0,E17-D17,"") | X17: =E16 -> 0 | Y17: =G16+H16-I16 -> 0
F18: =IF(E18>0,E18-D18,"") | X18: =E17 -> 0 | Y18: =G17+H17-I17 -> 0
F19: =IF(E19>0,E19-D19,"") | X19: =E18 -> 0 | Y19: =G18+H18-I18 -> 0
F20: =IF(E20>0,E20-D20,"") | X20: =E19 -> 0 | Y20: =G19+H19-I19 -> 0
F21: =IF(E21>0,E21-D21,"") | X21: =E20 -> 0 | Y21: =G20+H20-I20 -> 0
F22: =IF(E22>0,E22-D22,"") | X22: =E21 -> 0 | Y22: =G21+H21-I21 -> 0
F23: =IF(E23>0,E23-D23,"") | X23: =E22 -> 0 | Y23: =G22+H22-I22 -> 0
F24: =IF(E24>0,E24-D24,"") | X24: =E23 -> 0 | Y24: =G23+H23-I23 -> 0
F25: =IF(E25>0,E25-D25,"") | X25: =E24 -> 0 | Y25: =G24+H24-I24 -> 0
F26: =IF(E26>0,E26-D26,"") | X26: =E25 -> 0 | Y26: =G25+H25-I25 -> 0
F27: =IF(E27>0,E27-D27,"") | X27: =E26 -> 0 | Y27: =G26+H26-I26 -> 0
F28: =IF(E28>0,E28-D28,"") | X28: =E27 -> 0 | Y28: =G27+H27-I27 -> 0
... F52: =IF(E52>0,E52-D52,"") | X52: =E51 -> 0 | Y52: =G51+H51-I51 -> 0
D53: Viso: | G53: =SUM(G3:G52) -> 0 | H53: =SUM(H3:H52) -> 0.26 | I53: =SUM(I3:I52) -> 0

Sheet LVX0000UXVE6
A1: Loan ID | B1: LVX0000UXVE6 | D1: Data | G1: Paskola | K1: Grąžinimas
A2: Šalis | B2: Latvia | D2: Planuojama | E2: Reali | F2: Vėl./Anks. | G2: Principal | H2: Interest | I2: Mokestis | K2: Paskola | L2: Palūkanos | M2: Mokesčiai | N2: XIRR | O2: Data | P2: Vėluoja | Q2: Vėl./Anks. | X2: Data | Y2: Suma | Z2: Vėluoja
A3: Skolintojas | B3: SIA "Abele Finance" | D3: 46234 | E3: 46234 | F3: =IF(E3>0,E3-D3,"") -> 0 | G3: 0 | H3: 0 | I3: 0 | K3: =G53 -> 0 | L3: =H53 -> 0.3 | M3: =I53 -> 0 | N3: =IF(B16=K3,XIRR(Y3:Y52,X3:X52),"") | O3: =IF(B16=K3,MAX(E:E),"") | P3: =IF(Z3="+",TODAY()-B11,"") | Q3: =IF(B16=K3,MAX(E:E)-B11,"") | X3: =B9 -> 46213 | Y3: =B16*-1 -> -16.02 | Z3: =IF(AND(TODAY()>B11, K3<>B16), "+", "")
A4: Tipas | B4: Business | D4: 46265 | E4: 46265 | F4: =IF(E4>0,E4-D4,"") -> 0 | G4: 0 | H4: 0.15 | I4: 0 | X4: =E3 -> 46234 | Y4: =G3+H3-I3 -> 0
D5: 46295 | E5: 46295 | F5: =IF(E5>0,E5-D5,"") -> 0 | G5: 0 | H5: 0.15 | I5: 0 | X5: =E4 -> 46265 | Y5: =G4+H4-I4 -> 0.15
F6: =IF(E6>0,E6-D6,"") | X6: =E5 -> 46295 | Y6: =G5+H5-I5 -> 0.15
F7: =IF(E7>0,E7-D7,"") | X7: =E6 -> 0 | Y7: =G6+H6-I6 -> 0
A8: Terminas | B8: =DATEDIF(B9,B11,"y") & " m. " & DATEDIF(B9,B11,"ym") & " mėn. " & DATEDIF(B9,B11,"md") & " d." -> 0 m. 7 mėn. 18 d. | F8: =IF(E8>0,E8-D8,"") | X8: =E7 -> 0 | Y8: =G7+H7-I7 -> 0
A9: Investuota | B9: 46213 | X9: =E8 -> 0 | Y9: =G8+H8-I8 -> 0
A10: Pradžia | B10: 46204 | F10: =IF(E10>0,E10-D10,"") | X10: =E9 -> 0 | Y10: =G9+H9-I9 -> 0
A11: Pabaiga | B11: 46446 | F11: =IF(E11>0,E11-D11,"") | X11: =E10 -> 0 | Y11: =G10+H10-I10 -> 0
A12: Liko, dienos | B12: =IF(B16<>K3,(TODAY()-B11)*-1,"") -> 151 | F12: =IF(E12>0,E12-D12,"") | X12: =E11 -> 0 | Y12: =G11+H11-I11 -> 0
F13: =IF(E13>0,E13-D13,"") | X13: =E12 -> 0 | Y13: =G12+H12-I12 -> 0
F14: =IF(E14>0,E14-D14,"") | X14: =E13 -> 0 | Y14: =G13+H13-I13 -> 0
A15: Palūkanos | B15: 0.11 | F15: =IF(E15>0,E15-D15,"") | X15: =E14 -> 0 | Y15: =G14+H14-I14 -> 0
A16: Investuota, Eur | B16: 16.02 | F16: =IF(E16>0,E16-D16,"") | X16: =E15 -> 0 | Y16: =G15+H15-I15 -> 0
F17: =IF(E17>0,E17-D17,"") | X17: =E16 -> 0 | Y17: =G16+H16-I16 -> 0
F18: =IF(E18>0,E18-D18,"") | X18: =E17 -> 0 | Y18: =G17+H17-I17 -> 0
F19: =IF(E19>0,E19-D19,"") | X19: =E18 -> 0 | Y19: =G18+H18-I18 -> 0
F20: =IF(E20>0,E20-D20,"") | X20: =E19 -> 0 | Y20: =G19+H19-I19 -> 0
F21: =IF(E21>0,E21-D21,"") | X21: =E20 -> 0 | Y21: =G20+H20-I20 -> 0
F22: =IF(E22>0,E22-D22,"") | X22: =E21 -> 0 | Y22: =G21+H21-I21 -> 0
F23: =IF(E23>0,E23-D23,"") | X23: =E22 -> 0 | Y23: =G22+H22-I22 -> 0
F24: =IF(E24>0,E24-D24,"") | X24: =E23 -> 0 | Y24: =G23+H23-I23 -> 0
F25: =IF(E25>0,E25-D25,"") | X25: =E24 -> 0 | Y25: =G24+H24-I24 -> 0
F26: =IF(E26>0,E26-D26,"") | X26: =E25 -> 0 | Y26: =G25+H25-I25 -> 0
F27: =IF(E27>0,E27-D27,"") | X27: =E26 -> 0 | Y27: =G26+H26-I26 -> 0
F28: =IF(E28>0,E28-D28,"") | X28: =E27 -> 0 | Y28: =G27+H27-I27 -> 0
... F52: =IF(E52>0,E52-D52,"") | X52: =E51 -> 0 | Y52: =G51+H51-I51 -> 0
D53: Viso: | G53: =SUM(G3:G52) -> 0 | H53: =SUM(H3:H52) -> 0.3 | I53: =SUM(I3:I52) -> 0

Sheet LVX0000UUJT5
A1: Loan ID | B1: LVX0000UUJT5 | D1: Data | G1: Paskola | K1: Grąžinimas
A2: Šalis | B2: Romania | D2: Planuojama | E2: Reali | F2: Vėl./Anks. | G2: Principal | H2: Interest | I2: Mokestis | K2: Paskola | L2: Palūkanos | M2: Mokesčiai | N2: XIRR | O2: Data | P2: Vėluoja | Q2: Vėl./Anks. | X2: Data | Y2: Suma | Z2: Vėluoja
A3: Skolintojas | B3: SIA "Abele Finance" | D3: 46234 | E3: 46234 | F3: =IF(E3>0,E3-D3,"") -> 0 | G3: 0 | H3: 0 | I3: 0 | K3: =G53 -> 12.58 | L3: =H53 -> 0.17 | M3: =I53 -> 0 | N3: =IF(B16=K3,XIRR(Y3:Y52,X3:X52),"") -> 0.10715036 | O3: =IF(B16=K3,MAX(E:E),"") -> 46295 | P3: =IF(Z3="+",TODAY()-B11,"") | Q3: =IF(B16=K3,MAX(E:E)-B11,"") -> -83 | X3: =B9 -> 46213 | Y3: =B16*-1 -> -12.58 | Z3: =IF(AND(TODAY()>B11, K3<>B16), "+", "")
A4: Tipas | B4: Business | D4: 46261 | E4: 46261 | F4: =IF(E4>0,E4-D4,"") -> 0 | G4: 12.58 | H4: 0.12 | I4: 0 | X4: =E3 -> 46234 | Y4: =G3+H3-I3 -> 0
D5: 46295 | E5: 46295 | F5: =IF(E5>0,E5-D5,"") -> 0 | G5: 0 | H5: 0.05 | I5: 0 | X5: =E4 -> 46261 | Y5: =G4+H4-I4 -> 12.7
F6: =IF(E6>0,E6-D6,"") | X6: =E5 -> 46295 | Y6: =G5+H5-I5 -> 0.05
F7: =IF(E7>0,E7-D7,"") | X7: =E6 -> 0 | Y7: =G6+H6-I6 -> 0
A8: Terminas | B8: =DATEDIF(B9,B11,"y") & " m. " & DATEDIF(B9,B11,"ym") & " mėn. " & DATEDIF(B9,B11,"md") & " d." -> 0 m. 5 mėn. 12 d. | F8: =IF(E8>0,E8-D8,"") | X8: =E7 -> 0 | Y8: =G7+H7-I7 -> 0
A9: Investuota | B9: 46213 | X9: =E8 -> 0 | Y9: =G8+H8-I8 -> 0
A10: Pradžia | B10: 46198 | F10: =IF(E10>0,E10-D10,"") | X10: =E9 -> 0 | Y10: =G9+H9-I9 -> 0
A11: Pabaiga | B11: 46378 | F11: =IF(E11>0,E11-D11,"") | X11: =E10 -> 0 | Y11: =G10+H10-I10 -> 0
A12: Liko, dienos | B12: =IF(B16<>K3,(TODAY()-B11)*-1,"") | F12: =IF(E12>0,E12-D12,"") | X12: =E11 -> 0 | Y12: =G11+H11-I11 -> 0
F13: =IF(E13>0,E13-D13,"") | X13: =E12 -> 0 | Y13: =G12+H12-I12 -> 0
F14: =IF(E14>0,E14-D14,"") | X14: =E13 -> 0 | Y14: =G13+H13-I13 -> 0
A15: Palūkanos | B15: 0.11 | F15: =IF(E15>0,E15-D15,"") | X15: =E14 -> 0 | Y15: =G14+H14-I14 -> 0
A16: Investuota, Eur | B16: 12.58 | F16: =IF(E16>0,E16-D16,"") | X16: =E15 -> 0 | Y16: =G15+H15-I15 -> 0
F17: =IF(E17>0,E17-D17,"") | X17: =E16 -> 0 | Y17: =G16+H16-I16 -> 0
F18: =IF(E18>0,E18-D18,"") | X18: =E17 -> 0 | Y18: =G17+H17-I17 -> 0
F19: =IF(E19>0,E19-D19,"") | X19: =E18 -> 0 | Y19: =G18+H18-I18 -> 0
F20: =IF(E20>0,E20-D20,"") | X20: =E19 -> 0 | Y20: =G19+H19-I19 -> 0
F21: =IF(E21>0,E21-D21,"") | X21: =E20 -> 0 | Y21: =G20+H20-I20 -> 0
F22: =IF(E22>0,E22-D22,"") | X22: =E21 -> 0 | Y22: =G21+H21-I21 -> 0
F23: =IF(E23>0,E23-D23,"") | X23: =E22 -> 0 | Y23: =G22+H22-I22 -> 0
F24: =IF(E24>0,E24-D24,"") | X24: =E23 -> 0 | Y24: =G23+H23-I23 -> 0
F25: =IF(E25>0,E25-D25,"") | X25: =E24 -> 0 | Y25: =G24+H24-I24 -> 0
F26: =IF(E26>0,E26-D26,"") | X26: =E25 -> 0 | Y26: =G25+H25-I25 -> 0
F27: =IF(E27>0,E27-D27,"") | X27: =E26 -> 0 | Y27: =G26+H26-I26 -> 0
F28: =IF(E28>0,E28-D28,"") | X28: =E27 -> 0 | Y28: =G27+H27-I27 -> 0
... F52: =IF(E52>0,E52-D52,"") | X52: =E51 -> 0 | Y52: =G51+H51-I51 -> 0
D53: Viso: | G53: =SUM(G3:G52) -> 12.58 | H53: =SUM(H3:H52) -> 0.17 | I53: =SUM(I3:I52) -> 0

Sheet LVX0000URIF2 (2)
A1: Loan ID | B1: LVX0000URIF2 | D1: Data | G1: Paskola | K1: Grąžinimas
A2: Šalis | B2: Cyprus | D2: Planuojama | E2: Reali | F2: Vėl./Anks. | G2: Principal | H2: Interest | I2: Mokestis | K2: Paskola | L2: Palūkanos | M2: Mokesčiai | N2: XIRR | O2: Data | P2: Vėluoja | Q2: Vėl./Anks. | X2: Data | Y2: Suma | Z2: Vėluoja
A3: Skolintojas | B3: SIA "Abele Finance" | D3: 46234 | E3: 46234 | F3: =IF(E3>0,E3-D3,"") -> 0 | G3: 0 | H3: 0.04 | I3: 0 | K3: =G53 -> 0 | L3: =H53 -> 0.49 | M3: =I53 -> 0 | N3: =IF(B16=K3,XIRR(Y3:Y52,X3:X52),"") | O3: =IF(B16=K3,MAX(E:E),"") | P3: =IF(Z3="+",TODAY()-B11,"") | Q3: =IF(B16=K3,MAX(E:E)-B11,"") | X3: =B9 -> 46207 | Y3: =B16*-1 -> -22.13 | Z3: =IF(AND(TODAY()>B11, K3<>B16), "+", "")
A4: Tipas | B4: Business | D4: 46265 | E4: 46265 | F4: =IF(E4>0,E4-D4,"") -> 0 | G4: 0 | H4: 0.23 | I4: 0 | X4: =E3 -> 46234 | Y4: =G3+H3-I3 -> 0.04
D5: 46295 | E5: 46295 | F5: =IF(E5>0,E5-D5,"") -> 0 | G5: 0 | H5: 0.22 | I5: 0 | X5: =E4 -> 46265 | Y5: =G4+H4-I4 -> 0.23
F6: =IF(E6>0,E6-D6,"") | X6: =E5 -> 46295 | Y6: =G5+H5-I5 -> 0.22
F7: =IF(E7>0,E7-D7,"") | X7: =E6 -> 0 | Y7: =G6+H6-I6 -> 0
A8: Terminas | B8: =DATEDIF(B9,B11,"y") & " m. " & DATEDIF(B9,B11,"ym") & " mėn. " & DATEDIF(B9,B11,"md") & " d." -> 0 m. 5 mėn. 14 d. | F8: =IF(E8>0,E8-D8,"") | X8: =E7 -> 0 | Y8: =G7+H7-I7 -> 0
A9: Investuota | B9: 46207 | X9: =E8 -> 0 | Y9: =G8+H8-I8 -> 0
A10: Pradžia | B10: 46192 | F10: =IF(E10>0,E10-D10,"") | X10: =E9 -> 0 | Y10: =G9+H9-I9 -> 0
A11: Pabaiga | B11: 46374 | F11: =IF(E11>0,E11-D11,"") | X11: =E10 -> 0 | Y11: =G10+H10-I10 -> 0
A12: Liko, dienos | B12: =IF(B16<>K3,(TODAY()-B11)*-1,"") -> 79 | F12: =IF(E12>0,E12-D12,"") | X12: =E11 -> 0 | Y12: =G11+H11-I11 -> 0
F13: =IF(E13>0,E13-D13,"") | X13: =E12 -> 0 | Y13: =G12+H12-I12 -> 0
F14: =IF(E14>0,E14-D14,"") | X14: =E13 -> 0 | Y14: =G13+H13-I13 -> 0
A15: Palūkanos | B15: 0.12 | F15: =IF(E15>0,E15-D15,"") | X15: =E14 -> 0 | Y15: =G14+H14-I14 -> 0
A16: Investuota, Eur | B16: 22.13 | F16: =IF(E16>0,E16-D16,"") | X16: =E15 -> 0 | Y16: =G15+H15-I15 -> 0
F17: =IF(E17>0,E17-D17,"") | X17: =E16 -> 0 | Y17: =G16+H16-I16 -> 0
F18: =IF(E18>0,E18-D18,"") | X18: =E17 -> 0 | Y18: =G17+H17-I17 -> 0
F19: =IF(E19>0,E19-D19,"") | X19: =E18 -> 0 | Y19: =G18+H18-I18 -> 0
F20: =IF(E20>0,E20-D20,"") | X20: =E19 -> 0 | Y20: =G19+H19-I19 -> 0
F21: =IF(E21>0,E21-D21,"") | X21: =E20 -> 0 | Y21: =G20+H20-I20 -> 0
F22: =IF(E22>0,E22-D22,"") | X22: =E21 -> 0 | Y22: =G21+H21-I21 -> 0
F23: =IF(E23>0,E23-D23,"") | X23: =E22 -> 0 | Y23: =G22+H22-I22 -> 0
F24: =IF(E24>0,E24-D24,"") | X24: =E23 -> 0 | Y24: =G23+H23-I23 -> 0
F25: =IF(E25>0,E25-D25,"") | X25: =E24 -> 0 | Y25: =G24+H24-I24 -> 0
F26: =IF(E26>0,E26-D26,"") | X26: =E25 -> 0 | Y26: =G25+H25-I25 -> 0
F27: =IF(E27>0,E27-D27,"") | X27: =E26 -> 0 | Y27: =G26+H26-I26 -> 0
F28: =IF(E28>0,E28-D28,"") | X28: =E27 -> 0 | Y28: =G27+H27-I27 -> 0
... F52: =IF(E52>0,E52-D52,"") | X52: =E51 -> 0 | Y52: =G51+H51-I51 -> 0
D53: Viso: | G53: =SUM(G3:G52) -> 0 | H53: =SUM(H3:H52) -> 0.49 | I53: =SUM(I3:I52) -> 0

Sheet LVX0000URIF2
A1: Loan ID | B1: LVX0000URIF2 | D1: Data | G1: Paskola | K1: Grąžinimas
A2: Šalis | B2: Cyprus | D2: Planuojama | E2: Reali | F2: Vėl./Anks. | G2: Principal | H2: Interest | I2: Mokestis | K2: Paskola | L2: Palūkanos | M2: Mokesčiai | N2: XIRR | O2: Data | P2: Vėluoja | Q2: Vėl./Anks. | X2: Data | Y2: Suma | Z2: Vėluoja
A3: Skolintojas | B3: SIA "Abele Finance" | D3: 46203 | E3: 46203 | F3: =IF(E3>0,E3-D3,"") -> 0 | G3: 0 | H3: 0 | I3: 0 | K3: =G53 -> 0 | L3: =H53 -> 0.37 | M3: =I53 -> 0 | N3: =IF(B16=K3,XIRR(Y3:Y52,X3:X52),"") | O3: =IF(B16=K3,MAX(E:E),"") | P3: =IF(Z3="+",TODAY()-B11,"") | Q3: =IF(B16=K3,MAX(E:E)-B11,"") | X3: =B9 -> 46195 | Y3: =B16*-1 -> -14.16 | Z3: =IF(AND(TODAY()>B11, K3<>B16), "+", "")
A4: Tipas | B4: Business | D4: 46234 | E4: 46234 | F4: =IF(E4>0,E4-D4,"") -> 0 | G4: 0 | H4: 0.08 | I4: 0 | X4: =E3 -> 46203 | Y4: =G3+H3-I3 -> 0
D5: 46265 | E5: 46265 | F5: =IF(E5>0,E5-D5,"") -> 0 | G5: 0 | H5: 0.15 | I5: 0 | X5: =E4 -> 46234 | Y5: =G4+H4-I4 -> 0.08
D6: 2026-09-30 | E6: 46295 | F6: =IF(E6>0,E6-D6,"") -> 0 | G6: 0 | H6: 0.14 | I6: 0 | X6: =E5 -> 46265 | Y6: =G5+H5-I5 -> 0.15
F7: =IF(E7>0,E7-D7,"") | X7: =E6 -> 46295 | Y7: =G6+H6-I6 -> 0.14
A8: Terminas | B8: =DATEDIF(B9,B11,"y") & " m. " & DATEDIF(B9,B11,"ym") & " mėn. " & DATEDIF(B9,B11,"md") & " d." -> 0 m. 5 mėn. 26 d. | F8: =IF(E8>0,E8-D8,"") | X8: =E7 -> 0 | Y8: =G7+H7-I7 -> 0
A9: Investuota | B9: 46195 | X9: =E8 -> 0 | Y9: =G8+H8-I8 -> 0
A10: Pradžia | B10: 46192 | F10: =IF(E10>0,E10-D10,"") | X10: =E9 -> 0 | Y10: =G9+H9-I9 -> 0
A11: Pabaiga | B11: 46374 | F11: =IF(E11>0,E11-D11,"") | X11: =E10 -> 0 | Y11: =G10+H10-I10 -> 0
A12: Liko, dienos | B12: =IF(B16<>K3,(TODAY()-B11)*-1,"") -> 79 | F12: =IF(E12>0,E12-D12,"") | X12: =E11 -> 0 | Y12: =G11+H11-I11 -> 0
F13: =IF(E13>0,E13-D13,"") | X13: =E12 -> 0 | Y13: =G12+H12-I12 -> 0
F14: =IF(E14>0,E14-D14,"") | X14: =E13 -> 0 | Y14: =G13+H13-I13 -> 0
A15: Palūkanos | B15: 0.12 | F15: =IF(E15>0,E15-D15,"") | X15: =E14 -> 0 | Y15: =G14+H14-I14 -> 0
A16: Investuota, Eur | B16: 14.16 | F16: =IF(E16>0,E16-D16,"") | X16: =E15 -> 0 | Y16: =G15+H15-I15 -> 0
F17: =IF(E17>0,E17-D17,"") | X17: =E16 -> 0 | Y17: =G16+H16-I16 -> 0
F18: =IF(E18>0,E18-D18,"") | X18: =E17 -> 0 | Y18: =G17+H17-I17 -> 0
F19: =IF(E19>0,E19-D19,"") | X19: =E18 -> 0 | Y19: =G18+H18-I18 -> 0
F20: =IF(E20>0,E20-D20,"") | X20: =E19 -> 0 | Y20: =G19+H19-I19 -> 0
F21: =IF(E21>0,E21-D21,"") | X21: =E20 -> 0 | Y21: =G20+H20-I20 -> 0
F22: =IF(E22>0,E22-D22,"") | X22: =E21 -> 0 | Y22: =G21+H21-I21 -> 0
F23: =IF(E23>0,E23-D23,"") | X23: =E22 -> 0 | Y23: =G22+H22-I22 -> 0
F24: =IF(E24>0,E24-D24,"") | X24: =E23 -> 0 | Y24: =G23+H23-I23 -> 0
F25: =IF(E25>0,E25-D25,"") | X25: =E24 -> 0 | Y25: =G24+H24-I24 -> 0
F26: =IF(E26>0,E26-D26,"") | X26: =E25 -> 0 | Y26: =G25+H25-I25 -> 0
F27: =IF(E27>0,E27-D27,"") | X27: =E26 -> 0 | Y27: =G26+H26-I26 -> 0
F28: =IF(E28>0,E28-D28,"") | X28: =E27 -> 0 | Y28: =G27+H27-I27 -> 0
... F52: =IF(E52>0,E52-D52,"") | X52: =E51 -> 0 | Y52: =G51+H51-I51 -> 0
D53: Viso: | G53: =SUM(G3:G52) -> 0 | H53: =SUM(H3:H52) -> 0.37 | I53: =SUM(I3:I52) -> 0

Sheet LVX0000UP6R4
A1: Loan ID | B1: LVX0000UP6R4 | D1: Data | G1: Paskola | K1: Grąžinimas
A2: Šalis | B2: Romania | D2: Planuojama | E2: Reali | F2: Vėl./Anks. | G2: Principal | H2: Interest | I2: Mokestis | K2: Paskola | L2: Palūkanos | M2: Mokesčiai | N2: XIRR | O2: Data | P2: Vėluoja | Q2: Vėl./Anks. | X2: Data | Y2: Suma | Z2: Vėluoja
A3: Skolintojas | B3: ECOFINANCE IFN SA | D3: 46203 | E3: 46203 | F3: =IF(E3>0,E3-D3,"") -> 0 | G3: 0.27 | H3: 0.03 | I3: 0 | K3: =G53 -> 11.85 | L3: =H53 -> 0.41 | M3: =I53 -> 0.01 | N3: =IF(B16=K3,XIRR(Y3:Y52,X3:X52),"") | O3: =IF(B16=K3,MAX(E:E),"") | P3: =IF(Z3="+",TODAY()-B11,"") | Q3: =IF(B16=K3,MAX(E:E)-B11,"") | X3: =B9 -> 46191 | Y3: =B16*-1 -> -14.5 | Z3: =IF(AND(TODAY()>B11, K3<>B16), "+", "")
A4: Tipas | B4: Personal | D4: 46234 | E4: 46234 | F4: =IF(E4>0,E4-D4,"") -> 0 | G4: 1.06 | H4: 0.16 | I4: 0.01 | X4: =E3 -> 46203 | Y4: =G3+H3-I3 -> 0.3
D5: 46265 | E5: 46265 | F5: =IF(E5>0,E5-D5,"") -> 0 | G5: 1.87 | H5: 0.12 | I5: 0 | X5: =E4 -> 46234 | Y5: =G4+H4-I4 -> 1.21
D6: 46295 | E6: 46295 | F6: =IF(E6>0,E6-D6,"") -> 0 | G6: 8.65 | H6: 0.1 | I6: 0 | X6: =E5 -> 46265 | Y6: =G5+H5-I5 -> 1.99
F7: =IF(E7>0,E7-D7,"") | X7: =E6 -> 46295 | Y7: =G6+H6-I6 -> 8.75
A8: Terminas | B8: =DATEDIF(B9,B11,"y") & " m. " & DATEDIF(B9,B11,"ym") & " mėn. " & DATEDIF(B9,B11,"md") & " d." -> 1 m. 10 mėn. 0 d. | F8: =IF(E8>0,E8-D8,"") | X8: =E7 -> 0 | Y8: =G7+H7-I7 -> 0
A9: Investuota | B9: 46191 | X9: =E8 -> 0 | Y9: =G8+H8-I8 -> 0
A10: Pradžia | B10: 46188 | F10: =IF(E10>0,E10-D10,"") | X10: =E9 -> 0 | Y10: =G9+H9-I9 -> 0
A11: Pabaiga | B11: 46861 | F11: =IF(E11>0,E11-D11,"") | X11: =E10 -> 0 | Y11: =G10+H10-I10 -> 0
A12: Liko, dienos | B12: =IF(B16<>K3,(TODAY()-B11)*-1,"") -> 566 | F12: =IF(E12>0,E12-D12,"") | X12: =E11 -> 0 | Y12: =G11+H11-I11 -> 0
F13: =IF(E13>0,E13-D13,"") | X13: =E12 -> 0 | Y13: =G12+H12-I12 -> 0
F14: =IF(E14>0,E14-D14,"") | X14: =E13 -> 0 | Y14: =G13+H13-I13 -> 0
A15: Palūkanos | B15: 0.125 | F15: =IF(E15>0,E15-D15,"") | X15: =E14 -> 0 | Y15: =G14+H14-I14 -> 0
A16: Investuota, Eur | B16: 14.5 | F16: =IF(E16>0,E16-D16,"") | X16: =E15 -> 0 | Y16: =G15+H15-I15 -> 0
F17: =IF(E17>0,E17-D17,"") | X17: =E16 -> 0 | Y17: =G16+H16-I16 -> 0
F18: =IF(E18>0,E18-D18,"") | X18: =E17 -> 0 | Y18: =G17+H17-I17 -> 0
F19: =IF(E19>0,E19-D19,"") | X19: =E18 -> 0 | Y19: =G18+H18-I18 -> 0
F20: =IF(E20>0,E20-D20,"") | X20: =E19 -> 0 | Y20: =G19+H19-I19 -> 0
F21: =IF(E21>0,E21-D21,"") | X21: =E20 -> 0 | Y21: =G20+H20-I20 -> 0
F22: =IF(E22>0,E22-D22,"") | X22: =E21 -> 0 | Y22: =G21+H21-I21 -> 0
F23: =IF(E23>0,E23-D23,"") | X23: =E22 -> 0 | Y23: =G22+H22-I22 -> 0
F24: =IF(E24>0,E24-D24,"") | X24: =E23 -> 0 | Y24: =G23+H23-I23 -> 0
F25: =IF(E25>0,E25-D25,"") | X25: =E24 -> 0 | Y25: =G24+H24-I24 -> 0
F26: =IF(E26>0,E26-D26,"") | X26: =E25 -> 0 | Y26: =G25+H25-I25 -> 0
F27: =IF(E27>0,E27-D27,"") | X27: =E26 -> 0 | Y27: =G26+H26-I26 -> 0
F28: =IF(E28>0,E28-D28,"") | X28: =E27 -> 0 | Y28: =G27+H27-I27 -> 0
... F52: =IF(E52>0,E52-D52,"") | X52: =E51 -> 0 | Y52: =G51+H51-I51 -> 0
D53: Viso: | G53: =SUM(G3:G52) -> 11.85 | H53: =SUM(H3:H52) -> 0.41 | I53: =SUM(I3:I52) -> 0.01

Sheet LVX0000ULW59
A1: Loan ID | B1: LVX0000ULW59 | D1: Data | G1: Paskola | K1: Grąžinimas
A2: Šalis | B2: Moldova | D2: Planuojama | E2: Reali | F2: Vėl./Anks. | G2: Principal | H2: Interest | I2: Mokestis | K2: Paskola | L2: Palūkanos | M2: Mokesčiai | N2: XIRR | O2: Data | P2: Vėluoja | Q2: Vėl./Anks. | X2: Data | Y2: Suma | Z2: Vėluoja
A3: Skolintojas | B3: "ECOFINANCE TECHNOLOGIES" LLC | D3: 46203 | E3: 46203 | F3: =IF(E3>0,E3-D3,"") -> 0 | G3: 0.25 | H3: 0.03 | I3: 0 | K3: =G53 -> 2.2 | L3: =H53 -> 0.38 | M3: =I53 -> 0.01 | N3: =IF(B16=K3,XIRR(Y3:Y52,X3:X52),"") | O3: =IF(B16=K3,MAX(E:E),"") | P3: =IF(Z3="+",TODAY()-B11,"") | Q3: =IF(B16=K3,MAX(E:E)-B11,"") | X3: =B9 -> 46188 | Y3: =B16*-1 -> -10.3 | Z3: =IF(AND(TODAY()>B11, K3<>B16), "+", "")
A4: Tipas | B4: Personal | D4: 46234 | E4: 46234 | F4: =IF(E4>0,E4-D4,"") -> 0 | G4: 1.04 | H4: 0.14 | I4: 0.01 | X4: =E3 -> 46203 | Y4: =G3+H3-I3 -> 0.28
D5: 46265 | E5: 46265 | F5: =IF(E5>0,E5-D5,"") -> 0 | G5: 0.34 | H5: 0.09 | I5: 0 | X5: =E4 -> 46234 | Y5: =G4+H4-I4 -> 1.17
D6: 46295 | E6: 46295 | F6: =IF(E6>0,E6-D6,"") -> 0 | G6: 0.57 | H6: 0.12 | I6: 0 | X6: =E5 -> 46265 | Y6: =G5+H5-I5 -> 0.43
F7: =IF(E7>0,E7-D7,"") | X7: =E6 -> 46295 | Y7: =G6+H6-I6 -> 0.69
A8: Terminas | B8: =DATEDIF(B9,B11,"y") & " m. " & DATEDIF(B9,B11,"ym") & " mėn. " & DATEDIF(B9,B11,"md") & " d." -> 2 m. 5 mėn. 10 d. | F8: =IF(E8>0,E8-D8,"") | X8: =E7 -> 0 | Y8: =G7+H7-I7 -> 0
A9: Investuota | B9: 46188 | X9: =E8 -> 0 | Y9: =G8+H8-I8 -> 0
A10: Pradžia | B10: 46183 | F10: =IF(E10>0,E10-D10,"") | X10: =E9 -> 0 | Y10: =G9+H9-I9 -> 0
A11: Pabaiga | B11: 47082 | F11: =IF(E11>0,E11-D11,"") | X11: =E10 -> 0 | Y11: =G10+H10-I10 -> 0
A12: Liko, dienos | B12: =IF(B16<>K3,(TODAY()-B11)*-1,"") -> 787 | F12: =IF(E12>0,E12-D12,"") | X12: =E11 -> 0 | Y12: =G11+H11-I11 -> 0
F13: =IF(E13>0,E13-D13,"") | X13: =E12 -> 0 | Y13: =G12+H12-I12 -> 0
F14: =IF(E14>0,E14-D14,"") | X14: =E13 -> 0 | Y14: =G13+H13-I13 -> 0
A15: Palūkanos | B15: 0.14 | F15: =IF(E15>0,E15-D15,"") | X15: =E14 -> 0 | Y15: =G14+H14-I14 -> 0
A16: Investuota, Eur | B16: 10.3 | F16: =IF(E16>0,E16-D16,"") | X16: =E15 -> 0 | Y16: =G15+H15-I15 -> 0
F17: =IF(E17>0,E17-D17,"") | X17: =E16 -> 0 | Y17: =G16+H16-I16 -> 0
F18: =IF(E18>0,E18-D18,"") | X18: =E17 -> 0 | Y18: =G17+H17-I17 -> 0
F19: =IF(E19>0,E19-D19,"") | X19: =E18 -> 0 | Y19: =G18+H18-I18 -> 0
F20: =IF(E20>0,E20-D20,"") | X20: =E19 -> 0 | Y20: =G19+H19-I19 -> 0
F21: =IF(E21>0,E21-D21,"") | X21: =E20 -> 0 | Y21: =G20+H20-I20 -> 0
F22: =IF(E22>0,E22-D22,"") | X22: =E21 -> 0 | Y22: =G21+H21-I21 -> 0
F23: =IF(E23>0,E23-D23,"") | X23: =E22 -> 0 | Y23: =G22+H22-I22 -> 0
F24: =IF(E24>0,E24-D24,"") | X24: =E23 -> 0 | Y24: =G23+H23-I23 -> 0
F25: =IF(E25>0,E25-D25,"") | X25: =E24 -> 0 | Y25: =G24+H24-I24 -> 0
F26: =IF(E26>0,E26-D26,"") | X26: =E25 -> 0 | Y26: =G25+H25-I25 -> 0
F27: =IF(E27>0,E27-D27,"") | X27: =E26 -> 0 | Y27: =G26+H26-I26 -> 0
F28: =IF(E28>0,E28-D28,"") | X28: =E27 -> 0 | Y28: =G27+H27-I27 -> 0
... F52: =IF(E52>0,E52-D52,"") | X52: =E51 -> 0 | Y52: =G51+H51-I51 -> 0
D53: Viso: | G53: =SUM(G3:G52) -> 2.2 | H53: =SUM(H3:H52) -> 0.38 | I53: =SUM(I3:I52) -> 0.01

Sheet LVX0000U4UG8
A1: Loan ID | B1: LVX0000U4UG8 | D1: Data | G1: Paskola | K1: Grąžinimas
A2: Šalis | B2: Romania | D2: Planuojama | E2: Reali | F2: Vėl./Anks. | G2: Principal | H2: Interest | I2: Mokestis | K2: Paskola | L2: Palūkanos | M2: Mokesčiai | N2: XIRR | O2: Data | P2: Vėluoja | Q2: Vėl./Anks. | X2: Data | Y2: Suma | Z2: Vėluoja
A3: Skolintojas | B3: ECOFINANCE IFN SA | D3: 46173 | E3: 46173 | F3: =IF(E3>0,E3-D3,"") -> 0 | G3: 0.62 | H3: 0.06 | I3: 0 | K3: =G53 -> 8.05 | L3: =H53 -> 0.62 | M3: =I53 -> 0.03 | N3: =IF(B16=K3,XIRR(Y3:Y52,X3:X52),"") | O3: =IF(B16=K3,MAX(E:E),"") | P3: =IF(Z3="+",TODAY()-B11,"") | Q3: =IF(B16=K3,MAX(E:E)-B11,"") | X3: =B9 -> 46157 | Y3: =B16*-1 -> -16.58 | Z3: =IF(AND(TODAY()>B11, K3<>B16), "+", "")
A4: Tipas | B4: Personal | D4: 46203 | E4: 46203 | F4: =IF(E4>0,E4-D4,"") -> 0 | G4: 0.95 | H4: 0.15 | I4: 0.01 | X4: =E3 -> 46173 | Y4: =G3+H3-I3 -> 0.68
D5: 46234 | E5: 46234 | F5: =IF(E5>0,E5-D5,"") -> 0 | G5: 2.65 | H5: 0.17 | I5: 0.02 | X5: =E4 -> 46203 | Y5: =G4+H4-I4 -> 1.09
D6: 46265 | E6: 46265 | F6: =IF(E6>0,E6-D6,"") -> 0 | G6: 1.12 | H6: 0.11 | I6: 0 | X6: =E5 -> 46234 | Y6: =G5+H5-I5 -> 2.8
D7: 46295 | E7: 46295 | F7: =IF(E7>0,E7-D7,"") -> 0 | G7: 2.71 | H7: 0.13 | I7: 0 | X7: =E6 -> 46265 | Y7: =G6+H6-I6 -> 1.23
A8: Terminas | B8: =DATEDIF(B9,B11,"y") & " m. " & DATEDIF(B9,B11,"ym") & " mėn. " & DATEDIF(B9,B11,"md") & " d." -> 0 m. 11 mėn. 21 d. | F8: =IF(E8>0,E8-D8,"") | X8: =E7 -> 46295 | Y8: =G7+H7-I7 -> 2.84
A9: Investuota | B9: 46157 | X9: =E8 -> 0 | Y9: =G8+H8-I8 -> 0
A10: Pradžia | B10: 46156 | F10: =IF(E10>0,E10-D10,"") | X10: =E9 -> 0 | Y10: =G9+H9-I9 -> 0
A11: Pabaiga | B11: 46513 | F11: =IF(E11>0,E11-D11,"") | X11: =E10 -> 0 | Y11: =G10+H10-I10 -> 0
A12: Liko, dienos | B12: =IF(B16<>K3,(TODAY()-B11)*-1,"") -> 218 | F12: =IF(E12>0,E12-D12,"") | X12: =E11 -> 0 | Y12: =G11+H11-I11 -> 0
F13: =IF(E13>0,E13-D13,"") | X13: =E12 -> 0 | Y13: =G12+H12-I12 -> 0
F14: =IF(E14>0,E14-D14,"") | X14: =E13 -> 0 | Y14: =G13+H13-I13 -> 0
A15: Palūkanos | B15: 0.125 | F15: =IF(E15>0,E15-D15,"") | X15: =E14 -> 0 | Y15: =G14+H14-I14 -> 0
A16: Investuota, Eur | B16: 16.58 | F16: =IF(E16>0,E16-D16,"") | X16: =E15 -> 0 | Y16: =G15+H15-I15 -> 0
F17: =IF(E17>0,E17-D17,"") | X17: =E16 -> 0 | Y17: =G16+H16-I16 -> 0
F18: =IF(E18>0,E18-D18,"") | X18: =E17 -> 0 | Y18: =G17+H17-I17 -> 0
F19: =IF(E19>0,E19-D19,"") | X19: =E18 -> 0 | Y19: =G18+H18-I18 -> 0
F20: =IF(E20>0,E20-D20,"") | X20: =E19 -> 0 | Y20: =G19+H19-I19 -> 0
F21: =IF(E21>0,E21-D21,"") | X21: =E20 -> 0 | Y21: =G20+H20-I20 -> 0
F22: =IF(E22>0,E22-D22,"") | X22: =E21 -> 0 | Y22: =G21+H21-I21 -> 0
F23: =IF(E23>0,E23-D23,"") | X23: =E22 -> 0 | Y23: =G22+H22-I22 -> 0
F24: =IF(E24>0,E24-D24,"") | X24: =E23 -> 0 | Y24: =G23+H23-I23 -> 0
F25: =IF(E25>0,E25-D25,"") | X25: =E24 -> 0 | Y25: =G24+H24-I24 -> 0
F26: =IF(E26>0,E26-D26,"") | X26: =E25 -> 0 | Y26: =G25+H25-I25 -> 0
F27: =IF(E27>0,E27-D27,"") | X27: =E26 -> 0 | Y27: =G26+H26-I26 -> 0
F28: =IF(E28>0,E28-D28,"") | X28: =E27 -> 0 | Y28: =G27+H27-I27 -> 0
... F52: =IF(E52>0,E52-D52,"") | X52: =E51 -> 0 | Y52: =G51+H51-I51 -> 0
D53: Viso: | G53: =SUM(G3:G52) -> 8.05 | H53: =SUM(H3:H52) -> 0.62 | I53: =SUM(I3:I52) -> 0.03

Sheet LVX0000TRJ61
A1: Loan ID | B1: LVX0000TRJ61 | D1: Data | G1: Paskola | K1: Grąžinimas
A2: Šalis | B2: Philippines | D2: Planuojama | E2: Reali | F2: Vėl./Anks. | G2: Principal | H2: Interest | I2: Mokestis | K2: Paskola | L2: Palūkanos | M2: Mokesčiai | N2: XIRR | O2: Data | P2: Vėluoja | Q2: Vėl./Anks. | X2: Data | Y2: Suma | Z2: Vėluoja
A3: Skolintojas | B3: SIA "Abele Finance" | D3: 46173 | E3: 46173 | F3: =IF(E3>0,E3-D3,"") -> 0 | G3: 0 | H3: 0 | I3: 0 | K3: =G53 -> 11.66 | L3: =H53 -> 0.38 | M3: =I53 -> 0.02 | N3: =IF(B16=K3,XIRR(Y3:Y52,X3:X52),"") -> 0.10776082 | O3: =IF(B16=K3,MAX(E:E),"") -> 46295 | P3: =IF(Z3="+",TODAY()-B11,"") | Q3: =IF(B16=K3,MAX(E:E)-B11,"") -> 30 | X3: =B9 -> 46151 | Y3: =B16*-1 -> -11.66 | Z3: =IF(AND(TODAY()>B11, K3<>B16), "+", "")
A4: Tipas | B4: Business | D4: 46203 | E4: 46203 | F4: =IF(E4>0,E4-D4,"") -> 0 | G4: 0 | H4: 0.11 | I4: 0.01 | X4: =E3 -> 46173 | Y4: =G3+H3-I3 -> 0
D5: 46234 | E5: 46234 | F5: =IF(E5>0,E5-D5,"") -> 0 | G5: 0 | H5: 0.11 | I5: 0.01 | X5: =E4 -> 46203 | Y5: =G4+H4-I4 -> 0.1
D6: 46260 | E6: 46260 | F6: =IF(E6>0,E6-D6,"") -> 0 | G6: 11.66 | H6: 0.11 | I6: 0 | X6: =E5 -> 46234 | Y6: =G5+H5-I5 -> 0.1
D7: 46295 | E7: 46295 | F7: =IF(E7>0,E7-D7,"") -> 0 | G7: 0 | H7: 0.05 | I7: 0 | X7: =E6 -> 46260 | Y7: =G6+H6-I6 -> 11.77
A8: Terminas | B8: =DATEDIF(B9,B11,"y") & " m. " & DATEDIF(B9,B11,"ym") & " mėn. " & DATEDIF(B9,B11,"md") & " d." -> 0 m. 3 mėn. 22 d. | F8: =IF(E8>0,E8-D8,"") | X8: =E7 -> 46295 | Y8: =G7+H7-I7 -> 0.05
A9: Investuota | B9: 46151 | X9: =E8 -> 0 | Y9: =G8+H8-I8 -> 0
A10: Pradžia | B10: 46135 | F10: =IF(E10>0,E10-D10,"") | X10: =E9 -> 0 | Y10: =G9+H9-I9 -> 0
A11: Pabaiga | B11: 46265 | F11: =IF(E11>0,E11-D11,"") | X11: =E10 -> 0 | Y11: =G10+H10-I10 -> 0
A12: Liko, dienos | B12: =IF(B16<>K3,(TODAY()-B11)*-1,"") | F12: =IF(E12>0,E12-D12,"") | X12: =E11 -> 0 | Y12: =G11+H11-I11 -> 0
F13: =IF(E13>0,E13-D13,"") | X13: =E12 -> 0 | Y13: =G12+H12-I12 -> 0
F14: =IF(E14>0,E14-D14,"") | X14: =E13 -> 0 | Y14: =G13+H13-I13 -> 0
A15: Palūkanos | B15: 0.11 | F15: =IF(E15>0,E15-D15,"") | X15: =E14 -> 0 | Y15: =G14+H14-I14 -> 0
A16: Investuota, Eur | B16: 11.66 | F16: =IF(E16>0,E16-D16,"") | X16: =E15 -> 0 | Y16: =G15+H15-I15 -> 0
F17: =IF(E17>0,E17-D17,"") | X17: =E16 -> 0 | Y17: =G16+H16-I16 -> 0
F18: =IF(E18>0,E18-D18,"") | X18: =E17 -> 0 | Y18: =G17+H17-I17 -> 0
F19: =IF(E19>0,E19-D19,"") | X19: =E18 -> 0 | Y19: =G18+H18-I18 -> 0
F20: =IF(E20>0,E20-D20,"") | X20: =E19 -> 0 | Y20: =G19+H19-I19 -> 0
F21: =IF(E21>0,E21-D21,"") | X21: =E20 -> 0 | Y21: =G20+H20-I20 -> 0
F22: =IF(E22>0,E22-D22,"") | X22: =E21 -> 0 | Y22: =G21+H21-I21 -> 0
F23: =IF(E23>0,E23-D23,"") | X23: =E22 -> 0 | Y23: =G22+H22-I22 -> 0
F24: =IF(E24>0,E24-D24,"") | X24: =E23 -> 0 | Y24: =G23+H23-I23 -> 0
F25: =IF(E25>0,E25-D25,"") | X25: =E24 -> 0 | Y25: =G24+H24-I24 -> 0
F26: =IF(E26>0,E26-D26,"") | X26: =E25 -> 0 | Y26: =G25+H25-I25 -> 0
F27: =IF(E27>0,E27-D27,"") | X27: =E26 -> 0 | Y27: =G26+H26-I26 -> 0
F28: =IF(E28>0,E28-D28,"") | X28: =E27 -> 0 | Y28: =G27+H27-I27 -> 0
... F52: =IF(E52>0,E52-D52,"") | X52: =E51 -> 0 | Y52: =G51+H51-I51 -> 0
D53: Viso: | G53: =SUM(G3:G52) -> 11.66 | H53: =SUM(H3:H52) -> 0.38 | I53: =SUM(I3:I52) -> 0.02

Sheet LVX0000TRIW9
A1: Loan ID | B1: LVX0000TRIW9 | D1: Data | G1: Paskola | K1: Grąžinimas
A2: Šalis | B2: Moldova | D2: Planuojama | E2: Reali | F2: Vėl./Anks. | G2: Principal | H2: Interest | I2: Mokestis | K2: Paskola | L2: Palūkanos | M2: Mokesčiai | N2: XIRR | O2: Data | P2: Vėluoja | Q2: Vėl./Anks. | X2: Data | Y2: Suma | Z2: Vėluoja
A3: Skolintojas | B3: SIA "Abele Finance" | D3: 46173 | E3: 46173 | F3: =IF(E3>0,E3-D3,"") -> 0 | G3: 0 | H3: 0 | I3: 0 | K3: =G53 -> 14.87 | L3: =H53 -> 0.62 | M3: =I53 -> 0.04 | N3: =IF(B16=K3,XIRR(Y3:Y52,X3:X52),"") -> 0.11279899 | O3: =IF(B16=K3,MAX(E:E),"") -> 46282 | P3: =IF(Z3="+",TODAY()-B11,"") | Q3: =IF(B16=K3,MAX(E:E)-B11,"") -> -33 | X3: =B9 -> 46150 | Y3: =B16*-1 -> -14.87 | Z3: =IF(AND(TODAY()>B11, K3<>B16), "+", "")
A4: Tipas | B4: Business | D4: 46203 | E4: 46203 | F4: =IF(E4>0,E4-D4,"") -> 0 | G4: 0 | H4: 0.16 | I4: 0.02 | X4: =E3 -> 46173 | Y4: =G3+H3-I3 -> 0
D5: 46234 | E5: 46234 | F5: =IF(E5>0,E5-D5,"") -> 0 | G5: 0 | H5: 0.15 | I5: 0.01 | X5: =E4 -> 46203 | Y5: =G4+H4-I4 -> 0.14
D6: 46265 | E6: 46265 | F6: =IF(E6>0,E6-D6,"") -> 0 | G6: 0 | H6: 0.15 | I6: 0 | X6: =E5 -> 46234 | Y6: =G5+H5-I5 -> 0.14
D7: 46282 | E7: 46282 | F7: =IF(E7>0,E7-D7,"") -> 0 | G7: 14.87 | H7: 0.16 | I7: 0.01 | X7: =E6 -> 46265 | Y7: =G6+H6-I6 -> 0.15
A8: Terminas | B8: =DATEDIF(B9,B11,"y") & " m. " & DATEDIF(B9,B11,"ym") & " mėn. " & DATEDIF(B9,B11,"md") & " d." -> 0 m. 5 mėn. 12 d. | F8: =IF(E8>0,E8-D8,"") | X8: =E7 -> 46282 | Y8: =G7+H7-I7 -> 15.02
A9: Investuota | B9: 46150 | X9: =E8 -> 0 | Y9: =G8+H8-I8 -> 0
A10: Pradžia | B10: 46135 | F10: =IF(E10>0,E10-D10,"") | X10: =E9 -> 0 | Y10: =G9+H9-I9 -> 0
A11: Pabaiga | B11: 46315 | F11: =IF(E11>0,E11-D11,"") | X11: =E10 -> 0 | Y11: =G10+H10-I10 -> 0
A12: Liko, dienos | B12: =IF(B16<>K3,(TODAY()-B11)*-1,"") | F12: =IF(E12>0,E12-D12,"") | X12: =E11 -> 0 | Y12: =G11+H11-I11 -> 0
F13: =IF(E13>0,E13-D13,"") | X13: =E12 -> 0 | Y13: =G12+H12-I12 -> 0
F14: =IF(E14>0,E14-D14,"") | X14: =E13 -> 0 | Y14: =G13+H13-I13 -> 0
A15: Palūkanos | B15: 0.12 | F15: =IF(E15>0,E15-D15,"") | X15: =E14 -> 0 | Y15: =G14+H14-I14 -> 0
A16: Investuota, Eur | B16: 14.87 | F16: =IF(E16>0,E16-D16,"") | X16: =E15 -> 0 | Y16: =G15+H15-I15 -> 0
F17: =IF(E17>0,E17-D17,"") | X17: =E16 -> 0 | Y17: =G16+H16-I16 -> 0
F18: =IF(E18>0,E18-D18,"") | X18: =E17 -> 0 | Y18: =G17+H17-I17 -> 0
F19: =IF(E19>0,E19-D19,"") | X19: =E18 -> 0 | Y19: =G18+H18-I18 -> 0
F20: =IF(E20>0,E20-D20,"") | X20: =E19 -> 0 | Y20: =G19+H19-I19 -> 0
F21: =IF(E21>0,E21-D21,"") | X21: =E20 -> 0 | Y21: =G20+H20-I20 -> 0
F22: =IF(E22>0,E22-D22,"") | X22: =E21 -> 0 | Y22: =G21+H21-I21 -> 0
F23: =IF(E23>0,E23-D23,"") | X23: =E22 -> 0 | Y23: =G22+H22-I22 -> 0
F24: =IF(E24>0,E24-D24,"") | X24: =E23 -> 0 | Y24: =G23+H23-I23 -> 0
F25: =IF(E25>0,E25-D25,"") | X25: =E24 -> 0 | Y25: =G24+H24-I24 -> 0
F26: =IF(E26>0,E26-D26,"") | X26: =E25 -> 0 | Y26: =G25+H25-I25 -> 0
F27: =IF(E27>0,E27-D27,"") | X27: =E26 -> 0 | Y27: =G26+H26-I26 -> 0
F28: =IF(E28>0,E28-D28,"") | X28: =E27 -> 0 | Y28: =G27+H27-I27 -> 0
... F52: =IF(E52>0,E52-D52,"") | X52: =E51 -> 0 | Y52: =G51+H51-I51 -> 0
D53: Viso: | G53: =SUM(G3:G52) -> 14.87 | H53: =SUM(H3:H52) -> 0.62 | I53: =SUM(I3:I52) -> 0.04

Sheet LVX0000TPE43
A1: Loan ID | B1: LVX0000TPE43 | D1: Data | G1: Paskola | K1: Grąžinimas
A2: Šalis | B2: Romania | D2: Planuojama | E2: Reali | F2: Vėl./Anks. | G2: Principal | H2: Interest | I2: Mokestis | K2: Paskola | L2: Palūkanos | M2: Mokesčiai | N2: XIRR | O2: Data | P2: Vėluoja | Q2: Vėl./Anks. | X2: Data | Y2: Suma | Z2: Vėluoja
A3: Skolintojas | B3: SIA "Abele Finance" | D3: 46142 | E3: 46142 | F3: =IF(E3>0,E3-D3,"") -> 0 | G3: 0 | H3: 0 | I3: 0 | K3: =G53 -> 13.66 | L3: =H53 -> 0.52 | M3: =I53 -> 0.02 | N3: =IF(B16=K3,XIRR(Y3:Y52,X3:X52),"") -> 0.11157539 | O3: =IF(B16=K3,MAX(E:E),"") -> 46295 | P3: =IF(Z3="+",TODAY()-B11,"") | Q3: =IF(B16=K3,MAX(E:E)-B11,"") -> -21 | X3: =B9 -> 46135 | Y3: =B16*-1 -> -13.66 | Z3: =IF(AND(TODAY()>B11, K3<>B16), "+", "")
A4: Tipas | B4: Business | D4: 46173 | E4: 46173 | F4: =IF(E4>0,E4-D4,"") -> 0 | G4: 0 | H4: 0.07 | I4: 0 | X4: =E3 -> 46142 | Y4: =G3+H3-I3 -> 0
D5: 46203 | E5: 46203 | F5: =IF(E5>0,E5-D5,"") -> 0 | G5: 0 | H5: 0.13 | I5: 0.01 | X5: =E4 -> 46173 | Y5: =G4+H4-I4 -> 0.07
D6: 46234 | E6: 46234 | F6: =IF(E6>0,E6-D6,"") -> 0 | G6: 0 | H6: 0.12 | I6: 0.01 | X6: =E5 -> 46203 | Y6: =G5+H5-I5 -> 0.12
D7: 46260 | E7: 46260 | F7: =IF(E7>0,E7-D7,"") -> 0 | G7: 13.66 | H7: 0.13 | I7: 0 | X7: =E6 -> 46234 | Y7: =G6+H6-I6 -> 0.11
A8: Terminas | B8: =DATEDIF(B9,B11,"y") & " m. " & DATEDIF(B9,B11,"ym") & " mėn. " & DATEDIF(B9,B11,"md") & " d." -> 0 m. 5 mėn. 28 d. | D8: 46295 | E8: 46295 | F8: =IF(E8>0,E8-D8,"") -> 0 | G8: 0 | H8: 0.07 | I8: 0 | X8: =E7 -> 46260 | Y8: =G7+H7-I7 -> 13.79
A9: Investuota | B9: 46135 | X9: =E8 -> 46295 | Y9: =G8+H8-I8 -> 0.07
A10: Pradžia | B10: 46132 | F10: =IF(E10>0,E10-D10,"") | X10: =E9 -> 0 | Y10: =G9+H9-I9 -> 0
A11: Pabaiga | B11: 46316 | F11: =IF(E11>0,E11-D11,"") | X11: =E10 -> 0 | Y11: =G10+H10-I10 -> 0
A12: Liko, dienos | B12: =IF(B16<>K3,(TODAY()-B11)*-1,"") | F12: =IF(E12>0,E12-D12,"") | X12: =E11 -> 0 | Y12: =G11+H11-I11 -> 0
F13: =IF(E13>0,E13-D13,"") | X13: =E12 -> 0 | Y13: =G12+H12-I12 -> 0
F14: =IF(E14>0,E14-D14,"") | X14: =E13 -> 0 | Y14: =G13+H13-I13 -> 0
A15: Palūkanos | B15: 0.11 | F15: =IF(E15>0,E15-D15,"") | X15: =E14 -> 0 | Y15: =G14+H14-I14 -> 0
A16: Investuota, Eur | B16: 13.66 | F16: =IF(E16>0,E16-D16,"") | X16: =E15 -> 0 | Y16: =G15+H15-I15 -> 0
F17: =IF(E17>0,E17-D17,"") | X17: =E16 -> 0 | Y17: =G16+H16-I16 -> 0
F18: =IF(E18>0,E18-D18,"") | X18: =E17 -> 0 | Y18: =G17+H17-I17 -> 0
F19: =IF(E19>0,E19-D19,"") | X19: =E18 -> 0 | Y19: =G18+H18-I18 -> 0
F20: =IF(E20>0,E20-D20,"") | X20: =E19 -> 0 | Y20: =G19+H19-I19 -> 0
F21: =IF(E21>0,E21-D21,"") | X21: =E20 -> 0 | Y21: =G20+H20-I20 -> 0
F22: =IF(E22>0,E22-D22,"") | X22: =E21 -> 0 | Y22: =G21+H21-I21 -> 0
F23: =IF(E23>0,E23-D23,"") | X23: =E22 -> 0 | Y23: =G22+H22-I22 -> 0
F24: =IF(E24>0,E24-D24,"") | X24: =E23 -> 0 | Y24: =G23+H23-I23 -> 0
F25: =IF(E25>0,E25-D25,"") | X25: =E24 -> 0 | Y25: =G24+H24-I24 -> 0
F26: =IF(E26>0,E26-D26,"") | X26: =E25 -> 0 | Y26: =G25+H25-I25 -> 0
F27: =IF(E27>0,E27-D27,"") | X27: =E26 -> 0 | Y27: =G26+H26-I26 -> 0
F28: =IF(E28>0,E28-D28,"") | X28: =E27 -> 0 | Y28: =G27+H27-I27 -> 0
... F52: =IF(E52>0,E52-D52,"") | X52: =E51 -> 0 | Y52: =G51+H51-I51 -> 0
D53: Viso: | G53: =SUM(G3:G52) -> 13.66 | H53: =SUM(H3:H52) -> 0.52 | I53: =SUM(I3:I52) -> 0.02

Sheet LVX0000TJQV1
A1: Loan ID | B1: LVX0000TJQV1 | D1: Data | G1: Paskola | K1: Grąžinimas
A2: Šalis | B2: Romania | D2: Planuojama | E2: Reali | F2: Vėl./Anks. | G2: Principal | H2: Interest | I2: Mokestis | K2: Paskola | L2: Palūkanos | M2: Mokesčiai | N2: XIRR | O2: Data | P2: Vėluoja | Q2: Vėl./Anks. | X2: Data | Y2: Suma | Z2: Vėluoja
A3: Skolintojas | B3: SIA "Abele Finance" | D3: 46142 | E3: 46142 | F3: =IF(E3>0,E3-D3,"") -> 0 | G3: 0 | H3: 0 | I3: 0 | K3: =G53 -> 17.46 | L3: =H53 -> 0.71 | M3: =I53 -> 0.02 | N3: =IF(B16=K3,XIRR(Y3:Y52,X3:X52),"") -> 0.11606095 | O3: =IF(B16=K3,MAX(E:E),"") -> 46295 | P3: =IF(Z3="+",TODAY()-B11,"") | Q3: =IF(B16=K3,MAX(E:E)-B11,"") -> -107 | X3: =B9 -> 46130 | Y3: =B16*-1 -> -17.46 | Z3: =IF(AND(TODAY()>B11, K3<>B16), "+", "")
A4: Tipas | B4: Business | D4: 46173 | E4: 46173 | F4: =IF(E4>0,E4-D4,"") -> 0 | G4: 0 | H4: 0.12 | I4: 0 | X4: =E3 -> 46142 | Y4: =G3+H3-I3 -> 0
D5: 46203 | E5: 46203 | F5: =IF(E5>0,E5-D5,"") -> 0 | G5: 0 | H5: 0.17 | I5: 0.01 | X5: =E4 -> 46173 | Y5: =G4+H4-I4 -> 0.12
D6: 46234 | E6: 46234 | F6: =IF(E6>0,E6-D6,"") -> 0 | G6: 0 | H6: 0.17 | I6: 0.01 | X6: =E5 -> 46203 | Y6: =G5+H5-I5 -> 0.16
D7: 46260 | E7: 46260 | F7: =IF(E7>0,E7-D7,"") -> 0 | G7: 17.46 | H7: 0.17 | I7: 0 | X7: =E6 -> 46234 | Y7: =G6+H6-I6 -> 0.16
A8: Terminas | B8: =DATEDIF(B9,B11,"y") & " m. " & DATEDIF(B9,B11,"ym") & " mėn. " & DATEDIF(B9,B11,"md") & " d." -> 0 m. 8 mėn. 28 d. | D8: 46295 | E8: 46295 | F8: =IF(E8>0,E8-D8,"") -> 0 | G8: 0 | H8: 0.08 | I8: 0 | X8: =E7 -> 46260 | Y8: =G7+H7-I7 -> 17.63
A9: Investuota | B9: 46130 | X9: =E8 -> 46295 | Y9: =G8+H8-I8 -> 0.08
A10: Pradžia | B10: 46125 | F10: =IF(E10>0,E10-D10,"") | X10: =E9 -> 0 | Y10: =G9+H9-I9 -> 0
A11: Pabaiga | B11: 46402 | F11: =IF(E11>0,E11-D11,"") | X11: =E10 -> 0 | Y11: =G10+H10-I10 -> 0
A12: Liko, dienos | B12: =IF(B16<>K3,(TODAY()-B11)*-1,"") | F12: =IF(E12>0,E12-D12,"") | X12: =E11 -> 0 | Y12: =G11+H11-I11 -> 0
F13: =IF(E13>0,E13-D13,"") | X13: =E12 -> 0 | Y13: =G12+H12-I12 -> 0
F14: =IF(E14>0,E14-D14,"") | X14: =E13 -> 0 | Y14: =G13+H13-I13 -> 0
A15: Palūkanos | B15: 0.115 | F15: =IF(E15>0,E15-D15,"") | X15: =E14 -> 0 | Y15: =G14+H14-I14 -> 0
A16: Investuota, Eur | B16: 17.46 | F16: =IF(E16>0,E16-D16,"") | X16: =E15 -> 0 | Y16: =G15+H15-I15 -> 0
F17: =IF(E17>0,E17-D17,"") | X17: =E16 -> 0 | Y17: =G16+H16-I16 -> 0
F18: =IF(E18>0,E18-D18,"") | X18: =E17 -> 0 | Y18: =G17+H17-I17 -> 0
F19: =IF(E19>0,E19-D19,"") | X19: =E18 -> 0 | Y19: =G18+H18-I18 -> 0
F20: =IF(E20>0,E20-D20,"") | X20: =E19 -> 0 | Y20: =G19+H19-I19 -> 0
F21: =IF(E21>0,E21-D21,"") | X21: =E20 -> 0 | Y21: =G20+H20-I20 -> 0
F22: =IF(E22>0,E22-D22,"") | X22: =E21 -> 0 | Y22: =G21+H21-I21 -> 0
F23: =IF(E23>0,E23-D23,"") | X23: =E22 -> 0 | Y23: =G22+H22-I22 -> 0
F24: =IF(E24>0,E24-D24,"") | X24: =E23 -> 0 | Y24: =G23+H23-I23 -> 0
F25: =IF(E25>0,E25-D25,"") | X25: =E24 -> 0 | Y25: =G24+H24-I24 -> 0
F26: =IF(E26>0,E26-D26,"") | X26: =E25 -> 0 | Y26: =G25+H25-I25 -> 0
F27: =IF(E27>0,E27-D27,"") | X27: =E26 -> 0 | Y27: =G26+H26-I26 -> 0
F28: =IF(E28>0,E28-D28,"") | X28: =E27 -> 0 | Y28: =G27+H27-I27 -> 0
... F52: =IF(E52>0,E52-D52,"") | X52: =E51 -> 0 | Y52: =G51+H51-I51 -> 0
D53: Viso: | G53: =SUM(G3:G52) -> 17.46 | H53: =SUM(H3:H52) -> 0.71 | I53: =SUM(I3:I52) -> 0.02

Sheet LVX0000TJR12
A1: Loan ID | B1: LVX0000TJR12 | D1: Data | G1: Paskola | K1: Grąžinimas
A2: Šalis | B2: Moldova | D2: Planuojama | E2: Reali | F2: Vėl./Anks. | G2: Principal | H2: Interest | I2: Mokestis | K2: Paskola | L2: Palūkanos | M2: Mokesčiai | N2: XIRR | O2: Data | P2: Vėluoja | Q2: Vėl./Anks. | X2: Data | Y2: Suma | Z2: Vėluoja
A3: Skolintojas | B3: SIA "Abele Finance" | D3: 46142 | E3: 46142 | F3: =IF(E3>0,E3-D3,"") -> 0 | G3: 0 | H3: 0 | I3: 0 | K3: =G53 -> 0 | L3: =H53 -> 1.01 | M3: =I53 -> 0.05 | N3: =IF(B16=K3,XIRR(Y3:Y52,X3:X52),"") | O3: =IF(B16=K3,MAX(E:E),"") | P3: =IF(Z3="+",TODAY()-B11,"") | Q3: =IF(B16=K3,MAX(E:E)-B11,"") | X3: =B9 -> 46129 | Y3: =B16*-1 -> -20 | Z3: =IF(AND(TODAY()>B11, K3<>B16), "+", "")
A4: Tipas | B4: Business | D4: 46173 | E4: 46173 | F4: =IF(E4>0,E4-D4,"") -> 0 | G4: 0 | H4: 0.15 | I4: 0.01 | X4: =E3 -> 46142 | Y4: =G3+H3-I3 -> 0
D5: 46203 | E5: 46203 | F5: =IF(E5>0,E5-D5,"") -> 0 | G5: 0 | H5: 0.22 | I5: 0.02 | X5: =E4 -> 46173 | Y5: =G4+H4-I4 -> 0.14
D6: 46234 | E6: 46234 | F6: =IF(E6>0,E6-D6,"") -> 0 | G6: 0 | H6: 0.21 | I6: 0.02 | X6: =E5 -> 46203 | Y6: =G5+H5-I5 -> 0.2
D7: 46265 | E7: 46265 | F7: =IF(E7>0,E7-D7,"") -> 0 | G7: 0 | H7: 0.21 | I7: 0 | X7: =E6 -> 46234 | Y7: =G6+H6-I6 -> 0.19
A8: Terminas | B8: =DATEDIF(B9,B11,"y") & " m. " & DATEDIF(B9,B11,"ym") & " mėn. " & DATEDIF(B9,B11,"md") & " d." -> 0 m. 8 mėn. 29 d. | D8: 46295 | E8: 46295 | F8: =IF(E8>0,E8-D8,"") -> 0 | G8: 0 | H8: 0.22 | I8: 0 | X8: =E7 -> 46265 | Y8: =G7+H7-I7 -> 0.21
A9: Investuota | B9: 46129 | X9: =E8 -> 46295 | Y9: =G8+H8-I8 -> 0.22
A10: Pradžia | B10: 46125 | F10: =IF(E10>0,E10-D10,"") | X10: =E9 -> 0 | Y10: =G9+H9-I9 -> 0
A11: Pabaiga | B11: 46402 | F11: =IF(E11>0,E11-D11,"") | X11: =E10 -> 0 | Y11: =G10+H10-I10 -> 0
A12: Liko, dienos | B12: =IF(B16<>K3,(TODAY()-B11)*-1,"") -> 107 | F12: =IF(E12>0,E12-D12,"") | X12: =E11 -> 0 | Y12: =G11+H11-I11 -> 0
F13: =IF(E13>0,E13-D13,"") | X13: =E12 -> 0 | Y13: =G12+H12-I12 -> 0
F14: =IF(E14>0,E14-D14,"") | X14: =E13 -> 0 | Y14: =G13+H13-I13 -> 0
A15: Palūkanos | B15: 0.125 | F15: =IF(E15>0,E15-D15,"") | X15: =E14 -> 0 | Y15: =G14+H14-I14 -> 0
A16: Investuota, Eur | B16: 20 | F16: =IF(E16>0,E16-D16,"") | X16: =E15 -> 0 | Y16: =G15+H15-I15 -> 0
F17: =IF(E17>0,E17-D17,"") | X17: =E16 -> 0 | Y17: =G16+H16-I16 -> 0
F18: =IF(E18>0,E18-D18,"") | X18: =E17 -> 0 | Y18: =G17+H17-I17 -> 0
F19: =IF(E19>0,E19-D19,"") | X19: =E18 -> 0 | Y19: =G18+H18-I18 -> 0
F20: =IF(E20>0,E20-D20,"") | X20: =E19 -> 0 | Y20: =G19+H19-I19 -> 0
F21: =IF(E21>0,E21-D21,"") | X21: =E20 -> 0 | Y21: =G20+H20-I20 -> 0
F22: =IF(E22>0,E22-D22,"") | X22: =E21 -> 0 | Y22: =G21+H21-I21 -> 0
F23: =IF(E23>0,E23-D23,"") | X23: =E22 -> 0 | Y23: =G22+H22-I22 -> 0
F24: =IF(E24>0,E24-D24,"") | X24: =E23 -> 0 | Y24: =G23+H23-I23 -> 0
F25: =IF(E25>0,E25-D25,"") | X25: =E24 -> 0 | Y25: =G24+H24-I24 -> 0
F26: =IF(E26>0,E26-D26,"") | X26: =E25 -> 0 | Y26: =G25+H25-I25 -> 0
F27: =IF(E27>0,E27-D27,"") | X27: =E26 -> 0 | Y27: =G26+H26-I26 -> 0
F28: =IF(E28>0,E28-D28,"") | X28: =E27 -> 0 | Y28: =G27+H27-I27 -> 0
... F52: =IF(E52>0,E52-D52,"") | X52: =E51 -> 0 | Y52: =G51+H51-I51 -> 0
D53: Viso: | G53: =SUM(G3:G52) -> 0 | H53: =SUM(H3:H52) -> 1.01 | I53: =SUM(I3:I52) -> 0.05

Sheet LVX0000TL6K6
A1: Loan ID | B1: LVX0000TL6K6 | D1: Data | G1: Paskola | K1: Grąžinimas
A2: Šalis | B2: Moldova | D2: Planuojama | E2: Reali | F2: Vėl./Anks. | G2: Principal | H2: Interest | I2: Mokestis | K2: Paskola | L2: Palūkanos | M2: Mokesčiai | N2: XIRR | O2: Data | P2: Vėluoja | Q2: Vėl./Anks. | X2: Data | Y2: Suma | Z2: Vėluoja
A3: Skolintojas | B3: SIA "Abele Finance" | D3: 46142 | E3: 46142 | F3: =IF(E3>0,E3-D3,"") -> 0 | G3: 0 | H3: 0 | I3: 0 | K3: =G53 -> 20 | L3: =H53 -> 0.97 | M3: =I53 -> 0.06 | N3: =IF(B16=K3,XIRR(Y3:Y52,X3:X52),"") -> 0.11356478 | O3: =IF(B16=K3,MAX(E:E),"") -> 46282 | P3: =IF(Z3="+",TODAY()-B11,"") | Q3: =IF(B16=K3,MAX(E:E)-B11,"") -> -35 | X3: =B9 -> 46129 | Y3: =B16*-1 -> -20 | Z3: =IF(AND(TODAY()>B11, K3<>B16), "+", "")
A4: Tipas | B4: Business | D4: 46173 | E4: 46173 | F4: =IF(E4>0,E4-D4,"") -> 0 | G4: 0 | H4: 0.15 | I4: 0.01 | X4: =E3 -> 46142 | Y4: =G3+H3-I3 -> 0
D5: 46203 | E5: 46203 | F5: =IF(E5>0,E5-D5,"") -> 0 | G5: 0 | H5: 0.2 | I5: 0.02 | X5: =E4 -> 46173 | Y5: =G4+H4-I4 -> 0.14
D6: 46234 | E6: 46234 | F6: =IF(E6>0,E6-D6,"") -> 0 | G6: 0 | H6: 0.2 | I6: 0.02 | X6: =E5 -> 46203 | Y6: =G5+H5-I5 -> 0.18
D7: 46265 | E7: 46265 | F7: =IF(E7>0,E7-D7,"") -> 0 | G7: 0 | H7: 0.21 | I7: 0 | X7: =E6 -> 46234 | Y7: =G6+H6-I6 -> 0.18
A8: Terminas | B8: =DATEDIF(B9,B11,"y") & " m. " & DATEDIF(B9,B11,"ym") & " mėn. " & DATEDIF(B9,B11,"md") & " d." -> 0 m. 6 mėn. 5 d. | D8: 46282 | E8: 46282 | F8: =IF(E8>0,E8-D8,"") -> 0 | G8: 20 | H8: 0.21 | I8: 0.01 | X8: =E7 -> 46265 | Y8: =G7+H7-I7 -> 0.21
A9: Investuota | B9: 46129 | X9: =E8 -> 46282 | Y9: =G8+H8-I8 -> 20.2
A10: Pradžia | B10: 46127 | F10: =IF(E10>0,E10-D10,"") | X10: =E9 -> 0 | Y10: =G9+H9-I9 -> 0
A11: Pabaiga | B11: 46317 | F11: =IF(E11>0,E11-D11,"") | X11: =E10 -> 0 | Y11: =G10+H10-I10 -> 0
A12: Liko, dienos | B12: =IF(B16<>K3,(TODAY()-B11)*-1,"") | F12: =IF(E12>0,E12-D12,"") | X12: =E11 -> 0 | Y12: =G11+H11-I11 -> 0
F13: =IF(E13>0,E13-D13,"") | X13: =E12 -> 0 | Y13: =G12+H12-I12 -> 0
F14: =IF(E14>0,E14-D14,"") | X14: =E13 -> 0 | Y14: =G13+H13-I13 -> 0
A15: Palūkanos | B15: 0.12 | F15: =IF(E15>0,E15-D15,"") | X15: =E14 -> 0 | Y15: =G14+H14-I14 -> 0
A16: Investuota, Eur | B16: 20 | F16: =IF(E16>0,E16-D16,"") | X16: =E15 -> 0 | Y16: =G15+H15-I15 -> 0
F17: =IF(E17>0,E17-D17,"") | X17: =E16 -> 0 | Y17: =G16+H16-I16 -> 0
F18: =IF(E18>0,E18-D18,"") | X18: =E17 -> 0 | Y18: =G17+H17-I17 -> 0
F19: =IF(E19>0,E19-D19,"") | X19: =E18 -> 0 | Y19: =G18+H18-I18 -> 0
F20: =IF(E20>0,E20-D20,"") | X20: =E19 -> 0 | Y20: =G19+H19-I19 -> 0
F21: =IF(E21>0,E21-D21,"") | X21: =E20 -> 0 | Y21: =G20+H20-I20 -> 0
F22: =IF(E22>0,E22-D22,"") | X22: =E21 -> 0 | Y22: =G21+H21-I21 -> 0
F23: =IF(E23>0,E23-D23,"") | X23: =E22 -> 0 | Y23: =G22+H22-I22 -> 0
F24: =IF(E24>0,E24-D24,"") | X24: =E23 -> 0 | Y24: =G23+H23-I23 -> 0
F25: =IF(E25>0,E25-D25,"") | X25: =E24 -> 0 | Y25: =G24+H24-I24 -> 0
F26: =IF(E26>0,E26-D26,"") | X26: =E25 -> 0 | Y26: =G25+H25-I25 -> 0
F27: =IF(E27>0,E27-D27,"") | X27: =E26 -> 0 | Y27: =G26+H26-I26 -> 0
F28: =IF(E28>0,E28-D28,"") | X28: =E27 -> 0 | Y28: =G27+H27-I27 -> 0
... F52: =IF(E52>0,E52-D52,"") | X52: =E51 -> 0 | Y52: =G51+H51-I51 -> 0
D53: Viso: | G53: =SUM(G3:G52) -> 20 | H53: =SUM(H3:H52) -> 0.97 | I53: =SUM(I3:I52) -> 0.06

Sheet LVX0000TJMX6
A1: Loan ID | B1: LVX0000TJMX6 | D1: Data | G1: Paskola | K1: Grąžinimas
A2: Šalis | B2: Romania | D2: Planuojama | E2: Reali | F2: Vėl./Anks. | G2: Principal | H2: Interest | I2: Mokestis | K2: Paskola | L2: Palūkanos | M2: Mokesčiai | N2: XIRR | O2: Data | P2: Vėluoja | Q2: Vėl./Anks. | X2: Data | Y2: Suma | Z2: Vėluoja
A3: Skolintojas | B3: ECOFINANCE IFN SA | D3: 46142 | E3: 46142 | F3: =IF(E3>0,E3-D3,"") -> 0 | G3: 0.96 | H3: 0.12 | I3: 0.01 | K3: =G53 -> 20.99 | L3: =H53 -> 1.26 | M3: =I53 -> 0.06 | N3: =IF(B16=K3,XIRR(Y3:Y52,X3:X52),"") | O3: =IF(B16=K3,MAX(E:E),"") | P3: =IF(Z3="+",TODAY()-B11,"") | Q3: =IF(B16=K3,MAX(E:E)-B11,"") | X3: =B9 -> 46129 | Y3: =B16*-1 -> -31.84 | Z3: =IF(AND(TODAY()>B11, K3<>B16), "+", "")
A4: Tipas | B4: Personal | D4: 46173 | E4: 46173 | F4: =IF(E4>0,E4-D4,"") -> 0 | G4: 2.35 | H4: 0.29 | I4: 0.01 | X4: =E3 -> 46142 | Y4: =G3+H3-I3 -> 1.07
D5: 46203 | E5: 46203 | F5: =IF(E5>0,E5-D5,"") -> 0 | G5: 6.96 | H5: 0.27 | I5: 0.02 | X5: =E4 -> 46173 | Y5: =G4+H4-I4 -> 2.63
D6: 46234 | E6: 46234 | F6: =IF(E6>0,E6-D6,"") -> 0 | G6: 3.6 | H6: 0.25 | I6: 0.02 | X6: =E5 -> 46203 | Y6: =G5+H5-I5 -> 7.21
D7: 46265 | E7: 46265 | F7: =IF(E7>0,E7-D7,"") -> 0 | G7: 3.25 | H7: 0.17 | I7: 0 | X7: =E6 -> 46234 | Y7: =G6+H6-I6 -> 3.83
A8: Terminas | B8: =DATEDIF(B9,B11,"y") & " m. " & DATEDIF(B9,B11,"ym") & " mėn. " & DATEDIF(B9,B11,"md") & " d." -> 0 m. 10 mėn. 20 d. | D8: 46295 | E8: 46295 | F8: =IF(E8>0,E8-D8,"") -> 0 | G8: 3.87 | H8: 0.16 | I8: 0 | X8: =E7 -> 46265 | Y8: =G7+H7-I7 -> 3.42
A9: Investuota | B9: 46129 | X9: =E8 -> 46295 | Y9: =G8+H8-I8 -> 4.03
A10: Pradžia | B10: 46125 | F10: =IF(E10>0,E10-D10,"") | X10: =E9 -> 0 | Y10: =G9+H9-I9 -> 0
A11: Pabaiga | B11: 46455 | F11: =IF(E11>0,E11-D11,"") | X11: =E10 -> 0 | Y11: =G10+H10-I10 -> 0
A12: Liko, dienos | B12: =IF(B16<>K3,(TODAY()-B11)*-1,"") -> 160 | F12: =IF(E12>0,E12-D12,"") | X12: =E11 -> 0 | Y12: =G11+H11-I11 -> 0
F13: =IF(E13>0,E13-D13,"") | X13: =E12 -> 0 | Y13: =G12+H12-I12 -> 0
F14: =IF(E14>0,E14-D14,"") | X14: =E13 -> 0 | Y14: =G13+H13-I13 -> 0
A15: Palūkanos | B15: 0.125 | F15: =IF(E15>0,E15-D15,"") | X15: =E14 -> 0 | Y15: =G14+H14-I14 -> 0
A16: Investuota, Eur | B16: 31.84 | F16: =IF(E16>0,E16-D16,"") | X16: =E15 -> 0 | Y16: =G15+H15-I15 -> 0
F17: =IF(E17>0,E17-D17,"") | X17: =E16 -> 0 | Y17: =G16+H16-I16 -> 0
F18: =IF(E18>0,E18-D18,"") | X18: =E17 -> 0 | Y18: =G17+H17-I17 -> 0
F19: =IF(E19>0,E19-D19,"") | X19: =E18 -> 0 | Y19: =G18+H18-I18 -> 0
F20: =IF(E20>0,E20-D20,"") | X20: =E19 -> 0 | Y20: =G19+H19-I19 -> 0
F21: =IF(E21>0,E21-D21,"") | X21: =E20 -> 0 | Y21: =G20+H20-I20 -> 0
F22: =IF(E22>0,E22-D22,"") | X22: =E21 -> 0 | Y22: =G21+H21-I21 -> 0
F23: =IF(E23>0,E23-D23,"") | X23: =E22 -> 0 | Y23: =G22+H22-I22 -> 0
F24: =IF(E24>0,E24-D24,"") | X24: =E23 -> 0 | Y24: =G23+H23-I23 -> 0
F25: =IF(E25>0,E25-D25,"") | X25: =E24 -> 0 | Y25: =G24+H24-I24 -> 0
F26: =IF(E26>0,E26-D26,"") | X26: =E25 -> 0 | Y26: =G25+H25-I25 -> 0
F27: =IF(E27>0,E27-D27,"") | X27: =E26 -> 0 | Y27: =G26+H26-I26 -> 0
F28: =IF(E28>0,E28-D28,"") | X28: =E27 -> 0 | Y28: =G27+H27-I27 -> 0
... F52: =IF(E52>0,E52-D52,"") | X52: =E51 -> 0 | Y52: =G51+H51-I51 -> 0
D53: Viso: | G53: =SUM(G3:G52) -> 20.99 | H53: =SUM(H3:H52) -> 1.26 | I53: =SUM(I3:I52) -> 0.06

Sheet LVX0000ST8W0
A1: Loan ID | B1: LVX0000ST8W0 | D1: Data | G1: Paskola | K1: Grąžinimas
A2: Šalis | B2: Moldova | D2: Planuojama | E2: Reali | F2: Vėl./Anks. | G2: Principal | H2: Interest | I2: Mokestis | K2: Paskola | L2: Palūkanos | M2: Mokesčiai | N2: XIRR | O2: Data | P2: Vėluoja | Q2: Vėl./Anks. | X2: Data | Y2: Suma | Z2: Vėluoja
A3: Skolintojas | B3: SIA "Abele Finance" | D3: 46142 | E3: 46142 | F3: =IF(E3>0,E3-D3,"") -> 0 | G3: 0 | H3: 0 | I3: 0 | K3: =G53 -> 0 | L3: =H53 -> 0.6 | M3: =I53 -> 0.01 | N3: =IF(B16=K3,XIRR(Y3:Y52,X3:X52),"") | O3: =IF(B16=K3,MAX(E:E),"") | P3: =IF(Z3="+",TODAY()-B11,"") | Q3: =IF(B16=K3,MAX(E:E)-B11,"") | X3: =B9 -> 46120 | Y3: =B16*-1 -> -11.15 | Z3: =IF(AND(TODAY()>B11, K3<>B16), "+", "")
A4: Tipas | B4: Business | D4: 46173 | E4: 46173 | F4: =IF(E4>0,E4-D4,"") -> 0 | G4: 0 | H4: 0.12 | I4: 0 | X4: =E3 -> 46142 | Y4: =G3+H3-I3 -> 0
D5: 46203 | E5: 46203 | F5: =IF(E5>0,E5-D5,"") -> 0 | G5: 0 | H5: 0.12 | I5: 0.01 | X5: =E4 -> 46173 | Y5: =G4+H4-I4 -> 0.12
D6: 46234 | E6: 46234 | F6: =IF(E6>0,E6-D6,"") -> 0 | G6: 0 | H6: 0.12 | I6: 0 | X6: =E5 -> 46203 | Y6: =G5+H5-I5 -> 0.11
D7: 46265 | E7: 46265 | F7: =IF(E7>0,E7-D7,"") -> 0 | G7: 0 | H7: 0.12 | I7: 0 | X7: =E6 -> 46234 | Y7: =G6+H6-I6 -> 0.12
A8: Terminas | B8: =DATEDIF(B9,B11,"y") & " m. " & DATEDIF(B9,B11,"ym") & " mėn. " & DATEDIF(B9,B11,"md") & " d." -> 0 m. 7 mėn. 22 d. | D8: 46295 | E8: 46295 | F8: =IF(E8>0,E8-D8,"") -> 0 | G8: 0 | H8: 0.12 | I8: 0 | X8: =E7 -> 46265 | Y8: =G7+H7-I7 -> 0.12
A9: Investuota | B9: 46120 | X9: =E8 -> 46295 | Y9: =G8+H8-I8 -> 0.12
A10: Pradžia | B10: 46086 | F10: =IF(E10>0,E10-D10,"") | X10: =E9 -> 0 | Y10: =G9+H9-I9 -> 0
A11: Pabaiga | B11: 46356 | F11: =IF(E11>0,E11-D11,"") | X11: =E10 -> 0 | Y11: =G10+H10-I10 -> 0
A12: Liko, dienos | B12: =IF(B16<>K3,(TODAY()-B11)*-1,"") -> 61 | F12: =IF(E12>0,E12-D12,"") | X12: =E11 -> 0 | Y12: =G11+H11-I11 -> 0
F13: =IF(E13>0,E13-D13,"") | X13: =E12 -> 0 | Y13: =G12+H12-I12 -> 0
F14: =IF(E14>0,E14-D14,"") | X14: =E13 -> 0 | Y14: =G13+H13-I13 -> 0
A15: Palūkanos | B15: 0.125 | F15: =IF(E15>0,E15-D15,"") | X15: =E14 -> 0 | Y15: =G14+H14-I14 -> 0
A16: Investuota, Eur | B16: 11.15 | F16: =IF(E16>0,E16-D16,"") | X16: =E15 -> 0 | Y16: =G15+H15-I15 -> 0
F17: =IF(E17>0,E17-D17,"") | X17: =E16 -> 0 | Y17: =G16+H16-I16 -> 0
F18: =IF(E18>0,E18-D18,"") | X18: =E17 -> 0 | Y18: =G17+H17-I17 -> 0
F19: =IF(E19>0,E19-D19,"") | X19: =E18 -> 0 | Y19: =G18+H18-I18 -> 0
F20: =IF(E20>0,E20-D20,"") | X20: =E19 -> 0 | Y20: =G19+H19-I19 -> 0
F21: =IF(E21>0,E21-D21,"") | X21: =E20 -> 0 | Y21: =G20+H20-I20 -> 0
F22: =IF(E22>0,E22-D22,"") | X22: =E21 -> 0 | Y22: =G21+H21-I21 -> 0
F23: =IF(E23>0,E23-D23,"") | X23: =E22 -> 0 | Y23: =G22+H22-I22 -> 0
F24: =IF(E24>0,E24-D24,"") | X24: =E23 -> 0 | Y24: =G23+H23-I23 -> 0
F25: =IF(E25>0,E25-D25,"") | X25: =E24 -> 0 | Y25: =G24+H24-I24 -> 0
F26: =IF(E26>0,E26-D26,"") | X26: =E25 -> 0 | Y26: =G25+H25-I25 -> 0
F27: =IF(E27>0,E27-D27,"") | X27: =E26 -> 0 | Y27: =G26+H26-I26 -> 0
F28: =IF(E28>0,E28-D28,"") | X28: =E27 -> 0 | Y28: =G27+H27-I27 -> 0
... F52: =IF(E52>0,E52-D52,"") | X52: =E51 -> 0 | Y52: =G51+H51-I51 -> 0
D53: Viso: | G53: =SUM(G3:G52) -> 0 | H53: =SUM(H3:H52) -> 0.6 | I53: =SUM(I3:I52) -> 0.01

Sheet LVX0000T2IT3
A1: Loan ID | B1: LVX0000T2IT3 | D1: Data | G1: Paskola | K1: Grąžinimas
A2: Šalis | B2: Cyprus | D2: Planuojama | E2: Reali | F2: Vėl./Anks. | G2: Principal | H2: Interest | I2: Mokestis | K2: Paskola | L2: Palūkanos | M2: Mokesčiai | N2: XIRR | O2: Data | P2: Vėluoja | Q2: Vėl./Anks. | X2: Data | Y2: Suma | Z2: Vėluoja
A3: Skolintojas | B3: SIA "Abele Finance" | D3: 46142 | E3: 46142 | F3: =IF(E3>0,E3-D3,"") -> 0 | G3: 0 | H3: 0.03 | I3: 0 | K3: =G53 -> 0 | L3: =H53 -> 0.74 | M3: =I53 -> 0.03 | N3: =IF(B16=K3,XIRR(Y3:Y52,X3:X52),"") | O3: =IF(B16=K3,MAX(E:E),"") | P3: =IF(Z3="+",TODAY()-B11,"") | Q3: =IF(B16=K3,MAX(E:E)-B11,"") | X3: =B9 -> 46115 | Y3: =B16*-1 -> -14.01 | Z3: =IF(AND(TODAY()>B11, K3<>B16), "+", "")
A4: Tipas | B4: Business | D4: 46173 | E4: 46173 | F4: =IF(E4>0,E4-D4,"") -> 0 | G4: 0 | H4: 0.14 | I4: 0.01 | X4: =E3 -> 46142 | Y4: =G3+H3-I3 -> 0.03
D5: 46203 | E5: 46203 | F5: =IF(E5>0,E5-D5,"") -> 0 | G5: 0 | H5: 0.14 | I5: 0.01 | X5: =E4 -> 46173 | Y5: =G4+H4-I4 -> 0.13
D6: 46234 | E6: 46234 | F6: =IF(E6>0,E6-D6,"") -> 0 | G6: 0 | H6: 0.14 | I6: 0.01 | X6: =E5 -> 46203 | Y6: =G5+H5-I5 -> 0.13
D7: 46265 | E7: 46265 | F7: =IF(E7>0,E7-D7,"") -> 0 | G7: 0 | H7: 0.15 | I7: 0 | X7: =E6 -> 46234 | Y7: =G6+H6-I6 -> 0.13
A8: Terminas | B8: =DATEDIF(B9,B11,"y") & " m. " & DATEDIF(B9,B11,"ym") & " mėn. " & DATEDIF(B9,B11,"md") & " d." -> 0 m. 11 mėn. 29 d. | D8: 46295 | E8: 46295 | F8: =IF(E8>0,E8-D8,"") -> 0 | G8: 0 | H8: 0.14 | I8: 0 | X8: =E7 -> 46265 | Y8: =G7+H7-I7 -> 0.15
A9: Investuota | B9: 46115 | X9: =E8 -> 46295 | Y9: =G8+H8-I8 -> 0.14
A10: Pradžia | B10: 46098 | F10: =IF(E10>0,E10-D10,"") | X10: =E9 -> 0 | Y10: =G9+H9-I9 -> 0
A11: Pabaiga | B11: 46478 | F11: =IF(E11>0,E11-D11,"") | X11: =E10 -> 0 | Y11: =G10+H10-I10 -> 0
A12: Liko, dienos | B12: =IF(B16<>K3,(TODAY()-B11)*-1,"") -> 183 | F12: =IF(E12>0,E12-D12,"") | X12: =E11 -> 0 | Y12: =G11+H11-I11 -> 0
F13: =IF(E13>0,E13-D13,"") | X13: =E12 -> 0 | Y13: =G12+H12-I12 -> 0
F14: =IF(E14>0,E14-D14,"") | X14: =E13 -> 0 | Y14: =G13+H13-I13 -> 0
A15: Palūkanos | B15: 0.12 | F15: =IF(E15>0,E15-D15,"") | X15: =E14 -> 0 | Y15: =G14+H14-I14 -> 0
A16: Investuota, Eur | B16: 14.01 | F16: =IF(E16>0,E16-D16,"") | X16: =E15 -> 0 | Y16: =G15+H15-I15 -> 0
F17: =IF(E17>0,E17-D17,"") | X17: =E16 -> 0 | Y17: =G16+H16-I16 -> 0
F18: =IF(E18>0,E18-D18,"") | X18: =E17 -> 0 | Y18: =G17+H17-I17 -> 0
F19: =IF(E19>0,E19-D19,"") | X19: =E18 -> 0 | Y19: =G18+H18-I18 -> 0
F20: =IF(E20>0,E20-D20,"") | X20: =E19 -> 0 | Y20: =G19+H19-I19 -> 0
F21: =IF(E21>0,E21-D21,"") | X21: =E20 -> 0 | Y21: =G20+H20-I20 -> 0
F22: =IF(E22>0,E22-D22,"") | X22: =E21 -> 0 | Y22: =G21+H21-I21 -> 0
F23: =IF(E23>0,E23-D23,"") | X23: =E22 -> 0 | Y23: =G22+H22-I22 -> 0
F24: =IF(E24>0,E24-D24,"") | X24: =E23 -> 0 | Y24: =G23+H23-I23 -> 0
F25: =IF(E25>0,E25-D25,"") | X25: =E24 -> 0 | Y25: =G24+H24-I24 -> 0
F26: =IF(E26>0,E26-D26,"") | X26: =E25 -> 0 | Y26: =G25+H25-I25 -> 0
F27: =IF(E27>0,E27-D27,"") | X27: =E26 -> 0 | Y27: =G26+H26-I26 -> 0
F28: =IF(E28>0,E28-D28,"") | X28: =E27 -> 0 | Y28: =G27+H27-I27 -> 0
... F52: =IF(E52>0,E52-D52,"") | X52: =E51 -> 0 | Y52: =G51+H51-I51 -> 0
D53: Viso: | G53: =SUM(G3:G52) -> 0 | H53: =SUM(H3:H52) -> 0.74 | I53: =SUM(I3:I52) -> 0.03

Sheet LVX0000T2IU1
A1: Loan ID | B1: LVX0000T2IU1 | D1: Data | G1: Paskola | K1: Grąžinimas
A2: Šalis | B2: Cyprus | D2: Planuojama | E2: Reali | F2: Vėl./Anks. | G2: Principal | H2: Interest | I2: Mokestis | K2: Paskola | L2: Palūkanos | M2: Mokesčiai | N2: XIRR | O2: Data | P2: Vėluoja | Q2: Vėl./Anks. | X2: Data | Y2: Suma | Z2: Vėluoja
A3: Skolintojas | B3: SIA "Abele Finance" | D3: 46112 | E3: 46112 | F3: =IF(E3>0,E3-D3,"") -> 0 | G3: 0 | H3: 0 | I3: 0 | K3: =G53 -> 0 | L3: =H53 -> 1.09 | M3: =I53 -> 0.05 | N3: =IF(B16=K3,XIRR(Y3:Y52,X3:X52),"") | O3: =IF(B16=K3,MAX(E:E),"") | P3: =IF(Z3="+",TODAY()-B11,"") | Q3: =IF(B16=K3,MAX(E:E)-B11,"") | X3: =B9 -> 46106 | Y3: =B16*-1 -> -18.62 | Z3: =IF(AND(TODAY()>B11, K3<>B16), "+", "")
A4: Tipas | B4: Business | D4: 46142 | E4: 46142 | F4: =IF(E4>0,E4-D4,"") -> 0 | G4: 0 | H4: 0.1 | I4: 0 | X4: =E3 -> 46112 | Y4: =G3+H3-I3 -> 0
D5: 46173 | E5: 46173 | F5: =IF(E5>0,E5-D5,"") -> 0 | G5: 0 | H5: 0.19 | I5: 0.01 | X5: =E4 -> 46142 | Y5: =G4+H4-I4 -> 0.1
D6: 46203 | E6: 46203 | F6: =IF(E6>0,E6-D6,"") -> 0 | G6: 0 | H6: 0.2 | I6: 0.02 | X6: =E5 -> 46173 | Y6: =G5+H5-I5 -> 0.18
D7: 46234 | E7: 46234 | F7: =IF(E7>0,E7-D7,"") -> 0 | G7: 0 | H7: 0.2 | I7: 0.02 | X7: =E6 -> 46203 | Y7: =G6+H6-I6 -> 0.18
A8: Terminas | B8: =DATEDIF(B9,B11,"y") & " m. " & DATEDIF(B9,B11,"ym") & " mėn. " & DATEDIF(B9,B11,"md") & " d." -> 1 m. 3 mėn. 0 d. | D8: 46265 | E8: 46265 | F8: =IF(E8>0,E8-D8,"") -> 0 | G8: 0 | H8: 0.2 | I8: 0 | X8: =E7 -> 46234 | Y8: =G7+H7-I7 -> 0.18
A9: Investuota | B9: 46106 | D9: 46295 | E9: 46295 | F9: =IF(E9>0,E9-D9,"") -> 0 | G9: 0 | H9: 0.2 | I9: 0 | X9: =E8 -> 46265 | Y9: =G8+H8-I8 -> 0.2
A10: Pradžia | B10: 46098 | F10: =IF(E10>0,E10-D10,"") | X10: =E9 -> 46295 | Y10: =G9+H9-I9 -> 0.2
A11: Pabaiga | B11: 46563 | F11: =IF(E11>0,E11-D11,"") | X11: =E10 -> 0 | Y11: =G10+H10-I10 -> 0
A12: Liko, dienos | B12: =IF(B16<>K3,(TODAY()-B11)*-1,"") -> 268 | F12: =IF(E12>0,E12-D12,"") | X12: =E11 -> 0 | Y12: =G11+H11-I11 -> 0
F13: =IF(E13>0,E13-D13,"") | X13: =E12 -> 0 | Y13: =G12+H12-I12 -> 0
F14: =IF(E14>0,E14-D14,"") | X14: =E13 -> 0 | Y14: =G13+H13-I13 -> 0
A15: Palūkanos | B15: 0.125 | F15: =IF(E15>0,E15-D15,"") | X15: =E14 -> 0 | Y15: =G14+H14-I14 -> 0
A16: Investuota, Eur | B16: 18.62 | F16: =IF(E16>0,E16-D16,"") | X16: =E15 -> 0 | Y16: =G15+H15-I15 -> 0
F17: =IF(E17>0,E17-D17,"") | X17: =E16 -> 0 | Y17: =G16+H16-I16 -> 0
F18: =IF(E18>0,E18-D18,"") | X18: =E17 -> 0 | Y18: =G17+H17-I17 -> 0
F19: =IF(E19>0,E19-D19,"") | X19: =E18 -> 0 | Y19: =G18+H18-I18 -> 0
F20: =IF(E20>0,E20-D20,"") | X20: =E19 -> 0 | Y20: =G19+H19-I19 -> 0
F21: =IF(E21>0,E21-D21,"") | X21: =E20 -> 0 | Y21: =G20+H20-I20 -> 0
F22: =IF(E22>0,E22-D22,"") | X22: =E21 -> 0 | Y22: =G21+H21-I21 -> 0
F23: =IF(E23>0,E23-D23,"") | X23: =E22 -> 0 | Y23: =G22+H22-I22 -> 0
F24: =IF(E24>0,E24-D24,"") | X24: =E23 -> 0 | Y24: =G23+H23-I23 -> 0
F25: =IF(E25>0,E25-D25,"") | X25: =E24 -> 0 | Y25: =G24+H24-I24 -> 0
F26: =IF(E26>0,E26-D26,"") | X26: =E25 -> 0 | Y26: =G25+H25-I25 -> 0
F27: =IF(E27>0,E27-D27,"") | X27: =E26 -> 0 | Y27: =G26+H26-I26 -> 0
F28: =IF(E28>0,E28-D28,"") | X28: =E27 -> 0 | Y28: =G27+H27-I27 -> 0
... F52: =IF(E52>0,E52-D52,"") | X52: =E51 -> 0 | Y52: =G51+H51-I51 -> 0
D53: Viso: | G53: =SUM(G3:G52) -> 0 | H53: =SUM(H3:H52) -> 1.09 | I53: =SUM(I3:I52) -> 0.05

Sheet LVX0000SIO33
A1: Loan ID | B1: LVX0000SIO33 | D1: Data | G1: Paskola | K1: Grąžinimas
A2: Šalis | B2: Moldova | D2: Planuojama | E2: Reali | F2: Vėl./Anks. | G2: Principal | H2: Interest | I2: Mokestis | K2: Paskola | L2: Palūkanos | M2: Mokesčiai | N2: XIRR | O2: Data | P2: Vėluoja | Q2: Vėl./Anks. | X2: Data | Y2: Suma | Z2: Vėluoja
A3: Skolintojas | B3: SIA "Abele Finance" | D3: 46112 | E3: 46112 | F3: =IF(E3>0,E3-D3,"") -> 0 | G3: 0 | H3: 0 | I3: 0 | K3: =G53 -> 10.74 | L3: =H53 -> 0.42 | M3: =I53 -> 0.01 | N3: =IF(B16=K3,XIRR(Y3:Y52,X3:X52),"") -> 0.12384453 | O3: =IF(B16=K3,MAX(E:E),"") -> 46234 | P3: =IF(Z3="+",TODAY()-B11,"") | Q3: =IF(B16=K3,MAX(E:E)-B11,"") -> -18 | X3: =B9 -> 46094 | Y3: =B16*-1 -> -10.74 | Z3: =IF(AND(TODAY()>B11, K3<>B16), "+", "")
A4: Tipas | B4: Business | D4: 46142 | E4: 46142 | F4: =IF(E4>0,E4-D4,"") -> 0 | G4: 0 | H4: 0.1 | I4: 0 | X4: =E3 -> 46112 | Y4: =G3+H3-I3 -> 0
D5: 46173 | E5: 46173 | F5: =IF(E5>0,E5-D5,"") -> 0 | G5: 0 | H5: 0.1 | I5: 0 | X5: =E4 -> 46142 | Y5: =G4+H4-I4 -> 0.1
D6: 46203 | E6: 46203 | F6: =IF(E6>0,E6-D6,"") -> 0 | G6: 0 | H6: 0.12 | I6: 0.01 | X6: =E5 -> 46173 | Y6: =G5+H5-I5 -> 0.1
D7: 46212 | E7: 46212 | F7: =IF(E7>0,E7-D7,"") -> 0 | G7: 10.74 | H7: 0 | I7: 0 | X7: =E6 -> 46203 | Y7: =G6+H6-I6 -> 0.11
A8: Terminas | B8: =DATEDIF(B9,B11,"y") & " m. " & DATEDIF(B9,B11,"ym") & " mėn. " & DATEDIF(B9,B11,"md") & " d." -> 0 m. 5 mėn. 5 d. | D8: 46234 | E8: 46234 | F8: =IF(E8>0,E8-D8,"") -> 0 | G8: 0 | H8: 0.1 | I8: 0 | X8: =E7 -> 46212 | Y8: =G7+H7-I7 -> 10.74
A9: Investuota | B9: 46094 | X9: =E8 -> 46234 | Y9: =G8+H8-I8 -> 0.1
A10: Pradžia | B10: 46072 | F10: =IF(E10>0,E10-D10,"") | X10: =E9 -> 0 | Y10: =G9+H9-I9 -> 0
A11: Pabaiga | B11: 46252 | F11: =IF(E11>0,E11-D11,"") | X11: =E10 -> 0 | Y11: =G10+H10-I10 -> 0
A12: Liko, dienos | B12: =IF(B16<>K3,(TODAY()-B11)*-1,"") | F12: =IF(E12>0,E12-D12,"") | X12: =E11 -> 0 | Y12: =G11+H11-I11 -> 0
F13: =IF(E13>0,E13-D13,"") | X13: =E12 -> 0 | Y13: =G12+H12-I12 -> 0
F14: =IF(E14>0,E14-D14,"") | X14: =E13 -> 0 | Y14: =G13+H13-I13 -> 0
A15: Palūkanos | B15: 0.12 | F15: =IF(E15>0,E15-D15,"") | X15: =E14 -> 0 | Y15: =G14+H14-I14 -> 0
A16: Investuota, Eur | B16: 10.74 | F16: =IF(E16>0,E16-D16,"") | X16: =E15 -> 0 | Y16: =G15+H15-I15 -> 0
F17: =IF(E17>0,E17-D17,"") | X17: =E16 -> 0 | Y17: =G16+H16-I16 -> 0
F18: =IF(E18>0,E18-D18,"") | X18: =E17 -> 0 | Y18: =G17+H17-I17 -> 0
F19: =IF(E19>0,E19-D19,"") | X19: =E18 -> 0 | Y19: =G18+H18-I18 -> 0
F20: =IF(E20>0,E20-D20,"") | X20: =E19 -> 0 | Y20: =G19+H19-I19 -> 0
F21: =IF(E21>0,E21-D21,"") | X21: =E20 -> 0 | Y21: =G20+H20-I20 -> 0
F22: =IF(E22>0,E22-D22,"") | X22: =E21 -> 0 | Y22: =G21+H21-I21 -> 0
F23: =IF(E23>0,E23-D23,"") | X23: =E22 -> 0 | Y23: =G22+H22-I22 -> 0
F24: =IF(E24>0,E24-D24,"") | X24: =E23 -> 0 | Y24: =G23+H23-I23 -> 0
F25: =IF(E25>0,E25-D25,"") | X25: =E24 -> 0 | Y25: =G24+H24-I24 -> 0
F26: =IF(E26>0,E26-D26,"") | X26: =E25 -> 0 | Y26: =G25+H25-I25 -> 0
F27: =IF(E27>0,E27-D27,"") | X27: =E26 -> 0 | Y27: =G26+H26-I26 -> 0
F28: =IF(E28>0,E28-D28,"") | X28: =E27 -> 0 | Y28: =G27+H27-I27 -> 0
... F52: =IF(E52>0,E52-D52,"") | X52: =E51 -> 0 | Y52: =G51+H51-I51 -> 0
D53: Viso: | G53: =SUM(G3:G52) -> 10.74 | H53: =SUM(H3:H52) -> 0.42 | I53: =SUM(I3:I52) -> 0.01

Sheet LVX0000RXUV8
A1: Loan ID | B1: LVX0000RXUV8 | D1: Data | G1: Paskola | K1: Grąžinimas
A2: Šalis | B2: Romania | D2: Planuojama | E2: Reali | F2: Vėl./Anks. | G2: Principal | H2: Interest | I2: Mokestis | K2: Paskola | L2: Palūkanos | M2: Mokesčiai | N2: XIRR | O2: Data | P2: Vėluoja | Q2: Vėl./Anks. | X2: Data | Y2: Suma | Z2: Vėluoja
A3: Skolintojas | B3: SIA "Abele Finance" | D3: 46081 | E3: 46081 | F3: =IF(E3>0,E3-D3,"") -> 0 | G3: 0 | H3: 0 | I3: 0 | K3: =G53 -> 12.52 | L3: =H53 -> 0.51 | M3: =I53 -> 0.02 | N3: =IF(B16=K3,XIRR(Y3:Y52,X3:X52),"") -> 0.1112439 | O3: =IF(B16=K3,MAX(E:E),"") -> 46234 | P3: =IF(Z3="+",TODAY()-B11,"") | Q3: =IF(B16=K3,MAX(E:E)-B11,"") -> 7 | X3: =B9 -> 46079 | Y3: =B16*-1 -> -12.52 | Z3: =IF(AND(TODAY()>B11, K3<>B16), "+", "")
A4: Tipas | B4: Business | D4: 46112 | E4: 46112 | F4: =IF(E4>0,E4-D4,"") -> 0 | G4: 0 | H4: 0.04 | I4: 0 | X4: =E3 -> 46081 | Y4: =G3+H3-I3 -> 0
D5: 46142 | E5: 46142 | F5: =IF(E5>0,E5-D5,"") -> 0 | G5: 0 | H5: 0.12 | I5: 0.01 | X5: =E4 -> 46112 | Y5: =G4+H4-I4 -> 0.04
D6: 46173 | E6: 46173 | F6: =IF(E6>0,E6-D6,"") -> 0 | G6: 0 | H6: 0.12 | I6: 0.01 | X6: =E5 -> 46142 | Y6: =G5+H5-I5 -> 0.11
D7: 46203 | E7: 46203 | F7: =IF(E7>0,E7-D7,"") -> 0 | G7: 0 | H7: 0.11 | I7: 0 | X7: =E6 -> 46173 | Y7: =G6+H6-I6 -> 0.11
A8: Terminas | B8: =DATEDIF(B9,B11,"y") & " m. " & DATEDIF(B9,B11,"ym") & " mėn. " & DATEDIF(B9,B11,"md") & " d." -> 0 m. 4 mėn. 28 d. | D8: 46227 | E8: 46213 | F8: =IF(E8>0,E8-D8,"") -> -14 | G8: 12.52 | H8: 0 | I8: 0 | X8: =E7 -> 46203 | Y8: =G7+H7-I7 -> 0.11
A9: Investuota | B9: 46079 | D9: 46234 | E9: 46234 | F9: =IF(E9>0,E9-D9,"") -> 0 | G9: 0 | H9: 0.12 | I9: 0 | X9: =E8 -> 46213 | Y9: =G8+H8-I8 -> 12.52
A10: Pradžia | B10: 46044 | F10: =IF(E10>0,E10-D10,"") | X10: =E9 -> 46234 | Y10: =G9+H9-I9 -> 0.12
A11: Pabaiga | B11: 46227 | F11: =IF(E11>0,E11-D11,"") | X11: =E10 -> 0 | Y11: =G10+H10-I10 -> 0
A12: Liko, dienos | B12: =IF(B16<>K3,(TODAY()-B11)*-1,"") | F12: =IF(E12>0,E12-D12,"") | X12: =E11 -> 0 | Y12: =G11+H11-I11 -> 0
F13: =IF(E13>0,E13-D13,"") | X13: =E12 -> 0 | Y13: =G12+H12-I12 -> 0
F14: =IF(E14>0,E14-D14,"") | X14: =E13 -> 0 | Y14: =G13+H13-I13 -> 0
A15: Palūkanos | B15: 0.11 | F15: =IF(E15>0,E15-D15,"") | X15: =E14 -> 0 | Y15: =G14+H14-I14 -> 0
A16: Investuota, Eur | B16: 12.52 | F16: =IF(E16>0,E16-D16,"") | X16: =E15 -> 0 | Y16: =G15+H15-I15 -> 0
F17: =IF(E17>0,E17-D17,"") | X17: =E16 -> 0 | Y17: =G16+H16-I16 -> 0
F18: =IF(E18>0,E18-D18,"") | X18: =E17 -> 0 | Y18: =G17+H17-I17 -> 0
F19: =IF(E19>0,E19-D19,"") | X19: =E18 -> 0 | Y19: =G18+H18-I18 -> 0
F20: =IF(E20>0,E20-D20,"") | X20: =E19 -> 0 | Y20: =G19+H19-I19 -> 0
F21: =IF(E21>0,E21-D21,"") | X21: =E20 -> 0 | Y21: =G20+H20-I20 -> 0
F22: =IF(E22>0,E22-D22,"") | X22: =E21 -> 0 | Y22: =G21+H21-I21 -> 0
F23: =IF(E23>0,E23-D23,"") | X23: =E22 -> 0 | Y23: =G22+H22-I22 -> 0
F24: =IF(E24>0,E24-D24,"") | X24: =E23 -> 0 | Y24: =G23+H23-I23 -> 0
F25: =IF(E25>0,E25-D25,"") | X25: =E24 -> 0 | Y25: =G24+H24-I24 -> 0
F26: =IF(E26>0,E26-D26,"") | X26: =E25 -> 0 | Y26: =G25+H25-I25 -> 0
F27: =IF(E27>0,E27-D27,"") | X27: =E26 -> 0 | Y27: =G26+H26-I26 -> 0
F28: =IF(E28>0,E28-D28,"") | X28: =E27 -> 0 | Y28: =G27+H27-I27 -> 0
... F52: =IF(E52>0,E52-D52,"") | X52: =E51 -> 0 | Y52: =G51+H51-I51 -> 0
D53: Viso: | G53: =SUM(G3:G52) -> 12.52 | H53: =SUM(H3:H52) -> 0.51 | I53: =SUM(I3:I52) -> 0.02

Sheet LVX0000RLA27
A1: Loan ID | B1: LVX0000RLA27 | D1: Data | G1: Paskola | K1: Grąžinimas
A2: Šalis | B2: Cyprus | D2: Planuojama | E2: Reali | F2: Vėl./Anks. | G2: Principal | H2: Interest | I2: Mokestis | K2: Paskola | L2: Palūkanos | M2: Mokesčiai | N2: XIRR | O2: Data | P2: Vėluoja | Q2: Vėl./Anks. | X2: Data | Y2: Suma | Z2: Vėluoja
A3: Skolintojas | B3: SIA "Abele Finance" | D3: 46081 | E3: 46081 | F3: =IF(E3>0,E3-D3,"") -> 0 | G3: 0 | H3: 0 | I3: 0 | K3: =G53 -> 14.08 | L3: =H53 -> 0.66 | M3: =I53 -> 0.03 | N3: =IF(B16=K3,XIRR(Y3:Y52,X3:X52),"") -> 0.10991471 | O3: =IF(B16=K3,MAX(E:E),"") -> 46265 | P3: =IF(Z3="+",TODAY()-B11,"") | Q3: =IF(B16=K3,MAX(E:E)-B11,"") -> 56 | X3: =B9 -> 46064 | Y3: =B16*-1 -> -14.08 | Z3: =IF(AND(TODAY()>B11, K3<>B16), "+", "")
A4: Tipas | B4: Business | D4: 46112 | E4: 46112 | F4: =IF(E4>0,E4-D4,"") -> 0 | G4: 0 | H4: 0.11 | I4: 0 | X4: =E3 -> 46081 | Y4: =G3+H3-I3 -> 0
D5: 46142 | E5: 46142 | F5: =IF(E5>0,E5-D5,"") -> 0 | G5: 0 | H5: 0.14 | I5: 0.01 | X5: =E4 -> 46112 | Y5: =G4+H4-I4 -> 0.11
D6: 46173 | E6: 46173 | F6: =IF(E6>0,E6-D6,"") -> 0 | G6: 0 | H6: 0.12 | I6: 0.01 | X6: =E5 -> 46142 | Y6: =G5+H5-I5 -> 0.13
D7: 46203 | E7: 46203 | F7: =IF(E7>0,E7-D7,"") -> 0 | G7: 0 | H7: 0.14 | I7: 0.01 | X7: =E6 -> 46173 | Y7: =G6+H6-I6 -> 0.11
A8: Terminas | B8: =DATEDIF(B9,B11,"y") & " m. " & DATEDIF(B9,B11,"ym") & " mėn. " & DATEDIF(B9,B11,"md") & " d." -> 0 m. 4 mėn. 25 d. | D8: 46209 | E8: 46219 | F8: =IF(E8>0,E8-D8,"") -> 10 | G8: 14.08 | H8: 0 | I8: 0 | X8: =E7 -> 46203 | Y8: =G7+H7-I7 -> 0.13
A9: Investuota | B9: 46064 | D9: 46234 | E9: 46234 | F9: =IF(E9>0,E9-D9,"") -> 0 | G9: 0 | H9: 0.13 | I9: 0 | X9: =E8 -> 46219 | Y9: =G8+H8-I8 -> 14.08
A10: Pradžia | B10: 46029 | D10: 46265 | E10: 46265 | F10: =IF(E10>0,E10-D10,"") -> 0 | G10: 0 | H10: 0.02 | I10: 0 | X10: =E9 -> 46234 | Y10: =G9+H9-I9 -> 0.13
A11: Pabaiga | B11: 46209 | F11: =IF(E11>0,E11-D11,"") | X11: =E10 -> 46265 | Y11: =G10+H10-I10 -> 0.02
A12: Liko, dienos | B12: =IF(B16<>K3,(TODAY()-B11)*-1,"") | F12: =IF(E12>0,E12-D12,"") | X12: =E11 -> 0 | Y12: =G11+H11-I11 -> 0
F13: =IF(E13>0,E13-D13,"") | X13: =E12 -> 0 | Y13: =G12+H12-I12 -> 0
F14: =IF(E14>0,E14-D14,"") | X14: =E13 -> 0 | Y14: =G13+H13-I13 -> 0
A15: Palūkanos | B15: 0.11 | F15: =IF(E15>0,E15-D15,"") | X15: =E14 -> 0 | Y15: =G14+H14-I14 -> 0
A16: Investuota, Eur | B16: 14.08 | F16: =IF(E16>0,E16-D16,"") | X16: =E15 -> 0 | Y16: =G15+H15-I15 -> 0
F17: =IF(E17>0,E17-D17,"") | X17: =E16 -> 0 | Y17: =G16+H16-I16 -> 0
F18: =IF(E18>0,E18-D18,"") | X18: =E17 -> 0 | Y18: =G17+H17-I17 -> 0
F19: =IF(E19>0,E19-D19,"") | X19: =E18 -> 0 | Y19: =G18+H18-I18 -> 0
F20: =IF(E20>0,E20-D20,"") | X20: =E19 -> 0 | Y20: =G19+H19-I19 -> 0
F21: =IF(E21>0,E21-D21,"") | X21: =E20 -> 0 | Y21: =G20+H20-I20 -> 0
F22: =IF(E22>0,E22-D22,"") | X22: =E21 -> 0 | Y22: =G21+H21-I21 -> 0
F23: =IF(E23>0,E23-D23,"") | X23: =E22 -> 0 | Y23: =G22+H22-I22 -> 0
F24: =IF(E24>0,E24-D24,"") | X24: =E23 -> 0 | Y24: =G23+H23-I23 -> 0
F25: =IF(E25>0,E25-D25,"") | X25: =E24 -> 0 | Y25: =G24+H24-I24 -> 0
F26: =IF(E26>0,E26-D26,"") | X26: =E25 -> 0 | Y26: =G25+H25-I25 -> 0
F27: =IF(E27>0,E27-D27,"") | X27: =E26 -> 0 | Y27: =G26+H26-I26 -> 0
F28: =IF(E28>0,E28-D28,"") | X28: =E27 -> 0 | Y28: =G27+H27-I27 -> 0
... F52: =IF(E52>0,E52-D52,"") | X52: =E51 -> 0 | Y52: =G51+H51-I51 -> 0
D53: Viso: | G53: =SUM(G3:G52) -> 14.08 | H53: =SUM(H3:H52) -> 0.66 | I53: =SUM(I3:I52) -> 0.03

Sheet LVX0000RLA68
A1: Loan ID | B1: LVX0000RLA68 | D1: Data | G1: Paskola | K1: Grąžinimas
A2: Šalis | B2: Philippines | D2: Planuojama | E2: Reali | F2: Vėl./Anks. | G2: Principal | H2: Interest | I2: Mokestis | K2: Paskola | L2: Palūkanos | M2: Mokesčiai | N2: XIRR | O2: Data | P2: Vėluoja | Q2: Vėl./Anks. | X2: Data | Y2: Suma | Z2: Vėluoja
A3: Skolintojas | B3: SIA "Abele Finance" | D3: 46053 | E3: 46053 | F3: =IF(E3>0,E3-D3,"") -> 0 | G3: 0 | H3: 0 | I3: 0 | K3: =G53 -> 11.66 | L3: =H53 -> 0.35 | M3: =I53 -> 0.02 | N3: =IF(B16=K3,XIRR(Y3:Y52,X3:X52),"") -> 0.10682948 | O3: =IF(B16=K3,MAX(E:E),"") -> 46151 | P3: =IF(Z3="+",TODAY()-B11,"") | Q3: =IF(B16=K3,MAX(E:E)-B11,"") -> 2 | X3: =B9 -> 46050 | Y3: =B16*-1 -> -11.66 | Z3: =IF(AND(TODAY()>B11, K3<>B16), "+", "")
A4: Tipas | B4: Business | D4: 46081 | E4: 46081 | F4: =IF(E4>0,E4-D4,"") -> 0 | G4: 0 | H4: 0.04 | I4: 0 | X4: =E3 -> 46053 | Y4: =G3+H3-I3 -> 0
D5: 46112 | E5: 46112 | F5: =IF(E5>0,E5-D5,"") -> 0 | G5: 0 | H5: 0.1 | I5: 0 | X5: =E4 -> 46081 | Y5: =G4+H4-I4 -> 0.04
D6: 46142 | E6: 46142 | F6: =IF(E6>0,E6-D6,"") -> 0 | G6: 0 | H6: 0.11 | I6: 0.01 | X6: =E5 -> 46112 | Y6: =G5+H5-I5 -> 0.1
D7: 46149 | E7: 46151 | F7: =IF(E7>0,E7-D7,"") -> 2 | G7: 11.66 | H7: 0.1 | I7: 0.01 | X7: =E6 -> 46142 | Y7: =G6+H6-I6 -> 0.1
A8: Terminas | B8: =DATEDIF(B9,B11,"y") & " m. " & DATEDIF(B9,B11,"ym") & " mėn. " & DATEDIF(B9,B11,"md") & " d." -> 0 m. 3 mėn. 9 d. | F8: =IF(E8>0,E8-D8,"") | X8: =E7 -> 46151 | Y8: =G7+H7-I7 -> 11.75
A9: Investuota | B9: 46050 | X9: =E8 -> 0 | Y9: =G8+H8-I8 -> 0
A10: Pradžia | B10: 46029 | F10: =IF(E10>0,E10-D10,"") | X10: =E9 -> 0 | Y10: =G9+H9-I9 -> 0
A11: Pabaiga | B11: 46149 | F11: =IF(E11>0,E11-D11,"") | X11: =E10 -> 0 | Y11: =G10+H10-I10 -> 0
A12: Liko, dienos | B12: =IF(B16<>K3,(TODAY()-B11)*-1,"") | F12: =IF(E12>0,E12-D12,"") | X12: =E11 -> 0 | Y12: =G11+H11-I11 -> 0
F13: =IF(E13>0,E13-D13,"") | X13: =E12 -> 0 | Y13: =G12+H12-I12 -> 0
F14: =IF(E14>0,E14-D14,"") | X14: =E13 -> 0 | Y14: =G13+H13-I13 -> 0
A15: Palūkanos | B15: 0.11 | F15: =IF(E15>0,E15-D15,"") | X15: =E14 -> 0 | Y15: =G14+H14-I14 -> 0
A16: Investuota, Eur | B16: 11.66 | F16: =IF(E16>0,E16-D16,"") | X16: =E15 -> 0 | Y16: =G15+H15-I15 -> 0
F17: =IF(E17>0,E17-D17,"") | X17: =E16 -> 0 | Y17: =G16+H16-I16 -> 0
F18: =IF(E18>0,E18-D18,"") | X18: =E17 -> 0 | Y18: =G17+H17-I17 -> 0
F19: =IF(E19>0,E19-D19,"") | X19: =E18 -> 0 | Y19: =G18+H18-I18 -> 0
F20: =IF(E20>0,E20-D20,"") | X20: =E19 -> 0 | Y20: =G19+H19-I19 -> 0
F21: =IF(E21>0,E21-D21,"") | X21: =E20 -> 0 | Y21: =G20+H20-I20 -> 0
F22: =IF(E22>0,E22-D22,"") | X22: =E21 -> 0 | Y22: =G21+H21-I21 -> 0
F23: =IF(E23>0,E23-D23,"") | X23: =E22 -> 0 | Y23: =G22+H22-I22 -> 0
F24: =IF(E24>0,E24-D24,"") | X24: =E23 -> 0 | Y24: =G23+H23-I23 -> 0
F25: =IF(E25>0,E25-D25,"") | X25: =E24 -> 0 | Y25: =G24+H24-I24 -> 0
F26: =IF(E26>0,E26-D26,"") | X26: =E25 -> 0 | Y26: =G25+H25-I25 -> 0
F27: =IF(E27>0,E27-D27,"") | X27: =E26 -> 0 | Y27: =G26+H26-I26 -> 0
F28: =IF(E28>0,E28-D28,"") | X28: =E27 -> 0 | Y28: =G27+H27-I27 -> 0
... F52: =IF(E52>0,E52-D52,"") | X52: =E51 -> 0 | Y52: =G51+H51-I51 -> 0
D53: Viso: | G53: =SUM(G3:G52) -> 11.66 | H53: =SUM(H3:H52) -> 0.35 | I53: =SUM(I3:I52) -> 0.02

Sheet LVX0000RL9Z0
A1: Loan ID | B1: LVX0000RL9Z0 | D1: Data | G1: Paskola | K1: Grąžinimas
A2: Šalis | B2: Moldova | D2: Planuojama | E2: Reali | F2: Vėl./Anks. | G2: Principal | H2: Interest | I2: Mokestis | K2: Paskola | L2: Palūkanos | M2: Mokesčiai | N2: XIRR | O2: Data | P2: Vėluoja | Q2: Vėl./Anks. | X2: Data | Y2: Suma | Z2: Vėluoja
A3: Skolintojas | B3: SIA "Abele Finance" | D3: 46053 | E3: 46053 | F3: =IF(E3>0,E3-D3,"") -> 0 | G3: 0 | H3: 0.02 | I3: 0 | K3: =G53 -> 13.72 | L3: =H53 -> 0.7 | M3: =I53 -> 0.04 | N3: =IF(B16=K3,XIRR(Y3:Y52,X3:X52),"") -> 0.11782536 | O3: =IF(B16=K3,MAX(E:E),"") -> 46234 | P3: =IF(Z3="+",TODAY()-B11,"") | Q3: =IF(B16=K3,MAX(E:E)-B11,"") -> 25 | X3: =B9 -> 46037 | Y3: =B16*-1 -> -13.72 | Z3: =IF(AND(TODAY()>B11, K3<>B16), "+", "")
A4: Tipas | B4: Business | D4: 46081 | E4: 46081 | F4: =IF(E4>0,E4-D4,"") -> 0 | G4: 0 | H4: 0.09 | I4: 0 | X4: =E3 -> 46053 | Y4: =G3+H3-I3 -> 0.02
D5: 46112 | E5: 46112 | F5: =IF(E5>0,E5-D5,"") -> 0 | G5: 0 | H5: 0.13 | I5: 0.01 | X5: =E4 -> 46081 | Y5: =G4+H4-I4 -> 0.09
D6: 46142 | E6: 46142 | F6: =IF(E6>0,E6-D6,"") -> 0 | G6: 0 | H6: 0.14 | I6: 0.01 | X6: =E5 -> 46112 | Y6: =G5+H5-I5 -> 0.12
D7: 46173 | E7: 46173 | F7: =IF(E7>0,E7-D7,"") -> 0 | G7: 0 | H7: 0.14 | I7: 0.01 | X7: =E6 -> 46142 | Y7: =G6+H6-I6 -> 0.13
A8: Terminas | B8: =DATEDIF(B9,B11,"y") & " m. " & DATEDIF(B9,B11,"ym") & " mėn. " & DATEDIF(B9,B11,"md") & " d." -> 0 m. 5 mėn. 21 d. | D8: 46209 | E8: 46193 | F8: =IF(E8>0,E8-D8,"") -> -16 | G8: 13.72 | H8: 0 | I8: 0 | X8: =E7 -> 46173 | Y8: =G7+H7-I7 -> 0.13
A9: Investuota | B9: 46037 | D9: 46203 | E9: 46203 | F9: =IF(E9>0,E9-D9,"") -> 0 | G9: 0 | H9: 0.14 | I9: 0.01 | X9: =E8 -> 46193 | Y9: =G8+H8-I8 -> 13.72
A10: Pradžia | B10: 46029 | D10: 46234 | E10: 46234 | F10: =IF(E10>0,E10-D10,"") -> 0 | G10: 0 | H10: 0.04 | I10: 0 | X10: =E9 -> 46203 | Y10: =G9+H9-I9 -> 0.13
A11: Pabaiga | B11: 46209 | F11: =IF(E11>0,E11-D11,"") | X11: =E10 -> 46234 | Y11: =G10+H10-I10 -> 0.04
A12: Liko, dienos | B12: =IF(B16<>K3,(TODAY()-B11)*-1,"") | F12: =IF(E12>0,E12-D12,"") | X12: =E11 -> 0 | Y12: =G11+H11-I11 -> 0
F13: =IF(E13>0,E13-D13,"") | X13: =E12 -> 0 | Y13: =G12+H12-I12 -> 0
F14: =IF(E14>0,E14-D14,"") | X14: =E13 -> 0 | Y14: =G13+H13-I13 -> 0
A15: Palūkanos | B15: 0.12 | F15: =IF(E15>0,E15-D15,"") | X15: =E14 -> 0 | Y15: =G14+H14-I14 -> 0
A16: Investuota, Eur | B16: 13.72 | F16: =IF(E16>0,E16-D16,"") | X16: =E15 -> 0 | Y16: =G15+H15-I15 -> 0
F17: =IF(E17>0,E17-D17,"") | X17: =E16 -> 0 | Y17: =G16+H16-I16 -> 0
F18: =IF(E18>0,E18-D18,"") | X18: =E17 -> 0 | Y18: =G17+H17-I17 -> 0
F19: =IF(E19>0,E19-D19,"") | X19: =E18 -> 0 | Y19: =G18+H18-I18 -> 0
F20: =IF(E20>0,E20-D20,"") | X20: =E19 -> 0 | Y20: =G19+H19-I19 -> 0
F21: =IF(E21>0,E21-D21,"") | X21: =E20 -> 0 | Y21: =G20+H20-I20 -> 0
F22: =IF(E22>0,E22-D22,"") | X22: =E21 -> 0 | Y22: =G21+H21-I21 -> 0
F23: =IF(E23>0,E23-D23,"") | X23: =E22 -> 0 | Y23: =G22+H22-I22 -> 0
F24: =IF(E24>0,E24-D24,"") | X24: =E23 -> 0 | Y24: =G23+H23-I23 -> 0
F25: =IF(E25>0,E25-D25,"") | X25: =E24 -> 0 | Y25: =G24+H24-I24 -> 0
F26: =IF(E26>0,E26-D26,"") | X26: =E25 -> 0 | Y26: =G25+H25-I25 -> 0
F27: =IF(E27>0,E27-D27,"") | X27: =E26 -> 0 | Y27: =G26+H26-I26 -> 0
F28: =IF(E28>0,E28-D28,"") | X28: =E27 -> 0 | Y28: =G27+H27-I27 -> 0
... F52: =IF(E52>0,E52-D52,"") | X52: =E51 -> 0 | Y52: =G51+H51-I51 -> 0
D53: Viso: | G53: =SUM(G3:G52) -> 13.72 | H53: =SUM(H3:H52) -> 0.7 | I53: =SUM(I3:I52) -> 0.04

Sheet LVX0000RL9Y3
A1: Loan ID | B1: LVX0000RL9Y3 | D1: Data | G1: Paskola | K1: Grąžinimas
A2: Šalis | B2: Moldova | D2: Planuojama | E2: Reali | F2: Vėl./Anks. | G2: Principal | H2: Interest | I2: Mokestis | K2: Paskola | L2: Palūkanos | M2: Mokesčiai | N2: XIRR | O2: Data | P2: Vėluoja | Q2: Vėl./Anks. | X2: Data | Y2: Suma | Z2: Vėluoja
A3: Skolintojas | B3: SIA "Abele Finance" | D3: 46053 | E3: 46053 | F3: =IF(E3>0,E3-D3,"") -> 0 | G3: 0 | H3: 0.04 | I3: 0 | K3: =G53 -> 13.84 | L3: =H53 -> 0.51 | M3: =I53 -> 0.03 | N3: =IF(B16=K3,XIRR(Y3:Y52,X3:X52),"") -> 0.11232596 | O3: =IF(B16=K3,MAX(E:E),"") -> 46150 | P3: =IF(Z3="+",TODAY()-B11,"") | Q3: =IF(B16=K3,MAX(E:E)-B11,"") -> 1 | X3: =B9 -> 46032 | Y3: =B16*-1 -> -13.84 | Z3: =IF(AND(TODAY()>B11, K3<>B16), "+", "")
A4: Tipas | B4: Business | D4: 46081 | E4: 46081 | F4: =IF(E4>0,E4-D4,"") -> 0 | G4: 0 | H4: 0.09 | I4: 0 | X4: =E3 -> 46053 | Y4: =G3+H3-I3 -> 0.04
D5: 46112 | E5: 46112 | F5: =IF(E5>0,E5-D5,"") -> 0 | G5: 0 | H5: 0.13 | I5: 0.01 | X5: =E4 -> 46081 | Y5: =G4+H4-I4 -> 0.09
D6: 46142 | E6: 46142 | F6: =IF(E6>0,E6-D6,"") -> 0 | G6: 0 | H6: 0.13 | I6: 0.01 | X6: =E5 -> 46112 | Y6: =G5+H5-I5 -> 0.12
D7: 46149 | E7: 46150 | F7: =IF(E7>0,E7-D7,"") -> 1 | G7: 13.84 | H7: 0.12 | I7: 0.01 | X7: =E6 -> 46142 | Y7: =G6+H6-I6 -> 0.12
A8: Terminas | B8: =DATEDIF(B9,B11,"y") & " m. " & DATEDIF(B9,B11,"ym") & " mėn. " & DATEDIF(B9,B11,"md") & " d." -> 0 m. 3 mėn. 27 d. | F8: =IF(E8>0,E8-D8,"") | X8: =E7 -> 46150 | Y8: =G7+H7-I7 -> 13.95
A9: Investuota | B9: 46032 | X9: =E8 -> 0 | Y9: =G8+H8-I8 -> 0
A10: Pradžia | B10: 46029 | F10: =IF(E10>0,E10-D10,"") | X10: =E9 -> 0 | Y10: =G9+H9-I9 -> 0
A11: Pabaiga | B11: 46149 | F11: =IF(E11>0,E11-D11,"") | X11: =E10 -> 0 | Y11: =G10+H10-I10 -> 0
A12: Liko, dienos | B12: =IF(B16<>K3,(TODAY()-B11)*-1,"") | F12: =IF(E12>0,E12-D12,"") | X12: =E11 -> 0 | Y12: =G11+H11-I11 -> 0
F13: =IF(E13>0,E13-D13,"") | X13: =E12 -> 0 | Y13: =G12+H12-I12 -> 0
F14: =IF(E14>0,E14-D14,"") | X14: =E13 -> 0 | Y14: =G13+H13-I13 -> 0
A15: Palūkanos | B15: 0.115 | F15: =IF(E15>0,E15-D15,"") | X15: =E14 -> 0 | Y15: =G14+H14-I14 -> 0
A16: Investuota, Eur | B16: 13.84 | F16: =IF(E16>0,E16-D16,"") | X16: =E15 -> 0 | Y16: =G15+H15-I15 -> 0
F17: =IF(E17>0,E17-D17,"") | X17: =E16 -> 0 | Y17: =G16+H16-I16 -> 0
F18: =IF(E18>0,E18-D18,"") | X18: =E17 -> 0 | Y18: =G17+H17-I17 -> 0
F19: =IF(E19>0,E19-D19,"") | X19: =E18 -> 0 | Y19: =G18+H18-I18 -> 0
F20: =IF(E20>0,E20-D20,"") | X20: =E19 -> 0 | Y20: =G19+H19-I19 -> 0
F21: =IF(E21>0,E21-D21,"") | X21: =E20 -> 0 | Y21: =G20+H20-I20 -> 0
F22: =IF(E22>0,E22-D22,"") | X22: =E21 -> 0 | Y22: =G21+H21-I21 -> 0
F23: =IF(E23>0,E23-D23,"") | X23: =E22 -> 0 | Y23: =G22+H22-I22 -> 0
F24: =IF(E24>0,E24-D24,"") | X24: =E23 -> 0 | Y24: =G23+H23-I23 -> 0
F25: =IF(E25>0,E25-D25,"") | X25: =E24 -> 0 | Y25: =G24+H24-I24 -> 0
F26: =IF(E26>0,E26-D26,"") | X26: =E25 -> 0 | Y26: =G25+H25-I25 -> 0
F27: =IF(E27>0,E27-D27,"") | X27: =E26 -> 0 | Y27: =G26+H26-I26 -> 0
F28: =IF(E28>0,E28-D28,"") | X28: =E27 -> 0 | Y28: =G27+H27-I27 -> 0
... F52: =IF(E52>0,E52-D52,"") | X52: =E51 -> 0 | Y52: =G51+H51-I51 -> 0
D53: Viso: | G53: =SUM(G3:G52) -> 13.84 | H53: =SUM(H3:H52) -> 0.51 | I53: =SUM(I3:I52) -> 0.03

Sheet LVX0000R7P58
A1: Loan ID | B1: LVX0000R7P58 | D1: Data | G1: Paskola | K1: Grąžinimas
A2: Šalis | B2: Latvia | D2: Planuojama | E2: Reali | F2: Vėl./Anks. | G2: Principal | H2: Interest | I2: Mokestis | K2: Paskola | L2: Palūkanos | M2: Mokesčiai | N2: XIRR | O2: Data | P2: Vėluoja | Q2: Vėl./Anks. | X2: Data | Y2: Suma | Z2: Vėluoja
A3: Skolintojas | B3: SIA "Abele Finance" | D3: 46053 | E3: 46053 | F3: =IF(E3>0,E3-D3,"") -> 0 | G3: 0 | H3: 0.06 | I3: 0 | K3: =G53 -> 18.23 | L3: =H53 -> 0.54 | M3: =I53 -> 0.03 | N3: =IF(B16=K3,XIRR(Y3:Y52,X3:X52),"") -> 0.10669212 | O3: =IF(B16=K3,MAX(E:E),"") -> 46129 | P3: =IF(Z3="+",TODAY()-B11,"") | Q3: =IF(B16=K3,MAX(E:E)-B11,"") -> 0 | X3: =B9 -> 46029 | Y3: =B16*-1 -> -18.23 | Z3: =IF(AND(TODAY()>B11, K3<>B16), "+", "")
A4: Tipas | B4: Business | D4: 46081 | E4: 46081 | F4: =IF(E4>0,E4-D4,"") -> 0 | G4: 0 | H4: 0.12 | I4: 0.01 | X4: =E3 -> 46053 | Y4: =G3+H3-I3 -> 0.06
D5: 46112 | E5: 46112 | F5: =IF(E5>0,E5-D5,"") -> 0 | G5: 0 | H5: 0.15 | I5: 0.01 | X5: =E4 -> 46081 | Y5: =G4+H4-I4 -> 0.11
D6: 46129 | E6: 46129 | F6: =IF(E6>0,E6-D6,"") -> 0 | G6: 18.23 | H6: 0.21 | I6: 0.01 | X6: =E5 -> 46112 | Y6: =G5+H5-I5 -> 0.14
F7: =IF(E7>0,E7-D7,"") | X7: =E6 -> 46129 | Y7: =G6+H6-I6 -> 18.43
A8: Terminas | B8: =DATEDIF(B9,B11,"y") & " m. " & DATEDIF(B9,B11,"ym") & " mėn. " & DATEDIF(B9,B11,"md") & " d." -> 0 m. 3 mėn. 10 d. | F8: =IF(E8>0,E8-D8,"") | X8: =E7 -> 0 | Y8: =G7+H7-I7 -> 0
A9: Investuota | B9: 46029 | X9: =E8 -> 0 | Y9: =G8+H8-I8 -> 0
A10: Pradžia | B10: 46009 | F10: =IF(E10>0,E10-D10,"") | X10: =E9 -> 0 | Y10: =G9+H9-I9 -> 0
A11: Pabaiga | B11: 46129 | F11: =IF(E11>0,E11-D11,"") | X11: =E10 -> 0 | Y11: =G10+H10-I10 -> 0
A12: Liko, dienos | B12: =IF(B16<>K3,(TODAY()-B11)*-1,"") | F12: =IF(E12>0,E12-D12,"") | X12: =E11 -> 0 | Y12: =G11+H11-I11 -> 0
F13: =IF(E13>0,E13-D13,"") | X13: =E12 -> 0 | Y13: =G12+H12-I12 -> 0
F14: =IF(E14>0,E14-D14,"") | X14: =E13 -> 0 | Y14: =G13+H13-I13 -> 0
A15: Palūkanos | B15: 0.11 | F15: =IF(E15>0,E15-D15,"") | X15: =E14 -> 0 | Y15: =G14+H14-I14 -> 0
A16: Investuota, Eur | B16: 18.23 | F16: =IF(E16>0,E16-D16,"") | X16: =E15 -> 0 | Y16: =G15+H15-I15 -> 0
F17: =IF(E17>0,E17-D17,"") | X17: =E16 -> 0 | Y17: =G16+H16-I16 -> 0
F18: =IF(E18>0,E18-D18,"") | X18: =E17 -> 0 | Y18: =G17+H17-I17 -> 0
F19: =IF(E19>0,E19-D19,"") | X19: =E18 -> 0 | Y19: =G18+H18-I18 -> 0
F20: =IF(E20>0,E20-D20,"") | X20: =E19 -> 0 | Y20: =G19+H19-I19 -> 0
F21: =IF(E21>0,E21-D21,"") | X21: =E20 -> 0 | Y21: =G20+H20-I20 -> 0
F22: =IF(E22>0,E22-D22,"") | X22: =E21 -> 0 | Y22: =G21+H21-I21 -> 0
F23: =IF(E23>0,E23-D23,"") | X23: =E22 -> 0 | Y23: =G22+H22-I22 -> 0
F24: =IF(E24>0,E24-D24,"") | X24: =E23 -> 0 | Y24: =G23+H23-I23 -> 0
F25: =IF(E25>0,E25-D25,"") | X25: =E24 -> 0 | Y25: =G24+H24-I24 -> 0
F26: =IF(E26>0,E26-D26,"") | X26: =E25 -> 0 | Y26: =G25+H25-I25 -> 0
F27: =IF(E27>0,E27-D27,"") | X27: =E26 -> 0 | Y27: =G26+H26-I26 -> 0
F28: =IF(E28>0,E28-D28,"") | X28: =E27 -> 0 | Y28: =G27+H27-I27 -> 0
... F52: =IF(E52>0,E52-D52,"") | X52: =E51 -> 0 | Y52: =G51+H51-I51 -> 0
D53: Viso: | G53: =SUM(G3:G52) -> 18.23 | H53: =SUM(H3:H52) -> 0.54 | I53: =SUM(I3:I52) -> 0.03

Sheet LVX0000RAM67
A1: Loan ID | B1: LVX0000RAM67 | D1: Data | G1: Paskola | K1: Grąžinimas
A2: Šalis | B2: Latvia | D2: Planuojama | E2: Reali | F2: Vėl./Anks. | G2: Principal | H2: Interest | I2: Mokestis | K2: Paskola | L2: Palūkanos | M2: Mokesčiai | N2: XIRR | O2: Data | P2: Vėluoja | Q2: Vėl./Anks. | X2: Data | Y2: Suma | Z2: Vėluoja
A3: Skolintojas | B3: SIA "Abele Finance" | D3: 46053 | E3: 46053 | F3: =IF(E3>0,E3-D3,"") -> 0 | G3: 0 | H3: 0.11 | I3: 0 | K3: =G53 -> 21.95 | L3: =H53 -> 0.69 | M3: =I53 -> 0.03 | N3: =IF(B16=K3,XIRR(Y3:Y52,X3:X52),"") -> 0.10933483 | O3: =IF(B16=K3,MAX(E:E),"") -> 46129 | P3: =IF(Z3="+",TODAY()-B11,"") | Q3: =IF(B16=K3,MAX(E:E)-B11,"") -> 0 | X3: =B9 -> 46024 | Y3: =B16*-1 -> -21.95 | Z3: =IF(AND(TODAY()>B11, K3<>B16), "+", "")
A4: Tipas | B4: Business | D4: 46081 | E4: 46081 | F4: =IF(E4>0,E4-D4,"") -> 0 | G4: 0 | H4: 0.14 | I4: 0.01 | X4: =E3 -> 46053 | Y4: =G3+H3-I3 -> 0.11
D5: 46112 | E5: 46112 | F5: =IF(E5>0,E5-D5,"") -> 0 | G5: 0 | H5: 0.19 | I5: 0.01 | X5: =E4 -> 46081 | Y5: =G4+H4-I4 -> 0.13
D6: 46129 | E6: 46129 | F6: =IF(E6>0,E6-D6,"") -> 0 | G6: 21.95 | H6: 0.25 | I6: 0.01 | X6: =E5 -> 46112 | Y6: =G5+H5-I5 -> 0.18
F7: =IF(E7>0,E7-D7,"") | X7: =E6 -> 46129 | Y7: =G6+H6-I6 -> 22.19
A8: Terminas | B8: =DATEDIF(B9,B11,"y") & " m. " & DATEDIF(B9,B11,"ym") & " mėn. " & DATEDIF(B9,B11,"md") & " d." -> 0 m. 3 mėn. 15 d. | F8: =IF(E8>0,E8-D8,"") | X8: =E7 -> 0 | Y8: =G7+H7-I7 -> 0
A9: Investuota | B9: 46024 | X9: =E8 -> 0 | Y9: =G8+H8-I8 -> 0
A10: Pradžia | B10: 46013 | F10: =IF(E10>0,E10-D10,"") | X10: =E9 -> 0 | Y10: =G9+H9-I9 -> 0
A11: Pabaiga | B11: 46129 | F11: =IF(E11>0,E11-D11,"") | X11: =E10 -> 0 | Y11: =G10+H10-I10 -> 0
A12: Liko, dienos | B12: =IF(B16<>K3,(TODAY()-B11)*-1,"") | F12: =IF(E12>0,E12-D12,"") | X12: =E11 -> 0 | Y12: =G11+H11-I11 -> 0
F13: =IF(E13>0,E13-D13,"") | X13: =E12 -> 0 | Y13: =G12+H12-I12 -> 0
F14: =IF(E14>0,E14-D14,"") | X14: =E13 -> 0 | Y14: =G13+H13-I13 -> 0
A15: Palūkanos | B15: 0.11 | F15: =IF(E15>0,E15-D15,"") | X15: =E14 -> 0 | Y15: =G14+H14-I14 -> 0
A16: Investuota, Eur | B16: 21.95 | F16: =IF(E16>0,E16-D16,"") | X16: =E15 -> 0 | Y16: =G15+H15-I15 -> 0
F17: =IF(E17>0,E17-D17,"") | X17: =E16 -> 0 | Y17: =G16+H16-I16 -> 0
F18: =IF(E18>0,E18-D18,"") | X18: =E17 -> 0 | Y18: =G17+H17-I17 -> 0
F19: =IF(E19>0,E19-D19,"") | X19: =E18 -> 0 | Y19: =G18+H18-I18 -> 0
F20: =IF(E20>0,E20-D20,"") | X20: =E19 -> 0 | Y20: =G19+H19-I19 -> 0
F21: =IF(E21>0,E21-D21,"") | X21: =E20 -> 0 | Y21: =G20+H20-I20 -> 0
F22: =IF(E22>0,E22-D22,"") | X22: =E21 -> 0 | Y22: =G21+H21-I21 -> 0
F23: =IF(E23>0,E23-D23,"") | X23: =E22 -> 0 | Y23: =G22+H22-I22 -> 0
F24: =IF(E24>0,E24-D24,"") | X24: =E23 -> 0 | Y24: =G23+H23-I23 -> 0
F25: =IF(E25>0,E25-D25,"") | X25: =E24 -> 0 | Y25: =G24+H24-I24 -> 0
F26: =IF(E26>0,E26-D26,"") | X26: =E25 -> 0 | Y26: =G25+H25-I25 -> 0
F27: =IF(E27>0,E27-D27,"") | X27: =E26 -> 0 | Y27: =G26+H26-I26 -> 0
F28: =IF(E28>0,E28-D28,"") | X28: =E27 -> 0 | Y28: =G27+H27-I27 -> 0
... F52: =IF(E52>0,E52-D52,"") | X52: =E51 -> 0 | Y52: =G51+H51-I51 -> 0
D53: Viso: | G53: =SUM(G3:G52) -> 21.95 | H53: =SUM(H3:H52) -> 0.69 | I53: =SUM(I3:I52) -> 0.03

Sheet LVX0000RAL27
A1: Loan ID | B1: LVX0000RAL27 | D1: Data | G1: Paskola | K1: Grąžinimas
A2: Šalis | B2: Latvia | D2: Planuojama | E2: Reali | F2: Vėl./Anks. | G2: Principal | H2: Interest | I2: Mokestis | K2: Paskola | L2: Palūkanos | M2: Mokesčiai | N2: XIRR | O2: Data | P2: Vėluoja | Q2: Vėl./Anks. | X2: Data | Y2: Suma | Z2: Vėluoja
A3: Skolintojas | B3: SIA "Abele Finance" | D3: 46022 | E3: 46022 | F3: =IF(E3>0,E3-D3,"") -> 0 | G3: 0 | H3: 0.03 | I3: 0 | K3: =G53 -> 12.36 | L3: =H53 -> 0.42 | M3: =I53 -> 0.02 | N3: =IF(B16=K3,XIRR(Y3:Y52,X3:X52),"") -> 0.10845675 | O3: =IF(B16=K3,MAX(E:E),"") -> 46129 | P3: =IF(Z3="+",TODAY()-B11,"") | Q3: =IF(B16=K3,MAX(E:E)-B11,"") -> 0 | X3: =B9 -> 46015 | Y3: =B16*-1 -> -12.36 | Z3: =IF(AND(TODAY()>B11, K3<>B16), "+", "")
A4: Tipas | B4: Business | D4: 46053 | E4: 46053 | F4: =IF(E4>0,E4-D4,"") -> 0 | G4: 0 | H4: 0.07 | I4: 0 | X4: =E3 -> 46022 | Y4: =G3+H3-I3 -> 0.03
D5: 46081 | E5: 46081 | F5: =IF(E5>0,E5-D5,"") -> 0 | G5: 0 | H5: 0.08 | I5: 0 | X5: =E4 -> 46053 | Y5: =G4+H4-I4 -> 0.07
D6: 46112 | E6: 46112 | F6: =IF(E6>0,E6-D6,"") -> 0 | G6: 0 | H6: 0.1 | I6: 0.01 | X6: =E5 -> 46081 | Y6: =G5+H5-I5 -> 0.08
D7: 46129 | E7: 46129 | F7: =IF(E7>0,E7-D7,"") -> 0 | G7: 12.36 | H7: 0.14 | I7: 0.01 | X7: =E6 -> 46112 | Y7: =G6+H6-I6 -> 0.09
A8: Terminas | B8: =DATEDIF(B9,B11,"y") & " m. " & DATEDIF(B9,B11,"ym") & " mėn. " & DATEDIF(B9,B11,"md") & " d." -> 0 m. 3 mėn. 24 d. | F8: =IF(E8>0,E8-D8,"") | X8: =E7 -> 46129 | Y8: =G7+H7-I7 -> 12.49
A9: Investuota | B9: 46015 | X9: =E8 -> 0 | Y9: =G8+H8-I8 -> 0
A10: Pradžia | B10: 46013 | F10: =IF(E10>0,E10-D10,"") | X10: =E9 -> 0 | Y10: =G9+H9-I9 -> 0
A11: Pabaiga | B11: 46129 | F11: =IF(E11>0,E11-D11,"") | X11: =E10 -> 0 | Y11: =G10+H10-I10 -> 0
A12: Liko, dienos | B12: =IF(B16<>K3,(TODAY()-B11)*-1,"") | F12: =IF(E12>0,E12-D12,"") | X12: =E11 -> 0 | Y12: =G11+H11-I11 -> 0
F13: =IF(E13>0,E13-D13,"") | X13: =E12 -> 0 | Y13: =G12+H12-I12 -> 0
F14: =IF(E14>0,E14-D14,"") | X14: =E13 -> 0 | Y14: =G13+H13-I13 -> 0
A15: Palūkanos | B15: 0.11 | F15: =IF(E15>0,E15-D15,"") | X15: =E14 -> 0 | Y15: =G14+H14-I14 -> 0
A16: Investuota, Eur | B16: 12.36 | F16: =IF(E16>0,E16-D16,"") | X16: =E15 -> 0 | Y16: =G15+H15-I15 -> 0
F17: =IF(E17>0,E17-D17,"") | X17: =E16 -> 0 | Y17: =G16+H16-I16 -> 0
F18: =IF(E18>0,E18-D18,"") | X18: =E17 -> 0 | Y18: =G17+H17-I17 -> 0
F19: =IF(E19>0,E19-D19,"") | X19: =E18 -> 0 | Y19: =G18+H18-I18 -> 0
F20: =IF(E20>0,E20-D20,"") | X20: =E19 -> 0 | Y20: =G19+H19-I19 -> 0
F21: =IF(E21>0,E21-D21,"") | X21: =E20 -> 0 | Y21: =G20+H20-I20 -> 0
F22: =IF(E22>0,E22-D22,"") | X22: =E21 -> 0 | Y22: =G21+H21-I21 -> 0
F23: =IF(E23>0,E23-D23,"") | X23: =E22 -> 0 | Y23: =G22+H22-I22 -> 0
F24: =IF(E24>0,E24-D24,"") | X24: =E23 -> 0 | Y24: =G23+H23-I23 -> 0
F25: =IF(E25>0,E25-D25,"") | X25: =E24 -> 0 | Y25: =G24+H24-I24 -> 0
F26: =IF(E26>0,E26-D26,"") | X26: =E25 -> 0 | Y26: =G25+H25-I25 -> 0
F27: =IF(E27>0,E27-D27,"") | X27: =E26 -> 0 | Y27: =G26+H26-I26 -> 0
F28: =IF(E28>0,E28-D28,"") | X28: =E27 -> 0 | Y28: =G27+H27-I27 -> 0
... F52: =IF(E52>0,E52-D52,"") | X52: =E51 -> 0 | Y52: =G51+H51-I51 -> 0
D53: Viso: | G53: =SUM(G3:G52) -> 12.36 | H53: =SUM(H3:H52) -> 0.42 | I53: =SUM(I3:I52) -> 0.02

Sheet LVX0000R32A7
A1: Loan ID | B1: LVX0000R32A7 | D1: Data | G1: Paskola | K1: Grąžinimas
A2: Šalis | B2: Moldova | D2: Planuojama | E2: Reali | F2: Vėl./Anks. | G2: Principal | H2: Interest | I2: Mokestis | K2: Paskola | L2: Palūkanos | M2: Mokesčiai | N2: XIRR | O2: Data | P2: Vėluoja | Q2: Vėl./Anks. | X2: Data | Y2: Suma | Z2: Vėluoja
A3: Skolintojas | B3: SIA "Abele Finance" | D3: 46022 | E3: 46022 | F3: =IF(E3>0,E3-D3,"") -> 0 | G3: 0 | H3: 0.07 | I3: 0 | K3: =G53 -> 10.58 | L3: =H53 -> 0.94 | M3: =I53 -> 0.04 | N3: =IF(B16=K3,XIRR(Y3:Y52,X3:X52),"") -> 0.12697151 | O3: =IF(B16=K3,MAX(E:E),"") -> 46295 | P3: =IF(Z3="+",TODAY()-B11,"") | Q3: =IF(B16=K3,MAX(E:E)-B11,"") -> 23 | X3: =B9 -> 46004 | Y3: =B16*-1 -> -10.58 | Z3: =IF(AND(TODAY()>B11, K3<>B16), "+", "")
A4: Tipas | B4: Business | D4: 46053 | E4: 46053 | F4: =IF(E4>0,E4-D4,"") -> 0 | G4: 0 | H4: 0.07 | I4: 0 | X4: =E3 -> 46022 | Y4: =G3+H3-I3 -> 0.07
D5: 46081 | E5: 46081 | F5: =IF(E5>0,E5-D5,"") -> 0 | G5: 0 | H5: 0.07 | I5: 0 | X5: =E4 -> 46053 | Y5: =G4+H4-I4 -> 0.07
D6: 46112 | E6: 46112 | F6: =IF(E6>0,E6-D6,"") -> 0 | G6: 0 | H6: 0.11 | I6: 0.01 | X6: =E5 -> 46081 | Y6: =G5+H5-I5 -> 0.07
D7: 46142 | E7: 46142 | F7: =IF(E7>0,E7-D7,"") -> 0 | G7: 0 | H7: 0.11 | I7: 0.01 | X7: =E6 -> 46112 | Y7: =G6+H6-I6 -> 0.1
A8: Terminas | B8: =DATEDIF(B9,B11,"y") & " m. " & DATEDIF(B9,B11,"ym") & " mėn. " & DATEDIF(B9,B11,"md") & " d." -> 0 m. 8 mėn. 25 d. | D8: 46173 | E8: 46173 | F8: =IF(E8>0,E8-D8,"") -> 0 | G8: 0 | H8: 0.11 | I8: 0.01 | X8: =E7 -> 46142 | Y8: =G7+H7-I7 -> 0.1
A9: Investuota | B9: 46004 | D9: 46203 | E9: 46203 | F9: =IF(E9>0,E9-D9,"") -> 0 | G9: 0 | H9: 0.11 | I9: 0.01 | X9: =E8 -> 46173 | Y9: =G8+H8-I8 -> 0.1
A10: Pradžia | B10: 46002 | D10: 46234 | E10: 46234 | F10: =IF(E10>0,E10-D10,"") -> 0 | G10: 0 | H10: 0.11 | I10: 0 | X10: =E9 -> 46203 | Y10: =G9+H9-I9 -> 0.1
A11: Pabaiga | B11: 46272 | D11: 46261 | E11: 46261 | F11: =IF(E11>0,E11-D11,"") -> 0 | G11: 10.58 | H11: 0.12 | I11: 0 | X11: =E10 -> 46234 | Y11: =G10+H10-I10 -> 0.11
A12: Liko, dienos | B12: =IF(B16<>K3,(TODAY()-B11)*-1,"") | D12: 46295 | E12: 46295 | F12: =IF(E12>0,E12-D12,"") -> 0 | G12: 0 | H12: 0.06 | I12: 0 | X12: =E11 -> 46261 | Y12: =G11+H11-I11 -> 10.7
F13: =IF(E13>0,E13-D13,"") | X13: =E12 -> 46295 | Y13: =G12+H12-I12 -> 0.06
F14: =IF(E14>0,E14-D14,"") | X14: =E13 -> 0 | Y14: =G13+H13-I13 -> 0
A15: Palūkanos | B15: 0.125 | F15: =IF(E15>0,E15-D15,"") | X15: =E14 -> 0 | Y15: =G14+H14-I14 -> 0
A16: Investuota, Eur | B16: 10.58 | F16: =IF(E16>0,E16-D16,"") | X16: =E15 -> 0 | Y16: =G15+H15-I15 -> 0
F17: =IF(E17>0,E17-D17,"") | X17: =E16 -> 0 | Y17: =G16+H16-I16 -> 0
F18: =IF(E18>0,E18-D18,"") | X18: =E17 -> 0 | Y18: =G17+H17-I17 -> 0
F19: =IF(E19>0,E19-D19,"") | X19: =E18 -> 0 | Y19: =G18+H18-I18 -> 0
F20: =IF(E20>0,E20-D20,"") | X20: =E19 -> 0 | Y20: =G19+H19-I19 -> 0
F21: =IF(E21>0,E21-D21,"") | X21: =E20 -> 0 | Y21: =G20+H20-I20 -> 0
F22: =IF(E22>0,E22-D22,"") | X22: =E21 -> 0 | Y22: =G21+H21-I21 -> 0
F23: =IF(E23>0,E23-D23,"") | X23: =E22 -> 0 | Y23: =G22+H22-I22 -> 0
F24: =IF(E24>0,E24-D24,"") | X24: =E23 -> 0 | Y24: =G23+H23-I23 -> 0
F25: =IF(E25>0,E25-D25,"") | X25: =E24 -> 0 | Y25: =G24+H24-I24 -> 0
F26: =IF(E26>0,E26-D26,"") | X26: =E25 -> 0 | Y26: =G25+H25-I25 -> 0
F27: =IF(E27>0,E27-D27,"") | X27: =E26 -> 0 | Y27: =G26+H26-I26 -> 0
F28: =IF(E28>0,E28-D28,"") | X28: =E27 -> 0 | Y28: =G27+H27-I27 -> 0
... F52: =IF(E52>0,E52-D52,"") | X52: =E51 -> 0 | Y52: =G51+H51-I51 -> 0
D53: Viso: | G53: =SUM(G3:G52) -> 10.58 | H53: =SUM(H3:H52) -> 0.94 | I53: =SUM(I3:I52) -> 0.04

Sheet LVX0000R31L6
A1: Loan ID | B1: LVX0000R31L6 | D1: Data | G1: Paskola | K1: Grąžinimas
A2: Šalis | B2: Romania | D2: Planuojama | E2: Reali | F2: Vėl./Anks. | G2: Principal | H2: Interest | I2: Mokestis | K2: Paskola | L2: Palūkanos | M2: Mokesčiai | N2: XIRR | O2: Data | P2: Vėluoja | Q2: Vėl./Anks. | X2: Data | Y2: Suma | Z2: Vėluoja
A3: Skolintojas | B3: SIA "Abele Finance" | D3: 46022 | E3: 46022 | F3: =IF(E3>0,E3-D3,"") -> 0 | G3: 0 | H3: 0.11 | I3: 0 | K3: =G53 -> 16.45 | L3: =H53 -> 1.21 | M3: =I53 -> 0.04 | N3: =IF(B16=K3,XIRR(Y3:Y52,X3:X52),"") -> 0.12219357 | O3: =IF(B16=K3,MAX(E:E),"") -> 46265 | P3: =IF(Z3="+",TODAY()-B11,"") | Q3: =IF(B16=K3,MAX(E:E)-B11,"") -> -7 | X3: =B9 -> 46003 | Y3: =B16*-1 -> -16.45 | Z3: =IF(AND(TODAY()>B11, K3<>B16), "+", "")
A4: Tipas | B4: Business | D4: 46053 | E4: 46053 | F4: =IF(E4>0,E4-D4,"") -> 0 | G4: 0 | H4: 0.1 | I4: 0 | X4: =E3 -> 46022 | Y4: =G3+H3-I3 -> 0.11
D5: 46081 | E5: 46081 | F5: =IF(E5>0,E5-D5,"") -> 0 | G5: 0 | H5: 0.11 | I5: 0 | X5: =E4 -> 46053 | Y5: =G4+H4-I4 -> 0.1
D6: 46112 | E6: 46112 | F6: =IF(E6>0,E6-D6,"") -> 0 | G6: 0 | H6: 0.16 | I6: 0.01 | X6: =E5 -> 46081 | Y6: =G5+H5-I5 -> 0.11
D7: 46142 | E7: 46142 | F7: =IF(E7>0,E7-D7,"") -> 0 | G7: 0 | H7: 0.17 | I7: 0.01 | X7: =E6 -> 46112 | Y7: =G6+H6-I6 -> 0.15
A8: Terminas | B8: =DATEDIF(B9,B11,"y") & " m. " & DATEDIF(B9,B11,"ym") & " mėn. " & DATEDIF(B9,B11,"md") & " d." -> 0 m. 8 mėn. 26 d. | D8: 46173 | E8: 46173 | F8: =IF(E8>0,E8-D8,"") -> 0 | G8: 0 | H8: 0.16 | I8: 0.01 | X8: =E7 -> 46142 | Y8: =G7+H7-I7 -> 0.16
A9: Investuota | B9: 46003 | D9: 46203 | E9: 46203 | F9: =IF(E9>0,E9-D9,"") -> 0 | G9: 0 | H9: 0.17 | I9: 0.01 | X9: =E8 -> 46173 | Y9: =G8+H8-I8 -> 0.15
A10: Pradžia | B10: 46002 | D10: 46272 | E10: 46226 | F10: =IF(E10>0,E10-D10,"") -> -46 | G10: 16.45 | H10: 0 | I10: 0 | X10: =E9 -> 46203 | Y10: =G9+H9-I9 -> 0.16
A11: Pabaiga | B11: 46272 | D11: 46234 | E11: 46234 | F11: =IF(E11>0,E11-D11,"") -> 0 | G11: 0 | H11: 0.17 | I11: 0 | X11: =E10 -> 46226 | Y11: =G10+H10-I10 -> 16.45
A12: Liko, dienos | B12: =IF(B16<>K3,(TODAY()-B11)*-1,"") | D12: 46265 | E12: 46265 | F12: =IF(E12>0,E12-D12,"") -> 0 | G12: 0 | H12: 0.06 | I12: 0 | X12: =E11 -> 46234 | Y12: =G11+H11-I11 -> 0.17
F13: =IF(E13>0,E13-D13,"") | X13: =E12 -> 46265 | Y13: =G12+H12-I12 -> 0.06
F14: =IF(E14>0,E14-D14,"") | X14: =E13 -> 0 | Y14: =G13+H13-I13 -> 0
A15: Palūkanos | B15: 0.12 | F15: =IF(E15>0,E15-D15,"") | X15: =E14 -> 0 | Y15: =G14+H14-I14 -> 0
A16: Investuota, Eur | B16: 16.45 | F16: =IF(E16>0,E16-D16,"") | X16: =E15 -> 0 | Y16: =G15+H15-I15 -> 0
F17: =IF(E17>0,E17-D17,"") | X17: =E16 -> 0 | Y17: =G16+H16-I16 -> 0
F18: =IF(E18>0,E18-D18,"") | X18: =E17 -> 0 | Y18: =G17+H17-I17 -> 0
F19: =IF(E19>0,E19-D19,"") | X19: =E18 -> 0 | Y19: =G18+H18-I18 -> 0
F20: =IF(E20>0,E20-D20,"") | X20: =E19 -> 0 | Y20: =G19+H19-I19 -> 0
F21: =IF(E21>0,E21-D21,"") | X21: =E20 -> 0 | Y21: =G20+H20-I20 -> 0
F22: =IF(E22>0,E22-D22,"") | X22: =E21 -> 0 | Y22: =G21+H21-I21 -> 0
F23: =IF(E23>0,E23-D23,"") | X23: =E22 -> 0 | Y23: =G22+H22-I22 -> 0
F24: =IF(E24>0,E24-D24,"") | X24: =E23 -> 0 | Y24: =G23+H23-I23 -> 0
F25: =IF(E25>0,E25-D25,"") | X25: =E24 -> 0 | Y25: =G24+H24-I24 -> 0
F26: =IF(E26>0,E26-D26,"") | X26: =E25 -> 0 | Y26: =G25+H25-I25 -> 0
F27: =IF(E27>0,E27-D27,"") | X27: =E26 -> 0 | Y27: =G26+H26-I26 -> 0
F28: =IF(E28>0,E28-D28,"") | X28: =E27 -> 0 | Y28: =G27+H27-I27 -> 0
... F52: =IF(E52>0,E52-D52,"") | X52: =E51 -> 0 | Y52: =G51+H51-I51 -> 0
D53: Viso: | G53: =SUM(G3:G52) -> 16.45 | H53: =SUM(H3:H52) -> 1.21 | I53: =SUM(I3:I52) -> 0.04

Sheet LVX0000QSAL3
A1: Loan ID | B1: LVX0000QSAL3 | D1: Data | G1: Paskola | K1: Grąžinimas
A2: Šalis | B2: Cyprus | D2: Planuojama | E2: Reali | F2: Vėl./Anks. | G2: Principal | H2: Interest | I2: Mokestis | K2: Paskola | L2: Palūkanos | M2: Mokesčiai | N2: XIRR | O2: Data | P2: Vėluoja | Q2: Vėl./Anks. | X2: Data | Y2: Suma | Z2: Vėluoja
A3: Skolintojas | B3: SIA "Abele Finance" | D3: 46022 | E3: 46022 | F3: =IF(E3>0,E3-D3,"") -> 0 | G3: 0 | H3: 0.13 | I3: 0.01 | K3: =G53 -> 14.43 | L3: =H53 -> 1.26 | M3: =I53 -> 0.05 | N3: =IF(B16=K3,XIRR(Y3:Y52,X3:X52),"") -> 0.12160451 | O3: =IF(B16=K3,MAX(E:E),"") -> 46295 | P3: =IF(Z3="+",TODAY()-B11,"") | Q3: =IF(B16=K3,MAX(E:E)-B11,"") -> 38 | X3: =B9 -> 45996 | Y3: =B16*-1 -> -14.43 | Z3: =IF(AND(TODAY()>B11, K3<>B16), "+", "")
A4: Tipas | B4: Business | D4: 46053 | E4: 46053 | F4: =IF(E4>0,E4-D4,"") -> 0 | G4: 0 | H4: 0.09 | I4: 0 | X4: =E3 -> 46022 | Y4: =G3+H3-I3 -> 0.12
D5: 46081 | E5: 46081 | F5: =IF(E5>0,E5-D5,"") -> 0 | G5: 0 | H5: 0.1 | I5: 0 | X5: =E4 -> 46053 | Y5: =G4+H4-I4 -> 0.09
D6: 46112 | E6: 46112 | F6: =IF(E6>0,E6-D6,"") -> 0 | G6: 0 | H6: 0.13 | I6: 0.01 | X6: =E5 -> 46081 | Y6: =G5+H5-I5 -> 0.1
D7: 46142 | E7: 46142 | F7: =IF(E7>0,E7-D7,"") -> 0 | G7: 0 | H7: 0.15 | I7: 0.01 | X7: =E6 -> 46112 | Y7: =G6+H6-I6 -> 0.12
A8: Terminas | B8: =DATEDIF(B9,B11,"y") & " m. " & DATEDIF(B9,B11,"ym") & " mėn. " & DATEDIF(B9,B11,"md") & " d." -> 0 m. 8 mėn. 18 d. | D8: 46173 | E8: 46173 | F8: =IF(E8>0,E8-D8,"") -> 0 | G8: 0 | H8: 0.15 | I8: 0.01 | X8: =E7 -> 46142 | Y8: =G7+H7-I7 -> 0.14
A9: Investuota | B9: 45996 | D9: 46203 | E9: 46203 | F9: =IF(E9>0,E9-D9,"") -> 0 | G9: 0 | H9: 0.14 | I9: 0.01 | X9: =E8 -> 46173 | Y9: =G8+H8-I8 -> 0.14
A10: Pradžia | B10: 45987 | D10: 46234 | E10: 46234 | F10: =IF(E10>0,E10-D10,"") -> 0 | G10: 0 | H10: 0.15 | I10: 0 | X10: =E9 -> 46203 | Y10: =G9+H9-I9 -> 0.13
A11: Pabaiga | B11: 46257 | D11: 46260 | E11: 46260 | F11: =IF(E11>0,E11-D11,"") -> 0 | G11: 14.43 | H11: 0.15 | I11: 0 | X11: =E10 -> 46234 | Y11: =G10+H10-I10 -> 0.15
A12: Liko, dienos | B12: =IF(B16<>K3,(TODAY()-B11)*-1,"") | D12: 46295 | E12: 46295 | F12: =IF(E12>0,E12-D12,"") -> 0 | G12: 0 | H12: 0.07 | I12: 0 | X12: =E11 -> 46260 | Y12: =G11+H11-I11 -> 14.58
F13: =IF(E13>0,E13-D13,"") | X13: =E12 -> 46295 | Y13: =G12+H12-I12 -> 0.07
F14: =IF(E14>0,E14-D14,"") | X14: =E13 -> 0 | Y14: =G13+H13-I13 -> 0
A15: Palūkanos | B15: 0.12 | F15: =IF(E15>0,E15-D15,"") | X15: =E14 -> 0 | Y15: =G14+H14-I14 -> 0
A16: Investuota, Eur | B16: 14.43 | F16: =IF(E16>0,E16-D16,"") | X16: =E15 -> 0 | Y16: =G15+H15-I15 -> 0
F17: =IF(E17>0,E17-D17,"") | X17: =E16 -> 0 | Y17: =G16+H16-I16 -> 0
F18: =IF(E18>0,E18-D18,"") | X18: =E17 -> 0 | Y18: =G17+H17-I17 -> 0
F19: =IF(E19>0,E19-D19,"") | X19: =E18 -> 0 | Y19: =G18+H18-I18 -> 0
F20: =IF(E20>0,E20-D20,"") | X20: =E19 -> 0 | Y20: =G19+H19-I19 -> 0
F21: =IF(E21>0,E21-D21,"") | X21: =E20 -> 0 | Y21: =G20+H20-I20 -> 0
F22: =IF(E22>0,E22-D22,"") | X22: =E21 -> 0 | Y22: =G21+H21-I21 -> 0
F23: =IF(E23>0,E23-D23,"") | X23: =E22 -> 0 | Y23: =G22+H22-I22 -> 0
F24: =IF(E24>0,E24-D24,"") | X24: =E23 -> 0 | Y24: =G23+H23-I23 -> 0
F25: =IF(E25>0,E25-D25,"") | X25: =E24 -> 0 | Y25: =G24+H24-I24 -> 0
F26: =IF(E26>0,E26-D26,"") | X26: =E25 -> 0 | Y26: =G25+H25-I25 -> 0
F27: =IF(E27>0,E27-D27,"") | X27: =E26 -> 0 | Y27: =G26+H26-I26 -> 0
F28: =IF(E28>0,E28-D28,"") | X28: =E27 -> 0 | Y28: =G27+H27-I27 -> 0
... F52: =IF(E52>0,E52-D52,"") | X52: =E51 -> 0 | Y52: =G51+H51-I51 -> 0
D53: Viso: | G53: =SUM(G3:G52) -> 14.43 | H53: =SUM(H3:H52) -> 1.26 | I53: =SUM(I3:I52) -> 0.05

Sheet LVX0000QBKH6
A1: Loan ID | B1: LVX0000QBKH6 | D1: Data | G1: Paskola | K1: Grąžinimas
A2: Šalis | B2: Moldova | D2: Planuojama | E2: Reali | F2: Vėl./Anks. | G2: Principal | H2: Interest | I2: Mokestis | K2: Paskola | L2: Palūkanos | M2: Mokesčiai | N2: XIRR | O2: Data | P2: Vėluoja | Q2: Vėl./Anks. | X2: Data | Y2: Suma | Z2: Vėluoja
A3: Skolintojas | B3: SIA "Abele Finance" | D3: 45991 | E3: 45991 | F3: =IF(E3>0,E3-D3,"") -> 0 | G3: 0 | H3: 0.04 | I3: 0 | K3: =G53 -> 13.25 | L3: =H53 -> 0.71 | M3: =I53 -> 0.03 | N3: =IF(B16=K3,XIRR(Y3:Y52,X3:X52),"") -> 0.13193869 | O3: =IF(B16=K3,MAX(E:E),"") -> 46135 | P3: =IF(Z3="+",TODAY()-B11,"") | Q3: =IF(B16=K3,MAX(E:E)-B11,"") -> -5 | X3: =B9 -> 45985 | Y3: =B16*-1 -> -13.25 | Z3: =IF(AND(TODAY()>B11, K3<>B16), "+", "")
A4: Tipas | B4: Business | D4: 46022 | E4: 46022 | F4: =IF(E4>0,E4-D4,"") -> 0 | G4: 0 | H4: 0.14 | I4: 0.01 | X4: =E3 -> 45991 | Y4: =G3+H3-I3 -> 0.04
D5: 46053 | E5: 46053 | F5: =IF(E5>0,E5-D5,"") -> 0 | G5: 0 | H5: 0.09 | I5: 0 | X5: =E4 -> 46022 | Y5: =G4+H4-I4 -> 0.13
D6: 46081 | E6: 46081 | F6: =IF(E6>0,E6-D6,"") -> 0 | G6: 0 | H6: 0.1 | I6: 0.01 | X6: =E5 -> 46053 | Y6: =G5+H5-I5 -> 0.09
D7: 46112 | E7: 46112 | F7: =IF(E7>0,E7-D7,"") -> 0 | G7: 0 | H7: 0.13 | I7: 0 | X7: =E6 -> 46081 | Y7: =G6+H6-I6 -> 0.09
A8: Terminas | B8: =DATEDIF(B9,B11,"y") & " m. " & DATEDIF(B9,B11,"ym") & " mėn. " & DATEDIF(B9,B11,"md") & " d." -> 0 m. 5 mėn. 4 d. | D8: 46140 | E8: 46135 | F8: =IF(E8>0,E8-D8,"") -> -5 | G8: 13.25 | H8: 0.21 | I8: 0.01 | X8: =E7 -> 46112 | Y8: =G7+H7-I7 -> 0.13
A9: Investuota | B9: 45985 | X9: =E8 -> 46135 | Y9: =G8+H8-I8 -> 13.45
A10: Pradžia | B10: 45960 | F10: =IF(E10>0,E10-D10,"") | X10: =E9 -> 0 | Y10: =G9+H9-I9 -> 0
A11: Pabaiga | B11: 46140 | F11: =IF(E11>0,E11-D11,"") | X11: =E10 -> 0 | Y11: =G10+H10-I10 -> 0
A12: Liko, dienos | B12: =IF(B16<>K3,(TODAY()-B11)*-1,"") | F12: =IF(E12>0,E12-D12,"") | X12: =E11 -> 0 | Y12: =G11+H11-I11 -> 0
F13: =IF(E13>0,E13-D13,"") | X13: =E12 -> 0 | Y13: =G12+H12-I12 -> 0
F14: =IF(E14>0,E14-D14,"") | X14: =E13 -> 0 | Y14: =G13+H13-I13 -> 0
A15: Palūkanos | B15: 0.13 | F15: =IF(E15>0,E15-D15,"") | X15: =E14 -> 0 | Y15: =G14+H14-I14 -> 0
A16: Investuota, Eur | B16: 13.25 | F16: =IF(E16>0,E16-D16,"") | X16: =E15 -> 0 | Y16: =G15+H15-I15 -> 0
F17: =IF(E17>0,E17-D17,"") | X17: =E16 -> 0 | Y17: =G16+H16-I16 -> 0
F18: =IF(E18>0,E18-D18,"") | X18: =E17 -> 0 | Y18: =G17+H17-I17 -> 0
F19: =IF(E19>0,E19-D19,"") | X19: =E18 -> 0 | Y19: =G18+H18-I18 -> 0
F20: =IF(E20>0,E20-D20,"") | X20: =E19 -> 0 | Y20: =G19+H19-I19 -> 0
F21: =IF(E21>0,E21-D21,"") | X21: =E20 -> 0 | Y21: =G20+H20-I20 -> 0
F22: =IF(E22>0,E22-D22,"") | X22: =E21 -> 0 | Y22: =G21+H21-I21 -> 0
F23: =IF(E23>0,E23-D23,"") | X23: =E22 -> 0 | Y23: =G22+H22-I22 -> 0
F24: =IF(E24>0,E24-D24,"") | X24: =E23 -> 0 | Y24: =G23+H23-I23 -> 0
F25: =IF(E25>0,E25-D25,"") | X25: =E24 -> 0 | Y25: =G24+H24-I24 -> 0
F26: =IF(E26>0,E26-D26,"") | X26: =E25 -> 0 | Y26: =G25+H25-I25 -> 0
F27: =IF(E27>0,E27-D27,"") | X27: =E26 -> 0 | Y27: =G26+H26-I26 -> 0
F28: =IF(E28>0,E28-D28,"") | X28: =E27 -> 0 | Y28: =G27+H27-I27 -> 0
... F52: =IF(E52>0,E52-D52,"") | X52: =E51 -> 0 | Y52: =G51+H51-I51 -> 0
D53: Viso: | G53: =SUM(G3:G52) -> 13.25 | H53: =SUM(H3:H52) -> 0.71 | I53: =SUM(I3:I52) -> 0.03

Sheet LVX0000Q0E27
A1: Loan ID | B1: LVX0000Q0E27 | D1: Data | G1: Paskola | K1: Grąžinimas
A2: Šalis | B2: Cyprus | D2: Planuojama | E2: Reali | F2: Vėl./Anks. | G2: Principal | H2: Interest | I2: Mokestis | K2: Paskola | L2: Palūkanos | M2: Mokesčiai | N2: XIRR | O2: Data | P2: Vėluoja | Q2: Vėl./Anks. | X2: Data | Y2: Suma | Z2: Vėluoja
A3: Skolintojas | B3: SIA "Abele Finance" | D3: 45991 | E3: 45991 | F3: =IF(E3>0,E3-D3,"") -> 0 | G3: 0 | H3: 0.04 | I3: 0 | K3: =G53 -> 12.74 | L3: =H53 -> 0.62 | M3: =I53 -> 0.03 | N3: =IF(B16=K3,XIRR(Y3:Y52,X3:X52),"") -> 0.12013761 | O3: =IF(B16=K3,MAX(E:E),"") -> 46129 | P3: =IF(Z3="+",TODAY()-B11,"") | Q3: =IF(B16=K3,MAX(E:E)-B11,"") -> 3 | X3: =B9 -> 45981 | Y3: =B16*-1 -> -12.74 | Z3: =IF(AND(TODAY()>B11, K3<>B16), "+", "")
A4: Tipas | B4: Business | D4: 46022 | E4: 46022 | F4: =IF(E4>0,E4-D4,"") -> 0 | G4: 0 | H4: 0.14 | I4: 0.01 | X4: =E3 -> 45991 | Y4: =G3+H3-I3 -> 0.04
D5: 46053 | E5: 46053 | F5: =IF(E5>0,E5-D5,"") -> 0 | G5: 0 | H5: 0.07 | I5: 0 | X5: =E4 -> 46022 | Y5: =G4+H4-I4 -> 0.13
D6: 46081 | E6: 46081 | F6: =IF(E6>0,E6-D6,"") -> 0 | G6: 0 | H6: 0.09 | I6: 0 | X6: =E5 -> 46053 | Y6: =G5+H5-I5 -> 0.07
D7: 46112 | E7: 46112 | F7: =IF(E7>0,E7-D7,"") -> 0 | G7: 0 | H7: 0.12 | I7: 0.01 | X7: =E6 -> 46081 | Y7: =G6+H6-I6 -> 0.09
A8: Terminas | B8: =DATEDIF(B9,B11,"y") & " m. " & DATEDIF(B9,B11,"ym") & " mėn. " & DATEDIF(B9,B11,"md") & " d." -> 0 m. 4 mėn. 25 d. | D8: 46126 | E8: 46129 | F8: =IF(E8>0,E8-D8,"") -> 3 | G8: 12.74 | H8: 0.16 | I8: 0.01 | X8: =E7 -> 46112 | Y8: =G7+H7-I7 -> 0.11
A9: Investuota | B9: 45981 | F9: =IF(E9>0,E9-D9,"") | X9: =E8 -> 46129 | Y9: =G8+H8-I8 -> 12.89
A10: Pradžia | B10: 45947 | F10: =IF(E10>0,E10-D10,"") | X10: =E9 -> 0 | Y10: =G9+H9-I9 -> 0
A11: Pabaiga | B11: 46126 | F11: =IF(E11>0,E11-D11,"") | X11: =E10 -> 0 | Y11: =G10+H10-I10 -> 0
A12: Liko, dienos | B12: =IF(B16<>K3,(TODAY()-B11)*-1,"") | F12: =IF(E12>0,E12-D12,"") | X12: =E11 -> 0 | Y12: =G11+H11-I11 -> 0
F13: =IF(E13>0,E13-D13,"") | X13: =E12 -> 0 | Y13: =G12+H12-I12 -> 0
F14: =IF(E14>0,E14-D14,"") | X14: =E13 -> 0 | Y14: =G13+H13-I13 -> 0
A15: Palūkanos | B15: 0.12 | F15: =IF(E15>0,E15-D15,"") | X15: =E14 -> 0 | Y15: =G14+H14-I14 -> 0
A16: Investuota, Eur | B16: 12.74 | F16: =IF(E16>0,E16-D16,"") | X16: =E15 -> 0 | Y16: =G15+H15-I15 -> 0
F17: =IF(E17>0,E17-D17,"") | X17: =E16 -> 0 | Y17: =G16+H16-I16 -> 0
F18: =IF(E18>0,E18-D18,"") | X18: =E17 -> 0 | Y18: =G17+H17-I17 -> 0
F19: =IF(E19>0,E19-D19,"") | X19: =E18 -> 0 | Y19: =G18+H18-I18 -> 0
F20: =IF(E20>0,E20-D20,"") | X20: =E19 -> 0 | Y20: =G19+H19-I19 -> 0
F21: =IF(E21>0,E21-D21,"") | X21: =E20 -> 0 | Y21: =G20+H20-I20 -> 0
F22: =IF(E22>0,E22-D22,"") | X22: =E21 -> 0 | Y22: =G21+H21-I21 -> 0
F23: =IF(E23>0,E23-D23,"") | X23: =E22 -> 0 | Y23: =G22+H22-I22 -> 0
F24: =IF(E24>0,E24-D24,"") | X24: =E23 -> 0 | Y24: =G23+H23-I23 -> 0
F25: =IF(E25>0,E25-D25,"") | X25: =E24 -> 0 | Y25: =G24+H24-I24 -> 0
F26: =IF(E26>0,E26-D26,"") | X26: =E25 -> 0 | Y26: =G25+H25-I25 -> 0
F27: =IF(E27>0,E27-D27,"") | X27: =E26 -> 0 | Y27: =G26+H26-I26 -> 0
F28: =IF(E28>0,E28-D28,"") | X28: =E27 -> 0 | Y28: =G27+H27-I27 -> 0
... F52: =IF(E52>0,E52-D52,"") | X52: =E51 -> 0 | Y52: =G51+H51-I51 -> 0
D53: Viso: | G53: =SUM(G3:G52) -> 12.74 | H53: =SUM(H3:H52) -> 0.62 | I53: =SUM(I3:I52) -> 0.03

Sheet LVX0000PQUG7
A1: Loan ID | B1: LVX0000PQUG7 | D1: Data | G1: Paskola | K1: Grąžinimas
A2: Šalis | B2: Romania | D2: Planuojama | E2: Reali | F2: Vėl./Anks. | G2: Principal | H2: Interest | I2: Mokestis | K2: Paskola | L2: Palūkanos | M2: Mokesčiai | N2: XIRR | O2: Data | P2: Vėluoja | Q2: Vėl./Anks. | X2: Data | Y2: Suma | Z2: Vėluoja
A3: Skolintojas | B3: SIA "Abele Finance" | D3: 45991 | E3: 45991 | F3: =IF(E3>0,E3-D3,"") -> 0 | G3: 0 | H3: 0.12 | I3: 0.01 | K3: =G53 -> 17.67 | L3: =H53 -> 0.78 | M3: =I53 -> 0.04 | N3: =IF(B16=K3,XIRR(Y3:Y52,X3:X52),"") -> 0.11873576 | O3: =IF(B16=K3,MAX(E:E),"") -> 46142 | P3: =IF(Z3="+",TODAY()-B11,"") | Q3: =IF(B16=K3,MAX(E:E)-B11,"") -> 30 | X3: =B9 -> 45971 | Y3: =B16*-1 -> -17.67 | Z3: =IF(AND(TODAY()>B11, K3<>B16), "+", "")
A4: Tipas | B4: Business | D4: 46022 | E4: 46022 | F4: =IF(E4>0,E4-D4,"") -> 0 | G4: 0 | H4: 0.19 | I4: 0.01 | X4: =E3 -> 45991 | Y4: =G3+H3-I3 -> 0.11
D5: 46053 | E5: 46053 | F5: =IF(E5>0,E5-D5,"") -> 0 | G5: 0 | H5: 0.1 | I5: 0 | X5: =E4 -> 46022 | Y5: =G4+H4-I4 -> 0.18
D6: 46081 | E6: 46081 | F6: =IF(E6>0,E6-D6,"") -> 0 | G6: 0 | H6: 0.13 | I6: 0.01 | X6: =E5 -> 46053 | Y6: =G5+H5-I5 -> 0.1
D7: 46106 | E7: 46106 | F7: =IF(E7>0,E7-D7,"") -> 0 | G7: 17.67 | H7: 0 | I7: 0 | X7: =E6 -> 46081 | Y7: =G6+H6-I6 -> 0.12
A8: Terminas | B8: =DATEDIF(B9,B11,"y") & " m. " & DATEDIF(B9,B11,"ym") & " mėn. " & DATEDIF(B9,B11,"md") & " d." -> 0 m. 4 mėn. 21 d. | D8: 46112 | E8: 46142 | F8: =IF(E8>0,E8-D8,"") -> 30 | G8: 0 | H8: 0.24 | I8: 0.01 | X8: =E7 -> 46106 | Y8: =G7+H7-I7 -> 17.67
A9: Investuota | B9: 45971 | F9: =IF(E9>0,E9-D9,"") | X9: =E8 -> 46142 | Y9: =G8+H8-I8 -> 0.23
A10: Pradžia | B10: 45932 | F10: =IF(E10>0,E10-D10,"") | X10: =E9 -> 0 | Y10: =G9+H9-I9 -> 0
A11: Pabaiga | B11: 46112 | F11: =IF(E11>0,E11-D11,"") | X11: =E10 -> 0 | Y11: =G10+H10-I10 -> 0
A12: Liko, dienos | B12: =IF(B16<>K3,(TODAY()-B11)*-1,"") | F12: =IF(E12>0,E12-D12,"") | X12: =E11 -> 0 | Y12: =G11+H11-I11 -> 0
F13: =IF(E13>0,E13-D13,"") | X13: =E12 -> 0 | Y13: =G12+H12-I12 -> 0
F14: =IF(E14>0,E14-D14,"") | X14: =E13 -> 0 | Y14: =G13+H13-I13 -> 0
A15: Palūkanos | B15: 0.12 | F15: =IF(E15>0,E15-D15,"") | X15: =E14 -> 0 | Y15: =G14+H14-I14 -> 0
A16: Investuota, Eur | B16: 17.67 | F16: =IF(E16>0,E16-D16,"") | X16: =E15 -> 0 | Y16: =G15+H15-I15 -> 0
F17: =IF(E17>0,E17-D17,"") | X17: =E16 -> 0 | Y17: =G16+H16-I16 -> 0
F18: =IF(E18>0,E18-D18,"") | X18: =E17 -> 0 | Y18: =G17+H17-I17 -> 0
F19: =IF(E19>0,E19-D19,"") | X19: =E18 -> 0 | Y19: =G18+H18-I18 -> 0
F20: =IF(E20>0,E20-D20,"") | X20: =E19 -> 0 | Y20: =G19+H19-I19 -> 0
F21: =IF(E21>0,E21-D21,"") | X21: =E20 -> 0 | Y21: =G20+H20-I20 -> 0
F22: =IF(E22>0,E22-D22,"") | X22: =E21 -> 0 | Y22: =G21+H21-I21 -> 0
F23: =IF(E23>0,E23-D23,"") | X23: =E22 -> 0 | Y23: =G22+H22-I22 -> 0
F24: =IF(E24>0,E24-D24,"") | X24: =E23 -> 0 | Y24: =G23+H23-I23 -> 0
F25: =IF(E25>0,E25-D25,"") | X25: =E24 -> 0 | Y25: =G24+H24-I24 -> 0
F26: =IF(E26>0,E26-D26,"") | X26: =E25 -> 0 | Y26: =G25+H25-I25 -> 0
F27: =IF(E27>0,E27-D27,"") | X27: =E26 -> 0 | Y27: =G26+H26-I26 -> 0
F28: =IF(E28>0,E28-D28,"") | X28: =E27 -> 0 | Y28: =G27+H27-I27 -> 0
... F52: =IF(E52>0,E52-D52,"") | X52: =E51 -> 0 | Y52: =G51+H51-I51 -> 0
D53: Viso: | G53: =SUM(G3:G52) -> 17.67 | H53: =SUM(H3:H52) -> 0.78 | I53: =SUM(I3:I52) -> 0.04

Sheet LVX0000Q0ED3
A1: Loan ID | B1: LVX0000Q0ED3 | D1: Data | G1: Paskola | K1: Grąžinimas
A2: Šalis | B2: Romania | D2: Planuojama | E2: Reali | F2: Vėl./Anks. | G2: Principal | H2: Interest | I2: Mokestis | K2: Paskola | L2: Palūkanos | M2: Mokesčiai | N2: XIRR | O2: Data | P2: Vėluoja | Q2: Vėl./Anks. | X2: Data | Y2: Suma | Z2: Vėluoja
A3: Skolintojas | B3: SIA "Abele Finance" | D3: 45991 | E3: 45991 | F3: =IF(E3>0,E3-D3,"") -> 0 | G3: 0 | H3: 0.17 | I3: 0.01 | K3: =G53 -> 17.46 | L3: =H53 -> 0.97 | M3: =I53 -> 0.05 | N3: =IF(B16=K3,XIRR(Y3:Y52,X3:X52),"") -> 0.12041871 | O3: =IF(B16=K3,MAX(E:E),"") -> 46130 | P3: =IF(Z3="+",TODAY()-B11,"") | Q3: =IF(B16=K3,MAX(E:E)-B11,"") -> 3 | X3: =B9 -> 45962 | Y3: =B16*-1 -> -17.46 | Z3: =IF(AND(TODAY()>B11, K3<>B16), "+", "")
A4: Tipas | B4: Business | D4: 46022 | E4: 46022 | F4: =IF(E4>0,E4-D4,"") -> 0 | G4: 0 | H4: 0.19 | I4: 0.01 | X4: =E3 -> 45991 | Y4: =G3+H3-I3 -> 0.16
D5: 46053 | E5: 46053 | F5: =IF(E5>0,E5-D5,"") -> 0 | G5: 0 | H5: 0.1 | I5: 0 | X5: =E4 -> 46022 | Y5: =G4+H4-I4 -> 0.18
D6: 46081 | E6: 46081 | F6: =IF(E6>0,E6-D6,"") -> 0 | G6: 0 | H6: 0.12 | I6: 0.01 | X6: =E5 -> 46053 | Y6: =G5+H5-I5 -> 0.1
D7: 46112 | E7: 46112 | F7: =IF(E7>0,E7-D7,"") -> 0 | G7: 0 | H7: 0.14 | I7: 0.01 | X7: =E6 -> 46081 | Y7: =G6+H6-I6 -> 0.11
A8: Terminas | B8: =DATEDIF(B9,B11,"y") & " m. " & DATEDIF(B9,B11,"ym") & " mėn. " & DATEDIF(B9,B11,"md") & " d." -> 0 m. 5 mėn. 14 d. | D8: 46127 | E8: 46130 | F8: =IF(E8>0,E8-D8,"") -> 3 | G8: 17.46 | H8: 0.25 | I8: 0.01 | X8: =E7 -> 46112 | Y8: =G7+H7-I7 -> 0.13
A9: Investuota | B9: 45962 | F9: =IF(E9>0,E9-D9,"") | X9: =E8 -> 46130 | Y9: =G8+H8-I8 -> 17.7
A10: Pradžia | B10: 45947 | F10: =IF(E10>0,E10-D10,"") | X10: =E9 -> 0 | Y10: =G9+H9-I9 -> 0
A11: Pabaiga | B11: 46127 | F11: =IF(E11>0,E11-D11,"") | X11: =E10 -> 0 | Y11: =G10+H10-I10 -> 0
A12: Liko, dienos | B12: =IF(B16<>K3,(TODAY()-B11)*-1,"") | F12: =IF(E12>0,E12-D12,"") | X12: =E11 -> 0 | Y12: =G11+H11-I11 -> 0
F13: =IF(E13>0,E13-D13,"") | X13: =E12 -> 0 | Y13: =G12+H12-I12 -> 0
F14: =IF(E14>0,E14-D14,"") | X14: =E13 -> 0 | Y14: =G13+H13-I13 -> 0
A15: Palūkanos | B15: 0.12 | F15: =IF(E15>0,E15-D15,"") | X15: =E14 -> 0 | Y15: =G14+H14-I14 -> 0
A16: Investuota, Eur | B16: 17.46 | F16: =IF(E16>0,E16-D16,"") | X16: =E15 -> 0 | Y16: =G15+H15-I15 -> 0
F17: =IF(E17>0,E17-D17,"") | X17: =E16 -> 0 | Y17: =G16+H16-I16 -> 0
F18: =IF(E18>0,E18-D18,"") | X18: =E17 -> 0 | Y18: =G17+H17-I17 -> 0
F19: =IF(E19>0,E19-D19,"") | X19: =E18 -> 0 | Y19: =G18+H18-I18 -> 0
F20: =IF(E20>0,E20-D20,"") | X20: =E19 -> 0 | Y20: =G19+H19-I19 -> 0
F21: =IF(E21>0,E21-D21,"") | X21: =E20 -> 0 | Y21: =G20+H20-I20 -> 0
F22: =IF(E22>0,E22-D22,"") | X22: =E21 -> 0 | Y22: =G21+H21-I21 -> 0
F23: =IF(E23>0,E23-D23,"") | X23: =E22 -> 0 | Y23: =G22+H22-I22 -> 0
F24: =IF(E24>0,E24-D24,"") | X24: =E23 -> 0 | Y24: =G23+H23-I23 -> 0
F25: =IF(E25>0,E25-D25,"") | X25: =E24 -> 0 | Y25: =G24+H24-I24 -> 0
F26: =IF(E26>0,E26-D26,"") | X26: =E25 -> 0 | Y26: =G25+H25-I25 -> 0
F27: =IF(E27>0,E27-D27,"") | X27: =E26 -> 0 | Y27: =G26+H26-I26 -> 0
F28: =IF(E28>0,E28-D28,"") | X28: =E27 -> 0 | Y28: =G27+H27-I27 -> 0
... F52: =IF(E52>0,E52-D52,"") | X52: =E51 -> 0 | Y52: =G51+H51-I51 -> 0
D53: Viso: | G53: =SUM(G3:G52) -> 17.46 | H53: =SUM(H3:H52) -> 0.97 | I53: =SUM(I3:I52) -> 0.05

Sheet LVX0000PQUR4
A1: Loan ID | B1: LVX0000PQUR4 | D1: Data | G1: Paskola | K1: Grąžinimas
A2: Šalis | B2: Philippines | D2: Planuojama | E2: Reali | F2: Vėl./Anks. | G2: Principal | H2: Interest | I2: Mokestis | K2: Paskola | L2: Palūkanos | M2: Mokesčiai | N2: XIRR | O2: Data | P2: Vėluoja | Q2: Vėl./Anks. | X2: Data | Y2: Suma | Z2: Vėluoja
A3: Skolintojas | B3: SIA "Abele Finance" | D3: 45991 | E3: 45991 | F3: =IF(E3>0,E3-D3,"") -> 0 | G3: 0 | H3: 0.09 | I3: 0 | K3: =G53 -> 10 | L3: =H53 -> 0.32 | M3: =I53 -> 0.01 | N3: =IF(B16=K3,XIRR(Y3:Y52,X3:X52),"") -> 0.11673182 | O3: =IF(B16=K3,MAX(E:E),"") -> 46064 | P3: =IF(Z3="+",TODAY()-B11,"") | Q3: =IF(B16=K3,MAX(E:E)-B11,"") -> 12 | X3: =B9 -> 45962 | Y3: =B16*-1 -> -10 | Z3: =IF(AND(TODAY()>B11, K3<>B16), "+", "")
A4: Tipas | B4: Business | D4: 46022 | E4: 46022 | F4: =IF(E4>0,E4-D4,"") -> 0 | G4: 0 | H4: 0.1 | I4: 0.01 | X4: =E3 -> 45991 | Y4: =G3+H3-I3 -> 0.09
D5: 46052 | E5: 46052 | F5: =IF(E5>0,E5-D5,"") -> 0 | G5: 0 | H5: 0.05 | I5: 0 | X5: =E4 -> 46022 | Y5: =G4+H4-I4 -> 0.09
D6: 46052 | E6: 46064 | F6: =IF(E6>0,E6-D6,"") -> 12 | G6: 10 | H6: 0.08 | I6: 0 | X6: =E5 -> 46052 | Y6: =G5+H5-I5 -> 0.05
F7: =IF(E7>0,E7-D7,"") | X7: =E6 -> 46064 | Y7: =G6+H6-I6 -> 10.08
A8: Terminas | B8: =DATEDIF(B9,B11,"y") & " m. " & DATEDIF(B9,B11,"ym") & " mėn. " & DATEDIF(B9,B11,"md") & " d." -> 0 m. 2 mėn. 29 d. | F8: =IF(E8>0,E8-D8,"") | X8: =E7 -> 0 | Y8: =G7+H7-I7 -> 0
A9: Investuota | B9: 45962 | F9: =IF(E9>0,E9-D9,"") | X9: =E8 -> 0 | Y9: =G8+H8-I8 -> 0
A10: Pradžia | B10: 45932 | F10: =IF(E10>0,E10-D10,"") | X10: =E9 -> 0 | Y10: =G9+H9-I9 -> 0
A11: Pabaiga | B11: 46052 | F11: =IF(E11>0,E11-D11,"") | X11: =E10 -> 0 | Y11: =G10+H10-I10 -> 0
A12: Liko, dienos | B12: =IF(B16<>K3,(TODAY()-B11)*-1,"") | F12: =IF(E12>0,E12-D12,"") | X12: =E11 -> 0 | Y12: =G11+H11-I11 -> 0
F13: =IF(E13>0,E13-D13,"") | X13: =E12 -> 0 | Y13: =G12+H12-I12 -> 0
F14: =IF(E14>0,E14-D14,"") | X14: =E13 -> 0 | Y14: =G13+H13-I13 -> 0
A15: Palūkanos | B15: 0.115 | F15: =IF(E15>0,E15-D15,"") | X15: =E14 -> 0 | Y15: =G14+H14-I14 -> 0
A16: Investuota, Eur | B16: 10 | F16: =IF(E16>0,E16-D16,"") | X16: =E15 -> 0 | Y16: =G15+H15-I15 -> 0
F17: =IF(E17>0,E17-D17,"") | X17: =E16 -> 0 | Y17: =G16+H16-I16 -> 0
F18: =IF(E18>0,E18-D18,"") | X18: =E17 -> 0 | Y18: =G17+H17-I17 -> 0
F19: =IF(E19>0,E19-D19,"") | X19: =E18 -> 0 | Y19: =G18+H18-I18 -> 0
F20: =IF(E20>0,E20-D20,"") | X20: =E19 -> 0 | Y20: =G19+H19-I19 -> 0
F21: =IF(E21>0,E21-D21,"") | X21: =E20 -> 0 | Y21: =G20+H20-I20 -> 0
F22: =IF(E22>0,E22-D22,"") | X22: =E21 -> 0 | Y22: =G21+H21-I21 -> 0
F23: =IF(E23>0,E23-D23,"") | X23: =E22 -> 0 | Y23: =G22+H22-I22 -> 0
F24: =IF(E24>0,E24-D24,"") | X24: =E23 -> 0 | Y24: =G23+H23-I23 -> 0
F25: =IF(E25>0,E25-D25,"") | X25: =E24 -> 0 | Y25: =G24+H24-I24 -> 0
F26: =IF(E26>0,E26-D26,"") | X26: =E25 -> 0 | Y26: =G25+H25-I25 -> 0
F27: =IF(E27>0,E27-D27,"") | X27: =E26 -> 0 | Y27: =G26+H26-I26 -> 0
F28: =IF(E28>0,E28-D28,"") | X28: =E27 -> 0 | Y28: =G27+H27-I27 -> 0
... F52: =IF(E52>0,E52-D52,"") | X52: =E51 -> 0 | Y52: =G51+H51-I51 -> 0
D53: Viso: | G53: =SUM(G3:G52) -> 10 | H53: =SUM(H3:H52) -> 0.32 | I53: =SUM(I3:I52) -> 0.01

Sheet LVX0000Q7QJ9
A1: Loan ID | B1: LVX0000Q7QJ9 | D1: Data | G1: Paskola | K1: Grąžinimas
A2: Šalis | B2: Romania | D2: Planuojama | E2: Reali | F2: Vėl./Anks. | G2: Principal | H2: Interest | I2: Mokestis | K2: Paskola | L2: Palūkanos | M2: Mokesčiai | N2: XIRR | O2: Data | P2: Vėluoja | Q2: Vėl./Anks. | X2: Data | Y2: Suma | Z2: Vėluoja
A3: Skolintojas | B3: ECOFINANCE IFN SA | D3: 45961 | E3: 45961 | F3: =IF(E3>0,E3-D3,"") -> 0 | G3: 0 | H3: 0.03 | I3: 0 | K3: =G53 -> 25.71 | L3: =H53 -> 0.29 | M3: =I53 -> 0.01 | N3: =IF(B16=K3,XIRR(Y3:Y52,X3:X52),"") -> 0.078098801 | O3: =IF(B16=K3,MAX(E:E),"") -> 46053 | P3: =IF(Z3="+",TODAY()-B11,"") | Q3: =IF(B16=K3,MAX(E:E)-B11,"") -> -532 | X3: =B9 -> 45958 | Y3: =B16*-1 -> -25.71 | Z3: =IF(AND(TODAY()>B11, K3<>B16), "+", "")
A4: Tipas | B4: Pesonal | D4: 45991 | E4: 45991 | F4: =IF(E4>0,E4-D4,"") -> 0 | G4: 15.55 | H4: 0.17 | I4: 0.01 | X4: =E3 -> 45961 | Y4: =G3+H3-I3 -> 0.03
D5: 46022 | E5: 46022 | F5: =IF(E5>0,E5-D5,"") -> 0 | G5: 3.92 | H5: 0.08 | I5: 0 | X5: =E4 -> 45991 | Y5: =G4+H4-I4 -> 15.71
D6: 46053 | E6: 46053 | F6: =IF(E6>0,E6-D6,"") -> 0 | G6: 6.24 | H6: 0.01 | I6: 0 | X6: =E5 -> 46022 | Y6: =G5+H5-I5 -> 4
F7: =IF(E7>0,E7-D7,"") | X7: =E6 -> 46053 | Y7: =G6+H6-I6 -> 6.25
A8: Terminas | B8: =DATEDIF(B9,B11,"y") & " m. " & DATEDIF(B9,B11,"ym") & " mėn. " & DATEDIF(B9,B11,"md") & " d." -> 1 m. 8 mėn. 19 d. | F8: =IF(E8>0,E8-D8,"") | X8: =E7 -> 0 | Y8: =G7+H7-I7 -> 0
A9: Investuota | B9: 45958 | F9: =IF(E9>0,E9-D9,"") | X9: =E8 -> 0 | Y9: =G8+H8-I8 -> 0
A10: Pradžia | B10: 45957 | F10: =IF(E10>0,E10-D10,"") | X10: =E9 -> 0 | Y10: =G9+H9-I9 -> 0
A11: Pabaiga | B11: 46585 | F11: =IF(E11>0,E11-D11,"") | X11: =E10 -> 0 | Y11: =G10+H10-I10 -> 0
A12: Liko, dienos | B12: =IF(B16<>K3,(TODAY()-B11)*-1,"") | F12: =IF(E12>0,E12-D12,"") | X12: =E11 -> 0 | Y12: =G11+H11-I11 -> 0
F13: =IF(E13>0,E13-D13,"") | X13: =E12 -> 0 | Y13: =G12+H12-I12 -> 0
F14: =IF(E14>0,E14-D14,"") | X14: =E13 -> 0 | Y14: =G13+H13-I13 -> 0
A15: Palūkanos | B15: 0.125 | F15: =IF(E15>0,E15-D15,"") | X15: =E14 -> 0 | Y15: =G14+H14-I14 -> 0
A16: Investuota, Eur | B16: 25.71 | F16: =IF(E16>0,E16-D16,"") | X16: =E15 -> 0 | Y16: =G15+H15-I15 -> 0
F17: =IF(E17>0,E17-D17,"") | X17: =E16 -> 0 | Y17: =G16+H16-I16 -> 0
F18: =IF(E18>0,E18-D18,"") | X18: =E17 -> 0 | Y18: =G17+H17-I17 -> 0
F19: =IF(E19>0,E19-D19,"") | X19: =E18 -> 0 | Y19: =G18+H18-I18 -> 0
F20: =IF(E20>0,E20-D20,"") | X20: =E19 -> 0 | Y20: =G19+H19-I19 -> 0
F21: =IF(E21>0,E21-D21,"") | X21: =E20 -> 0 | Y21: =G20+H20-I20 -> 0
F22: =IF(E22>0,E22-D22,"") | X22: =E21 -> 0 | Y22: =G21+H21-I21 -> 0
F23: =IF(E23>0,E23-D23,"") | X23: =E22 -> 0 | Y23: =G22+H22-I22 -> 0
F24: =IF(E24>0,E24-D24,"") | X24: =E23 -> 0 | Y24: =G23+H23-I23 -> 0
F25: =IF(E25>0,E25-D25,"") | X25: =E24 -> 0 | Y25: =G24+H24-I24 -> 0
F26: =IF(E26>0,E26-D26,"") | X26: =E25 -> 0 | Y26: =G25+H25-I25 -> 0
F27: =IF(E27>0,E27-D27,"") | X27: =E26 -> 0 | Y27: =G26+H26-I26 -> 0
F28: =IF(E28>0,E28-D28,"") | X28: =E27 -> 0 | Y28: =G27+H27-I27 -> 0
... F52: =IF(E52>0,E52-D52,"") | X52: =E51 -> 0 | Y52: =G51+H51-I51 -> 0
D53: Viso: | G53: =SUM(G3:G52) -> 25.71 | H53: =SUM(H3:H52) -> 0.29 | I53: =SUM(I3:I52) -> 0.01

Sheet LVX0000PQUM5
A1: Loan ID | B1: LVX0000PQUM5 | D1: Data | G1: Paskola | K1: Grąžinimas
A2: Šalis | B2: Cyprus | D2: Planuojama | E2: Reali | F2: Vėl./Anks. | G2: Principal | H2: Interest | I2: Mokestis | K2: Paskola | L2: Palūkanos | M2: Mokesčiai | N2: XIRR | O2: Data | P2: Vėluoja | Q2: Vėl./Anks. | X2: Data | Y2: Suma | Z2: Vėluoja
A3: Skolintojas | B3: SIA "Abele Finance" | D3: 45961 | E3: 45961 | F3: =IF(E3>0,E3-D3,"") -> 0 | G3: 0 | H3: 0.05 | I3: 0 | K3: =G53 -> 10 | L3: =H53 -> 0.57 | M3: =I53 -> 0.03 | N3: =IF(B16=K3,XIRR(Y3:Y52,X3:X52),"") -> 0.11988381 | O3: =IF(B16=K3,MAX(E:E),"") -> 46120 | P3: =IF(Z3="+",TODAY()-B11,"") | Q3: =IF(B16=K3,MAX(E:E)-B11,"") -> 8 | X3: =B9 -> 45947 | Y3: =B16*-1 -> -10 | Z3: =IF(AND(TODAY()>B11, K3<>B16), "+", "")
A4: Tipas | B4: Business | D4: 45991 | E4: 45991 | F4: =IF(E4>0,E4-D4,"") -> 0 | G4: 0 | H4: 0.1 | I4: 0.01 | X4: =E3 -> 45961 | Y4: =G3+H3-I3 -> 0.05
D5: 46022 | E5: 46022 | F5: =IF(E5>0,E5-D5,"") -> 0 | G5: 0 | H5: 0.1 | I5: 0.01 | X5: =E4 -> 45991 | Y5: =G4+H4-I4 -> 0.09
D6: 46053 | E6: 46053 | F6: =IF(E6>0,E6-D6,"") -> 0 | G6: 0 | H6: 0.06 | I6: 0 | X6: =E5 -> 46022 | Y6: =G5+H5-I5 -> 0.09
D7: 46081 | E7: 46081 | F7: =IF(E7>0,E7-D7,"") -> 0 | G7: 0 | H7: 0.07 | I7: 0 | X7: =E6 -> 46053 | Y7: =G6+H6-I6 -> 0.06
A8: Terminas | B8: =DATEDIF(B9,B11,"y") & " m. " & DATEDIF(B9,B11,"ym") & " mėn. " & DATEDIF(B9,B11,"md") & " d." -> 0 m. 5 mėn. 14 d. | D8: 46112 | E8: 46112 | F8: =IF(E8>0,E8-D8,"") -> 0 | G8: 0 | H8: 0.1 | I8: 0.01 | X8: =E7 -> 46081 | Y8: =G7+H7-I7 -> 0.07
A9: Investuota | B9: 45947 | D9: 46112 | E9: 46120 | F9: =IF(E9>0,E9-D9,"") -> 8 | G9: 10 | H9: 0.09 | I9: 0 | X9: =E8 -> 46112 | Y9: =G8+H8-I8 -> 0.09
A10: Pradžia | B10: 45932 | F10: =IF(E10>0,E10-D10,"") | X10: =E9 -> 46120 | Y10: =G9+H9-I9 -> 10.09
A11: Pabaiga | B11: 46112 | F11: =IF(E11>0,E11-D11,"") | X11: =E10 -> 0 | Y11: =G10+H10-I10 -> 0
A12: Liko, dienos | B12: =IF(B16<>K3,(TODAY()-B11)*-1,"") | F12: =IF(E12>0,E12-D12,"") | X12: =E11 -> 0 | Y12: =G11+H11-I11 -> 0
F13: =IF(E13>0,E13-D13,"") | X13: =E12 -> 0 | Y13: =G12+H12-I12 -> 0
F14: =IF(E14>0,E14-D14,"") | X14: =E13 -> 0 | Y14: =G13+H13-I13 -> 0
A15: Palūkanos | B15: 0.12 | F15: =IF(E15>0,E15-D15,"") | X15: =E14 -> 0 | Y15: =G14+H14-I14 -> 0
A16: Investuota, Eur | B16: 10 | F16: =IF(E16>0,E16-D16,"") | X16: =E15 -> 0 | Y16: =G15+H15-I15 -> 0
F17: =IF(E17>0,E17-D17,"") | X17: =E16 -> 0 | Y17: =G16+H16-I16 -> 0
F18: =IF(E18>0,E18-D18,"") | X18: =E17 -> 0 | Y18: =G17+H17-I17 -> 0
F19: =IF(E19>0,E19-D19,"") | X19: =E18 -> 0 | Y19: =G18+H18-I18 -> 0
F20: =IF(E20>0,E20-D20,"") | X20: =E19 -> 0 | Y20: =G19+H19-I19 -> 0
F21: =IF(E21>0,E21-D21,"") | X21: =E20 -> 0 | Y21: =G20+H20-I20 -> 0
F22: =IF(E22>0,E22-D22,"") | X22: =E21 -> 0 | Y22: =G21+H21-I21 -> 0
F23: =IF(E23>0,E23-D23,"") | X23: =E22 -> 0 | Y23: =G22+H22-I22 -> 0
F24: =IF(E24>0,E24-D24,"") | X24: =E23 -> 0 | Y24: =G23+H23-I23 -> 0
F25: =IF(E25>0,E25-D25,"") | X25: =E24 -> 0 | Y25: =G24+H24-I24 -> 0
F26: =IF(E26>0,E26-D26,"") | X26: =E25 -> 0 | Y26: =G25+H25-I25 -> 0
F27: =IF(E27>0,E27-D27,"") | X27: =E26 -> 0 | Y27: =G26+H26-I26 -> 0
F28: =IF(E28>0,E28-D28,"") | X28: =E27 -> 0 | Y28: =G27+H27-I27 -> 0
... F52: =IF(E52>0,E52-D52,"") | X52: =E51 -> 0 | Y52: =G51+H51-I51 -> 0
D53: Viso: | G53: =SUM(G3:G52) -> 10 | H53: =SUM(H3:H52) -> 0.57 | I53: =SUM(I3:I52) -> 0.03

Sheet LVX0000PLQM4
A1: Loan ID | B1: LVX0000PLQM4 | D1: Data | G1: Paskola | K1: Grąžinimas
A2: Šalis | B2: Romania | D2: Planuojama | E2: Reali | F2: Vėl./Anks. | G2: Principal | H2: Interest | I2: Mokestis | K2: Paskola | L2: Palūkanos | M2: Mokesčiai | N2: XIRR | O2: Data | P2: Vėluoja | Q2: Vėl./Anks. | X2: Data | Y2: Suma | Z2: Vėluoja
A3: Skolintojas | B3: SIA "Abele Finance" | D3: 45961 | E3: 45961 | F3: =IF(E3>0,E3-D3,"") -> 0 | G3: 0 | H3: 0.09 | I3: 0 | K3: =G53 -> 13.86 | L3: =H53 -> 1.12 | M3: =I53 -> 0.06 | N3: =IF(B16=K3,XIRR(Y3:Y52,X3:X52),"") -> 0.1201248 | O3: =IF(B16=K3,MAX(E:E),"") -> 46234 | P3: =IF(Z3="+",TODAY()-B11,"") | Q3: =IF(B16=K3,MAX(E:E)-B11,"") -> 39 | X3: =B9 -> 45947 | Y3: =B16*-1 -> -13.86 | Z3: =IF(AND(TODAY()>B11, K3<>B16), "+", "")
A4: Tipas | B4: Business | D4: 45991 | E4: 45991 | F4: =IF(E4>0,E4-D4,"") -> 0 | G4: 0 | H4: 0.13 | I4: 0.01 | X4: =E3 -> 45961 | Y4: =G3+H3-I3 -> 0.09
D5: 46022 | E5: 46022 | F5: =IF(E5>0,E5-D5,"") -> 0 | G5: 0 | H5: 0.13 | I5: 0.01 | X5: =E4 -> 45991 | Y5: =G4+H4-I4 -> 0.12
D6: 46053 | E6: 46053 | F6: =IF(E6>0,E6-D6,"") -> 0 | G6: 0 | H6: 0.07 | I6: 0 | X6: =E5 -> 46022 | Y6: =G5+H5-I5 -> 0.12
D7: 46081 | E7: 46081 | F7: =IF(E7>0,E7-D7,"") -> 0 | G7: 0 | H7: 0.09 | I7: 0 | X7: =E6 -> 46053 | Y7: =G6+H6-I6 -> 0.07
A8: Terminas | B8: =DATEDIF(B9,B11,"y") & " m. " & DATEDIF(B9,B11,"ym") & " mėn. " & DATEDIF(B9,B11,"md") & " d." -> 0 m. 8 mėn. 5 d. | D8: 46112 | E8: 46112 | F8: =IF(E8>0,E8-D8,"") -> 0 | G8: 0 | H8: 0.11 | I8: 0.01 | X8: =E7 -> 46081 | Y8: =G7+H7-I7 -> 0.09
A9: Investuota | B9: 45947 | D9: 46142 | E9: 46142 | F9: =IF(E9>0,E9-D9,"") -> 0 | G9: 0 | H9: 0.18 | I9: 0.01 | X9: =E8 -> 46112 | Y9: =G8+H8-I8 -> 0.1
A10: Pradžia | B10: 45925 | D10: 46173 | E10: 46173 | F10: =IF(E10>0,E10-D10,"") -> 0 | G10: 0 | H10: 0.14 | I10: 0.01 | X10: =E9 -> 46142 | Y10: =G9+H9-I9 -> 0.17
A11: Pabaiga | B11: 46195 | D11: 46195 | E11: 46191 | F11: =IF(E11>0,E11-D11,"") -> -4 | G11: 13.86 | H11: 0 | I11: 0 | X11: =E10 -> 46173 | Y11: =G10+H10-I10 -> 0.13
A12: Liko, dienos | B12: =IF(B16<>K3,(TODAY()-B11)*-1,"") | D12: 46203 | E12: 46203 | F12: =IF(E12>0,E12-D12,"") -> 0 | G12: 0 | H12: 0.15 | I12: 0.01 | X12: =E11 -> 46191 | Y12: =G11+H11-I11 -> 13.86
D13: 46234 | E13: 46234 | F13: =IF(E13>0,E13-D13,"") -> 0 | G13: 0 | H13: 0.03 | I13: 0 | X13: =E12 -> 46203 | Y13: =G12+H12-I12 -> 0.14
F14: =IF(E14>0,E14-D14,"") | X14: =E13 -> 46234 | Y14: =G13+H13-I13 -> 0.03
A15: Palūkanos | B15: 0.12 | F15: =IF(E15>0,E15-D15,"") | X15: =E14 -> 0 | Y15: =G14+H14-I14 -> 0
A16: Investuota, Eur | B16: 13.86 | F16: =IF(E16>0,E16-D16,"") | X16: =E15 -> 0 | Y16: =G15+H15-I15 -> 0
F17: =IF(E17>0,E17-D17,"") | X17: =E16 -> 0 | Y17: =G16+H16-I16 -> 0
F18: =IF(E18>0,E18-D18,"") | X18: =E17 -> 0 | Y18: =G17+H17-I17 -> 0
F19: =IF(E19>0,E19-D19,"") | X19: =E18 -> 0 | Y19: =G18+H18-I18 -> 0
F20: =IF(E20>0,E20-D20,"") | X20: =E19 -> 0 | Y20: =G19+H19-I19 -> 0
F21: =IF(E21>0,E21-D21,"") | X21: =E20 -> 0 | Y21: =G20+H20-I20 -> 0
F22: =IF(E22>0,E22-D22,"") | X22: =E21 -> 0 | Y22: =G21+H21-I21 -> 0
F23: =IF(E23>0,E23-D23,"") | X23: =E22 -> 0 | Y23: =G22+H22-I22 -> 0
F24: =IF(E24>0,E24-D24,"") | X24: =E23 -> 0 | Y24: =G23+H23-I23 -> 0
F25: =IF(E25>0,E25-D25,"") | X25: =E24 -> 0 | Y25: =G24+H24-I24 -> 0
F26: =IF(E26>0,E26-D26,"") | X26: =E25 -> 0 | Y26: =G25+H25-I25 -> 0
F27: =IF(E27>0,E27-D27,"") | X27: =E26 -> 0 | Y27: =G26+H26-I26 -> 0
F28: =IF(E28>0,E28-D28,"") | X28: =E27 -> 0 | Y28: =G27+H27-I27 -> 0
... F52: =IF(E52>0,E52-D52,"") | X52: =E51 -> 0 | Y52: =G51+H51-I51 -> 0
D53: Viso: | G53: =SUM(G3:G52) -> 13.86 | H53: =SUM(H3:H52) -> 1.12 | I53: =SUM(I3:I52) -> 0.06

Sheet LVX0000PQRD0
A1: Loan ID | B1: LVX0000PQRD0 | D1: Data | G1: Paskola | K1: Grąžinimas
A2: Šalis | B2: Moldova | D2: Planuojama | E2: Reali | F2: Vėl./Anks. | G2: Principal | H2: Interest | I2: Mokestis | K2: Paskola | L2: Palūkanos | M2: Mokesčiai | N2: XIRR | O2: Data | P2: Vėluoja | Q2: Vėl./Anks. | X2: Data | Y2: Suma | Z2: Vėluoja
A3: Skolintojas | B3: SIA "Abele Finance" | D3: 45961 | E3: 45961 | F3: =IF(E3>0,E3-D3,"") -> 0 | G3: 0 | H3: 0.09 | I3: 0.01 | K3: =G53 -> 11.35 | L3: =H53 -> 0.72 | M3: =I53 -> 0.04 | N3: =IF(B16=K3,XIRR(Y3:Y52,X3:X52),"") -> 0.1305344 | O3: =IF(B16=K3,MAX(E:E),"") -> 46115 | P3: =IF(Z3="+",TODAY()-B11,"") | Q3: =IF(B16=K3,MAX(E:E)-B11,"") -> 3 | X3: =B9 -> 45938 | Y3: =B16*-1 -> -11.35 | Z3: =IF(AND(TODAY()>B11, K3<>B16), "+", "")
A4: Tipas | B4: Business | D4: 45991 | E4: 45991 | F4: =IF(E4>0,E4-D4,"") -> 0 | G4: 0 | H4: 0.13 | I4: 0.01 | X4: =E3 -> 45961 | Y4: =G3+H3-I3 -> 0.08
D5: 46022 | E5: 46022 | F5: =IF(E5>0,E5-D5,"") -> 0 | G5: 0 | H5: 0.13 | I5: 0.01 | X5: =E4 -> 45991 | Y5: =G4+H4-I4 -> 0.12
D6: 46053 | E6: 46053 | F6: =IF(E6>0,E6-D6,"") -> 0 | G6: 0 | H6: 0.07 | I6: 0 | X6: =E5 -> 46022 | Y6: =G5+H5-I5 -> 0.12
D7: 46081 | E7: 46081 | F7: =IF(E7>0,E7-D7,"") -> 0 | G7: 0 | H7: 0.09 | I7: 0 | X7: =E6 -> 46053 | Y7: =G6+H6-I6 -> 0.07
A8: Terminas | B8: =DATEDIF(B9,B11,"y") & " m. " & DATEDIF(B9,B11,"ym") & " mėn. " & DATEDIF(B9,B11,"md") & " d." -> 0 m. 5 mėn. 23 d. | D8: 46112 | E8: 46112 | F8: =IF(E8>0,E8-D8,"") -> 0 | G8: 0 | H8: 0.11 | I8: 0.01 | X8: =E7 -> 46081 | Y8: =G7+H7-I7 -> 0.09
A9: Investuota | B9: 45938 | D9: 46112 | E9: 46115 | F9: =IF(E9>0,E9-D9,"") -> 3 | G9: 11.35 | H9: 0.1 | I9: 0 | X9: =E8 -> 46112 | Y9: =G8+H8-I8 -> 0.1
A10: Pradžia | B10: 45932 | F10: =IF(E10>0,E10-D10,"") | X10: =E9 -> 46115 | Y10: =G9+H9-I9 -> 11.45
A11: Pabaiga | B11: 46112 | F11: =IF(E11>0,E11-D11,"") | X11: =E10 -> 0 | Y11: =G10+H10-I10 -> 0
A12: Liko, dienos | B12: =IF(B16<>K3,(TODAY()-B11)*-1,"") | F12: =IF(E12>0,E12-D12,"") | X12: =E11 -> 0 | Y12: =G11+H11-I11 -> 0
F13: =IF(E13>0,E13-D13,"") | X13: =E12 -> 0 | Y13: =G12+H12-I12 -> 0
F14: =IF(E14>0,E14-D14,"") | X14: =E13 -> 0 | Y14: =G13+H13-I13 -> 0
A15: Palūkanos | B15: 0.13 | F15: =IF(E15>0,E15-D15,"") | X15: =E14 -> 0 | Y15: =G14+H14-I14 -> 0
A16: Investuota, Eur | B16: 11.35 | F16: =IF(E16>0,E16-D16,"") | X16: =E15 -> 0 | Y16: =G15+H15-I15 -> 0
F17: =IF(E17>0,E17-D17,"") | X17: =E16 -> 0 | Y17: =G16+H16-I16 -> 0
F18: =IF(E18>0,E18-D18,"") | X18: =E17 -> 0 | Y18: =G17+H17-I17 -> 0
F19: =IF(E19>0,E19-D19,"") | X19: =E18 -> 0 | Y19: =G18+H18-I18 -> 0
F20: =IF(E20>0,E20-D20,"") | X20: =E19 -> 0 | Y20: =G19+H19-I19 -> 0
F21: =IF(E21>0,E21-D21,"") | X21: =E20 -> 0 | Y21: =G20+H20-I20 -> 0
F22: =IF(E22>0,E22-D22,"") | X22: =E21 -> 0 | Y22: =G21+H21-I21 -> 0
F23: =IF(E23>0,E23-D23,"") | X23: =E22 -> 0 | Y23: =G22+H22-I22 -> 0
F24: =IF(E24>0,E24-D24,"") | X24: =E23 -> 0 | Y24: =G23+H23-I23 -> 0
F25: =IF(E25>0,E25-D25,"") | X25: =E24 -> 0 | Y25: =G24+H24-I24 -> 0
F26: =IF(E26>0,E26-D26,"") | X26: =E25 -> 0 | Y26: =G25+H25-I25 -> 0
F27: =IF(E27>0,E27-D27,"") | X27: =E26 -> 0 | Y27: =G26+H26-I26 -> 0
F28: =IF(E28>0,E28-D28,"") | X28: =E27 -> 0 | Y28: =G27+H27-I27 -> 0
... F52: =IF(E52>0,E52-D52,"") | X52: =E51 -> 0 | Y52: =G51+H51-I51 -> 0
D53: Viso: | G53: =SUM(G3:G52) -> 11.35 | H53: =SUM(H3:H52) -> 0.72 | I53: =SUM(I3:I52) -> 0.04

Sheet LVX0000PLPE3
A1: Loan ID | B1: LVX0000PLPE3 | D1: Data | G1: Paskola | K1: Grąžinimas
A2: Šalis | B2: Cyprus | D2: Planuojama | E2: Reali | F2: Vėl./Anks. | G2: Principal | H2: Interest | I2: Mokestis | K2: Paskola | L2: Palūkanos | M2: Mokesčiai | N2: XIRR | O2: Data | P2: Vėluoja | Q2: Vėl./Anks. | X2: Data | Y2: Suma | Z2: Vėluoja
A3: Skolintojas | B3: SIA "Abele Finance" | D3: 45961 | E3: 45961 | F3: =IF(E3>0,E3-D3,"") -> 0 | G3: 0 | H3: 0.12 | I3: 0 | K3: =G53 -> 13.66 | L3: =H53 -> 1.23 | M3: =I53 -> 0.06 | N3: =IF(B16=K3,XIRR(Y3:Y52,X3:X52),"") -> 0.12540492 | O3: =IF(B16=K3,MAX(E:E),"") -> 46234 | P3: =IF(Z3="+",TODAY()-B11,"") | Q3: =IF(B16=K3,MAX(E:E)-B11,"") -> 38 | X3: =B9 -> 45934 | Y3: =B16*-1 -> -13.66 | Z3: =IF(AND(TODAY()>B11, K3<>B16), "+", "")
A4: Tipas | B4: Business | D4: 45991 | E4: 45991 | F4: =IF(E4>0,E4-D4,"") -> 0 | G4: 0 | H4: 0.14 | I4: 0.01 | X4: =E3 -> 45961 | Y4: =G3+H3-I3 -> 0.12
D5: 46022 | E5: 46022 | F5: =IF(E5>0,E5-D5,"") -> 0 | G5: 0 | H5: 0.14 | I5: 0.01 | X5: =E4 -> 45991 | Y5: =G4+H4-I4 -> 0.13
D6: 46053 | E6: 46053 | F6: =IF(E6>0,E6-D6,"") -> 0 | G6: 0 | H6: 0.09 | I6: 0 | X6: =E5 -> 46022 | Y6: =G5+H5-I5 -> 0.13
D7: 46081 | E7: 46081 | F7: =IF(E7>0,E7-D7,"") -> 0 | G7: 0 | H7: 0.09 | I7: 0 | X7: =E6 -> 46053 | Y7: =G6+H6-I6 -> 0.09
A8: Terminas | B8: =DATEDIF(B9,B11,"y") & " m. " & DATEDIF(B9,B11,"ym") & " mėn. " & DATEDIF(B9,B11,"md") & " d." -> 0 m. 8 mėn. 19 d. | D8: 46112 | E8: 46112 | F8: =IF(E8>0,E8-D8,"") -> 0 | G8: 0 | H8: 0.13 | I8: 0.01 | X8: =E7 -> 46081 | Y8: =G7+H7-I7 -> 0.09
A9: Investuota | B9: 45934 | D9: 46142 | E9: 46142 | F9: =IF(E9>0,E9-D9,"") -> 0 | G9: 0 | H9: 0.14 | I9: 0.01 | X9: =E8 -> 46112 | Y9: =G8+H8-I8 -> 0.12
A10: Pradžia | B10: 45925 | D10: 46173 | E10: 46173 | F10: =IF(E10>0,E10-D10,"") -> 0 | G10: 0 | H10: 0.14 | I10: 0.01 | X10: =E9 -> 46142 | Y10: =G9+H9-I9 -> 0.13
A11: Pabaiga | B11: 46196 | D11: 46196 | E11: 46196 | F11: =IF(E11>0,E11-D11,"") -> 0 | G11: 13.66 | H11: 0.14 | I11: 0.01 | X11: =E10 -> 46173 | Y11: =G10+H10-I10 -> 0.13
A12: Liko, dienos | B12: =IF(B16<>K3,(TODAY()-B11)*-1,"") | D12: 46234 | E12: 46234 | F12: =IF(E12>0,E12-D12,"") -> 0 | G12: 0 | H12: 0.1 | I12: 0 | X12: =E11 -> 46196 | Y12: =G11+H11-I11 -> 13.79
F13: =IF(E13>0,E13-D13,"") | X13: =E12 -> 46234 | Y13: =G12+H12-I12 -> 0.1
F14: =IF(E14>0,E14-D14,"") | X14: =E13 -> 0 | Y14: =G13+H13-I13 -> 0
A15: Palūkanos | B15: 0.12 | F15: =IF(E15>0,E15-D15,"") | X15: =E14 -> 0 | Y15: =G14+H14-I14 -> 0
A16: Investuota, Eur | B16: 13.66 | F16: =IF(E16>0,E16-D16,"") | X16: =E15 -> 0 | Y16: =G15+H15-I15 -> 0
F17: =IF(E17>0,E17-D17,"") | X17: =E16 -> 0 | Y17: =G16+H16-I16 -> 0
F18: =IF(E18>0,E18-D18,"") | X18: =E17 -> 0 | Y18: =G17+H17-I17 -> 0
F19: =IF(E19>0,E19-D19,"") | X19: =E18 -> 0 | Y19: =G18+H18-I18 -> 0
F20: =IF(E20>0,E20-D20,"") | X20: =E19 -> 0 | Y20: =G19+H19-I19 -> 0
F21: =IF(E21>0,E21-D21,"") | X21: =E20 -> 0 | Y21: =G20+H20-I20 -> 0
F22: =IF(E22>0,E22-D22,"") | X22: =E21 -> 0 | Y22: =G21+H21-I21 -> 0
F23: =IF(E23>0,E23-D23,"") | X23: =E22 -> 0 | Y23: =G22+H22-I22 -> 0
F24: =IF(E24>0,E24-D24,"") | X24: =E23 -> 0 | Y24: =G23+H23-I23 -> 0
F25: =IF(E25>0,E25-D25,"") | X25: =E24 -> 0 | Y25: =G24+H24-I24 -> 0
F26: =IF(E26>0,E26-D26,"") | X26: =E25 -> 0 | Y26: =G25+H25-I25 -> 0
F27: =IF(E27>0,E27-D27,"") | X27: =E26 -> 0 | Y27: =G26+H26-I26 -> 0
F28: =IF(E28>0,E28-D28,"") | X28: =E27 -> 0 | Y28: =G27+H27-I27 -> 0
... F52: =IF(E52>0,E52-D52,"") | X52: =E51 -> 0 | Y52: =G51+H51-I51 -> 0
D53: Viso: | G53: =SUM(G3:G52) -> 13.66 | H53: =SUM(H3:H52) -> 1.23 | I53: =SUM(I3:I52) -> 0.06

Sheet LVX0000PFLZ9
A1: Loan ID | B1: LVX0000PFLZ9 | D1: Data | G1: Paskola | K1: Grąžinimas
A2: Šalis | B2: Romania | D2: Planuojama | E2: Reali | F2: Vėl./Anks. | G2: Principal | H2: Interest | I2: Mokestis | K2: Paskola | L2: Palūkanos | M2: Mokesčiai | N2: XIRR | O2: Data | P2: Vėluoja | Q2: Vėl./Anks. | X2: Data | Y2: Suma | Z2: Vėluoja
A3: Skolintojas | B3: ECOFINANCE IFN SA | D3: 45930 | E3: 45930 | F3: =IF(E3>0,E3-D3,"") -> 0 | G3: 0 | H3: 0.21 | I3: 0.01 | K3: =G53 -> 53.9 | L3: =H53 -> 3.07 | M3: =I53 -> 0.15 | N3: =IF(B16=K3,XIRR(Y3:Y52,X3:X52),"") -> 0.11304017 | O3: =IF(B16=K3,MAX(E:E),"") -> 46271 | P3: =IF(Z3="+",TODAY()-B11,"") | Q3: =IF(B16=K3,MAX(E:E)-B11,"") -> -2 | X3: =B9 -> 45918 | Y3: =B16*-1 -> -53.9 | Z3: =IF(AND(TODAY()>B11, K3<>B16), "+", "")
A4: Tipas | B4: Pesonal | D4: 45961 | E4: 45961 | F4: =IF(E4>0,E4-D4,"") -> 0 | G4: 3.83 | H4: 0.57 | I4: 0.03 | X4: =E3 -> 45930 | Y4: =G3+H3-I3 -> 0.2
D5: 45991 | E5: 45991 | F5: =IF(E5>0,E5-D5,"") -> 0 | G5: 4.24 | H5: 0.5 | I5: 0.03 | X5: =E4 -> 45961 | Y5: =G4+H4-I4 -> 4.37
D6: 46022 | E6: 46022 | F6: =IF(E6>0,E6-D6,"") -> 0 | G6: 7.41 | H6: 0.45 | I6: 0.02 | X6: =E5 -> 45991 | Y6: =G5+H5-I5 -> 4.71
D7: 46053 | E7: 46053 | F7: =IF(E7>0,E7-D7,"") -> 0 | G7: 8.26 | H7: 0.29 | I7: 0.02 | X7: =E6 -> 46022 | Y7: =G6+H6-I6 -> 7.84
A8: Terminas | B8: =DATEDIF(B9,B11,"y") & " m. " & DATEDIF(B9,B11,"ym") & " mėn. " & DATEDIF(B9,B11,"md") & " d." -> 0 m. 11 mėn. 21 d. | D8: 46081 | E8: 46081 | F8: =IF(E8>0,E8-D8,"") -> 0 | G8: 3.05 | H8: 0.28 | I8: 0.01 | X8: =E7 -> 46053 | Y8: =G7+H7-I7 -> 8.53
A9: Investuota | B9: 45918 | D9: 46112 | E9: 46112 | F9: =IF(E9>0,E9-D9,"") -> 0 | G9: 8.84 | H9: 0.26 | I9: 0.01 | X9: =E8 -> 46081 | Y9: =G8+H8-I8 -> 3.32
A10: Pradžia | B10: 45915 | D10: 46142 | E10: 46142 | F10: =IF(E10>0,E10-D10,"") -> 0 | G10: 3.21 | H10: 0.16 | I10: 0.01 | X10: =E9 -> 46112 | Y10: =G9+H9-I9 -> 9.09
A11: Pabaiga | B11: 46273 | D11: 46173 | E11: 46173 | F11: =IF(E11>0,E11-D11,"") -> 0 | G11: 3.02 | H11: 0.13 | I11: 0.01 | X11: =E10 -> 46142 | Y11: =G10+H10-I10 -> 3.36
A12: Liko, dienos | B12: =IF(B16<>K3,(TODAY()-B11)*-1,"") | D12: 46203 | E12: 46203 | F12: =IF(E12>0,E12-D12,"") -> 0 | G12: 3.71 | H12: 0.1 | I12: 0 | X12: =E11 -> 46173 | Y12: =G11+H11-I11 -> 3.14
D13: 46234 | E13: 46234 | F13: =IF(E13>0,E13-D13,"") -> 0 | G13: 3.37 | H13: 0.08 | I13: 0 | X13: =E12 -> 46203 | Y13: =G12+H12-I12 -> 3.81
D14: 46265 | E14: 46265 | F14: =IF(E14>0,E14-D14,"") -> 0 | G14: 2.11 | H14: 0.03 | I14: 0 | X14: =E13 -> 46234 | Y14: =G13+H13-I13 -> 3.45
A15: Palūkanos | B15: 0.125 | D15: 46273 | E15: 46271 | F15: =IF(E15>0,E15-D15,"") -> -2 | G15: 2.85 | H15: 0.01 | I15: 0 | X15: =E14 -> 46265 | Y15: =G14+H14-I14 -> 2.14
A16: Investuota, Eur | B16: 53.9 | F16: =IF(E16>0,E16-D16,"") | X16: =E15 -> 46271 | Y16: =G15+H15-I15 -> 2.86
F17: =IF(E17>0,E17-D17,"") | X17: =E16 -> 0 | Y17: =G16+H16-I16 -> 0
F18: =IF(E18>0,E18-D18,"") | X18: =E17 -> 0 | Y18: =G17+H17-I17 -> 0
F19: =IF(E19>0,E19-D19,"") | X19: =E18 -> 0 | Y19: =G18+H18-I18 -> 0
F20: =IF(E20>0,E20-D20,"") | X20: =E19 -> 0 | Y20: =G19+H19-I19 -> 0
F21: =IF(E21>0,E21-D21,"") | X21: =E20 -> 0 | Y21: =G20+H20-I20 -> 0
F22: =IF(E22>0,E22-D22,"") | X22: =E21 -> 0 | Y22: =G21+H21-I21 -> 0
F23: =IF(E23>0,E23-D23,"") | X23: =E22 -> 0 | Y23: =G22+H22-I22 -> 0
F24: =IF(E24>0,E24-D24,"") | X24: =E23 -> 0 | Y24: =G23+H23-I23 -> 0
F25: =IF(E25>0,E25-D25,"") | X25: =E24 -> 0 | Y25: =G24+H24-I24 -> 0
F26: =IF(E26>0,E26-D26,"") | X26: =E25 -> 0 | Y26: =G25+H25-I25 -> 0
F27: =IF(E27>0,E27-D27,"") | X27: =E26 -> 0 | Y27: =G26+H26-I26 -> 0
F28: =IF(E28>0,E28-D28,"") | X28: =E27 -> 0 | Y28: =G27+H27-I27 -> 0
... F52: =IF(E52>0,E52-D52,"") | X52: =E51 -> 0 | Y52: =G51+H51-I51 -> 0
D53: Viso: | G53: =SUM(G3:G52) -> 53.9 | H53: =SUM(H3:H52) -> 3.07 | I53: =SUM(I3:I52) -> 0.15

Sheet LVX0000P9SY1
A1: Loan ID | B1: LVX0000P9SY1 | D1: Data | G1: Paskola | K1: Grąžinimas
