Workbook

Sheet Overview
A1: Paskola | H1: Grąžinimas | O1: Pinigai | S1: Grąžinta | U1: Vertė
A2: Nr. | B2: Data | C2: Pavadinimas | D2: Laikotarpis | E2: Reitingas | F2: Palūkanos | G2: Investuota | H2: Planuojamas | I2: Realus | J2: Liko | K2: Vėluoja | L2: Paskola | M2: Palūkanos | O2: Įnešta | P2: Investuota | Q2: Premijos | R2: Gryni | S2: Paskola | T2: Palūkanos | U2: Viso | V2: Eur. | W2: % | X2: XIRR | AC2: Vėluoja
A3: 1 | B3: ='Senvagės loftai, Panevėžys IV'!B3 -> 45899 | C3: ='Senvagės loftai, Panevėžys IV'!B2 -> Senvagės loftai, Panevėžys IV | D3: ='Senvagės loftai, Panevėžys IV'!B8 -> 12 | E3: ='Senvagės loftai, Panevėžys IV'!B5 -> A | F3: ='Senvagės loftai, Panevėžys IV'!B10 -> 0.09 | G3: ='Senvagės loftai, Panevėžys IV'!B11 -> 100 | H3: ='Senvagės loftai, Panevėžys IV'!B12 -> 46264 | I3: ='Senvagės loftai, Panevėžys IV'!R3 -> 46248 | J3: ='Senvagės loftai, Panevėžys IV'!B13 | K3: ='Senvagės loftai, Panevėžys IV'!S3 | L3: ='Senvagės loftai, Panevėžys IV'!N3 -> 100 | M3: ='Senvagės loftai, Panevėžys IV'!P3 -> 8.56 | O3: =Pinigai!I2 -> 623.95 | P3: =SUM(G3:G200)-S3 -> 666.8 | Q3: =Pinigai!H2 -> 25 | R3: =U3-P3 -> 7.78 | S3: =SUM(L3:L200) -> 200 | T3: =SUM(M3:M200) -> 25.63 | U3: =O3+T3+Q3 -> 674.58 | V3: =U3-O3 -> 50.63 | W3: =(U3-O3)/O3 -> 0.081144322 | X3: =XIRR(Pinigai!K2:K200,Pinigai!A2:A200) -> 0.11799659 | AC3: ='Senvagės loftai, Panevėžys IV'!AA2
A4: 2 | B4: ='Sakurų Namai, Marijampolė III'!B3 -> 45899 | C4: ='Sakurų Namai, Marijampolė III'!B2 -> Sakurų Namai, Marijampolė III | D4: ='Sakurų Namai, Marijampolė III'!B8 -> 12 | E4: ='Sakurų Namai, Marijampolė III'!B5 -> A- | F4: ='Sakurų Namai, Marijampolė III'!B10 -> 0.095 | G4: ='Sakurų Namai, Marijampolė III'!B11 -> 100 | H4: ='Sakurų Namai, Marijampolė III'!B12 -> 46265 | I4: ='Sakurų Namai, Marijampolė III'!R3 -> 46154 | J4: ='Sakurų Namai, Marijampolė III'!B13 | K4: ='Sakurų Namai, Marijampolė III'!S3 | L4: ='Sakurų Namai, Marijampolė III'!N3 -> 100 | M4: ='Sakurų Namai, Marijampolė III'!P3 -> 6.43 | AC4: ='Sakurų Namai, Marijampolė III'!AA2
A5: 3 | B5: ='Butai centrinėje Vilniaus dal.'!B3 -> 45979 | C5: ='Butai centrinėje Vilniaus dal.'!B2 -> Butai centrinėje Vilniaus dalyje | D5: ='Butai centrinėje Vilniaus dal.'!B8 -> 9 | E5: ='Butai centrinėje Vilniaus dal.'!B5 -> AA- | F5: ='Butai centrinėje Vilniaus dal.'!B10 -> 0.09 | G5: ='Butai centrinėje Vilniaus dal.'!B11 -> 125 | H5: ='Butai centrinėje Vilniaus dal.'!B12 -> 46258 | I5: ='Butai centrinėje Vilniaus dal.'!R3 | J5: ='Butai centrinėje Vilniaus dal.'!B13 -> -49 | K5: ='Butai centrinėje Vilniaus dal.'!S3 -> 134 | L5: ='Butai centrinėje Vilniaus dal.'!N3 -> 0 | M5: ='Butai centrinėje Vilniaus dal.'!P3 -> 2.9 | AC5: ='Butai centrinėje Vilniaus dal.'!AA2 -> +
A6: 4 | B6: ='Butas Didlaukio g., Vilnius II'!B3 -> 46157 | C6: ='Butas Didlaukio g., Vilnius II'!B2 -> Butas Didlaukio g., Vilnius II | D6: ='Butas Didlaukio g., Vilnius II'!B8 -> 12 | E6: ='Butas Didlaukio g., Vilnius II'!B5 -> A | F6: ='Butas Didlaukio g., Vilnius II'!B10 -> 0.08 | G6: ='Butas Didlaukio g., Vilnius II'!B11 -> 126.1 | H6: ='Butas Didlaukio g., Vilnius II'!B12 -> 46524 | I6: ='Butas Didlaukio g., Vilnius II'!R3 | J6: ='Butas Didlaukio g., Vilnius II'!B13 -> 217 | K6: ='Butas Didlaukio g., Vilnius II'!S3 | L6: ='Butas Didlaukio g., Vilnius II'!N3 -> 0 | M6: ='Butas Didlaukio g., Vilnius II'!P3 -> 2.87 | AC6: ='Butas Didlaukio g., Vilnius II'!AA2
A7: 5 | B7: ='Daugiabutis Druskininkuose V'!B3 -> 46161 | C7: ='Daugiabutis Druskininkuose V'!B2 -> Daugiabutis Druskininkuose V | D7: ='Daugiabutis Druskininkuose V'!B8 -> 12 | E7: ='Daugiabutis Druskininkuose V'!B5 -> A+ | F7: ='Daugiabutis Druskininkuose V'!B10 -> 0.08 | G7: ='Daugiabutis Druskininkuose V'!B11 -> 100 | H7: ='Daugiabutis Druskininkuose V'!B12 -> 46505 | I7: ='Daugiabutis Druskininkuose V'!R3 | J7: ='Daugiabutis Druskininkuose V'!B13 -> 198 | K7: ='Daugiabutis Druskininkuose V'!S3 | L7: ='Daugiabutis Druskininkuose V'!N3 -> 0 | M7: ='Daugiabutis Druskininkuose V'!P3 -> 2.39 | AC7: ='Daugiabutis Druskininkuose V'!AA2
A8: 6 | B8: ='Druskonio Perlai, Druskininkai '!B3 -> 46191 | C8: ='Druskonio Perlai, Druskininkai '!B2 -> Druskonio Perlai, Druskininkai XV | D8: ='Druskonio Perlai, Druskininkai '!B8 -> 12 | E8: ='Druskonio Perlai, Druskininkai '!B5 -> A | F8: ='Druskonio Perlai, Druskininkai '!B10 -> 0.084 | G8: ='Druskonio Perlai, Druskininkai '!B11 -> 109 | H8: ='Druskonio Perlai, Druskininkai '!B12 -> 46559 | I8: ='Druskonio Perlai, Druskininkai '!R3 | J8: ='Druskonio Perlai, Druskininkai '!B13 -> 252 | K8: ='Druskonio Perlai, Druskininkai '!S3 | L8: ='Druskonio Perlai, Druskininkai '!N3 -> 0 | M8: ='Druskonio Perlai, Druskininkai '!P3 -> 2.48 | AC8: ='Druskonio Perlai, Druskininkai '!AA2
A9: 7 | B9: ='Huberto Namai, Trakų r. VII'!B3 -> 46248 | C9: ='Huberto Namai, Trakų r. VII'!B2 -> Huberto Namai, Trakų r. VII | D9: ='Huberto Namai, Trakų r. VII'!B8 -> 12 | E9: ='Huberto Namai, Trakų r. VII'!B5 -> A+ | F9: ='Huberto Namai, Trakų r. VII'!B10 -> 0.084 | G9: ='Huberto Namai, Trakų r. VII'!B11 -> 106.7 | H9: ='Dvibutis prie Neries, Vilniaus '!B12 -> 46615 | I9: ='Huberto Namai, Trakų r. VII'!R3 | J9: ='Huberto Namai, Trakų r. VII'!B13 -> 308 | K9: ='Huberto Namai, Trakų r. VII'!S3 | L9: ='Huberto Namai, Trakų r. VII'!N3 -> 0 | M9: ='Huberto Namai, Trakų r. VII'!P3 -> 0 | AC9: ='Huberto Namai, Trakų r. VII'!AA2
A10: 8 | B10: ='Dvibutis prie Neries, Vilniaus '!B3 -> 46248 | C10: ='Dvibutis prie Neries, Vilniaus '!B2 -> Dvibutis prie Neries, Vilniaus r. II | D10: ='Dvibutis prie Neries, Vilniaus '!B8 -> 12 | E10: ='Dvibutis prie Neries, Vilniaus '!B5 -> A | F10: ='Dvibutis prie Neries, Vilniaus '!B10 -> 0.087 | G10: ='Dvibutis prie Neries, Vilniaus '!B11 -> 100 | H10: ='Dvibutis prie Neries, Vilniaus '!B12 -> 46615 | I10: ='Dvibutis prie Neries, Vilniaus '!R3 | J10: ='Dvibutis prie Neries, Vilniaus '!B13 -> 308 | K10: ='Dvibutis prie Neries, Vilniaus '!S3 | L10: ='Dvibutis prie Neries, Vilniaus '!N3 -> 0 | M10: ='Dvibutis prie Neries, Vilniaus '!P3 -> 0 | AC10: ='Dvibutis prie Neries, Vilniaus '!AA2
A11: 9
A12: 10
A13: 11 | AC13: ='[1]Piekrasta Rezidence, Ryga XII'!AA2
A14: 12 | AC14: ='[1]Dvibutis Didžiojoje Riešėje'!AA2
A15: 13 | AC15: ='[1]Sklypas Kalnėnuose, Vilnius II'!AA2
A16: 14
A17: 15 | AC17: ='[1]Svajonių Daugiabutis, Kaunas'!AA2
A18: 16 | AC18: ='[1]Brivibas 28, Jūrmala'!AA2
A19: 17
A20: 18 | AC20: ='[1]Molėtų Oazė XII'!AA2
A21: 19

Sheet Pinigai
A1: Data | B1: Įnešta | C1: Išimta | D1: Premija | F1: Įnešta | G1: Išimta | H1: Premija | I1: Skirtumas | K1: XIRR | L1: =XIRR(K2:K200,A2:A200) -> 0.11799659
A2: 45899 | B2: 200 | C2: 0 | D2: 0 | F2: =SUM(B2:B36) -> 623.95 | G2: =SUM(C2:C36) -> 0 | H2: =SUM(D2:D36) -> 25 | I2: =F2-G2 -> 623.95 | K2: =B2*-1 -> -200
A3: 45979 | B3: 100 | C3: 0 | D3: 25 | K3: =B3*-1 -> -100
A4: 46157 | B4: 106.43 | C4: 0 | D4: 0 | K4: =B4*-1 -> -106.43
A5: 46171 | B5: 108.56 | C5: 0 | D5: 0 | K5: =B5*-1 -> -108.56
A6: 46191 | B6: 108.96 | C6: 0 | D6: 0 | K6: =B6*-1 -> -108.96
K7: =B7*-1 -> 0
A200: =TODAY() -> 46307 | K200: =Overview!U3 -> 674.58

Sheet Dvibutis prie Neries, Vilniaus 
A1: Paskola | B1: Paskola P00001642-2 | D1: Data | E1: Paskola | F1: Palūkanos | G1: Paskola | H1: Palūkanos | I1: Papildomos | J1: Data | K1: Vėlavimas | M1: Paskola | O1: Palūkanos | Q1: XIRR | R1: Grąžinta | S1: Vėluoja | Y1: Data | Z1: Suma | AA1: Vėluoja
A2: Objektas | B2: Dvibutis prie Neries, Vilniaus r. II | D2: 46363 | E2: 0 | F2: 2.48 | K2: =IF(J2>0,J2-D2,"") | M2: Suteikta | N2: Grąžinta | O2: Planuotos | P2: Realios | Y2: =B3 -> 46248 | Z2: =B11*-1 -> -100 | AA2: =IF(COUNTIFS(D:D,"<"&TODAY(),J:J,"")>0,"+","")
A3: Investicijos data | B3: 46248 | D3: 46453 | E3: 0 | F3: 2.15 | K3: =IF(J3>0,J3-D3,"") | M3: =B11 -> 100 | N3: =G42 -> 0 | O3: =F42 -> 8.66 | P3: =H42+I42 -> 0 | Q3: =IF(M3=N3,XIRR(Z2:Z41,Y2:Y41),"") | R3: =IF(M3=N3,B14,"") | S3: =IF(COUNTIFS(D:D,"<"&TODAY(),J:J,"")=0,"",TODAY()-_xlfn.MINIFS(D:D,D:D,"<"&TODAY(),J:J,"")) | Y3: =J2 -> 0 | Z3: =G2+H2+I2 -> 0
A4: Palūkanų pradžia | B4: 46252 | D4: 46545 | E4: 0 | F4: 2.19 | K4: =IF(J4>0,J4-D4,"") | Y4: =J3 -> 0 | Z4: =G3+H3+I3 -> 0
A5: Projekto reitingas | B5: A | D5: 46615 | E5: 100 | F5: 1.84 | K5: =IF(J5>0,J5-D5,"") | Y5: =J4 -> 0 | Z5: =G4+H4+I4 -> 0
A6: LTV, % | B6: 0.8 | K6: =IF(J6>0,J6-D6,"") | Y6: =J5 -> 0 | Z6: =G5+H5+I5 -> 0
A7: LTV max, % | B7: 0.8 | K7: =IF(J7>0,J7-D7,"") | Y7: =J6 -> 0 | Z7: =G6+H6+I6 -> 0
A8: Investicijos laikotarpis, mėn. | B8: 12 | K8: =IF(J8>0,J8-D8,"") | Y8: =J7 -> 0 | Z8: =G7+H7+I7 -> 0
A9: Palūkanų mokėjimas | B9: Q | K9: =IF(J9>0,J9-D9,"") | Y9: =J8 -> 0 | Z9: =G8+H8+I8 -> 0
A10: Palūkanos, % | B10: 0.087 | K10: =IF(J10>0,J10-D10,"") | Y10: =J9 -> 0 | Z10: =G9+H9+I9 -> 0
A11: Investuota, Eur | B11: 100 | K11: =IF(J11>0,J11-D11,"") | Y11: =J10 -> 0 | Z11: =G10+H10+I10 -> 0
A12: Paskolos pabaiga | B12: 46615 | K12: =IF(J12>0,J12-D12,"") | Y12: =J11 -> 0 | Z12: =G11+H11+I11 -> 0
A13: Liko dienų | B13: =IF(B11<>N3,(TODAY()-B12)*-1,"") -> 308 | K13: =IF(J13>0,J13-D13,"") | Y13: =J12 -> 0 | Z13: =G12+H12+I12 -> 0
A14: Grąžinta | K14: =IF(J14>0,J14-D14,"") | Y14: =J13 -> 0 | Z14: =G13+H13+I13 -> 0
A15: Vėlavo/Anksčiau | B15: =IF(M3=N3,B14-B12,"") | K15: =IF(J15>0,J15-D15,"") | Y15: =J14 -> 0 | Z15: =G14+H14+I14 -> 0
K16: =IF(J16>0,J16-D16,"") | Y16: =J15 -> 0 | Z16: =G15+H15+I15 -> 0
K17: =IF(J17>0,J17-D17,"") | Y17: =J16 -> 0 | Z17: =G16+H16+I16 -> 0
K18: =IF(J18>0,J18-D18,"") | Y18: =J17 -> 0 | Z18: =G17+H17+I17 -> 0
K19: =IF(J19>0,J19-D19,"") | Y19: =J18 -> 0 | Z19: =G18+H18+I18 -> 0
K20: =IF(J20>0,J20-D20,"") | Y20: =J19 -> 0 | Z20: =G19+H19+I19 -> 0
K21: =IF(J21>0,J21-D21,"") | Y21: =J20 -> 0 | Z21: =G20+H20+I20 -> 0
K22: =IF(J22>0,J22-D22,"") | Y22: =J21 -> 0 | Z22: =G21+H21+I21 -> 0
K23: =IF(J23>0,J23-D23,"") | Y23: =J22 -> 0 | Z23: =G22+H22+I22 -> 0
K24: =IF(J24>0,J24-D24,"") | Y24: =J23 -> 0 | Z24: =G23+H23+I23 -> 0
K25: =IF(J25>0,J25-D25,"") | Y25: =J24 -> 0 | Z25: =G24+H24+I24 -> 0
K26: =IF(J26>0,J26-D26,"") | Y26: =J25 -> 0 | Z26: =G25+H25+I25 -> 0
K27: =IF(J27>0,J27-D27,"") | Y27: =J26 -> 0 | Z27: =G26+H26+I26 -> 0
... K41: =IF(J41>0,J41-D41,"") | Y41: =J40 -> 0 | Z41: =G40+H40+I40 -> 0
D42: Viso: | E42: =SUM(E2:E41) -> 100 | F42: =SUM(F2:F41) -> 8.66 | G42: =SUM(G2:G41) -> 0 | H42: =SUM(H2:H41) -> 0 | I42: =SUM(I2:I41) -> 0

Sheet Huberto Namai, Trakų r. VII
A1: Paskola | B1: Paskola P00001583-7 | D1: Data | E1: Paskola | F1: Palūkanos | G1: Paskola | H1: Palūkanos | I1: Papildomos | J1: Data | K1: Vėlavimas | M1: Paskola | O1: Palūkanos | Q1: XIRR | R1: Grąžinta | S1: Vėluoja | Y1: Data | Z1: Suma | AA1: Vėluoja
A2: Objektas | B2: Huberto Namai, Trakų r. VII | D2: 46363 | E2: 0 | F2: 2.55 | K2: =IF(J2>0,J2-D2,"") | M2: Suteikta | N2: Grąžinta | O2: Planuotos | P2: Realios | Y2: =B3 -> 46248 | Z2: =B11*-1 -> -106.7 | AA2: =IF(COUNTIFS(D:D,"<"&TODAY(),J:J,"")>0,"+","")
A3: Investicijos data | B3: 46248 | D3: 46453 | E3: 0 | F3: 2.21 | K3: =IF(J3>0,J3-D3,"") | M3: =B11 -> 106.7 | N3: =G42 -> 0 | O3: =F42 -> 8.91 | P3: =H42+I42 -> 0 | Q3: =IF(M3=N3,XIRR(Z2:Z41,Y2:Y41),"") | R3: =IF(M3=N3,B14,"") | S3: =IF(COUNTIFS(D:D,"<"&TODAY(),J:J,"")=0,"",TODAY()-_xlfn.MINIFS(D:D,D:D,"<"&TODAY(),J:J,"")) | Y3: =J2 -> 0 | Z3: =G2+H2+I2 -> 0
A4: Palūkanų pradžia | B4: 46252 | D4: 46545 | E4: 0 | F4: 2.26 | K4: =IF(J4>0,J4-D4,"") | Y4: =J3 -> 0 | Z4: =G3+H3+I3 -> 0
A5: Projekto reitingas | B5: A+ | D5: 46615 | E5: 106.7 | F5: 1.89 | K5: =IF(J5>0,J5-D5,"") | Y5: =J4 -> 0 | Z5: =G4+H4+I4 -> 0
A6: LTV, % | B6: 0.61 | K6: =IF(J6>0,J6-D6,"") | Y6: =J5 -> 0 | Z6: =G5+H5+I5 -> 0
A7: LTV max, % | B7: 0.85 | K7: =IF(J7>0,J7-D7,"") | Y7: =J6 -> 0 | Z7: =G6+H6+I6 -> 0
A8: Investicijos laikotarpis, mėn. | B8: 12 | K8: =IF(J8>0,J8-D8,"") | Y8: =J7 -> 0 | Z8: =G7+H7+I7 -> 0
A9: Palūkanų mokėjimas | B9: Q | K9: =IF(J9>0,J9-D9,"") | Y9: =J8 -> 0 | Z9: =G8+H8+I8 -> 0
A10: Palūkanos, % | B10: 0.084 | K10: =IF(J10>0,J10-D10,"") | Y10: =J9 -> 0 | Z10: =G9+H9+I9 -> 0
A11: Investuota, Eur | B11: 106.7 | K11: =IF(J11>0,J11-D11,"") | Y11: =J10 -> 0 | Z11: =G10+H10+I10 -> 0
A12: Paskolos pabaiga | B12: 46615 | K12: =IF(J12>0,J12-D12,"") | Y12: =J11 -> 0 | Z12: =G11+H11+I11 -> 0
A13: Liko dienų | B13: =IF(B11<>N3,(TODAY()-B12)*-1,"") -> 308 | K13: =IF(J13>0,J13-D13,"") | Y13: =J12 -> 0 | Z13: =G12+H12+I12 -> 0
A14: Grąžinta | K14: =IF(J14>0,J14-D14,"") | Y14: =J13 -> 0 | Z14: =G13+H13+I13 -> 0
A15: Vėlavo/Anksčiau | B15: =IF(M3=N3,B14-B12,"") | K15: =IF(J15>0,J15-D15,"") | Y15: =J14 -> 0 | Z15: =G14+H14+I14 -> 0
K16: =IF(J16>0,J16-D16,"") | Y16: =J15 -> 0 | Z16: =G15+H15+I15 -> 0
K17: =IF(J17>0,J17-D17,"") | Y17: =J16 -> 0 | Z17: =G16+H16+I16 -> 0
K18: =IF(J18>0,J18-D18,"") | Y18: =J17 -> 0 | Z18: =G17+H17+I17 -> 0
K19: =IF(J19>0,J19-D19,"") | Y19: =J18 -> 0 | Z19: =G18+H18+I18 -> 0
K20: =IF(J20>0,J20-D20,"") | Y20: =J19 -> 0 | Z20: =G19+H19+I19 -> 0
K21: =IF(J21>0,J21-D21,"") | Y21: =J20 -> 0 | Z21: =G20+H20+I20 -> 0
K22: =IF(J22>0,J22-D22,"") | Y22: =J21 -> 0 | Z22: =G21+H21+I21 -> 0
K23: =IF(J23>0,J23-D23,"") | Y23: =J22 -> 0 | Z23: =G22+H22+I22 -> 0
K24: =IF(J24>0,J24-D24,"") | Y24: =J23 -> 0 | Z24: =G23+H23+I23 -> 0
K25: =IF(J25>0,J25-D25,"") | Y25: =J24 -> 0 | Z25: =G24+H24+I24 -> 0
K26: =IF(J26>0,J26-D26,"") | Y26: =J25 -> 0 | Z26: =G25+H25+I25 -> 0
K27: =IF(J27>0,J27-D27,"") | Y27: =J26 -> 0 | Z27: =G26+H26+I26 -> 0
... K41: =IF(J41>0,J41-D41,"") | Y41: =J40 -> 0 | Z41: =G40+H40+I40 -> 0
D42: Viso: | E42: =SUM(E2:E41) -> 106.7 | F42: =SUM(F2:F41) -> 8.91 | G42: =SUM(G2:G41) -> 0 | H42: =SUM(H2:H41) -> 0 | I42: =SUM(I2:I41) -> 0

Sheet Druskonio Perlai, Druskininkai 
A1: Paskola | B1: Paskola P00001537-15 | D1: Data | E1: Paskola | F1: Palūkanos | G1: Paskola | H1: Palūkanos | I1: Papildomos | J1: Data | K1: Vėlavimas | M1: Paskola | O1: Palūkanos | Q1: XIRR | R1: Grąžinta | S1: Vėluoja | Y1: Data | Z1: Suma | AA1: Vėluoja
A2: Objektas | B2: Druskonio Perlai, Druskininkai XV | D2: 46302 | E2: 0 | F2: 2.48 | G2: 0 | H2: 2.48 | I2: 0 | J2: 46295 | K2: =IF(J2>0,J2-D2,"") -> -7 | M2: Suteikta | N2: Grąžinta | O2: Planuotos | P2: Realios | Y2: =B3 -> 46191 | Z2: =B11*-1 -> -109 | AA2: =IF(COUNTIFS(D:D,"<"&TODAY(),J:J,"")>0,"+","")
A3: Investicijos data | B3: 46191 | D3: 46394 | E3: 0 | F3: 2.31 | K3: =IF(J3>0,J3-D3,"") | M3: =B11 -> 109 | N3: =G42 -> 0 | O3: =F42 -> 9.11 | P3: =H42+I42 -> 2.48 | Q3: =IF(M3=N3,XIRR(Z2:Z41,Y2:Y41),"") | R3: =IF(M3=N3,B14,"") | S3: =IF(COUNTIFS(D:D,"<"&TODAY(),J:J,"")=0,"",TODAY()-_xlfn.MINIFS(D:D,D:D,"<"&TODAY(),J:J,"")) | Y3: =J2 -> 46295 | Z3: =G2+H2+I2 -> 2.48
A4: Palūkanų pradžia | B4: 46196 | D4: 46484 | E4: 0 | F4: 2.26 | K4: =IF(J4>0,J4-D4,"") | Y4: =J3 -> 0 | Z4: =G3+H3+I3 -> 0
A5: Projekto reitingas | B5: A | D5: 46559 | E5: 109 | F5: 2.06 | K5: =IF(J5>0,J5-D5,"") | Y5: =J4 -> 0 | Z5: =G4+H4+I4 -> 0
A6: LTV, % | B6: 0.6 | K6: =IF(J6>0,J6-D6,"") | Y6: =J5 -> 0 | Z6: =G5+H5+I5 -> 0
A7: LTV max, % | B7: 0.75 | K7: =IF(J7>0,J7-D7,"") | Y7: =J6 -> 0 | Z7: =G6+H6+I6 -> 0
A8: Investicijos laikotarpis, mėn. | B8: 12 | K8: =IF(J8>0,J8-D8,"") | Y8: =J7 -> 0 | Z8: =G7+H7+I7 -> 0
A9: Palūkanų mokėjimas | B9: Q | K9: =IF(J9>0,J9-D9,"") | Y9: =J8 -> 0 | Z9: =G8+H8+I8 -> 0
A10: Palūkanos, % | B10: 0.084 | K10: =IF(J10>0,J10-D10,"") | Y10: =J9 -> 0 | Z10: =G9+H9+I9 -> 0
A11: Investuota, Eur | B11: 109 | K11: =IF(J11>0,J11-D11,"") | Y11: =J10 -> 0 | Z11: =G10+H10+I10 -> 0
A12: Paskolos pabaiga | B12: 46559 | K12: =IF(J12>0,J12-D12,"") | Y12: =J11 -> 0 | Z12: =G11+H11+I11 -> 0
A13: Liko dienų | B13: =IF(B11<>N3,(TODAY()-B12)*-1,"") -> 252 | K13: =IF(J13>0,J13-D13,"") | Y13: =J12 -> 0 | Z13: =G12+H12+I12 -> 0
A14: Grąžinta | K14: =IF(J14>0,J14-D14,"") | Y14: =J13 -> 0 | Z14: =G13+H13+I13 -> 0
A15: Vėlavo/Anksčiau | B15: =IF(M3=N3,B14-B12,"") | K15: =IF(J15>0,J15-D15,"") | Y15: =J14 -> 0 | Z15: =G14+H14+I14 -> 0
K16: =IF(J16>0,J16-D16,"") | Y16: =J15 -> 0 | Z16: =G15+H15+I15 -> 0
K17: =IF(J17>0,J17-D17,"") | Y17: =J16 -> 0 | Z17: =G16+H16+I16 -> 0
K18: =IF(J18>0,J18-D18,"") | Y18: =J17 -> 0 | Z18: =G17+H17+I17 -> 0
K19: =IF(J19>0,J19-D19,"") | Y19: =J18 -> 0 | Z19: =G18+H18+I18 -> 0
K20: =IF(J20>0,J20-D20,"") | Y20: =J19 -> 0 | Z20: =G19+H19+I19 -> 0
K21: =IF(J21>0,J21-D21,"") | Y21: =J20 -> 0 | Z21: =G20+H20+I20 -> 0
K22: =IF(J22>0,J22-D22,"") | Y22: =J21 -> 0 | Z22: =G21+H21+I21 -> 0
K23: =IF(J23>0,J23-D23,"") | Y23: =J22 -> 0 | Z23: =G22+H22+I22 -> 0
K24: =IF(J24>0,J24-D24,"") | Y24: =J23 -> 0 | Z24: =G23+H23+I23 -> 0
K25: =IF(J25>0,J25-D25,"") | Y25: =J24 -> 0 | Z25: =G24+H24+I24 -> 0
K26: =IF(J26>0,J26-D26,"") | Y26: =J25 -> 0 | Z26: =G25+H25+I25 -> 0
K27: =IF(J27>0,J27-D27,"") | Y27: =J26 -> 0 | Z27: =G26+H26+I26 -> 0
... K41: =IF(J41>0,J41-D41,"") | Y41: =J40 -> 0 | Z41: =G40+H40+I40 -> 0
D42: Viso: | E42: =SUM(E2:E41) -> 109 | F42: =SUM(F2:F41) -> 9.11 | G42: =SUM(G2:G41) -> 0 | H42: =SUM(H2:H41) -> 2.48 | I42: =SUM(I2:I41) -> 0

Sheet Daugiabutis Druskininkuose V
A1: Paskola | B1: Paskola P00001386-5 | D1: Data | E1: Paskola | F1: Palūkanos | G1: Paskola | H1: Palūkanos | I1: Papildomos | J1: Data | K1: Vėlavimas | M1: Paskola | O1: Palūkanos | Q1: XIRR | R1: Grąžinta | S1: Vėluoja | Y1: Data | Z1: Suma | AA1: Vėluoja
A2: Objektas | B2: Daugiabutis Druskininkuose V | D2: 46265 | E2: 0 | F2: 2.26 | G2: 0 | H2: 2.26 | I2: 0.13 | J2: 46276 | K2: =IF(J2>0,J2-D2,"") -> 11 | M2: Suteikta | N2: Grąžinta | O2: Planuotos | P2: Realios | Y2: =B3 -> 46161 | Z2: =B11*-1 -> -100 | AA2: =IF(COUNTIFS(D:D,"<"&TODAY(),J:J,"")>0,"+","")
A3: Investicijos data | B3: 46161 | D3: 46356 | E3: 0 | F3: 1.99 | K3: =IF(J3>0,J3-D3,"") | M3: =B11 -> 100 | N3: =G42 -> 0 | O3: =F42 -> 7.51 | P3: =H42+I42 -> 2.39 | Q3: =IF(M3=N3,XIRR(Z2:Z41,Y2:Y41),"") | R3: =IF(M3=N3,B14,"") | S3: =IF(COUNTIFS(D:D,"<"&TODAY(),J:J,"")=0,"",TODAY()-_xlfn.MINIFS(D:D,D:D,"<"&TODAY(),J:J,"")) | Y3: =J2 -> 46276 | Z3: =G2+H2+I2 -> 2.39
A4: Palūkanų pradžia | B4: 46162 | D4: 46446 | E4: 0 | F4: 1.97 | K4: =IF(J4>0,J4-D4,"") | Y4: =J3 -> 0 | Z4: =G3+H3+I3 -> 0
A5: Projekto reitingas | B5: A+ | D5: 46505 | E5: 100 | F5: 1.29 | K5: =IF(J5>0,J5-D5,"") | Y5: =J4 -> 0 | Z5: =G4+H4+I4 -> 0
A6: LTV, % | B6: 0.65 | K6: =IF(J6>0,J6-D6,"") | Y6: =J5 -> 0 | Z6: =G5+H5+I5 -> 0
A7: LTV max, % | B7: 0.85 | K7: =IF(J7>0,J7-D7,"") | Y7: =J6 -> 0 | Z7: =G6+H6+I6 -> 0
A8: Investicijos laikotarpis, mėn. | B8: 12 | K8: =IF(J8>0,J8-D8,"") | Y8: =J7 -> 0 | Z8: =G7+H7+I7 -> 0
A9: Palūkanų mokėjimas | B9: Q | K9: =IF(J9>0,J9-D9,"") | Y9: =J8 -> 0 | Z9: =G8+H8+I8 -> 0
A10: Palūkanos, % | B10: 0.08 | K10: =IF(J10>0,J10-D10,"") | Y10: =J9 -> 0 | Z10: =G9+H9+I9 -> 0
A11: Investuota, Eur | B11: 100 | K11: =IF(J11>0,J11-D11,"") | Y11: =J10 -> 0 | Z11: =G10+H10+I10 -> 0
A12: Paskolos pabaiga | B12: 46505 | K12: =IF(J12>0,J12-D12,"") | Y12: =J11 -> 0 | Z12: =G11+H11+I11 -> 0
A13: Liko dienų | B13: =IF(B11<>N3,(TODAY()-B12)*-1,"") -> 198 | K13: =IF(J13>0,J13-D13,"") | Y13: =J12 -> 0 | Z13: =G12+H12+I12 -> 0
A14: Grąžinta | K14: =IF(J14>0,J14-D14,"") | Y14: =J13 -> 0 | Z14: =G13+H13+I13 -> 0
A15: Vėlavo/Anksčiau | B15: =IF(M3=N3,B14-B12,"") | K15: =IF(J15>0,J15-D15,"") | Y15: =J14 -> 0 | Z15: =G14+H14+I14 -> 0
K16: =IF(J16>0,J16-D16,"") | Y16: =J15 -> 0 | Z16: =G15+H15+I15 -> 0
K17: =IF(J17>0,J17-D17,"") | Y17: =J16 -> 0 | Z17: =G16+H16+I16 -> 0
K18: =IF(J18>0,J18-D18,"") | Y18: =J17 -> 0 | Z18: =G17+H17+I17 -> 0
K19: =IF(J19>0,J19-D19,"") | Y19: =J18 -> 0 | Z19: =G18+H18+I18 -> 0
K20: =IF(J20>0,J20-D20,"") | Y20: =J19 -> 0 | Z20: =G19+H19+I19 -> 0
K21: =IF(J21>0,J21-D21,"") | Y21: =J20 -> 0 | Z21: =G20+H20+I20 -> 0
K22: =IF(J22>0,J22-D22,"") | Y22: =J21 -> 0 | Z22: =G21+H21+I21 -> 0
K23: =IF(J23>0,J23-D23,"") | Y23: =J22 -> 0 | Z23: =G22+H22+I22 -> 0
K24: =IF(J24>0,J24-D24,"") | Y24: =J23 -> 0 | Z24: =G23+H23+I23 -> 0
K25: =IF(J25>0,J25-D25,"") | Y25: =J24 -> 0 | Z25: =G24+H24+I24 -> 0
K26: =IF(J26>0,J26-D26,"") | Y26: =J25 -> 0 | Z26: =G25+H25+I25 -> 0
K27: =IF(J27>0,J27-D27,"") | Y27: =J26 -> 0 | Z27: =G26+H26+I26 -> 0
... K41: =IF(J41>0,J41-D41,"") | Y41: =J40 -> 0 | Z41: =G40+H40+I40 -> 0
D42: Viso: | E42: =SUM(E2:E41) -> 100 | F42: =SUM(F2:F41) -> 7.51 | G42: =SUM(G2:G41) -> 0 | H42: =SUM(H2:H41) -> 2.26 | I42: =SUM(I2:I41) -> 0.13

Sheet Butas Didlaukio g., Vilnius II
A1: Paskola | B1: Paskola P00001456-2 | D1: Data | E1: Paskola | F1: Palūkanos | G1: Paskola | H1: Palūkanos | I1: Papildomos | J1: Data | K1: Vėlavimas | M1: Paskola | O1: Palūkanos | Q1: XIRR | R1: Grąžinta | S1: Vėluoja | Y1: Data | Z1: Suma | AA1: Vėluoja
A2: Objektas | B2: Butas Didlaukio g., Vilnius II | D2: 46265 | E2: 0 | F2: 2.87 | G2: 0 | H2: 2.87 | I2: 0 | J2: 46266 | K2: =IF(J2>0,J2-D2,"") -> 1 | M2: Suteikta | N2: Grąžinta | O2: Planuotos | P2: Realios | Y2: =B3 -> 46157 | Z2: =B11*-1 -> -126.1 | AA2: =IF(COUNTIFS(D:D,"<"&TODAY(),J:J,"")>0,"+","")
A3: Investicijos data | B3: 46157 | D3: 46356 | E3: 0 | F3: 2.52 | K3: =IF(J3>0,J3-D3,"") | M3: =B11 -> 126.1 | N3: =G42 -> 0 | O3: =F42 -> 10.04 | P3: =H42+I42 -> 2.87 | Q3: =IF(M3=N3,XIRR(Z2:Z41,Y2:Y41),"") | R3: =IF(M3=N3,B14,"") | S3: =IF(COUNTIFS(D:D,"<"&TODAY(),J:J,"")=0,"",TODAY()-_xlfn.MINIFS(D:D,D:D,"<"&TODAY(),J:J,"")) | Y3: =J2 -> 46266 | Z3: =G2+H2+I2 -> 2.87
A4: Palūkanų pradžia | B4: 46161 | D4: 46446 | E4: 0 | F4: 2.49 | K4: =IF(J4>0,J4-D4,"") | Y4: =J3 -> 0 | Z4: =G3+H3+I3 -> 0
A5: Projekto reitingas | B5: A | D5: 46524 | E5: 126.1 | F5: 2.16 | K5: =IF(J5>0,J5-D5,"") | Y5: =J4 -> 0 | Z5: =G4+H4+I4 -> 0
A6: LTV, % | B6: 0.77 | K6: =IF(J6>0,J6-D6,"") | Y6: =J5 -> 0 | Z6: =G5+H5+I5 -> 0
A7: LTV max, % | B7: 0.85 | K7: =IF(J7>0,J7-D7,"") | Y7: =J6 -> 0 | Z7: =G6+H6+I6 -> 0
A8: Investicijos laikotarpis, mėn. | B8: 12 | K8: =IF(J8>0,J8-D8,"") | Y8: =J7 -> 0 | Z8: =G7+H7+I7 -> 0
A9: Palūkanų mokėjimas | B9: Q | K9: =IF(J9>0,J9-D9,"") | Y9: =J8 -> 0 | Z9: =G8+H8+I8 -> 0
A10: Palūkanos, % | B10: 0.08 | K10: =IF(J10>0,J10-D10,"") | Y10: =J9 -> 0 | Z10: =G9+H9+I9 -> 0
A11: Investuota, Eur | B11: 126.1 | K11: =IF(J11>0,J11-D11,"") | Y11: =J10 -> 0 | Z11: =G10+H10+I10 -> 0
A12: Paskolos pabaiga | B12: 46524 | K12: =IF(J12>0,J12-D12,"") | Y12: =J11 -> 0 | Z12: =G11+H11+I11 -> 0
A13: Liko dienų | B13: =IF(B11<>N3,(TODAY()-B12)*-1,"") -> 217 | K13: =IF(J13>0,J13-D13,"") | Y13: =J12 -> 0 | Z13: =G12+H12+I12 -> 0
A14: Grąžinta | K14: =IF(J14>0,J14-D14,"") | Y14: =J13 -> 0 | Z14: =G13+H13+I13 -> 0
A15: Vėlavo/Anksčiau | B15: =IF(M3=N3,B14-B12,"") | K15: =IF(J15>0,J15-D15,"") | Y15: =J14 -> 0 | Z15: =G14+H14+I14 -> 0
K16: =IF(J16>0,J16-D16,"") | Y16: =J15 -> 0 | Z16: =G15+H15+I15 -> 0
K17: =IF(J17>0,J17-D17,"") | Y17: =J16 -> 0 | Z17: =G16+H16+I16 -> 0
K18: =IF(J18>0,J18-D18,"") | Y18: =J17 -> 0 | Z18: =G17+H17+I17 -> 0
K19: =IF(J19>0,J19-D19,"") | Y19: =J18 -> 0 | Z19: =G18+H18+I18 -> 0
K20: =IF(J20>0,J20-D20,"") | Y20: =J19 -> 0 | Z20: =G19+H19+I19 -> 0
K21: =IF(J21>0,J21-D21,"") | Y21: =J20 -> 0 | Z21: =G20+H20+I20 -> 0
K22: =IF(J22>0,J22-D22,"") | Y22: =J21 -> 0 | Z22: =G21+H21+I21 -> 0
K23: =IF(J23>0,J23-D23,"") | Y23: =J22 -> 0 | Z23: =G22+H22+I22 -> 0
K24: =IF(J24>0,J24-D24,"") | Y24: =J23 -> 0 | Z24: =G23+H23+I23 -> 0
K25: =IF(J25>0,J25-D25,"") | Y25: =J24 -> 0 | Z25: =G24+H24+I24 -> 0
K26: =IF(J26>0,J26-D26,"") | Y26: =J25 -> 0 | Z26: =G25+H25+I25 -> 0
K27: =IF(J27>0,J27-D27,"") | Y27: =J26 -> 0 | Z27: =G26+H26+I26 -> 0
... K41: =IF(J41>0,J41-D41,"") | Y41: =J40 -> 0 | Z41: =G40+H40+I40 -> 0
D42: Viso: | E42: =SUM(E2:E41) -> 126.1 | F42: =SUM(F2:F41) -> 10.04 | G42: =SUM(G2:G41) -> 0 | H42: =SUM(H2:H41) -> 2.87 | I42: =SUM(I2:I41) -> 0

Sheet Butai centrinėje Vilniaus dal.
A1: Paskola | B1: Paskola P00001489 | D1: Data | E1: Paskola | F1: Palūkanos | G1: Paskola | H1: Palūkanos | I1: Papildomos | J1: Data | K1: Vėlavimas | M1: Paskola | O1: Palūkanos | Q1: XIRR | R1: Grąžinta | S1: Vėluoja | Y1: Data | Z1: Suma | AA1: Vėluoja
A2: Objektas | B2: Butai centrinėje Vilniaus dalyje | D2: 46081 | E2: 0 | F2: 2.9 | G2: 0 | H2: 2.9 | I2: 0 | J2: 46086 | K2: =IF(J2>0,J2-D2,"") -> 5 | M2: Suteikta | N2: Grąžinta | O2: Planuotos | P2: Realios | Y2: =B3 -> 45979 | Z2: =B11*-1 -> -125 | AA2: =IF(COUNTIFS(D:D,"<"&TODAY(),J:J,"")>0,"+","") -> +
A3: Investicijos data | B3: 45979 | D3: 46173 | E3: 0 | F3: 2.84 | K3: =IF(J3>0,J3-D3,"") | M3: =B11 -> 125 | N3: =G42 -> 0 | O3: =F42 -> 8.36 | P3: =H42+I42 -> 2.9 | Q3: =IF(M3=N3,XIRR(Z2:Z41,Y2:Y41),"") | R3: =IF(M3=N3,B14,"") | S3: =IF(COUNTIFS(D:D,"<"&TODAY(),J:J,"")=0,"",TODAY()-_xlfn.MINIFS(D:D,D:D,"<"&TODAY(),J:J,"")) -> 134 | Y3: =J2 -> 46086 | Z3: =G2+H2+I2 -> 2.9
A4: Palūkanų pradžia | B4: 45987 | D4: 46258 | E4: 125 | F4: 2.62 | K4: =IF(J4>0,J4-D4,"") | Y4: =J3 -> 0 | Z4: =G3+H3+I3 -> 0
A5: Projekto reitingas | B5: AA- | K5: =IF(J5>0,J5-D5,"") | Y5: =J4 -> 0 | Z5: =G4+H4+I4 -> 0
A6: LTV, % | B6: 0.42 | K6: =IF(J6>0,J6-D6,"") | Y6: =J5 -> 0 | Z6: =G5+H5+I5 -> 0
A7: LTV max, % | B7: 0.66 | K7: =IF(J7>0,J7-D7,"") | Y7: =J6 -> 0 | Z7: =G6+H6+I6 -> 0
A8: Investicijos laikotarpis, mėn. | B8: 9 | K8: =IF(J8>0,J8-D8,"") | Y8: =J7 -> 0 | Z8: =G7+H7+I7 -> 0
A9: Palūkanų mokėjimas | B9: Q | K9: =IF(J9>0,J9-D9,"") | Y9: =J8 -> 0 | Z9: =G8+H8+I8 -> 0
A10: Palūkanos, % | B10: 0.09 | K10: =IF(J10>0,J10-D10,"") | Y10: =J9 -> 0 | Z10: =G9+H9+I9 -> 0
A11: Investuota, Eur | B11: 125 | K11: =IF(J11>0,J11-D11,"") | Y11: =J10 -> 0 | Z11: =G10+H10+I10 -> 0
A12: Paskolos pabaiga | B12: 46258 | K12: =IF(J12>0,J12-D12,"") | Y12: =J11 -> 0 | Z12: =G11+H11+I11 -> 0
A13: Liko dienų | B13: =IF(B11<>N3,(TODAY()-B12)*-1,"") -> -49 | K13: =IF(J13>0,J13-D13,"") | Y13: =J12 -> 0 | Z13: =G12+H12+I12 -> 0
A14: Grąžinta | K14: =IF(J14>0,J14-D14,"") | Y14: =J13 -> 0 | Z14: =G13+H13+I13 -> 0
A15: Vėlavo/Anksčiau | B15: =IF(M3=N3,B14-B12,"") | K15: =IF(J15>0,J15-D15,"") | Y15: =J14 -> 0 | Z15: =G14+H14+I14 -> 0
K16: =IF(J16>0,J16-D16,"") | Y16: =J15 -> 0 | Z16: =G15+H15+I15 -> 0
K17: =IF(J17>0,J17-D17,"") | Y17: =J16 -> 0 | Z17: =G16+H16+I16 -> 0
K18: =IF(J18>0,J18-D18,"") | Y18: =J17 -> 0 | Z18: =G17+H17+I17 -> 0
K19: =IF(J19>0,J19-D19,"") | Y19: =J18 -> 0 | Z19: =G18+H18+I18 -> 0
K20: =IF(J20>0,J20-D20,"") | Y20: =J19 -> 0 | Z20: =G19+H19+I19 -> 0
K21: =IF(J21>0,J21-D21,"") | Y21: =J20 -> 0 | Z21: =G20+H20+I20 -> 0
K22: =IF(J22>0,J22-D22,"") | Y22: =J21 -> 0 | Z22: =G21+H21+I21 -> 0
K23: =IF(J23>0,J23-D23,"") | Y23: =J22 -> 0 | Z23: =G22+H22+I22 -> 0
K24: =IF(J24>0,J24-D24,"") | Y24: =J23 -> 0 | Z24: =G23+H23+I23 -> 0
K25: =IF(J25>0,J25-D25,"") | Y25: =J24 -> 0 | Z25: =G24+H24+I24 -> 0
K26: =IF(J26>0,J26-D26,"") | Y26: =J25 -> 0 | Z26: =G25+H25+I25 -> 0
K27: =IF(J27>0,J27-D27,"") | Y27: =J26 -> 0 | Z27: =G26+H26+I26 -> 0
... K41: =IF(J41>0,J41-D41,"") | Y41: =J40 -> 0 | Z41: =G40+H40+I40 -> 0
D42: Viso: | E42: =SUM(E2:E41) -> 125 | F42: =SUM(F2:F41) -> 8.36 | G42: =SUM(G2:G41) -> 0 | H42: =SUM(H2:H41) -> 2.9 | I42: =SUM(I2:I41) -> 0

Sheet Sakurų Namai, Marijampolė III
A1: Paskola | B1: Paskola P00001405-3 | D1: Data | E1: Paskola | F1: Palūkanos | G1: Paskola | H1: Palūkanos | I1: Papildomos | J1: Data | K1: Vėlavimas | M1: Paskola | O1: Palūkanos | Q1: XIRR | R1: Grąžinta | S1: Vėluoja | Y1: Data | Z1: Suma | AA1: Vėluoja
A2: Objektas | B2: Sakurų Namai, Marijampolė III | D2: 46022 | E2: 0 | F2: 3.13 | G2: 0 | H2: 3.13 | I2: 0 | J2: 46022 | K2: =IF(J2>0,J2-D2,"") -> 0 | M2: Suteikta | N2: Grąžinta | O2: Planuotos | P2: Realios | Y2: =B3 -> 45899 | Z2: =B11*-1 -> -100 | AA2: =IF(COUNTIFS(D:D,"<"&TODAY(),J:J,"")>0,"+","")
A3: Investicijos data | B3: 45899 | D3: 46112 | E3: 0 | F3: 2.34 | G3: 0 | H3: 2.34 | I3: 0 | J3: 46113 | K3: =IF(J3>0,J3-D3,"") -> 1 | M3: =B11 -> 100 | N3: =G42 -> 100 | O3: =F42 -> 9.45 | P3: =H42+I42 -> 6.43 | Q3: =IF(M3=N3,XIRR(Z2:Z41,Y2:Y41),"") -> 0.095190784 | R3: =IF(M3=N3,B14,"") -> 46154 | S3: =IF(COUNTIFS(D:D,"<"&TODAY(),J:J,"")=0,"",TODAY()-_xlfn.MINIFS(D:D,D:D,"<"&TODAY(),J:J,"")) | Y3: =J2 -> 46022 | Z3: =G2+H2+I2 -> 3.13
A4: Palūkanų pradžia | B4: 45902 | D4: 46203 | E4: 0 | F4: 2.37 | G4: 0 | H4: 0 | I4: 0 | J4: 46154 | K4: =IF(J4>0,J4-D4,"") -> -49 | Y4: =J3 -> 46113 | Z4: =G3+H3+I3 -> 2.34
A5: Projekto reitingas | B5: A- | D5: 46265 | E5: 100 | F5: 1.61 | G5: 100 | H5: 0.96 | I5: 0 | J5: 46154 | K5: =IF(J5>0,J5-D5,"") -> -111 | Y5: =J4 -> 46154 | Z5: =G4+H4+I4 -> 0
A6: LTV, % | B6: 0.57 | K6: =IF(J6>0,J6-D6,"") | Y6: =J5 -> 46154 | Z6: =G5+H5+I5 -> 100.96
A7: LTV max, % | B7: 0.85 | K7: =IF(J7>0,J7-D7,"") | Y7: =J6 -> 0 | Z7: =G6+H6+I6 -> 0
A8: Investicijos laikotarpis, mėn. | B8: 12 | K8: =IF(J8>0,J8-D8,"") | Y8: =J7 -> 0 | Z8: =G7+H7+I7 -> 0
A9: Palūkanų mokėjimas | B9: Q | K9: =IF(J9>0,J9-D9,"") | Y9: =J8 -> 0 | Z9: =G8+H8+I8 -> 0
A10: Palūkanos, % | B10: 0.095 | K10: =IF(J10>0,J10-D10,"") | Y10: =J9 -> 0 | Z10: =G9+H9+I9 -> 0
A11: Investuota, Eur | B11: 100 | K11: =IF(J11>0,J11-D11,"") | Y11: =J10 -> 0 | Z11: =G10+H10+I10 -> 0
A12: Paskolos pabaiga | B12: 46265 | K12: =IF(J12>0,J12-D12,"") | Y12: =J11 -> 0 | Z12: =G11+H11+I11 -> 0
A13: Liko dienų | B13: =IF(B11<>N3,(TODAY()-B12)*-1,"") | K13: =IF(J13>0,J13-D13,"") | Y13: =J12 -> 0 | Z13: =G12+H12+I12 -> 0
A14: Grąžinta | B14: 46154 | K14: =IF(J14>0,J14-D14,"") | Y14: =J13 -> 0 | Z14: =G13+H13+I13 -> 0
A15: Vėlavo/Anksčiau | B15: =IF(M3=N3,B14-B12,"") -> -111 | K15: =IF(J15>0,J15-D15,"") | Y15: =J14 -> 0 | Z15: =G14+H14+I14 -> 0
K16: =IF(J16>0,J16-D16,"") | Y16: =J15 -> 0 | Z16: =G15+H15+I15 -> 0
K17: =IF(J17>0,J17-D17,"") | Y17: =J16 -> 0 | Z17: =G16+H16+I16 -> 0
K18: =IF(J18>0,J18-D18,"") | Y18: =J17 -> 0 | Z18: =G17+H17+I17 -> 0
K19: =IF(J19>0,J19-D19,"") | Y19: =J18 -> 0 | Z19: =G18+H18+I18 -> 0
K20: =IF(J20>0,J20-D20,"") | Y20: =J19 -> 0 | Z20: =G19+H19+I19 -> 0
K21: =IF(J21>0,J21-D21,"") | Y21: =J20 -> 0 | Z21: =G20+H20+I20 -> 0
K22: =IF(J22>0,J22-D22,"") | Y22: =J21 -> 0 | Z22: =G21+H21+I21 -> 0
K23: =IF(J23>0,J23-D23,"") | Y23: =J22 -> 0 | Z23: =G22+H22+I22 -> 0
K24: =IF(J24>0,J24-D24,"") | Y24: =J23 -> 0 | Z24: =G23+H23+I23 -> 0
K25: =IF(J25>0,J25-D25,"") | Y25: =J24 -> 0 | Z25: =G24+H24+I24 -> 0
K26: =IF(J26>0,J26-D26,"") | Y26: =J25 -> 0 | Z26: =G25+H25+I25 -> 0
K27: =IF(J27>0,J27-D27,"") | Y27: =J26 -> 0 | Z27: =G26+H26+I26 -> 0
... K41: =IF(J41>0,J41-D41,"") | Y41: =J40 -> 0 | Z41: =G40+H40+I40 -> 0
D42: Viso: | E42: =SUM(E2:E41) -> 100 | F42: =SUM(F2:F41) -> 9.45 | G42: =SUM(G2:G41) -> 100 | H42: =SUM(H2:H41) -> 6.43 | I42: =SUM(I2:I41) -> 0

Sheet Senvagės loftai, Panevėžys IV
A1: Paskola | B1: Paskola P00001423-4 | D1: Data | E1: Paskola | F1: Palūkanos | G1: Paskola | H1: Palūkanos | I1: Papildomos | J1: Data | K1: Vėlavimas | M1: Paskola | O1: Palūkanos | Q1: XIRR | R1: Grąžinta | S1: Vėluoja | Y1: Data | Z1: Suma | AA1: Vėluoja
A2: Objektas | B2: Senvagės loftai, Panevėžys IV | D2: 46022 | E2: 0 | F2: 2.99 | G2: 0 | H2: 2.99 | I2: 0 | J2: 46022 | K2: =IF(J2>0,J2-D2,"") -> 0 | M2: Suteikta | N2: Grąžinta | O2: Planuotos | P2: Realios | Y2: =B3 -> 45899 | Z2: =B11*-1 -> -100 | AA2: =IF(COUNTIFS(D:D,"<"&TODAY(),J:J,"")>0,"+","")
A3: Investicijos data | B3: 45899 | D3: 46112 | E3: 0 | F3: 2.22 | G3: 0 | H3: 2.22 | I3: 0 | J3: 46112 | K3: =IF(J3>0,J3-D3,"") -> 0 | M3: =B11 -> 100 | N3: =G42 -> 100 | O3: =F42 -> 8.96 | P3: =H42+I42 -> 8.56 | Q3: =IF(M3=N3,XIRR(Z2:Z41,Y2:Y41),"") -> 0.092495993 | R3: =IF(M3=N3,B14,"") -> 46248 | S3: =IF(COUNTIFS(D:D,"<"&TODAY(),J:J,"")=0,"",TODAY()-_xlfn.MINIFS(D:D,D:D,"<"&TODAY(),J:J,"")) | Y3: =J2 -> 46022 | Z3: =G2+H2+I2 -> 2.99
A4: Palūkanų pradžia | B4: 45901 | D4: 46203 | E4: 0 | F4: 2.24 | G4: 0 | H4: 2.24 | I4: 0 | J4: 46204 | K4: =IF(J4>0,J4-D4,"") -> 1 | Y4: =J3 -> 46112 | Z4: =G3+H3+I3 -> 2.22
A5: Projekto reitingas | B5: A | D5: 46264 | E5: 100 | F5: 1.51 | G5: 100 | H5: 1.11 | I5: 0 | J5: 46248 | K5: =IF(J5>0,J5-D5,"") -> -16 | Y5: =J4 -> 46204 | Z5: =G4+H4+I4 -> 2.24
A6: LTV, % | B6: 0.59 | K6: =IF(J6>0,J6-D6,"") | Y6: =J5 -> 46248 | Z6: =G5+H5+I5 -> 101.11
A7: LTV max, % | B7: 0.8 | K7: =IF(J7>0,J7-D7,"") | Y7: =J6 -> 0 | Z7: =G6+H6+I6 -> 0
A8: Investicijos laikotarpis, mėn. | B8: 12 | K8: =IF(J8>0,J8-D8,"") | Y8: =J7 -> 0 | Z8: =G7+H7+I7 -> 0
A9: Palūkanų mokėjimas | B9: Q | K9: =IF(J9>0,J9-D9,"") | Y9: =J8 -> 0 | Z9: =G8+H8+I8 -> 0
A10: Palūkanos, % | B10: 0.09 | K10: =IF(J10>0,J10-D10,"") | Y10: =J9 -> 0 | Z10: =G9+H9+I9 -> 0
A11: Investuota, Eur | B11: 100 | K11: =IF(J11>0,J11-D11,"") | Y11: =J10 -> 0 | Z11: =G10+H10+I10 -> 0
A12: Paskolos pabaiga | B12: 46264 | K12: =IF(J12>0,J12-D12,"") | Y12: =J11 -> 0 | Z12: =G11+H11+I11 -> 0
A13: Liko dienų | B13: =IF(B11<>N3,(TODAY()-B12)*-1,"") | K13: =IF(J13>0,J13-D13,"") | Y13: =J12 -> 0 | Z13: =G12+H12+I12 -> 0
A14: Grąžinta | B14: 46248 | K14: =IF(J14>0,J14-D14,"") | Y14: =J13 -> 0 | Z14: =G13+H13+I13 -> 0
A15: Vėlavo/Anksčiau | B15: =IF(M3=N3,B14-B12,"") -> -16 | K15: =IF(J15>0,J15-D15,"") | Y15: =J14 -> 0 | Z15: =G14+H14+I14 -> 0
K16: =IF(J16>0,J16-D16,"") | Y16: =J15 -> 0 | Z16: =G15+H15+I15 -> 0
K17: =IF(J17>0,J17-D17,"") | Y17: =J16 -> 0 | Z17: =G16+H16+I16 -> 0
K18: =IF(J18>0,J18-D18,"") | Y18: =J17 -> 0 | Z18: =G17+H17+I17 -> 0
K19: =IF(J19>0,J19-D19,"") | Y19: =J18 -> 0 | Z19: =G18+H18+I18 -> 0
K20: =IF(J20>0,J20-D20,"") | Y20: =J19 -> 0 | Z20: =G19+H19+I19 -> 0
K21: =IF(J21>0,J21-D21,"") | Y21: =J20 -> 0 | Z21: =G20+H20+I20 -> 0
K22: =IF(J22>0,J22-D22,"") | Y22: =J21 -> 0 | Z22: =G21+H21+I21 -> 0
K23: =IF(J23>0,J23-D23,"") | Y23: =J22 -> 0 | Z23: =G22+H22+I22 -> 0
K24: =IF(J24>0,J24-D24,"") | Y24: =J23 -> 0 | Z24: =G23+H23+I23 -> 0
K25: =IF(J25>0,J25-D25,"") | Y25: =J24 -> 0 | Z25: =G24+H24+I24 -> 0
K26: =IF(J26>0,J26-D26,"") | Y26: =J25 -> 0 | Z26: =G25+H25+I25 -> 0
K27: =IF(J27>0,J27-D27,"") | Y27: =J26 -> 0 | Z27: =G26+H26+I26 -> 0
... K41: =IF(J41>0,J41-D41,"") | Y41: =J40 -> 0 | Z41: =G40+H40+I40 -> 0
D42: Viso: | E42: =SUM(E2:E41) -> 100 | F42: =SUM(F2:F41) -> 8.96 | G42: =SUM(G2:G41) -> 100 | H42: =SUM(H2:H41) -> 8.56 | I42: =SUM(I2:I41) -> 0
