Workbook

Sheet Apžvalga
A1: Data | B1: Viso: | F1: Mėnesio gale | J1: Dividendai | K1: Mokesčiai | AS1: XIRR
B2: Inešta | C2: Išvesta | D2: Investuota | E2: Gryni | F2: =WEBN!O3 -> WEBN | G2: Vertė | H2: Pelnas | I2: % | K2: Pirkimas | L2: Pardavimas | AS2: =XIRR(WEBN!AG5:AG200,WEBN!AF5:AF200) -> 0.2325846
A3: ='2026.01'!Q2 -> 2026.01 | B3: ='2026.01'!Q5 -> 100 | C3: ='2026.01'!R5 -> 0 | D3: ='2026.01'!S5 -> 100 | E3: ='2026.01'!X5 -> 0 | F3: =WEBN!H5 -> 99.056604 | G3: =SUM(F3:F3)+E3 -> 99.056604 | H3: =G3-B3 -> -0.94339628 | I3: =H3/B3 -> -0.0094339628 | J3: ='2026.01'!W5 -> 0 | K3: ='2026.01'!U5 -> 0 | L3: ='2026.01'!V5 -> 0
A4: ='2026.02'!Q2 -> 2026.02 | B4: =B3+'2026.02'!Q5 -> 200 | C4: ='2026.02'!R5 -> 0 | D4: =D3+'2026.02'!S5 -> 200 | E4: ='2026.02'!X5 -> 0 | F4: =WEBN!H6 -> 201.06441 | G4: =SUM(F4:F4)+E4 -> 201.06441 | H4: =G4-B4 -> 1.0644111 | I4: =H4/B4 -> 0.0053220553 | J4: ='2026.02'!W5 -> 0 | K4: ='2026.02'!U5 -> 0 | L4: ='2026.02'!V5 -> 0
A5: ='2026.03'!Q2 -> 2026.03 | B5: =B4+'2026.03'!Q5 -> 300 | C5: ='2026.03'!R5 -> 0 | D5: =D4+'2026.03'!S5 -> 300 | E5: ='2026.03'!X5 -> 0 | F5: =WEBN!H7 -> 292.22561 | G5: =SUM(F5:F5)+E5 -> 292.22561 | H5: =G5-B5 -> -7.7743909 | I5: =H5/B5 -> -0.025914636 | J5: ='2026.03'!W5 -> 0 | K5: ='2026.03'!U5 -> 0 | L5: ='2026.03'!V5 -> 0
A6: ='2026.04'!$Q$2 -> 2026.04 | B6: =B5+'2026.04'!$Q$5 -> 400 | C6: ='2026.04'!$R$5 -> 0 | D6: =D5+'2026.04'!$S$5 -> 400 | E6: ='2026.04'!$X$5 -> 0 | F6: =WEBN!H8 -> 418.02748 | G6: =SUM(F6:F6)+E6 -> 418.02748 | H6: =G6-B6 -> 18.027484 | I6: =H6/B6 -> 0.04506871 | J6: ='2026.04'!$W$5 -> 0 | K6: ='2026.04'!$U$5 -> 0 | L6: ='2026.04'!$V$5 -> 0
A7: ='2026.05'!$Q$2 -> 2026.05 | B7: =B6+'2026.05'!$Q$5 -> 500 | C7: ='2026.05'!$R$5 -> 0 | D7: =D6+'2026.05'!$S$5-K7-L7 -> 500 | E7: ='2026.05'!$X$5 -> 0 | F7: =WEBN!H9 -> 544.32602 | G7: =SUM(F7:F7)+E7 -> 544.32602 | H7: =G7-B7 -> 44.326022 | I7: =H7/B7 -> 0.088652043 | J7: ='2026.05'!$W$5 -> 0 | K7: ='2026.05'!$U$5 -> 0 | L7: ='2026.06'!$V$5 -> 0
A8: ='2026.06'!$Q$2 -> 2026.06 | B8: =B7+'2026.06'!$Q$5 -> 600 | C8: ='2026.06'!$R$5 -> 0 | D8: =D7+'2026.06'!$S$5-K8-L8 -> 600 | E8: ='2026.06'!$X$5 -> 0 | F8: =WEBN!H10 -> 655.75237 | G8: =SUM(F8:F8)+E8 -> 655.75237 | H8: =G8-B8 -> 55.752365 | I8: =H8/B8 -> 0.092920608 | J8: ='2026.06'!$W$5 -> 0 | K8: ='2026.06'!$U$5 -> 0 | L8: ='2026.06'!$V$5 -> 0
A9: ='2026.07'!$Q$2 -> 2026.07 | B9: =B8+'2026.07'!$Q$5 -> 700 | C9: ='2026.07'!$R$5 -> 0 | D9: =D8+'2026.07'!$S$5-K9-L9 -> 700 | E9: ='2026.07'!$X$5 -> 0 | F9: =WEBN!H11 -> 744.80479 | G9: =SUM(F9:F9)+E9 -> 744.80479 | H9: =G9-B9 -> 44.804785 | I9: =H9/B9 -> 0.064006836 | J9: ='2026.07'!$W$5 -> 0 | K9: ='2026.07'!$U$5 -> 0 | L9: ='2026.07'!$V$5 -> 0
A10: ='2026.08'!$Q$2 -> 2026.08 | B10: =B9+'2026.08'!$Q$5 -> 800 | C10: ='2026.08'!$R$5 -> 0 | D10: =D9+'2026.08'!$S$5-K10-L10 -> 800 | E10: ='2026.08'!$X$5 -> 0 | F10: =WEBN!H12 -> 860.34665 | G10: =SUM(F10:F10)+E10 -> 860.34665 | H10: =G10-B10 -> 60.346652 | I10: =H10/B10 -> 0.075433315 | J10: ='2026.08'!$W$5 -> 0 | K10: ='2026.08'!$U$5 -> 0 | L10: ='2026.08'!$V$5 -> 0
A11: ='2026.09'!$Q$2 -> 2026.09 | B11: =B10+'2026.09'!$Q$5 -> 900 | C11: ='2026.09'!$R$5 -> 0 | D11: =D10+'2026.09'!$S$5-K11-L11 -> 900 | E11: ='2026.09'!$X$5 -> 0 | F11: =WEBN!H13 -> 974.4037 | G11: =SUM(F11:F11)+E11 -> 974.4037 | H11: =G11-B11 -> 74.403703 | I11: =H11/B11 -> 0.082670781 | J11: ='2026.09'!$W$5 -> 0 | K11: ='2026.09'!$U$5 -> 0 | L11: ='2026.09'!$V$5 -> 0

Sheet NADQ
A1: NADQ Amundi Nasdaq-100 II UCITS ETF (Dist)
A3: Data | B3: Suma, EUR | E3: Kiekis | G3: Mėnesio gale | K3: Mokesčiai | M3: Dividendai | O3: NADQ | P3: Įnešta | Q3: Kiekis | R3: Parduota | S3: Pelnas | T3: % | U3: Mokesčiai | W3: Dividendai
B4: Įnešta | C4: Mėn. Inv. | D4: Viso Inv. | E4: Mėnesio | F4: Viso | G4: Kaina | H4: Vertė gale | I4: Pelnas | J4: % | K4: Pirkimas | L4: Pardavimas | U4: Pirkimas | V4: Pardavimas
A5: ='2026.01'!Q2 -> 2026.01 | B5: ='2026.01'!B19 -> 100 | C5: ='2026.01'!C19 -> 100 | D5: =C5 -> 100 | E5: ='2026.01'!F19 -> 8.7351502 | F5: =E5 -> 8.7351502 | G5: 216.25 | H5: =F5*G5 -> 1888.9762 | I5: =H5-D5 -> 1788.9762 | J5: =(H5-D5)/H5 -> 0.94706127 | K5: ='2026.01'!D19 -> 0 | L5: ='2026.01'!J19 -> 0 | M5: ='2026.01'!O19 -> 0 | O5: Viso: | P5: =SUM(B5:B61) -> #REF! | Q5: =SUM(E5:E61) -> #REF! | R5: =#REF!-#REF! -> #REF! | S5: =R5-P5 -> #REF! | T5: =(R5-P5)/P5 -> #REF! | U5: =SUM(K5:K16) -> #REF! | V5: =SUM(L5:L16) -> #REF! | W5: =SUM(M5:M16) -> #REF!
A6: =#REF! -> #REF! | B6: =#REF! -> #REF! | C6: =#REF! -> #REF! | D6: =D5+C6 -> #REF! | E6: =#REF! -> #REF! | F6: =F5+E6 -> #REF! | G6: 218.85 | H6: =F6*G6 -> #REF! | I6: =H6-D6 -> #REF! | J6: =(H6-D6)/H6 -> #REF! | K6: =#REF! -> #REF! | L6: =#REF! -> #REF! | M6: =#REF! -> #REF!
A7: =#REF! -> #REF! | B7: =#REF! -> #REF! | C7: =#REF! -> #REF! | D7: =D6+C7 -> #REF! | E7: =#REF! -> #REF! | F7: =F6+E7 -> #REF! | G7: 209.96 | H7: =F7*G7 -> #REF! | I7: =H7-D7 -> #REF! | J7: =(H7-D7)/H7 -> #REF! | K7: =#REF! -> #REF! | L7: =#REF! -> #REF! | M7: =#REF! -> #REF!
A8: =#REF! -> #REF! | B8: =#REF! -> #REF! | C8: =#REF! -> #REF! | D8: =D7+C8 -> #REF! | E8: =#REF! -> #REF! | F8: =F7+E8 -> #REF! | G8: 188.05 | H8: =F8*G8 -> #REF! | I8: =H8-D8 -> #REF! | J8: =(H8-D8)/H8 -> #REF! | K8: =#REF! -> #REF! | L8: =#REF! -> #REF! | M8: =#REF! -> #REF!
A9: =#REF! -> #REF! | B9: =#REF! -> #REF! | C9: =#REF! -> #REF! | D9: =D8+C9 -> #REF! | E9: =#REF! -> #REF! | F9: =F8+E9 -> #REF! | G9: 182.85 | H9: =F9*G9 -> #REF! | I9: =H9-D9 -> #REF! | J9: =(H9-D9)/H9 -> #REF! | K9: =#REF! -> #REF! | L9: =#REF! -> #REF! | M9: =#REF! -> #REF!
A10: =#REF! -> #REF! | B10: =#REF! -> #REF! | C10: =#REF! -> #REF! | D10: =D9+C10 -> #REF! | E10: =#REF! -> #REF! | F10: =F9+E10 -> #REF! | G10: 198.25 | H10: =F10*G10 -> #REF! | I10: =H10-D10 -> #REF! | J10: =(H10-D10)/H10 -> #REF! | K10: =#REF! -> #REF! | L10: =#REF! -> #REF! | M10: =#REF! -> #REF!
A11: =#REF! -> #REF! | B11: =#REF! -> #REF! | C11: =#REF! -> #REF! | D11: =D10+C11 -> #REF! | E11: =#REF! -> #REF! | F11: =F10+E11 -> #REF! | G11: 203.24 | H11: =F11*G11 -> #REF! | I11: =H11-D11 -> #REF! | J11: =(H11-D11)/H11 -> #REF! | K11: =#REF! -> #REF! | L11: =#REF! -> #REF! | M11: =#REF! -> #REF!
A12: =#REF! -> #REF! | B12: =#REF! -> #REF! | C12: =#REF! -> #REF! | D12: =D11+C12 -> #REF! | E12: =#REF! -> #REF! | F12: =F11+E12 -> #REF! | G12: 215.32 | H12: =F12*G12 -> #REF! | I12: =H12-D12 -> #REF! | J12: =(H12-D12)/H12 -> #REF! | K12: =#REF! -> #REF! | L12: =#REF! -> #REF! | M12: =#REF! -> #REF!
A13: =#REF! -> #REF! | B13: =#REF! -> #REF! | C13: =#REF! -> #REF! | D13: =D12+C13 -> #REF! | E13: =#REF! -> #REF! | F13: =F12+E13 -> #REF! | G13: 211.45 | H13: =F13*G13 -> #REF! | I13: =H13-D13 -> #REF! | J13: =(H13-D13)/H13 -> #REF! | K13: =#REF! -> #REF! | L13: =#REF! -> #REF! | M13: =#REF! -> #REF!
A14: =#REF! -> #REF! | B14: =#REF! -> #REF! | C14: =#REF! -> #REF! | D14: =D13+C14 -> #REF! | E14: =#REF! -> #REF! | F14: =F13+E14 -> #REF! | G14: 222 | H14: =F14*G14 -> #REF! | I14: =H14-D14 -> #REF! | J14: =(H14-D14)/H14 -> #REF! | K14: =#REF! -> #REF! | L14: =#REF! -> #REF! | M14: =#REF! -> #REF!
A15: =#REF! -> #REF! | B15: =#REF! -> #REF! | C15: =#REF! -> #REF! | D15: =D14+C15 -> #REF! | E15: =#REF! -> #REF! | F15: =F14+E15 -> #REF! | G15: 236.84 | H15: =F15*G15 -> #REF! | I15: =H15-D15 -> #REF! | J15: =(H15-D15)/H15 -> #REF! | K15: =#REF! -> #REF! | L15: =#REF! -> #REF! | M15: =#REF! -> #REF!
A16: =#REF! -> #REF! | B16: =#REF! -> #REF! | C16: =#REF! -> #REF! | D16: =D15+C16 -> #REF! | E16: =#REF! -> #REF! | F16: =F15+E16 -> #REF! | G16: 231.2 | H16: =F16*G16 -> #REF! | I16: =H16-D16 -> #REF! | J16: =(H16-D16)/H16 -> #REF! | K16: =#REF! -> #REF! | L16: =#REF! -> #REF! | M16: =#REF! -> #REF!

Sheet QDVE
A1: iShares S&P 500 Information Technology Sector UCITS ETF (Acc)
A3: Data | B3: Suma, EUR | E3: Kiekis | G3: Mėnesio gale | K3: Mokesčiai | M3: Dividendai | O3: QDVE | P3: Įnešta | Q3: Kiekis | R3: Parduota | S3: Pelnas | T3: % | U3: Mokesčiai | W3: Dividendai
B4: Įnešta | C4: Mėn. Inv. | D4: Viso Inv. | E4: Mėnesio | F4: Viso | G4: Kaina | H4: Vertė gale | I4: Pelnas | J4: % | K4: Pirkimas | L4: Pardavimas | U4: Pirkimas | V4: Pardavimas
A5: =#REF! -> #REF! | B5: =#REF! -> #REF! | C5: =#REF! -> #REF! | D5: =C5 -> #REF! | E5: =#REF! -> #REF! | F5: =E5 -> #REF! | G5: 26.77 | H5: =F5*G5 -> #REF! | I5: =H5-D5 -> #REF! | J5: =(H5-D5)*100/D5 -> #REF! | K5: =#REF! -> #REF! | L5: =#REF! -> #REF! | M5: =#REF! -> #REF! | O5: Viso: | P5: =SUM(B5:B55) -> #REF! | Q5: =SUM(E5:E55) -> #REF! | R5: =#REF!-#REF! -> #REF! | S5: =R5-P5 -> #REF! | T5: =(R5-P5)/P5 -> #REF! | U5: =SUM(K5:K12) -> #REF! | V5: =SUM(L5:L12) -> #REF! | W5: =SUM(M5:M12) -> #REF!
A6: =#REF! -> #REF! | B6: =#REF! -> #REF! | C6: =#REF! -> #REF! | D6: =D5+C6 -> #REF! | E6: =#REF! -> #REF! | F6: =F5+E6 -> #REF! | G6: 29.25 | H6: =F6*G6 -> #REF! | I6: =H6-D6 -> #REF! | J6: =(H6-D6)*100/D6 -> #REF! | K6: =#REF! -> #REF! | L6: =#REF! -> #REF! | M6: =#REF! -> #REF!
A7: =#REF! -> #REF! | B7: =#REF! -> #REF! | C7: =#REF! -> #REF! | D7: =D6+C7 -> #REF! | E7: =#REF! -> #REF! | F7: =F6+E7 -> #REF! | G7: 30.95 | H7: =F7*G7 -> #REF! | I7: =H7-D7 -> #REF! | J7: =(H7-D7)*100/D7 -> #REF! | K7: =#REF! -> #REF! | L7: =#REF! -> #REF! | M7: =#REF! -> #REF!
A8: =#REF! -> #REF! | B8: =#REF! -> #REF! | C8: =#REF! -> #REF! | D8: =D7+C8 -> #REF! | E8: =#REF! -> #REF! | F8: =F7+E8 -> #REF! | G8: 33.54 | H8: =F8*G8 -> #REF! | I8: =H8-D8 -> #REF! | J8: =(H8-D8)*100/D8 -> #REF! | K8: =#REF! -> #REF! | L8: =#REF! -> #REF! | M8: =#REF! -> #REF!
A9: =#REF! -> #REF! | B9: =#REF! -> #REF! | C9: =#REF! -> #REF! | D9: =D8+C9 -> #REF! | E9: =#REF! -> #REF! | F9: =F8+E9 -> #REF! | G9: 32.73 | H9: =F9*G9 -> #REF! | I9: =H9-D9 -> #REF! | J9: =(H9-D9)*100/D9 -> #REF! | K9: =#REF! -> #REF! | L9: =#REF! -> #REF! | M9: =#REF! -> #REF!
A10: =#REF! -> #REF! | B10: =#REF! -> #REF! | C10: =#REF! -> #REF! | D10: =D9+C10 -> #REF! | E10: =#REF! -> #REF! | F10: =F9+E10 -> #REF! | G10: 35.01 | H10: =F10*G10 -> #REF! | I10: =H10-D10 -> #REF! | J10: =(H10-D10)*100/D10 -> #REF! | K10: =#REF! -> #REF! | L10: =#REF! -> #REF! | M10: =#REF! -> #REF!
A11: =#REF! -> #REF! | B11: =#REF! -> #REF! | C11: =#REF! -> #REF! | D11: =D10+C11 -> #REF! | E11: =#REF! -> #REF! | F11: =F10+E11 -> #REF! | G11: 37.97 | H11: =F11*G11 -> #REF! | I11: =H11-D11 -> #REF! | J11: =(H11-D11)*100/D11 -> #REF! | K11: =#REF! -> #REF! | L11: =#REF! -> #REF! | M11: =#REF! -> #REF!
A12: =#REF! -> #REF! | B12: =#REF! -> #REF! | C12: =#REF! -> #REF! | D12: =D11+C12 -> #REF! | E12: =#REF! -> #REF! | F12: =F11+E12 -> #REF! | G12: 37.04 | H12: =F12*G12 -> #REF! | I12: =H12-D12 -> #REF! | J12: =(H12-D12)*100/D12 -> #REF! | K12: =#REF! -> #REF! | L12: =#REF! -> #REF! | M12: =#REF! -> #REF!

Sheet VWCE
A1: Vanguard FTSE All-World UCITS ETF (Acc)
A3: Data | B3: Suma, EUR | E3: Kiekis | G3: Mėnesio gale | K3: Mokesčiai | M3: Dividendai | O3: VWCE | P3: Įnešta | Q3: Kiekis | R3: Parduota | S3: Pelnas | T3: % | U3: Mokesčiai
B4: Įnešta | C4: Mėn. Inv. | D4: Viso Inv. | E4: Mėnesio | F4: Viso | G4: Kaina | H4: Vertė gale | I4: Pelnas | J4: % | K4: Pirkimas | L4: Pardavimas | U4: Pirkimas | V4: Pardavimas
A5: =#REF! -> #REF! | B5: =#REF! -> #REF! | C5: =#REF! -> #REF! | D5: =C5 -> #REF! | E5: =#REF! -> #REF! | F5: =E5 -> #REF! | G5: 129.69 | H5: =F5*G5 -> #REF! | I5: =H5-D5 -> #REF! | J5: =(H5-D5)*100/D5 -> #REF! | K5: =#REF! -> #REF! | L5: =#REF! -> #REF! | M5: =#REF! -> #REF! | O5: Viso: | P5: =SUM(B5:B43) -> #REF! | Q5: =SUM(E5:E43) -> #REF! | R5: =#REF!-#REF! -> #REF! | S5: =R5-P5 -> #REF! | T5: =(R5-P5)/P5 -> #REF! | U5: =SUM(K5:K10) -> #REF! | V5: =SUM(L5:L10) -> #REF!
A6: =#REF! -> #REF! | B6: =#REF! -> #REF! | C6: =#REF! -> #REF! | D6: =D5+C6 -> #REF! | E6: =#REF! -> #REF! | F6: =F5+E6 -> #REF! | G6: 135.38 | H6: =F6*G6 -> #REF! | I6: =H6-D6 -> #REF! | J6: =(H6-D6)*100/D6 -> #REF! | K6: =#REF! -> #REF! | L6: =#REF! -> #REF! | M6: =#REF! -> #REF!
A7: =#REF! -> #REF! | B7: =#REF! -> #REF! | C7: =#REF! -> #REF! | D7: =D6+C7 -> #REF! | E7: =#REF! -> #REF! | F7: =F6+E7 -> #REF! | G7: 135.64 | H7: =F7*G7 -> #REF! | I7: =H7-D7 -> #REF! | J7: =(H7-D7)*100/D7 -> #REF! | K7: =#REF! -> #REF! | L7: =#REF! -> #REF! | M7: =#REF! -> #REF!
A8: =#REF! -> #REF! | B8: =#REF! -> #REF! | C8: =#REF! -> #REF! | D8: =D7+C8 -> #REF! | E8: =#REF! -> #REF! | F8: =F7+E8 -> #REF! | G8: 139.98 | H8: =F8*G8 -> #REF! | I8: =H8-D8 -> #REF! | J8: =(H8-D8)*100/D8 -> #REF! | K8: =#REF! -> #REF! | L8: =#REF! -> #REF! | M8: =#REF! -> #REF!
A9: =#REF! -> #REF! | B9: =#REF! -> #REF! | C9: =#REF! -> #REF! | D9: =D8+C9 -> #REF! | E9: =#REF! -> #REF! | F9: =F8+E9 -> #REF! | G9: 145.42 | H9: =F9*G9 -> #REF! | I9: =H9-D9 -> #REF! | J9: =(H9-D9)*100/D9 -> #REF! | K9: =#REF! -> #REF! | L9: =#REF! -> #REF! | M9: =#REF! -> #REF!
A10: =#REF! -> #REF! | B10: =#REF! -> #REF! | C10: =#REF! -> #REF! | D10: =D9+C10 -> #REF! | E10: =#REF! -> #REF! | F10: =F9+E10 -> #REF! | G10: 145.9 | H10: =F10*G10 -> #REF! | I10: =H10-D10 -> #REF! | J10: =(H10-D10)*100/D10 -> #REF! | K10: =#REF! -> #REF! | L10: =#REF! -> #REF! | M10: =#REF! -> #REF!

Sheet XDEQ
A1: XDEQ Xtarckers MSCI World Quality UCITS ETF (Acc)
A3: Data | B3: Suma, EUR | E3: Kiekis | G3: Mėnesio gale | K3: Mokesčiai | M3: Dividendai | O3: XDEQ | P3: Įnešta | Q3: Kiekis | R3: Parduota | S3: Pelnas | T3: % | U3: Mokesčiai
B4: Įnešta | C4: Mėn. Inv. | D4: Viso Inv. | E4: Mėnesio | F4: Viso | G4: Kaina | H4: Vertė gale | I4: Pelnas | J4: % | K4: Pirkimas | L4: Pardavimas | U4: Pirkimas | V4: Pardavimas
A5: =#REF! -> #REF! | B5: =#REF! -> #REF! | C5: =#REF! -> #REF! | D5: =C5 -> #REF! | E5: =#REF! -> #REF! | F5: =E5 -> #REF! | G5: 65.25 | H5: =F5*G5 -> #REF! | I5: =H5-D5 -> #REF! | J5: =(H5-D5)*100/D5 -> #REF! | K5: =#REF! -> #REF! | L5: =#REF! -> #REF! | M5: =#REF! -> #REF! | O5: Viso: | P5: =SUM(B5:B46) -> #REF! | Q5: =SUM(E5:E46) -> #REF! | R5: =#REF!-#REF! -> #REF! | S5: =R5-P5 -> #REF! | T5: =(R5-P5)/P5 -> #REF! | U5: =SUM(K5:K9) -> #REF! | V5: =SUM(L5:L9) -> #REF!
A6: =#REF! -> #REF! | B6: =#REF! -> #REF! | C6: =#REF! -> #REF! | D6: =D5+C6 -> #REF! | E6: =#REF! -> #REF! | F6: =F5+E6 -> #REF! | G6: 65.31 | H6: =F6*G6 -> #REF! | I6: =H6-D6 -> #REF! | J6: =(H6-D6)*100/D6 -> #REF! | K6: =#REF! -> #REF! | L6: =#REF! -> #REF! | M6: =#REF! -> #REF!
A7: =#REF! -> #REF! | B7: =#REF! -> #REF! | C7: =#REF! -> #REF! | D7: =D6+C7 -> #REF! | E7: =#REF! -> #REF! | F7: =F6+E7 -> #REF! | G7: 66.92 | H7: =F7*G7 -> #REF! | I7: =H7-D7 -> #REF! | J7: =(H7-D7)*100/D7 -> #REF! | K7: =#REF! -> #REF! | L7: =#REF! -> #REF! | M7: =#REF! -> #REF!
A8: =#REF! -> #REF! | B8: =#REF! -> #REF! | C8: =#REF! -> #REF! | D8: =D7+C8 -> #REF! | E8: =#REF! -> #REF! | F8: =F7+E8 -> #REF! | G8: 68.78 | H8: =F8*G8 -> #REF! | I8: =H8-D8 -> #REF! | J8: =(H8-D8)*100/D8 -> #REF! | K8: =#REF! -> #REF! | L8: =#REF! -> #REF! | M8: =#REF! -> #REF!
A9: =#REF! -> #REF! | B9: =#REF! -> #REF! | C9: =#REF! -> #REF! | D9: =D8+C9 -> #REF! | E9: =#REF! -> #REF! | F9: =F8+E9 -> #REF! | G9: 67.97 | H9: =F9*G9 -> #REF! | I9: =H9-D9 -> #REF! | J9: =(H9-D9)*100/D9 -> #REF! | K9: =#REF! -> #REF! | L9: =#REF! -> #REF! | M9: =#REF! -> #REF!

Sheet VUAA
A1: VUAA Vanguard S&P 500 UCITS ETF (Acc)
A3: Data | B3: Suma, EUR | E3: Kiekis | G3: Mėnesio gale | K3: Mokesčiai | M3: Dividendai | O3: VUAA | P3: Įnešta | Q3: Kiekis | R3: Parduota | S3: Pelnas | T3: % | U3: Mokesčiai
B4: Įnešta | C4: Mėn. Inv. | D4: Viso Inv. | E4: Mėnesio | F4: Viso | G4: Kaina | H4: Vertė gale | I4: Pelnas | J4: % | K4: Pirkimas | L4: Pardavimas | U4: Pirkimas | V4: Pardavimas
A5: =#REF! -> #REF! | B5: =#REF! -> #REF! | C5: =#REF! -> #REF! | D5: =C5 -> #REF! | E5: =#REF! -> #REF! | F5: =E5 -> #REF! | G5: 106.4 | H5: =F5*G5 -> #REF! | I5: =H5-D5 -> #REF! | J5: =(H5-D5)*100/D5 -> #REF! | K5: =#REF! -> #REF! | L5: =#REF! -> #REF! | M5: =#REF! -> #REF! | O5: Viso: | P5: =SUM(B5:B46) -> #REF! | Q5: =SUM(E5:E46) -> #REF! | R5: =#REF!-#REF! -> #REF! | S5: =R5-P5 -> #REF! | T5: =(R5-P5)/P5 -> #REF! | U5: =SUM(K5:K9) -> #REF! | V5: =SUM(L5:L9) -> #REF!
A6: =#REF! -> #REF! | B6: =#REF! -> #REF! | C6: =#REF! -> #REF! | D6: =D5+C6 -> #REF! | E6: =#REF! -> #REF! | F6: =F5+E6 -> #REF! | G6: 105.77 | H6: =F6*G6 -> #REF! | I6: =H6-D6 -> #REF! | J6: =(H6-D6)*100/D6 -> #REF! | K6: =#REF! -> #REF! | L6: =#REF! -> #REF! | M6: =#REF! -> #REF!
A7: =#REF! -> #REF! | B7: =#REF! -> #REF! | C7: =#REF! -> #REF! | D7: =D6+C7 -> #REF! | E7: =#REF! -> #REF! | F7: =F6+E7 -> #REF! | G7: 108.89 | H7: =F7*G7 -> #REF! | I7: =H7-D7 -> #REF! | J7: =(H7-D7)*100/D7 -> #REF! | K7: =#REF! -> #REF! | L7: =#REF! -> #REF! | M7: =#REF! -> #REF!
A8: =#REF! -> #REF! | B8: =#REF! -> #REF! | C8: =#REF! -> #REF! | D8: =D7+C8 -> #REF! | E8: =#REF! -> #REF! | F8: =F7+E8 -> #REF! | G8: 113.7 | H8: =F8*G8 -> #REF! | I8: =H8-D8 -> #REF! | J8: =(H8-D8)*100/D8 -> #REF! | K8: =#REF! -> #REF! | L8: =#REF! -> #REF! | M8: =#REF! -> #REF!
A9: =#REF! -> #REF! | B9: =#REF! -> #REF! | C9: =#REF! -> #REF! | D9: =D8+C9 -> #REF! | E9: =#REF! -> #REF! | F9: =F8+E9 -> #REF! | G9: 112.91 | H9: =F9*G9 -> #REF! | I9: =H9-D9 -> #REF! | J9: =(H9-D9)*100/D9 -> #REF! | K9: =#REF! -> #REF! | L9: =#REF! -> #REF! | M9: =#REF! -> #REF!

Sheet XDWT
A1: XDWT Xtrackers MSCI World Information Technology ETF (Acc)
A3: Data | B3: Suma, EUR | E3: Kiekis | G3: Mėnesio gale | K3: Mokesčiai | M3: Dividendai | O3: XDWT | P3: Įnešta | Q3: Kiekis | R3: Parduota | S3: Pelnas | T3: % | U3: Mokesčiai
B4: Įnešta | C4: Mėn. Inv. | D4: Viso Inv. | E4: Mėnesio | F4: Viso | G4: Kaina | H4: Vertė gale | I4: Pelnas | J4: % | K4: Pirkimas | L4: Pardavimas | U4: Pirkimas | V4: Pardavimas
A5: =#REF! -> #REF! | B5: =#REF! -> #REF! | C5: =#REF! -> #REF! | D5: =C5 -> #REF! | E5: =#REF! -> #REF! | F5: =E5 -> #REF! | G5: 91.94 | H5: =F5*G5 -> #REF! | I5: =H5-D5 -> #REF! | J5: =(H5-D5)*100/D5 -> #REF! | K5: =#REF! -> #REF! | L5: =#REF! -> #REF! | M5: =#REF! -> #REF! | O5: Viso: | P5: =SUM(B5:B44) -> #REF! | Q5: =SUM(E5:E44) -> #REF! | R5: =#REF!-#REF! -> #REF! | S5: =R5-P5 -> #REF! | T5: =(R5-P5)/P5 -> #REF! | U5: =SUM(K5:K8) -> #REF! | V5: =SUM(L5:L8) -> #REF!
A6: =#REF! -> #REF! | B6: =#REF! -> #REF! | C6: =#REF! -> #REF! | D6: =D5+C6 -> #REF! | E6: =#REF! -> #REF! | F6: =F5+E6 -> #REF! | G6: 97.9 | H6: =F6*G6 -> #REF! | I6: =H6-D6 -> #REF! | J6: =(H6-D6)*100/D6 -> #REF! | K6: =#REF! -> #REF! | L6: =#REF! -> #REF! | M6: =#REF! -> #REF!
A7: =#REF! -> #REF! | B7: =#REF! -> #REF! | C7: =#REF! -> #REF! | D7: =D6+C7 -> #REF! | E7: =#REF! -> #REF! | F7: =F6+E7 -> #REF! | G7: 106.65 | H7: =F7*G7 -> #REF! | I7: =H7-D7 -> #REF! | J7: =(H7-D7)*100/D7 -> #REF! | K7: =#REF! -> #REF! | L7: =#REF! -> #REF! | M7: =#REF! -> #REF!
A8: =#REF! -> #REF! | B8: =#REF! -> #REF! | C8: =#REF! -> #REF! | D8: =D7+C8 -> #REF! | E8: =#REF! -> #REF! | F8: =F7+E8 -> #REF! | G8: 102.74 | H8: =F8*G8 -> #REF! | I8: =H8-D8 -> #REF! | J8: =(H8-D8)*100/D8 -> #REF! | K8: =#REF! -> #REF! | L8: =#REF! -> #REF! | M8: =#REF! -> #REF!

Sheet XAIX
A1: XAIX Xtrackers Artificial Intelligence and Big Data ETF (Acc)
A3: Data | B3: Suma, EUR | E3: Kiekis | G3: Mėnesio gale | K3: Mokesčiai | M3: Dividendai | O3: XAIX | P3: Įnešta | Q3: Kiekis | R3: Parduota | S3: Pelnas | T3: % | U3: Mokesčiai
B4: Įnešta | C4: Mėn. Inv. | D4: Viso Inv. | E4: Mėnesio | F4: Viso | G4: Kaina | H4: Vertė gale | I4: Pelnas | J4: % | K4: Pirkimas | L4: Pardavimas | U4: Pirkimas | V4: Pardavimas
A5: =#REF! -> #REF! | B5: =#REF! -> #REF! | C5: =#REF! -> #REF! | D5: =C5 -> #REF! | E5: =#REF! -> #REF! | F5: =E5 -> #REF! | G5: 139.58 | H5: =F5*G5 -> #REF! | I5: =H5-D5 -> #REF! | J5: =(H5-D5)*100/D5 -> #REF! | K5: =#REF! -> #REF! | L5: =#REF! -> #REF! | M5: =#REF! -> #REF! | O5: Viso: | P5: =SUM(B5:B45) -> #REF! | Q5: =SUM(E5:E45) -> #REF! | R5: =#REF!-#REF! -> #REF! | S5: =R5-P5 -> #REF! | T5: =(R5-P5)/P5 -> #REF! | U5: =SUM(K5:K8) -> #REF! | V5: =SUM(L5:L8) -> #REF!
A6: =#REF! -> #REF! | B6: =#REF! -> #REF! | C6: =#REF! -> #REF! | D6: =D5+C6 -> #REF! | E6: =#REF! -> #REF! | F6: =F5+E6 -> #REF! | G6: 148.81 | H6: =F6*G6 -> #REF! | I6: =H6-D6 -> #REF! | J6: =(H6-D6)*100/D6 -> #REF! | K6: =#REF! -> #REF! | L6: =#REF! -> #REF! | M6: =#REF! -> #REF!
A7: =#REF! -> #REF! | B7: =#REF! -> #REF! | C7: =#REF! -> #REF! | D7: =D6+C7 -> #REF! | E7: =#REF! -> #REF! | F7: =F6+E7 -> #REF! | G7: 160.88 | H7: =F7*G7 -> #REF! | I7: =H7-D7 -> #REF! | J7: =(H7-D7)*100/D7 -> #REF! | K7: =#REF! -> #REF! | L7: =#REF! -> #REF! | M7: =#REF! -> #REF!
A8: =#REF! -> #REF! | B8: =#REF! -> #REF! | C8: =#REF! -> #REF! | D8: =D7+C8 -> #REF! | E8: =#REF! -> #REF! | F8: =F7+E8 -> #REF! | G8: 155.77 | H8: =F8*G8 -> #REF! | I8: =H8-D8 -> #REF! | J8: =(H8-D8)*100/D8 -> #REF! | K8: =#REF! -> #REF! | L8: =#REF! -> #REF! | M8: =#REF! -> #REF!

Sheet WEBN
A1: WEBN Amundi Prime ACWI Acc UCITS ETF
A3: Data | B3: Suma, EUR | E3: Kiekis | G3: Mėnesio gale | K3: Mokesčiai | M3: Dividendai | O3: WEBN | P3: Įnešta | Q3: Kiekis | R3: Parduota | S3: Pelnas | V3: Mokesčiai | X3: Dividendai | Y3: Vid. Kaina | AC3: Suma | AD3: Kaina | AE3: Kiekis | AF3: Pirkimas/pardavimas
B4: Įnešta | C4: Mėn. Inv. | D4: Viso Inv. | E4: Mėnesio | F4: Viso | G4: Kaina | H4: Vertė gale | I4: Pelnas | J4: % | K4: Pirkimas | L4: Pardavimas | S4: Eur. | T4: % | U4: XIRR | V4: Pirkimas | W4: Pardavimas | AF4: Data | AG4: Suma
A5: ='2026.01'!Q2 -> 2026.01 | B5: ='2026.01'!B15 -> 100 | C5: ='2026.01'!C15 -> 100 | D5: =C5 -> 100 | E5: ='2026.01'!F15 -> 8.7351502 | F5: =E5 -> 8.7351502 | G5: 11.34 | H5: =F5*G5 -> 99.056604 | I5: =H5-D5 -> -0.94339628 | J5: =(H5-D5)/D5 -> -0.0094339628 | K5: ='2026.01'!D15 -> 0 | L5: ='2026.01'!J15 -> 0 | M5: ='2026.01'!O15 -> 0 | O5: Viso: | P5: =SUM(B5:B200) -> 900 | Q5: =SUM(E5:E200) -> 74.701296 | R5: 0 | S5: =R5-P5+X5 -> -900 | T5: =(R5-P5+X5)/P5 -> -1 | U5: =XIRR(AG5:AG200,AF5:AF200) -> 0.2325846 | V5: =SUM(K5:K200) -> 0 | W5: =SUM(L5:L200) -> 0 | X5: =SUM(M5:M200) -> 0 | Y5: {=SUMPRODUCT(IFERROR(AD5:AD200,0),IFERROR(AE5:AE200,0))/SUM(IFERROR(AE5:AE200,0))} -> 12.047984 | AC5: ='2026.01'!$C$19 -> 100 | AD5: ='2026.01'!$E$19 -> 11.448 | AE5: ='2026.01'!$F$19 -> 8.7351502 | AF5: ='2026.01'!$A$15 -> 46041 | AG5: ='2026.01'!$B$15*-1 -> -100
A6: ='2026.02'!Q2 -> 2026.02 | B6: ='2026.02'!B15 -> 100 | C6: ='2026.02'!C15 -> 100 | D6: =C6+D5 -> 200 | E6: ='2026.02'!F15 -> 8.7032202 | F6: =E6+F5 -> 17.43837 | G6: 11.53 | H6: =F6*G6 -> 201.06441 | I6: =H6-D6 -> 1.0644111 | J6: =(H6-D6)/D6 -> 0.0053220553 | K6: ='2026.02'!D15 -> 0 | L6: ='2026.02'!J15 -> 0 | M6: ='2026.02'!O15 -> 0 | AC6: ='2026.02'!$C$19 -> 100 | AD6: ='2026.02'!$E$19 -> 11.49 | AE6: ='2026.02'!$F$19 -> 8.7032202 | AF6: ='2026.02'!$A$15 -> 46072 | AG6: ='2026.02'!$B$15*-1 -> -100
A7: ='2026.03'!Q2 -> 2026.03 | B7: ='2026.03'!B15 -> 100 | C7: ='2026.03'!C15 -> 100 | D7: =C7+D6 -> 300 | E7: ='2026.03'!F15 -> 9.007386 | F7: =E7+F6 -> 26.445756 | G7: 11.05 | H7: =F7*G7 -> 292.22561 | I7: =H7-D7 -> -7.7743909 | J7: =(H7-D7)/D7 -> -0.025914636 | K7: ='2026.03'!D15 -> 0 | L7: ='2026.03'!J15 -> 0 | M7: ='2026.03'!O15 -> 0 | AC7: ='2026.03'!$C$19 -> 100 | AD7: ='2026.03'!$E$19 -> 11.102 | AE7: ='2026.03'!$F$19 -> 9.007386 | AF7: ='2026.03'!$A$15 -> 46101 | AG7: ='2026.03'!$B$15*-1 -> -100
A8: ='2026.04'!$Q$2 -> 2026.04 | B8: ='2026.04'!$B$15 -> 100 | C8: ='2026.04'!$C$15 -> 100 | D8: =C8+D7 -> 400 | E8: ='2026.04'!$F$15 -> 8.6236633 | F8: =E8+F7 -> 35.06942 | G8: 11.92 | H8: =F8*G8 -> 418.02748 | I8: =H8-D8 -> 18.027484 | J8: =(H8-D8)/D8 -> 0.04506871 | K8: ='2026.04'!$D$15 -> 0 | L8: ='2026.04'!$J$15 -> 0 | M8: ='2026.04'!$O$15 -> 0 | AC8: ='2026.04'!$C$19 -> 100 | AD8: ='2026.04'!$E$19 -> 11.596 | AE8: ='2026.04'!$F$19 -> 8.6236633 | AF8: ='2026.04'!$A$15 -> 46131 | AG8: ='2026.04'!$B$15*-1 -> -100
A9: ='2026.05'!$Q$2 -> 2026.05 | B9: ='2026.05'!$B$15 -> 100 | C9: ='2026.05'!$C$15 -> 100 | D9: =C9+D8 -> 500 | E9: ='2026.05'!$F$15 -> 8.1859856 | F9: =E9+F8 -> 43.255405 | G9: 12.584 | H9: =F9*G9 -> 544.32602 | I9: =H9-D9 -> 44.326022 | J9: =(H9-D9)/D9 -> 0.088652043 | K9: ='2026.05'!$D$15 -> 0 | L9: ='2026.05'!$J$15 -> 0 | M9: ='2026.05'!$O$15 -> 0 | AC9: ='2026.05'!$C$19 -> 100 | AD9: ='2026.05'!$E$19 -> 12.216 | AE9: ='2026.05'!$F$19 -> 8.1859856 | AF9: ='2026.05'!$A$15 -> 46161 | AG9: ='2026.05'!$B$15*-1 -> -100
A10: ='2026.06'!$Q$2 -> 2026.06 | B10: ='2026.06'!$B$15 -> 100 | C10: ='2026.06'!$C$15 -> 100 | D10: =C10+D9 -> 600 | E10: ='2026.06'!$F$15 -> 8.0554213 | F10: =E10+F9 -> 51.310827 | G10: 12.78 | H10: =F10*G10 -> 655.75237 | I10: =H10-D10 -> 55.752365 | J10: =(H10-D10)/D10 -> 0.092920608 | K10: ='2026.06'!$D$15 -> 0 | L10: ='2026.06'!$J$15 -> 0 | M10: ='2026.06'!$O$15 -> 0 | AC10: ='2026.06'!$C$19 -> 100 | AD10: ='2026.06'!$E$19 -> 12.414 | AE10: ='2026.06'!$F$19 -> 8.0554213 | AF10: ='2026.06'!$A$15 -> 46180 | AG10: ='2026.06'!$B$15*-1 -> -100
A11: ='2026.07'!$Q$2 -> 2026.07 | B11: ='2026.07'!$B$15 -> 100 | C11: ='2026.07'!$C$15 -> 100 | D11: =C11+D10 -> 700 | E11: ='2026.07'!$F$15 -> 7.8382191 | F11: =E11+F10 -> 59.149046 | G11: 12.592 | H11: =F11*G11 -> 744.80479 | I11: =H11-D11 -> 44.804785 | J11: =(H11-D11)/D11 -> 0.064006836 | K11: ='2026.07'!$D$15 -> 0 | L11: ='2026.07'!$J$15 -> 0 | M11: ='2026.07'!$O$15 -> 0 | AC11: ='2026.07'!$C$19 -> 100 | AD11: ='2026.07'!$E$19 -> 12.758 | AE11: ='2026.07'!$F$19 -> 7.8382191 | AF11: ='2026.07'!$A$15 -> 46218 | AG11: ='2026.07'!$B$15*-1 -> -100
A12: ='2026.08'!$Q$2 -> 2026.08 | B12: ='2026.08'!$B$15 -> 100 | C12: ='2026.08'!$C$15 -> 100 | D12: =C12+D11 -> 800 | E12: ='2026.08'!$F$15 -> 7.751938 | F12: =E12+F11 -> 66.900984 | G12: 12.86 | H12: =F12*G12 -> 860.34665 | I12: =H12-D12 -> 60.346652 | J12: =(H12-D12)/D12 -> 0.075433315 | K12: ='2026.08'!$D$15 -> 0 | L12: ='2026.08'!$J$15 -> 0 | M12: ='2026.08'!$O$15 -> 0 | AC12: ='2026.08'!$C$19 -> 100 | AD12: ='2026.08'!$E$19 -> 12.9 | AE12: ='2026.08'!$F$19 -> 7.751938 | AF12: ='2026.08'!$A$15 -> 46252 | AG12: ='2026.08'!$B$15*-1 -> -100
A13: ='2026.09'!$Q$2 -> 2026.09 | B13: ='2026.09'!$B$15 -> 100 | C13: ='2026.09'!$C$15 -> 100 | D13: =C13+D12 -> 900 | E13: ='2026.09'!$F$15 -> 7.800312 | F13: =E13+F12 -> 74.701296 | G13: 13.044 | H13: =F13*G13 -> 974.4037 | I13: =H13-D13 -> 74.403703 | J13: =(H13-D13)/D13 -> 0.082670781 | K13: ='2026.09'!$D$15 -> 0 | L13: ='2026.09'!$J$15 -> 0 | M13: ='2026.09'!$O$15 -> 0 | AC13: ='2026.09'!$C$19 -> 100 | AD13: ='2026.09'!$E$19 -> 12.82 | AE13: ='2026.09'!$F$19 -> 7.800312 | AF13: ='2026.09'!$A$15 -> 46275 | AG13: ='2026.09'!$B$15*-1 -> -100
AF200: =TODAY() -> 46296 | AG200: {=LOOKUP(2,1/(H:H>0),H:H)} -> 974.4037

Sheet 2026.09
Q2: 2026.09
Q3: Įnešta | R3: Išvesta | S3: Investuota | T3: Parduota | U3: Mokesčiai | W3: Dividendai | X3: Gryni
U4: Pirkimas | V4: Pardavimas
Q5: 100 | R5: 0 | S5: =(C19+C29+C39+C49+C59+C69+C79+C89+C99+C109) -> 100 | T5: =(I19+I29+I39+I49+I59+I69+I79+I89+I99+I109)-V5 -> 0 | U5: =D19+D29+D39+D49+D59+D69+D79+D89+D99+D109 -> 0 | V5: =J19+J29+J39+J49+J59+J69+J79+J89+J99+J109 -> 0 | W5: =O19+O29+O39+O49+O59+O69+O79+O89+O99+O109 -> 0 | X5: =Q5-S5-U5 -> 0
A12: WEBN Amundi Prime ACWI Acc UCITS ETF
A13: Pirkimas | H13: Pardavimas | N13: Dividendai
A14: Data | B14: Suma, EUR | C14: Invest. | D14: Mokestis | E14: Kaina | F14: Kiekis | H14: Data | I14: Suma,EUR | J14: Mokestis | K14: Kaina | L14: Kiekis | N14: Data | O14: Suma,EUR
A15: 46275 | B15: 100 | C15: 100 | D15: 0 | E15: =C15/F15 -> 12.82 | F15: 7.800312
A19: Viso: | B19: =SUM(B15:B18) -> 100 | C19: =SUM(C15:C18) -> 100 | D19: =SUM(D15:D18) -> 0 | E19: =IF(B19>0,SUMPRODUCT(E15:E18,F15:F18)/SUM(F15:F18),"0.00") -> 12.82 | F19: =SUM(F15:F18) -> 7.800312 | H19: Viso: | I19: =SUM(I15:I18) -> 0 | J19: =SUM(J15:J18) -> 0 | L19: =SUM(L15:L18) -> 0 | N19: Viso: | O19: =SUM(O15:O18) -> 0

Sheet 2026.08
Q2: 2026.08
Q3: Įnešta | R3: Išvesta | S3: Investuota | T3: Parduota | U3: Mokesčiai | W3: Dividendai | X3: Gryni
U4: Pirkimas | V4: Pardavimas
Q5: 100 | R5: 0 | S5: =(C19+C29+C39+C49+C59+C69+C79+C89+C99+C109) -> 100 | T5: =(I19+I29+I39+I49+I59+I69+I79+I89+I99+I109)-V5 -> 0 | U5: =D19+D29+D39+D49+D59+D69+D79+D89+D99+D109 -> 0 | V5: =J19+J29+J39+J49+J59+J69+J79+J89+J99+J109 -> 0 | W5: =O19+O29+O39+O49+O59+O69+O79+O89+O99+O109 -> 0 | X5: =Q5-S5-U5 -> 0
A12: WEBN Amundi Prime ACWI Acc UCITS ETF
A13: Pirkimas | H13: Pardavimas | N13: Dividendai
A14: Data | B14: Suma, EUR | C14: Invest. | D14: Mokestis | E14: Kaina | F14: Kiekis | H14: Data | I14: Suma,EUR | J14: Mokestis | K14: Kaina | L14: Kiekis | N14: Data | O14: Suma,EUR
A15: 46252 | B15: 100 | C15: 100 | D15: 0 | E15: =C15/F15 -> 12.9 | F15: 7.751938
A19: Viso: | B19: =SUM(B15:B18) -> 100 | C19: =SUM(C15:C18) -> 100 | D19: =SUM(D15:D18) -> 0 | E19: =IF(B19>0,SUMPRODUCT(E15:E18,F15:F18)/SUM(F15:F18),"0.00") -> 12.9 | F19: =SUM(F15:F18) -> 7.751938 | H19: Viso: | I19: =SUM(I15:I18) -> 0 | J19: =SUM(J15:J18) -> 0 | L19: =SUM(L15:L18) -> 0 | N19: Viso: | O19: =SUM(O15:O18) -> 0

Sheet 2026.07
Q2: 2026.07
Q3: Įnešta | R3: Išvesta | S3: Investuota | T3: Parduota | U3: Mokesčiai | W3: Dividendai | X3: Gryni
U4: Pirkimas | V4: Pardavimas
Q5: 100 | R5: 0 | S5: =(C19+C29+C39+C49+C59+C69+C79+C89+C99+C109) -> 100 | T5: =(I19+I29+I39+I49+I59+I69+I79+I89+I99+I109)-V5 -> 0 | U5: =D19+D29+D39+D49+D59+D69+D79+D89+D99+D109 -> 0 | V5: =J19+J29+J39+J49+J59+J69+J79+J89+J99+J109 -> 0 | W5: =O19+O29+O39+O49+O59+O69+O79+O89+O99+O109 -> 0 | X5: =Q5-S5-U5 -> 0
A12: WEBN Amundi Prime ACWI Acc UCITS ETF
A13: Pirkimas | H13: Pardavimas | N13: Dividendai
A14: Data | B14: Suma, EUR | C14: Invest. | D14: Mokestis | E14: Kaina | F14: Kiekis | H14: Data | I14: Suma,EUR | J14: Mokestis | K14: Kaina | L14: Kiekis | N14: Data | O14: Suma,EUR
A15: 46218 | B15: 100 | C15: 100 | D15: 0 | E15: =C15/F15 -> 12.758 | F15: 7.8382191
A19: Viso: | B19: =SUM(B15:B18) -> 100 | C19: =SUM(C15:C18) -> 100 | D19: =SUM(D15:D18) -> 0 | E19: =IF(B19>0,SUMPRODUCT(E15:E18,F15:F18)/SUM(F15:F18),"0.00") -> 12.758 | F19: =SUM(F15:F18) -> 7.8382191 | H19: Viso: | I19: =SUM(I15:I18) -> 0 | J19: =SUM(J15:J18) -> 0 | L19: =SUM(L15:L18) -> 0 | N19: Viso: | O19: =SUM(O15:O18) -> 0

Sheet 2026.06
Q2: 2026.06
Q3: Įnešta | R3: Išvesta | S3: Investuota | T3: Parduota | U3: Mokesčiai | W3: Dividendai | X3: Gryni
U4: Pirkimas | V4: Pardavimas
Q5: 100 | R5: 0 | S5: =(C19+C29+C39+C49+C59+C69+C79+C89+C99+C109) -> 100 | T5: =(I19+I29+I39+I49+I59+I69+I79+I89+I99+I109)-V5 -> 0 | U5: =D19+D29+D39+D49+D59+D69+D79+D89+D99+D109 -> 0 | V5: =J19+J29+J39+J49+J59+J69+J79+J89+J99+J109 -> 0 | W5: =O19+O29+O39+O49+O59+O69+O79+O89+O99+O109 -> 0 | X5: =Q5-S5-U5 -> 0
A12: WEBN Amundi Prime ACWI Acc UCITS ETF
A13: Pirkimas | H13: Pardavimas | N13: Dividendai
A14: Data | B14: Suma, EUR | C14: Invest. | D14: Mokestis | E14: Kaina | F14: Kiekis | H14: Data | I14: Suma,EUR | J14: Mokestis | K14: Kaina | L14: Kiekis | N14: Data | O14: Suma,EUR
A15: 46180 | B15: 100 | C15: 100 | D15: 0 | E15: =C15/F15 -> 12.414 | F15: 8.0554213
A19: Viso: | B19: =SUM(B15:B18) -> 100 | C19: =SUM(C15:C18) -> 100 | D19: =SUM(D15:D18) -> 0 | E19: =IF(B19>0,SUMPRODUCT(E15:E18,F15:F18)/SUM(F15:F18),"0.00") -> 12.414 | F19: =SUM(F15:F18) -> 8.0554213 | H19: Viso: | I19: =SUM(I15:I18) -> 0 | J19: =SUM(J15:J18) -> 0 | L19: =SUM(L15:L18) -> 0 | N19: Viso: | O19: =SUM(O15:O18) -> 0

Sheet 2026.05
Q2: 2026.05
Q3: Įnešta | R3: Išvesta | S3: Investuota | T3: Parduota | U3: Mokesčiai | W3: Dividendai | X3: Gryni
U4: Pirkimas | V4: Pardavimas
Q5: 100 | R5: 0 | S5: =(C19+C29+C39+C49+C59+C69+C79+C89+C99+C109) -> 100 | T5: =(I19+I29+I39+I49+I59+I69+I79+I89+I99+I109)-V5 -> 0 | U5: =D19+D29+D39+D49+D59+D69+D79+D89+D99+D109 -> 0 | V5: =J19+J29+J39+J49+J59+J69+J79+J89+J99+J109 -> 0 | W5: =O19+O29+O39+O49+O59+O69+O79+O89+O99+O109 -> 0 | X5: =Q5-S5-U5 -> 0
A12: WEBN Amundi Prime ACWI Acc UCITS ETF
A13: Pirkimas | H13: Pardavimas | N13: Dividendai
A14: Data | B14: Suma, EUR | C14: Invest. | D14: Mokestis | E14: Kaina | F14: Kiekis | H14: Data | I14: Suma,EUR | J14: Mokestis | K14: Kaina | L14: Kiekis | N14: Data | O14: Suma,EUR
A15: 46161 | B15: 100 | C15: 100 | D15: 0 | E15: =C15/F15 -> 12.216 | F15: 8.1859856
A19: Viso: | B19: =SUM(B15:B18) -> 100 | C19: =SUM(C15:C18) -> 100 | D19: =SUM(D15:D18) -> 0 | E19: =IF(B19>0,SUMPRODUCT(E15:E18,F15:F18)/SUM(F15:F18),"0.00") -> 12.216 | F19: =SUM(F15:F18) -> 8.1859856 | H19: Viso: | I19: =SUM(I15:I18) -> 0 | J19: =SUM(J15:J18) -> 0 | L19: =SUM(L15:L18) -> 0 | N19: Viso: | O19: =SUM(O15:O18) -> 0

Sheet 2026.04
Q2: 2026.04
Q3: Įnešta | R3: Išvesta | S3: Investuota | T3: Parduota | U3: Mokesčiai | W3: Dividendai | X3: Gryni
U4: Pirkimas | V4: Pardavimas
Q5: 100 | R5: 0 | S5: =(C19+C29+C39+C49+C59+C69+C79+C89+C99+C109) -> 100 | T5: =(I19+I29+I39+I49+I59+I69+I79+I89+I99+I109)-V5 -> 0 | U5: =D19+D29+D39+D49+D59+D69+D79+D89+D99+D109 -> 0 | V5: =J19+J29+J39+J49+J59+J69+J79+J89+J99+J109 -> 0 | W5: =O19+O29+O39+O49+O59+O69+O79+O89+O99+O109 -> 0 | X5: =Q5-S5-U5 -> 0
A12: WEBN Amundi Prime ACWI Acc UCITS ETF
A13: Pirkimas | H13: Pardavimas | N13: Dividendai
A14: Data | B14: Suma, EUR | C14: Invest. | D14: Mokestis | E14: Kaina | F14: Kiekis | H14: Data | I14: Suma,EUR | J14: Mokestis | K14: Kaina | L14: Kiekis | N14: Data | O14: Suma,EUR
A15: 46131 | B15: 100 | C15: 100 | D15: 0 | E15: =C15/F15 -> 11.596 | F15: 8.6236633
A19: Viso: | B19: =SUM(B15:B18) -> 100 | C19: =SUM(C15:C18) -> 100 | D19: =SUM(D15:D18) -> 0 | E19: =IF(B19>0,SUMPRODUCT(E15:E18,F15:F18)/SUM(F15:F18),"0.00") -> 11.596 | F19: =SUM(F15:F18) -> 8.6236633 | H19: Viso: | I19: =SUM(I15:I18) -> 0 | J19: =SUM(J15:J18) -> 0 | L19: =SUM(L15:L18) -> 0 | N19: Viso: | O19: =SUM(O15:O18) -> 0

Sheet 2026.03
Q2: 2026.03
Q3: Įnešta | R3: Išvesta | S3: Investuota | T3: Parduota | U3: Mokesčiai | W3: Dividendai | X3: Gryni
U4: Pirkimas | V4: Pardavimas
Q5: 100 | R5: 0 | S5: =(C19+C29+C39+C49+C59+C69+C79+C89+C99+C109) -> 100 | T5: =(I19+I29+I39+I49+I59+I69+I79+I89+I99+I109)-V5 -> 0 | U5: =D19+D29+D39+D49+D59+D69+D79+D89+D99+D109 -> 0 | V5: =J19+J29+J39+J49+J59+J69+J79+J89+J99+J109 -> 0 | W5: =O19+O29+O39+O49+O59+O69+O79+O89+O99+O109 -> 0 | X5: =Q5-S5-U5 -> 0
A12: WEBN Amundi Prime ACWI Acc UCITS ETF
A13: Pirkimas | H13: Pardavimas | N13: Dividendai
A14: Data | B14: Suma, EUR | C14: Invest. | D14: Mokestis | E14: Kaina | F14: Kiekis | H14: Data | I14: Suma,EUR | J14: Mokestis | K14: Kaina | L14: Kiekis | N14: Data | O14: Suma,EUR
A15: 46101 | B15: 100 | C15: 100 | D15: 0 | E15: =C15/F15 -> 11.102 | F15: 9.007386
A19: Viso: | B19: =SUM(B15:B18) -> 100 | C19: =SUM(C15:C18) -> 100 | D19: =SUM(D15:D18) -> 0 | E19: =IF(B19>0,SUMPRODUCT(E15:E18,F15:F18)/SUM(F15:F18),"0.00") -> 11.102 | F19: =SUM(F15:F18) -> 9.007386 | H19: Viso: | I19: =SUM(I15:I18) -> 0 | J19: =SUM(J15:J18) -> 0 | L19: =SUM(L15:L18) -> 0 | N19: Viso: | O19: =SUM(O15:O18) -> 0

Sheet 2026.02
Q2: 2026.02
Q3: Įnešta | R3: Išvesta | S3: Investuota | T3: Parduota | U3: Mokesčiai | W3: Dividendai | X3: Gryni
U4: Pirkimas | V4: Pardavimas
Q5: 100 | R5: 0 | S5: =(C19+C29+C39+C49+C59+C69+C79+C89+C99+C109) -> 100 | T5: =(I19+I29+I39+I49+I59+I69+I79+I89+I99+I109)-V5 -> 0 | U5: =D19+D29+D39+D49+D59+D69+D79+D89+D99+D109 -> 0 | V5: =J19+J29+J39+J49+J59+J69+J79+J89+J99+J109 -> 0 | W5: =O19+O29+O39+O49+O59+O69+O79+O89+O99+O109 -> 0 | X5: =Q5-S5-U5 -> 0
A12: WEBN Amundi Prime ACWI Acc UCITS ETF
A13: Pirkimas | H13: Pardavimas | N13: Dividendai
A14: Data | B14: Suma, EUR | C14: Invest. | D14: Mokestis | E14: Kaina | F14: Kiekis | H14: Data | I14: Suma,EUR | J14: Mokestis | K14: Kaina | L14: Kiekis | N14: Data | O14: Suma,EUR
A15: 46072 | B15: 100 | C15: 100 | D15: 0 | E15: =C15/F15 -> 11.49 | F15: 8.7032202
A19: Viso: | B19: =SUM(B15:B18) -> 100 | C19: =SUM(C15:C18) -> 100 | D19: =SUM(D15:D18) -> 0 | E19: =IF(B19>0,SUMPRODUCT(E15:E18,F15:F18)/SUM(F15:F18),"0.00") -> 11.49 | F19: =SUM(F15:F18) -> 8.7032202 | H19: Viso: | I19: =SUM(I15:I18) -> 0 | J19: =SUM(J15:J18) -> 0 | L19: =SUM(L15:L18) -> 0 | N19: Viso: | O19: =SUM(O15:O18) -> 0

Sheet 2026.01
Q2: 2026.01
Q3: Įnešta | R3: Išvesta | S3: Investuota | T3: Parduota | U3: Mokesčiai | W3: Dividendai | X3: Gryni
U4: Pirkimas | V4: Pardavimas
Q5: 100 | R5: 0 | S5: =(C19+C29+C39+C49+C59+C69+C79+C89+C99+C109) -> 100 | T5: =(I19+I29+I39+I49+I59+I69+I79+I89+I99+I109)-V5 -> 0 | U5: =D19+D29+D39+D49+D59+D69+D79+D89+D99+D109 -> 0 | V5: =J19+J29+J39+J49+J59+J69+J79+J89+J99+J109 -> 0 | W5: =O19+O29+O39+O49+O59+O69+O79+O89+O99+O109 -> 0 | X5: =Q5-S5-U5 -> 0
A12: WEBN Amundi Prime ACWI Acc UCITS ETF
A13: Pirkimas | H13: Pardavimas | N13: Dividendai
A14: Data | B14: Suma, EUR | C14: Invest. | D14: Mokestis | E14: Kaina | F14: Kiekis | H14: Data | I14: Suma,EUR | J14: Mokestis | K14: Kaina | L14: Kiekis | N14: Data | O14: Suma,EUR
A15: 46041 | B15: 100 | C15: 100 | D15: 0 | E15: =C15/F15 -> 11.448 | F15: 8.7351502
A19: Viso: | B19: =SUM(B15:B18) -> 100 | C19: =SUM(C15:C18) -> 100 | D19: =SUM(D15:D18) -> 0 | E19: =IF(B19>0,SUMPRODUCT(E15:E18,F15:F18)/SUM(F15:F18),"0.00") -> 11.448 | F19: =SUM(F15:F18) -> 8.7351502 | H19: Viso: | I19: =SUM(I15:I18) -> 0 | J19: =SUM(J15:J18) -> 0 | L19: =SUM(L15:L18) -> 0 | N19: Viso: | O19: =SUM(O15:O18) -> 0
