Workbook

Sheet Apžvalga
A1: Data | B1: Viso: | D1: Mėnesio gale | AL1: Dividendai | AM1: Mokestis
B2: Inešta | C2: Investuota | D2: Gryni | E2: XDWI | F2: WELK | G2: PRAR | H2: LKOR | I2: QDV7 | J2: AMEL | K2: 79U0 | L2: LYTR | M2: PRAJ | N2: LEMA | O2: AEYH | P2: EMBH | Q2: LYMS | R2: EBUY | S2: TRDE | T2: PRAC | U2: LYP6 | V2: UBUD | W2: 2B72 | X2: LYP5 | Y2: LGQK | Z2: XDWT | AA2: IS3K | AB2: QDVY | AC2: IBCD | AD2: IS3Q | AE2: IUSU | AF2: EXI2 | AG2: DBXJ | AH2: Viso | AI2: Vertė | AJ2: Pelnas | AK2: %
A3: ='2024.02'!A1 -> 2024.02 | B3: ='2024.02'!B9 -> 100 | C3: ='2024.02'!C9 -> 98 | D3: =Cash!B2 -> 2 | E3: 0 | F3: 0 | G3: 0 | H3: 0 | I3: 0 | J3: 0 | K3: 0 | L3: 0 | M3: 0 | N3: 0 | O3: 0 | P3: 0 | Q3: 0 | R3: 0 | S3: 0 | T3: 0 | U3: 0 | V3: 0 | W3: 0 | X3: 0 | Y3: 0 | Z3: =XDWT!G5 -> 9.9699821 | AA3: =IS3K!G5 -> 15.089491 | AB3: =QDVY!G5 -> 12.117869 | AC3: =IBCD!G5 -> 10.979773 | AD3: =IS3Q!G5 -> 19.938859 | AE3: =IUSU!G5 -> 10.030405 | AF3: ='EXI2'!G5 -> 14.890466 | AG3: =DBXJ!G5 -> 5.0200898 | AH3: =SUM(Z3:AG3) -> 98.036936 | AI3: =AH3+D3 -> 100.03694 | AJ3: =AI3-B3 -> 0.036935575 | AK3: =AJ3/B3 -> 0.00036935575 | AL3: ='2024.02'!E9 -> 0 | AM3: ='2024.02'!F9 -> 0
A4: ='2024.03'!A1 -> 2024.03 | B4: =B3+'2024.03'!B9 -> 100 | C4: =C3+'2024.03'!$C$9-'2024.03'!$C$9+'2024.03'!$C$9 -> 98 | D4: =Cash!B3 -> 1.95 | E4: 0 | F4: 0 | G4: 0 | H4: 0 | I4: 0 | J4: 0 | K4: 0 | L4: 0 | M4: 0 | N4: 0 | O4: 0 | P4: 0 | Q4: 0 | R4: 0 | S4: 0 | T4: 0 | U4: 0 | V4: 0 | W4: 0 | X4: 0 | Y4: 0 | Z4: =XDWT!G6 -> 10.200573 | AA4: =IS3K!G6 -> 15.089491 | AB4: =QDVY!G6 -> 12.194242 | AC4: =IBCD!G6 -> 11.080088 | AD4: =IS3Q!G6 -> 20.570652 | AE4: =IUSU!G6 -> 9.869973 | AF4: ='EXI2'!G6 -> 15.389452 | AG4: =DBXJ!G6 -> 5.1897103 | AH4: =SUM(Z4:AG4) -> 99.584181 | AI4: =AH4+D4 -> 101.53418 | AJ4: =AI4-B4 -> 1.5341814 | AK4: =AJ4/B4 -> 0.015341814 | AL4: ='2024.03'!E9 -> 0.01 | AM4: ='2024.03'!F9 -> 0.06
A5: ='2024.04'!A1 -> 2024.04 | B5: =B4+'2024.04'!B9 -> 100 | C5: =C4+'2024.04'!C9 -> 98 | D5: =Cash!B4 -> 2.23 | E5: 0 | F5: 0 | G5: 0 | H5: 0 | I5: 0 | J5: 0 | K5: 0 | L5: 0 | M5: 0 | N5: 0 | O5: 0 | P5: 0 | Q5: 0 | R5: 0 | S5: 0 | T5: 0 | U5: 0 | V5: 0 | W5: 0 | X5: 0 | Y5: 0 | Z5: =XDWT!G7 -> 9.7898757 | AA5: =IS3K!G7 -> 15.340421 | AB5: =QDVY!G7 -> 12.168785 | AC5: =IBCD!G7 -> 10.789642 | AD5: =IS3Q!G7 -> 20.01019 | AE5: =IUSU!G7 -> 9.9299241 | AF5: ='EXI2'!G7 -> 15.129817 | AG5: =DBXJ!G7 -> 4.9698821 | AH5: =SUM(Z5:AG5) -> 98.128537 | AI5: =AH5+D5 -> 100.35854 | AJ5: =AI5-B5 -> 0.35853669 | AK5: =AJ5/B5 -> 0.0035853669 | AL5: ='2024.04'!E9 -> 0.33 | AM5: ='2024.04'!F9 -> 0.05
A6: ='2024.05'!A1 -> 2024.05 | B6: =B5+'2024.05'!B9 -> 100 | C6: =C5+'2024.05'!C9 -> 98 | D6: =Cash!B5 -> 2.19 | E6: 0 | F6: 0 | G6: 0 | H6: 0 | I6: 0 | J6: 0 | K6: 0 | L6: 0 | M6: 0 | N6: 0 | O6: 0 | P6: 0 | Q6: 0 | R6: 0 | S6: 0 | T6: 0 | U6: 0 | V6: 0 | W6: 0 | X6: 0 | Y6: 0 | Z6: =XDWT!G8 -> 10.230591 | AA6: =IS3K!G8 -> 15.209338 | AB6: =QDVY!G8 -> 11.710546 | AC6: =IBCD!G8 -> 10.909786 | AD6: =IS3Q!G8 -> 20.591032 | AE6: =IUSU!G8 -> 9.8497079 | AF6: ='EXI2'!G8 -> 15.470588 | AG6: =DBXJ!G8 -> 4.9800593 | AH6: =SUM(Z6:AG6) -> 98.951648 | AI6: =AH6+D6 -> 101.14165 | AJ6: =AI6-B6 -> 1.1416485 | AK6: =AJ6/B6 -> 0.011416485 | AL6: ='2024.05'!E9 -> 0 | AM6: ='2024.05'!F9 -> 0.04
A7: ='2024.06'!A1 -> 2024.06 | B7: =B6+'2024.06'!B9 -> 100 | C7: =C6+'2024.06'!C9 -> 98 | D7: =Cash!B6 -> 3 | E7: 0 | F7: 0 | G7: 0 | H7: 0 | I7: 0 | J7: 0 | K7: 0 | L7: 0 | M7: 0 | N7: 0 | O7: 0 | P7: 0 | Q7: 0 | R7: 0 | S7: 0 | T7: 0 | U7: 0 | V7: 0 | W7: 0 | X7: 0 | Y7: 0 | Z7: =XDWT!G9 -> 11.499522 | AA7: =IS3K!G9 -> 15.05953 | AB7: =QDVY!G9 -> 11.88875 | AC7: =IBCD!G9 -> 11.02993 | AD7: =IS3Q!G9 -> 21.480978 | AE7: =IUSU!G9 -> 10.049826 | AF7: ='EXI2'!G9 -> 16.819472 | AG7: =DBXJ!G9 -> 5.0397658 | AH7: =SUM(Z7:AG7) -> 102.86777 | AI7: =AH7+D7 -> 105.86777 | AJ7: =AI7-B7 -> 5.8677742 | AK7: =AJ7/B7 -> 0.058677742 | AL7: ='2024.06'!E9 -> 0.86 | AM7: ='2024.06'!F9 -> 0.05
A8: ='2024.07'!A1 -> 2024.07 | B8: =B7+'2024.07'!B9 -> 100 | C8: =C7+'2024.07'!C9 -> 98.93 | D8: =Cash!B7 -> 2.15 | E8: 0 | F8: 0 | G8: 0 | H8: 0 | I8: 0 | J8: 0 | K8: 0 | L8: 0 | M8: 0 | N8: 0 | O8: 0 | P8: 0 | Q8: 0 | R8: 0 | S8: 0 | T8: 0 | U8: 0 | V8: 0 | W8: 0 | X8: 0 | Y8: 0 | Z8: =XDWT!G10 -> 11.080638 | AA8: =IS3K!G10 -> 15.079411 | AB8: =QDVY!G10 -> 12.839783 | AC8: =IBCD!G10 -> 11.130245 | AD8: =IS3Q!G10 -> 21.379076 | AE8: =IUSU!G10 -> 10.039694 | AF8: ='EXI2'!G10 -> 16.519269 | AG8: =DBXJ!G10 -> 5.1998876 | AH8: =SUM(Z8:AG8) -> 103.268 | AI8: =AH8+D8 -> 105.418 | AJ8: =AI8-B8 -> 5.4180032 | AK8: =AJ8/B8 -> 0.054180032 | AL8: ='2024.07'!E9 -> 0.13 | AM8: ='2024.07'!F9 -> 0.05
A9: ='2024.08'!A1 -> 2024.08 | B9: =B8+'2024.08'!B9 -> 100 | C9: =C8+'2024.08'!C9 -> 98.93 | D9: =Cash!B8 -> 2.1 | E9: 0 | F9: 0 | G9: 0 | H9: 0 | I9: 0 | J9: 0 | K9: 0 | L9: 0 | M9: 0 | N9: 0 | O9: 0 | P9: 0 | Q9: 0 | R9: 0 | S9: 0 | T9: 0 | U9: 0 | V9: 0 | W9: 0 | X9: 0 | Y9: 0 | Z9: =XDWT!G11 -> 10.949652 | AA9: =IS3K!G11 -> 14.939542 | AB9: =QDVY!G11 -> 12.405456 | AC9: =IBCD!G11 -> 11.060258 | AD9: =IS3Q!G11 -> 21.599864 | AE9: =IUSU!G11 -> 9.9197915 | AF9: ='EXI2'!G11 -> 16.34077 | AG9: =DBXJ!G11 -> 5.1598571 | AH9: =SUM(Z9:AG9) -> 102.37519 | AI9: =AH9+D9 -> 104.47519 | AJ9: =AI9-B9 -> 4.4751904 | AK9: =AJ9/B9 -> 0.044751904 | AL9: ='2024.08'!E9 -> 0 | AM9: ='2024.08'!F9 -> 0.05
A10: ='2024.09'!A1 -> 2024.09 | B10: =B9+'2024.09'!B9 -> 100 | C10: =C9+'2024.09'!C9 -> 98.93 | D10: =Cash!B9 -> 2.39 | E10: 0 | F10: 0 | G10: 0 | H10: 0 | I10: 0 | J10: 0 | K10: 0 | L10: 0 | M10: 0 | N10: 0 | O10: 0 | P10: 0 | Q10: 0 | R10: 0 | S10: 0 | T10: 0 | U10: 0 | V10: 0 | W10: 0 | X10: 0 | Y10: 0 | Z10: =XDWT!G12 -> 11.080638 | AA10: =IS3K!G12 -> 15.009476 | AB10: =QDVY!G12 -> 12.378311 | AC10: =IBCD!G12 -> 11.019432 | AD10: =IS3Q!G12 -> 21.599864 | AE10: =IUSU!G12 -> 9.7399383 | AF10: ='EXI2'!G12 -> 16.440162 | AG10: =DBXJ!G12 -> 5.0797962 | AH10: =SUM(Z10:AG10) -> 102.34762 | AI10: =AH10+D10 -> 104.73762 | AJ10: =AI10-B10 -> 4.7376178 | AK10: =AJ10/B10 -> 0.047376178 | AL10: ='2024.09'!E9 -> 0.34 | AM10: ='2024.09'!F9 -> 0.05
A11: ='2024.10'!A1 -> 2024.10 | B11: =B10+'2024.10'!B9 -> 100 | C11: =C10+'2024.10'!C9 -> 98.93 | D11: =Cash!B10 -> 2.34 | E11: 0 | F11: 0 | G11: 0 | H11: 0 | I11: 0 | J11: 0 | K11: 0 | L11: 0 | M11: 0 | N11: 0 | O11: 0 | P11: 0 | Q11: 0 | R11: 0 | S11: 0 | T11: 0 | U11: 0 | V11: 0 | W11: 0 | X11: 0 | Y11: 0 | Z11: =XDWT!G13 -> 11.330331 | AA11: =IS3K!G13 -> 15.510359 | AB11: =QDVY!G13 -> 12.839783 | AC11: =IBCD!G13 -> 11.04976 | AD11: =IS3Q!G13 -> 21.698369 | AE11: =IUSU!G13 -> 9.9197915 | AF11: ='EXI2'!G13 -> 16.80933 | AG11: =DBXJ!G13 -> 4.9502061 | AH11: =SUM(Z11:AG11) -> 104.10793 | AI11: =AH11+D11 -> 106.44793 | AJ11: =AI11-B11 -> 6.4479303 | AK11: =AJ11/B11 -> 0.064479303 | AL11: ='2024.10'!E9 -> 0 | AM11: ='2024.10'!F9 -> 0.05
A12: ='2024.11'!A1 -> 2024.11 | B12: =B11+'2024.11'!B9 -> 100 | C12: =C11+'2024.11'!C9 -> 98.93 | D12: =Cash!B11 -> 2.67 | E12: 0 | F12: 0 | G12: 0 | H12: 0 | I12: 0 | J12: 0 | K12: 0 | L12: 0 | M12: 0 | N12: 0 | O12: 0 | P12: 0 | Q12: 0 | R12: 0 | S12: 0 | T12: 0 | U12: 0 | V12: 0 | W12: 0 | X12: 0 | Y12: 0 | Z12: =XDWT!G14 -> 12.229499 | AA12: =IS3K!G14 -> 15.969659 | AB12: =QDVY!G14 -> 12.866928 | AC12: =IBCD!G14 -> 11.530337 | AD12: =IS3Q!G14 -> 23.040081 | AE12: =IUSU!G14 -> 10.210259 | AF12: ='EXI2'!G14 -> 17.839756 | AG12: =DBXJ!G14 -> 5.2100648 | AH12: =SUM(Z12:AG12) -> 108.89658 | AI12: =AH12+D12 -> 111.56658 | AJ12: =AI12-B12 -> 11.566584 | AK12: =AJ12/B12 -> 0.11566584 | AL12: ='2024.11'!E9 -> 0.39 | AM12: ='2024.11'!F9 -> 0.06
A13: ='2024.12'!A1 -> 2024.12 | B13: =B12+'2024.12'!B9 -> 110 | C13: =C12+'2024.12'!C9 -> 109.09 | D13: =Cash!B12 -> 2.6 | E13: 0 | F13: 0 | G13: 0 | H13: 0 | I13: 0 | J13: 0 | K13: 0 | L13: 0 | M13: 0 | N13: 0 | O13: 0 | P13: 0 | Q13: 0 | R13: 0 | S13: 0 | T13: 0 | U13: 0 | V13: 0 | W13: 0 | X13: 0 | Y13: 0 | Z13: =XDWT!G15 -> 12.670214 | AA13: =IS3K!G15 -> 18.200802 | AB13: =QDVY!G15 -> 14.535281 | AC13: =IBCD!G15 -> 13.289739 | AD13: =IS3Q!G15 -> 24.040547 | AE13: =IUSU!G15 -> 12.069911 | AF13: ='EXI2'!G15 -> 18.600405 | AG13: =DBXJ!G15 -> 6.2196482 | AH13: =SUM(Z13:AG13) -> 119.62655 | AI13: =AH13+D13 -> 122.22655 | AJ13: =AI13-B13 -> 12.226548 | AK13: =AJ13/B13 -> 0.11115043 | AL13: ='2024.12'!E9 -> 0.15 | AM13: ='2024.12'!F9 -> 0.06
A14: ='2025.01'!A1 -> 2025.01 | B14: =B13+'2025.01'!B9 -> 110 | C14: =C13+'2025.01'!C9 -> 109.09 | D14: =Cash!B13 -> 3.04 | E14: 0 | F14: 0 | G14: 0 | H14: 0 | I14: 0 | J14: 0 | K14: 0 | L14: 0 | M14: 0 | N14: 0 | O14: 0 | P14: 0 | Q14: 0 | R14: 0 | S14: 0 | T14: 0 | U14: 0 | V14: 0 | W14: 0 | X14: 0 | Y14: 0 | Z14: =XDWT!G16 -> 12.420521 | AA14: =IS3K!G16 -> 18.690391 | AB14: =QDVY!G16 -> 14.715844 | AC14: =IBCD!G16 -> 13.540672 | AD14: =IS3Q!G16 -> 24.68 | AE14: =IUSU!G16 -> 12.270009 | AF14: ='EXI2'!G16 -> 18.969573 | AG14: =DBXJ!G16 -> 6.3499831 | AH14: =SUM(Z14:AG14) -> 121.63699 | AI14: =AH14+D14 -> 124.67699 | AJ14: =AI14-B14 -> 14.676993 | AK14: =AJ14/B14 -> 0.1334272 | AL14: ='2025.01'!E9 -> 0.5 | AM14: ='2025.01'!F9 -> 0.06
A15: ='2025.02'!A1 -> 2025.02 | B15: =B14+'2025.02'!B9 -> 110 | C15: =C14+'2025.02'!C9 -> 109.09 | D15: =Cash!B14 -> 2.97 | E15: 0 | F15: 0 | G15: 0 | H15: 0 | I15: 0 | J15: 0 | K15: 0 | L15: 0 | M15: 0 | N15: 0 | O15: 0 | P15: 0 | Q15: 0 | R15: 0 | S15: 0 | T15: 0 | U15: 0 | V15: 0 | W15: 0 | X15: 0 | Y15: 0 | Z15: =XDWT!G17 -> 11.929322 | AA15: =IS3K!G17 -> 18.549248 | AB15: =QDVY!G17 -> 14.68575 | AC15: =IBCD!G17 -> 13.769423 | AD15: =IS3Q!G17 -> 24.421345 | AE15: =IUSU!G17 -> 12.339993 | AF15: ='EXI2'!G17 -> 18.259634 | AG15: =DBXJ!G17 -> 6.3297448 | AH15: =SUM(Z15:AG15) -> 120.28446 | AI15: =AH15+D15 -> 123.25446 | AJ15: =AI15-B15 -> 13.25446 | AK15: =AJ15/B15 -> 0.12049509 | AL15: ='2025.02'!E9 -> 0 | AM15: ='2025.02'!F9 -> 0.07
A16: ='2025.03'!A1 -> 2025.03 | B16: =B15+'2025.03'!B9 -> 120 | C16: =C15+'2025.03'!C9 -> 119.42 | D16: =Cash!B15 -> 3 | E16: 0 | F16: 0 | G16: 0 | H16: 0 | I16: 0 | J16: 0 | K16: 0 | L16: 0 | M16: 0 | N16: 0 | O16: 0 | P16: 0 | Q16: 0 | R16: 0 | S16: 0 | T16: 0 | U16: 0 | V16: 0 | W16: 0 | X16: 0 | Y16: 0 | Z16: =XDWT!G18 -> 12.199969 | AA16: =IS3K!G18 -> 18.869626 | AB16: =QDVY!G18 -> 15.216158 | AC16: =IBCD!G18 -> 13.829684 | AD16: =IS3Q!G18 -> 25.028696 | AE16: =IUSU!G18 -> 12.679602 | AF16: ='EXI2'!G18 -> 18.601066 | AG16: =DBXJ!G18 -> 6.1303802 | AH16: =SUM(Z16:AG16) -> 122.55518 | AI16: =AH16+D16 -> 125.55518 | AJ16: =AI16-B16 -> 5.5551815 | AK16: =AJ16/B16 -> 0.046293179 | AL16: ='2025.03'!E9 -> 0.42 | AM16: ='2025.03'!F9 -> 0.06
A17: ='2025.04'!A1 -> 2025.04 | B17: =B16+'2025.04'!B9 -> 183.94 | C17: =C16+'2025.04'!C9 -> 182.36 | D17: =Cash!B16 -> 3.93 | E17: 0 | F17: 0 | G17: 0 | H17: 0 | I17: 0 | J17: 0 | K17: 0 | L17: 0 | M17: 0 | N17: 0 | O17: 0 | P17: 0 | Q17: 0 | R17: 0 | S17: 0 | T17: 0 | U17: 0 | V17: 0 | W17: 0 | X17: 0 | Y17: 0 | Z17: =XDWT!G19 -> 18.719979 | AA17: =IS3K!G19 -> 27.471463 | AB17: =QDVY!G19 -> 21.994051 | AC17: =IBCD!G19 -> 20.199129 | AD17: =IS3Q!G19 -> 37.408456 | AE17: =IUSU!G19 -> 18.33988 | AF17: ='EXI2'!G19 -> 27.709309 | AG17: =DBXJ!G19 -> 9.2702677 | AH17: =SUM(Z17:AG17) -> 181.11253 | AI17: =AH17+D17 -> 185.04253 | AJ17: =AI17-B17 -> 1.1025348 | AK17: =AJ17/B17 -> 0.0059939918 | AL17: ='2025.04'!E9 -> 0 | AM17: ='2025.04'!F9 -> 0.07
A18: ='2025.05'!A1 -> 2025.05 | B18: =B17+'2025.05'!B9 -> 198.59 | C18: =C17+'2025.05'!C9 -> 196.79 | D18: =Cash!B17 -> 4.05 | E18: 0 | F18: 0 | G18: 0 | H18: 0 | I18: 0 | J18: 0 | K18: 0 | L18: 0 | M18: 0 | N18: 0 | O18: 0 | P18: 0 | Q18: 0 | R18: 0 | S18: 0 | T18: 0 | U18: 0 | V18: 0 | W18: 0 | X18: 0 | Y18: 0 | Z18: =XDWT!G20 -> 21.510184 | AA18: =IS3K!G20 -> 30.241004 | AB18: =QDVY!G20 -> 23.561083 | AC18: =IBCD!G20 -> 22.180552 | AD18: =IS3Q!G20 -> 41.272675 | AE18: =IUSU!G20 -> 20.030881 | AF18: ='EXI2'!G20 -> 31.628755 | AG18: =DBXJ!G20 -> 10.329952 | AH18: =SUM(Z18:AG18) -> 200.75508 | AI18: =AH18+D18 -> 204.80508 | AJ18: =AI18-B18 -> 6.2150849 | AK18: =AJ18/B18 -> 0.031296062 | AL18: ='2025.05'!E9 -> 0 | AM18: ='2025.05'!F9 -> 0.1
A19: ='2025.06'!A1 -> 2025.06 | B19: =B18+'2025.06'!B12 -> 223.59 | C19: =C18+'2025.06'!C12 -> 221.1 | D19: =Cash!B18 -> 5.63 | E19: 0 | F19: 0 | G19: 0 | H19: 0 | I19: 0 | J19: 0 | K19: 0 | L19: 0 | M19: 0 | N19: 0 | O19: 0 | P19: 0 | Q19: 0 | R19: 0 | S19: 0 | T19: 0 | U19: 0 | V19: 0 | W19: 0 | X19: 0 | Y19: 0 | Z19: =XDWT!G21 -> 24.379979 | AA19: =IS3K!G21 -> 32.668329 | AB19: =QDVY!G21 -> 26.686087 | AC19: =IBCD!G21 -> 24.510161 | AD19: =IS3Q!G21 -> 45.879984 | AE19: =IUSU!G21 -> 22.229697 | AF19: ='EXI2'!G21 -> 35.250343 | AG19: =DBXJ!G21 -> 11.259772 | AH19: =SUM(Z19:AG19) -> 222.86435 | AI19: =AH19+D19 -> 228.49435 | AJ19: =AI19-B19 -> 4.9043539 | AK19: =AJ19/B19 -> 0.021934585 | AL19: ='2025.06'!E12 -> 1.01 | AM19: ='2025.06'!F12 -> 0.12
A20: ='2025.07'!A1 -> 2025.07 | B20: =B19+'2025.07'!B12 -> 255.17 | C20: =C19+'2025.07'!C12 -> 253.76 | D20: =Cash!B19 -> 5.5 | E20: 0 | F20: 0 | G20: 0 | H20: 0 | I20: 0 | J20: 0 | K20: 0 | L20: 0 | M20: 0 | N20: 0 | O20: 0 | P20: 0 | Q20: 0 | R20: 0 | S20: 0 | T20: 0 | U20: 0 | V20: 0 | W20: 0 | X20: 0 | Y20: 0 | Z20: =XDWT!G22 -> 27.201027 | AA20: =IS3K!G22 -> 40.910941 | AB20: =QDVY!G22 -> 32.661646 | AC20: =IBCD!G22 -> 29.859767 | AD20: =IS3Q!G22 -> 53.548977 | AE20: =IUSU!G22 -> 27.15054 | AF20: ='EXI2'!G22 -> 40.577761 | AG20: =DBXJ!G22 -> 13.560642 | AH20: =SUM(Z20:AG20) -> 265.4713 | AI20: =AH20+D20 -> 270.9713 | AJ20: =AI20-B20 -> 15.8013 | AK20: =AJ20/B20 -> 0.0619246 | AL20: ='2025.07'!E12 -> 1.08 | AM20: ='2025.07'!F12 -> 0.13
A21: ='2025.08'!A1 -> 2025.08 | B21: =B20+'2025.08'!B12 -> 283.15 | C21: =C20+'2025.08'!C12 -> 278.53 | D21: =Cash!B20 -> 8.56 | E21: 0 | F21: 0 | G21: 0 | H21: 0 | I21: 0 | J21: 0 | K21: 0 | L21: 0 | M21: 0 | N21: 0 | O21: 0 | P21: 0 | Q21: 0 | R21: 0 | S21: 0 | T21: 0 | U21: 0 | V21: 0 | W21: 0 | X21: 0 | Y21: 0 | Z21: =XDWT!G23 -> 29.01107 | AA21: =IS3K!G23 -> 44.411458 | AB21: =QDVY!G23 -> 35.353259 | AC21: =IBCD!G23 -> 32.22882 | AD21: =IS3Q!G23 -> 58.645587 | AE21: =IUSU!G23 -> 29.510547 | AF21: ='EXI2'!G23 -> 44.298481 | AG21: =DBXJ!G23 -> 14.780304 | AH21: =SUM(Z21:AG21) -> 288.23952 | AI21: =AH21+D21 -> 296.79952 | AJ21: =AI21-B21 -> 13.649525 | AK21: =AJ21/B21 -> 0.048205985 | AL21: ='2025.08'!E12 -> 0 | AM21: ='2025.08'!F12 -> 0.15
A22: ='2025.09'!A1 -> 2025.09 | B22: =B21+'2025.09'!B12 -> 298.15 | C22: =C21+'2025.09'!C12 -> 295.62 | D22: =Cash!B21 -> 7.35 | E22: 0 | F22: 0 | G22: 0 | H22: 0 | I22: 0 | J22: 0 | K22: 0 | L22: 0 | M22: 0 | N22: 0 | O22: 0 | P22: 0 | Q22: 0 | R22: 0 | S22: 0 | T22: 0 | U22: 0 | V22: 0 | W22: 0 | X22: 0 | Y22: 0 | Z22: =XDWT!G24 -> 33.150336 | AA22: =IS3K!G24 -> 46.997682 | AB22: =QDVY!G24 -> 37.445211 | AC22: =IBCD!G24 -> 34.511749 | AD22: =IS3Q!G24 -> 63.607564 | AE22: =IUSU!G24 -> 30.560588 | AF22: ='EXI2'!G24 -> 48.95969 | AG22: =DBXJ!G24 -> 15.910504 | AH22: =SUM(Z22:AG22) -> 311.14332 | AI22: =AH22+D22 -> 318.49332 | AJ22: =AI22-B22 -> 20.343324 | AK22: =AJ22/B22 -> 0.068231844 | AL22: ='2025.09'!E12 -> 1.04 | AM22: ='2025.09'!F12 -> 0.16
A23: ='2025.10'!A1 -> 2025.10 | B23: =B22+'2025.10'!B12 -> 313.15 | C23: =C22+'2025.10'!C12 -> 311.05 | D23: =Cash!B22 -> 6.75 | E23: 0 | F23: 0 | G23: 0 | H23: 0 | I23: 0 | J23: 0 | K23: 0 | L23: 0 | M23: 0 | N23: 0 | O23: 0 | P23: 0 | Q23: 0 | R23: 0 | S23: 0 | T23: 0 | U23: 0 | V23: 0 | W23: 0 | X23: 0 | Y23: 0 | Z23: =XDWT!G25 -> 36.359617 | AA23: =IS3K!G25 -> 50.890237 | AB23: =QDVY!G25 -> 40.810385 | AC23: =IBCD!G25 -> 37.360132 | AD23: =IS3Q!G25 -> 68.619375 | AE23: =IUSU!G25 -> 33.950433 | AF23: ='EXI2'!G25 -> 53.371952 | AG23: =DBXJ!G25 -> 17.630169 | AH23: =SUM(Z23:AG23) -> 338.9923 | AI23: =AH23+D23 -> 345.7423 | AJ23: =AI23-B23 -> 32.592299 | AK23: =AJ23/B23 -> 0.10407887 | AL23: ='2025.10'!E12 -> 0 | AM23: ='2025.10'!F12 -> 0.17
A24: ='2025.11'!A1 -> 2025.11 | B24: =B23+'2025.11'!B12 -> 328.15 | C24: =C23+'2025.11'!C12 -> 325.26 | D24: =Cash!B23 -> 7.35 | E24: 0 | F24: 0 | G24: 0 | H24: 0 | I24: 0 | J24: 0 | K24: 0 | L24: 0 | M24: 0 | N24: 0 | O24: 0 | P24: 0 | Q24: 0 | R24: 0 | S24: 0 | T24: 0 | U24: 0 | V24: 0 | W24: 0 | X24: 0 | Y24: 0 | Z24: =XDWT!G26 -> 34.491175 | AA24: =IS3K!G26 -> 54.108288 | AB24: =QDVY!G26 -> 42.041489 | AC24: =IBCD!G26 -> 39.781256 | AD24: =IS3Q!G26 -> 72.479224 | AE24: =IUSU!G26 -> 36.009865 | AF24: ='EXI2'!G26 -> 53.427562 | AG24: =DBXJ!G26 -> 17.859873 | AH24: =SUM(Z24:AG24) -> 350.19873 | AI24: =AH24+D24 -> 357.54873 | AJ24: =AI24-B24 -> 29.398731 | AK24: =AJ24/B24 -> 0.089589306 | AL24: ='2025.11'!E12 -> 0 | AM24: ='2025.11'!F12 -> 0.19
A25: ='2025.12'!A1 -> 2025.12 | B25: =B24+'2025.12'!B12 -> 343.15 | C25: =C24+'2025.12'!C12 -> 339.84 | D25: =Cash!B24 -> 10.89 | E25: 0 | F25: 0 | G25: 0 | H25: 0 | I25: 0 | J25: 0 | K25: 0 | L25: 0 | M25: 0 | N25: 0 | O25: 0 | P25: 0 | Q25: 0 | R25: 0 | S25: 0 | T25: 0 | U25: 0 | V25: 0 | W25: 0 | X25: 0 | Y25: 0 | Z25: =XDWT!G27 -> 37.24916 | AA25: =IS3K!G27 -> 53.506908 | AB25: =QDVY!G27 -> 44.073996 | AC25: =IBCD!G27 -> 39.779332 | AD25: =IS3Q!G27 -> 74.983071 | AE25: =IUSU!G27 -> 36.749314 | AF25: ='EXI2'!G27 -> 55.669016 | AG25: =DBXJ!G27 -> 18.729746 | AH25: =SUM(Z25:AG25) -> 360.74054 | AI25: =AH25+D25 -> 371.63054 | AJ25: =AI25-B25 -> 28.480542 | AK25: =AJ25/B25 -> 0.082997354 | AL25: ='2025.12'!E12 -> 3.31 | AM25: ='2025.12'!F12 -> 0.19
A26: ='2026.01'!A1 -> 2026.01 | B26: =B25+'2026.01'!B12 -> 358.15 | C26: =C25+'2026.01'!C12 -> 353.45 | D26: =Cash!B25 -> 12.08 | E26: 0 | F26: 0 | G26: 0 | H26: 0 | I26: 0 | J26: 0 | K26: 0 | L26: 0 | M26: 0 | N26: 0 | O26: 0 | P26: 0 | Q26: 0 | R26: 0 | S26: 0 | T26: 0 | U26: 0 | V26: 0 | W26: 0 | X26: 0 | Y26: 0 | Z26: =XDWT!G28 -> 37.460966 | AA26: =IS3K!G28 -> 57.552962 | AB26: =QDVY!G28 -> 43.97102 | AC26: =IBCD!G28 -> 42.200188 | AD26: =IS3Q!G28 -> 78.882348 | AE26: =IUSU!G28 -> 36.461662 | AF26: ='EXI2'!G28 -> 57.902763 | AG26: =DBXJ!G28 -> 20.230484 | AH26: =SUM(Z26:AG26) -> 374.66239 | AI26: =AH26+D26 -> 386.74239 | AJ26: =AI26-B26 -> 28.592394 | AK26: =AJ26/B26 -> 0.079833572 | AL26: ='2026.01'!E12 -> 0 | AM26: ='2026.01'!F12 -> 0.2
A27: ='2026.02'!A1 -> 2026.02 | B27: =B26+'2026.02'!B12 -> 373.15 | C27: =C26+'2026.02'!C12 -> 367.96 | D27: =Cash!B26 -> 12.36 | E27: 0 | F27: 0 | G27: 0 | H27: 0 | I27: 0 | J27: 0 | K27: 0 | L27: 0 | M27: 0 | N27: 0 | O27: 0 | P27: 0 | Q27: 0 | R27: 0 | S27: 0 | T27: 0 | U27: 0 | V27: 0 | W27: 0 | X27: 0 | Y27: 0 | Z27: =XDWT!G29 -> 38.921662 | AA27: =IS3K!G29 -> 60.227987 | AB27: =QDVY!G29 -> 46.075689 | AC27: =IBCD!G29 -> 44.788859 | AD27: =IS3Q!G29 -> 81.672327 | AE27: =IUSU!G29 -> 38.531014 | AF27: ='EXI2'!G29 -> 59.777684 | AG27: =DBXJ!G29 -> 21.819782 | AH27: =SUM(Z27:AG27) -> 391.815 | AI27: =AH27+D27 -> 404.175 | AJ27: =AI27-B27 -> 31.025005 | AK27: =AJ27/B27 -> 0.083143521 | AL27: ='2026.02'!E12 -> 0 | AM27: ='2026.02'!F12 -> 0.21
A28: ='2026.03'!A1 -> 2026.03 | B28: =B27+'2026.03'!B12 -> 388.15 | C28: =C27+'2026.03'!C12 -> 382.35 | D28: =Cash!B27 -> 12.8 | E28: 0 | F28: 0 | G28: 0 | H28: 0 | I28: 0 | J28: 0 | K28: 0 | L28: 0 | M28: 0 | N28: 0 | O28: 0 | P28: 0 | Q28: 0 | R28: 0 | S28: 0 | T28: 0 | U28: 0 | V28: 0 | W28: 0 | X28: 0 | Y28: 0 | Z28: =XDWT!G30 -> 41.380298 | AA28: =IS3K!G30 -> 62.410454 | AB28: =QDVY!G30 -> 49.091201 | AC28: =IBCD!G30 -> 45.141351 | AD28: =IS3Q!G30 -> 79.799368 | AE28: =IUSU!G30 -> 39.639958 | AF28: ='EXI2'!G30 -> 60.882655 | AG28: =DBXJ!G30 -> 20.400846 | AH28: =SUM(Z28:AG28) -> 398.74613 | AI28: =AH28+D28 -> 411.54613 | AJ28: =AI28-B28 -> 23.396132 | AK28: =AJ28/B28 -> 0.060276005 | AL28: ='2026.03'!E12 -> 0.03 | AM28: ='2026.03'!F12 -> 0.2
A29: ='2026.04'!N2 -> 2026.04 | B29: =B28+'2026.04'!O13 -> 403.15 | C29: =C28+'2026.04'!P13-'2026.04'!Q13 -> 407.79038 | D29: =Cash!B28 -> 4.04 | E29: =XDWI!G5 -> 9.9302208 | F29: =WELK!G5 -> 9.9977025 | G29: =PRAR!G5 -> 38.979188 | H29: 0 | I29: ='QDV7'!G5 -> 6.324471 | J29: =AMEL!G5 -> 9.3402169 | K29: ='79U0'!G5 -> 67.200687 | L29: 0 | M29: =PRAJ!G5 -> 17.649215 | N29: =LEMA!G5 -> 25.159264 | O29: =AEYH!G5 -> 15.677662 | P29: =EMBH!G5 -> 24.961208 | Q29: =LYMS!G5 -> 40.302052 | R29: =EBUY!G5 -> 11.080555 | S29: =TRDE!G5 -> 33.364755 | T29: =PRAC!G5 -> 36.833916 | U29: ='LYP6'!G5 -> 64.288926 | V29: =UBUD!G5 -> 5.8805483 | W29: ='2B72'!G5 -> 9.8471713 | X29: ='LYP5'!G5 -> 10.319967 | Y29: =LGQK!G5 -> 2.1600713 | Z29: 0 | AA29: 0 | AB29: 0 | AC29: 0 | AD29: 0 | AE29: 0 | AF29: 0 | AG29: 0 | AH29: =SUM(E29:AG29) -> 439.2978 | AI29: =AH29+D29 -> 443.3378 | AJ29: =AI29-B29 -> 40.187796 | AK29: =AJ29/B29 -> 0.099684475 | AL29: ='2026.04'!$S$13 -> 2.44 | AM29: ='2026.04'!$T$13 -> 0.22
A30: ='2026.05'!$N$2 -> 2026.05 | B30: =B29+'2026.05'!$O$13 -> 418.15 | C30: =C29+'2026.05'!$P$13-'2026.05'!$Q$13+'2026.05'!$S$13 -> 422.05038 | D30: =Cash!B29 -> 4.55 | E30: =XDWI!G6 -> 14.040395 | F30: =WELK!G6 -> 14.129963 | G30: =PRAR!G6 -> 30.718122 | H30: =LKOR!G5 -> 3.5200771 | I30: ='QDV7'!G6 -> 9.397458 | J30: =AMEL!G6 -> 13.920855 | K30: ='79U0'!G6 -> 80.730101 | L30: =LYTR!G5 -> 9.369936 | M30: =PRAJ!G6 -> 18.998237 | N30: =LEMA!G6 -> 29.808795 | O30: =AEYH!G6 -> 18.867642 | P30: =EMBH!G6 -> 30.780443 | Q30: =LYMS!G6 -> 47.538849 | R30: =EBUY!G6 -> 14.491562 | S30: =TRDE!G6 -> 30.76142 | T30: =PRAC!G6 -> 33.099044 | U30: ='LYP6'!G6 -> 68.190388 | V30: =UBUD!G6 -> 0 | W30: ='2B72'!G6 -> 0 | X30: ='LYP5'!G6 -> 0 | Y30: =LGQK!G6 -> 0 | Z30: 0 | AA30: 0 | AB30: 0 | AC30: 0 | AD30: 0 | AE30: 0 | AF30: 0 | AG30: 0 | AH30: =SUM(E30:AG30) -> 468.36329 | AI30: =AH30+D30 -> 472.91329 | AJ30: =AI30-B30 -> 54.763288 | AK30: =AJ30/B30 -> 0.13096565 | AL30: ='2026.05'!$S$13 -> 0 | AM30: ='2026.05'!$T$13 -> 0.23
A31: ='2026.06'!$N$2 -> 2026.06 | B31: =B30+'2026.06'!$O$13 -> 433.15 | C31: =C30+'2026.06'!$P$13-'2026.06'!$Q$13+'2026.06'!$S$5 -> 436.67038 | D31: =Cash!B30 -> 4.93 | E31: =XDWI!G7 -> 14.589618 | F31: =WELK!G7 -> 14.656655 | G31: =PRAR!G7 -> 31.787912 | H31: =LKOR!G6 -> 3.740003 | I31: ='QDV7'!G7 -> 9.7937801 | J31: =AMEL!G7 -> 14.648683 | K31: ='79U0'!G7 -> 83.179497 | L31: =LYTR!G6 -> 9.799338 | M31: =PRAJ!G7 -> 19.500789 | N31: =LEMA!G7 -> 30.699283 | O31: =AEYH!G7 -> 19.554854 | P31: =EMBH!G7 -> 31.780642 | Q31: =LYMS!G7 -> 49.13136 | R31: =EBUY!G7 -> 15.056941 | S31: =TRDE!G7 -> 31.730975 | T31: =PRAC!G7 -> 34.172677 | U31: ='LYP6'!G7 -> 70.720433 | V31: =UBUD!G7 -> 0 | W31: ='2B72'!G7 -> 0 | X31: ='LYP5'!G7 -> 0 | Y31: =LGQK!G7 -> 0 | Z31: 0 | AA31: 0 | AB31: 0 | AC31: 0 | AD31: 0 | AE31: 0 | AF31: 0 | AG31: 0 | AH31: =SUM(E31:AG31) -> 484.54344 | AI31: =AH31+D31 -> 489.47344 | AJ31: =AI31-B31 -> 56.323439 | AK31: =AJ31/B31 -> 0.13003218 | AL31: ='2026.06'!$S$13 -> 0 | AM31: ='2026.06'!$T$13 -> 0
B34: Uždaryta 2026-06-17 išmokėta 490.16

Sheet Cash
A1: Cash | B1: Suma, EUR
A2: ='2024.02'!A1 -> 2024.02 | B2: ='2024.02'!D9 -> 2
A3: ='2024.03'!A1 -> 2024.03 | B3: =Cash!B2-'2024.03'!F9+'2024.03'!E9-D2 -> 1.95
A4: ='2024.04'!A1 -> 2024.04 | B4: =B3-'2024.04'!F9+'2024.04'!E9-D2 -> 2.23
A5: ='2024.05'!A1 -> 2024.05 | B5: =B4-'2024.05'!F9+'2024.05'!E9-D2 -> 2.19
A6: ='2024.06'!A1 -> 2024.06 | B6: =B5-'2024.06'!F9+'2024.06'!E9-D2 -> 3
A7: ='2024.07'!A1 -> 2024.07 | B7: =B6-'2024.07'!F9+'2024.07'!E9+'2024.07'!D9-D2 -> 2.15
A8: ='2024.08'!A1 -> 2024.08 | B8: =B7-'2024.08'!F9+'2024.08'!E9+'2024.08'!D9-D2 -> 2.1
A9: ='2024.09'!A1 -> 2024.09 | B9: =B8-'2024.09'!F9+'2024.09'!E9+'2024.09'!D9-D2 -> 2.39
A10: ='2024.10'!A1 -> 2024.10 | B10: =B9-'2024.10'!F9+'2024.10'!E9+'2024.10'!D9-D2 -> 2.34
A11: ='2024.11'!A1 -> 2024.11 | B11: =B10-'2024.11'!F9+'2024.11'!E9+'2024.11'!D9-D2 -> 2.67
A12: ='2024.12'!A1 -> 2024.12 | B12: =B11-'2024.12'!F9+'2024.12'!E9+'2024.12'!D9-D2 -> 2.6
A13: ='2025.01'!A1 -> 2025.01 | B13: =B12-'2025.01'!F9+'2025.01'!E9+'2025.01'!D9-D2 -> 3.04
A14: ='2025.02'!A1 -> 2025.02 | B14: =B13-'2025.02'!F9+'2025.02'!E9+'2025.02'!D9-D2 -> 2.97
A15: ='2025.03'!A1 -> 2025.03 | B15: =B14-'2025.03'!F9+'2025.03'!E9+'2025.03'!D9-D2 -> 3
A16: ='2025.04'!A1 -> 2025.04 | B16: =B15-'2025.04'!F9+'2025.04'!E9+'2025.04'!D9-D2 -> 3.93
A17: ='2025.05'!A1 -> 2025.05 | B17: =B16-'2025.05'!F9+'2025.05'!E9+'2025.05'!D9-D3 -> 4.05
A18: ='2025.06'!A1 -> 2025.06 | B18: =B17-'2025.06'!F12+'2025.06'!E12+'2025.06'!D12-D4 -> 5.63
A19: ='2025.07'!A1 -> 2025.07 | B19: =B18-'2025.07'!F12+'2025.07'!E12+'2025.07'!D12-D4 -> 5.5
A20: ='2025.08'!A1 -> 2025.08 | B20: =B19-'2025.08'!F12+'2025.08'!E12+'2025.08'!D12-D4 -> 8.56
A21: ='2025.09'!A1 -> 2025.09 | B21: =B20-'2025.09'!F12+'2025.09'!E12+'2025.09'!D12-D4 -> 7.35
A22: ='2025.10'!A1 -> 2025.10 | B22: =B21-'2025.10'!F12+'2025.10'!E12+'2025.10'!D12-D5 -> 6.75
A23: ='2025.11'!A1 -> 2025.11 | B23: =B22-'2025.11'!F12+'2025.11'!E12+'2025.11'!D12-D1 -> 7.35
A24: ='2025.12'!A1 -> 2025.12 | B24: =B23-'2025.12'!F12+'2025.12'!E12+'2025.12'!D12-D6 -> 10.89
A25: ='2026.01'!A1 -> 2026.01 | B25: =B24-'2026.01'!F12+'2026.01'!E12+'2026.01'!D12-D6 -> 12.08
A26: ='2026.02'!A1 -> 2026.02 | B26: =B25-'2026.02'!F12+'2026.02'!E12+'2026.02'!D12-D7 -> 12.36
A27: ='2026.03'!A1 -> 2026.03 | B27: =B26-'2026.03'!F12+'2026.03'!E12+'2026.03'!D12-D7 -> 12.8
A28: ='2026.04'!N2 -> 2026.04 | B28: 4.04
A29: ='2026.05'!$N$2 -> 2026.05 | B29: =B28+'2026.05'!R13-'2026.05'!T13 -> 4.55
A30: ='2026.06'!$N$2 -> 2026.06 | B30: =B29+'2026.06'!$R$13-'2026.06'!$T$14 -> 4.93

Sheet XDWI
A1: XDWI Xtrackers MSCI World Industrials UCITS ETF (Acc)
A3: Data | B3: Suma, EUR | D3: Kiekis | F3: Mėnesio gale | J3: Dividendai | L3: XDWI | M3: Įnešta | N3: Be dividendų | P3: Su dividendais | R3: Kiekis | S3: Dividendai
B4: Įnešta | C4: Viso | D4: Mėnesio | E4: Viso | F4: Kaina | G4: Vertė | H4: Pelnas | I4: % | N4: Vertė | O4: Pelnas | P4: Vertė | Q4: Pelnas
A5: ='2026.04'!N2 -> 2026.04 | B5: ='2026.04'!B138-'2026.04'!G138 -> 9.56 | C5: =B5 -> 9.56 | D5: ='2026.04'!D138-'2026.04'!I138 -> 0.13554765 | E5: =D5 -> 0.13554765 | F5: 73.26 | G5: =E5*F5 -> 9.9302208 | H5: =G5-C5 -> 0.37022084 | I5: =(G5-C5)/C5 -> 0.038726029 | J5: ='2026.04'!L138 -> 0 | L5: Viso: | M5: =SUM(B5:B200) -> 14.32 | N5: =INDEX(G5:G200,MATCH(9.99999999999999E+307,G5:G200)) -> 14.589618 | O5: =INDEX(I5:I200,MATCH(9.99999999999999E+307,I5:I200)) -> 0.018828056 | P5: =N5+S5 -> 14.589618 | Q5: =(P5-M5)/M5 -> 0.018828056 | R5: =SUM(D5:D200) -> 0.20007704 | S5: =SUM(J5:J200) -> 0
A6: ='2026.05'!$N$2 -> 2026.05 | B6: ='2026.05'!$B$138-'2026.05'!$G$138 -> 4.11 | C6: =C5+B6 -> 13.67 | D6: ='2026.05'!$D$138-'2026.05'!$I$138 -> 0.05560817 | E6: =E5+D6 -> 0.19115582 | F6: 73.45 | G6: =E6*F6 -> 14.040395 | H6: =G6-C6 -> 0.37039498 | I6: =(G6-C6)/C6 -> 0.027095463 | J6: ='2026.05'!$L$138 -> 0
A7: ='2026.06'!$N$2 -> 2026.06 | B7: ='2026.06'!$B$138-'2026.06'!$G$138 -> 0.65 | C7: =C6+B7 -> 14.32 | D7: ='2026.06'!$D$138-'2026.06'!$I$138 -> 0.00892122 | E7: =E6+D7 -> 0.20007704 | F7: 72.92 | G7: =E7*F7 -> 14.589618 | H7: =G7-C7 -> 0.26961776 | I7: =(G7-C7)/C7 -> 0.018828056 | J7: ='2026.06'!$L$138 -> 0

Sheet WELK
A1: WELK Amundi S&P Global Financials ESG Acc UCITS ETF
A3: Data | B3: Suma, EUR | D3: Kiekis | F3: Mėnesio gale | J3: Dividendai | L3: WELK | M3: Įnešta | N3: Be dividendų | P3: Su dividendais | R3: Kiekis | S3: Dividendai
B4: Įnešta | C4: Viso | D4: Mėnesio | E4: Viso | F4: Kaina | G4: Vertė | H4: Pelnas | I4: % | N4: Vertė | O4: Pelnas | P4: Vertė | Q4: Pelnas
A5: ='2026.04'!N2 -> 2026.04 | B5: ='2026.04'!B152-'2026.04'!G152 -> 9.72 | C5: =B5 -> 9.72 | D5: ='2026.04'!D152 -> 0.5619844 | E5: =D5 -> 0.5619844 | F5: 17.79 | G5: =E5*F5 -> 9.9977025 | H5: =G5-C5 -> 0.27770248 | I5: =(G5-C5)/C5 -> 0.028570214 | J5: ='2026.04'!L152 -> 0 | L5: Viso: | M5: =SUM(B5:B200) -> 14.32 | N5: =INDEX(G5:G200,MATCH(9.99999999999999E+307,G5:G200)) -> 14.656655 | O5: =INDEX(I5:I200,MATCH(9.99999999999999E+307,I5:I200)) -> 0.02350941 | P5: =N5+S5 -> 14.656655 | Q5: =(P5-M5)/M5 -> 0.02350941 | R5: =SUM(D5:D200) -> 0.81789368 | S5: =SUM(J5:J200) -> 0
A6: ='2026.05'!$N$2 -> 2026.05 | B6: ='2026.05'!$B$152-'2026.05'!$G$152 -> 4.05 | C6: =C5+B6 -> 13.77 | D6: ='2026.05'!$D$152-'2026.05'!$I$152 -> 0.22520018 | E6: =E5+D6 -> 0.78718458 | F6: 17.95 | G6: =E6*F6 -> 14.129963 | H6: =G6-C6 -> 0.35996321 | I6: =(G6-C6)/C6 -> 0.026141119 | J6: ='2026.05'!$L$152 -> 0
A7: ='2026.06'!$N$2 -> 2026.06 | B7: ='2026.06'!$B$152-'2026.06'!$G$152 -> 0.55 | C7: =C6+B7 -> 14.32 | D7: ='2026.06'!$D$152-'2026.06'!$I$152 -> 0.0307091 | E7: =E6+D7 -> 0.81789368 | F7: 17.92 | G7: =E7*F7 -> 14.656655 | H7: =G7-C7 -> 0.33665475 | I7: =(G7-C7)/C7 -> 0.02350941 | J7: ='2026.06'!$L$152 -> 0

Sheet PRAR
A1: PRAR Amundi Prime Euro Govies UCITS ETF DR (Acc)
A3: Data | B3: Suma, EUR | D3: Kiekis | F3: Mėnesio gale | J3: Dividendai | L3: PRAR | M3: Įnešta | N3: Be dividendų | P3: Su dividendais | R3: Kiekis | S3: Dividendai
B4: Įnešta | C4: Viso | D4: Mėnesio | E4: Viso | F4: Kaina | G4: Vertė | H4: Pelnas | I4: % | N4: Vertė | O4: Pelnas | P4: Vertė | Q4: Pelnas
A5: ='2026.04'!N2 -> 2026.04 | B5: ='2026.04'!B166-'2026.04'!G166 -> 39.06 | C5: =B5 -> 39.06 | D5: ='2026.04'!D166-'2026.04'!I166 -> 2.1715425 | E5: =D5 -> 2.1715425 | F5: 17.95 | G5: =E5*F5 -> 38.979188 | H5: =G5-C5 -> -0.080812125 | I5: =(G5-C5)/C5 -> -0.0020689228 | J5: ='2026.04'!$L$166 -> 0 | L5: Viso: | M5: =SUM(B5:B200) -> 31.54 | N5: =INDEX(G5:G200,MATCH(9.99999999999999E+307,G5:G200)) -> 31.787912 | O5: =INDEX(I5:I200,MATCH(9.99999999999999E+307,I5:I200)) -> 0.0078602283 | P5: =N5+S5 -> 31.787912 | Q5: =(P5-M5)/M5 -> 0.0078602283 | R5: =SUM(D5:D200) -> 1.7562382 | S5: =SUM(J5:J200) -> 0
A6: ='2026.05'!$N$2 -> 2026.05 | B6: ='2026.05'!$B$166-'2026.05'!$G$166 -> -8.64 | C6: =C5+B6 -> 30.42 | D6: ='2026.05'!$D$166-'2026.05'!$I$166 -> -0.47721695 | E6: =E5+D6 -> 1.6943256 | F6: 18.13 | G6: =E6*F6 -> 30.718122 | H6: =G6-C6 -> 0.29812222 | I6: =(G6-C6)/C6 -> 0.0098002045 | J6: ='2026.05'!$L$166 -> 0
A7: ='2026.06'!$N$2 -> 2026.06 | B7: ='2026.06'!$B$166-'2026.06'!$G$166 -> 1.12 | C7: =C6+B7 -> 31.54 | D7: ='2026.06'!$D$166-'2026.06'!$I$166 -> 0.06191266 | E7: =E6+D7 -> 1.7562382 | F7: 18.1 | G7: =E7*F7 -> 31.787912 | H7: =G7-C7 -> 0.2479116 | I7: =(G7-C7)/C7 -> 0.0078602283 | J7: ='2026.06'!$L$166 -> 0

Sheet LKOR
A1: LKOR Amundi MSCI Korea UCITS ETF (Acc)
A3: Data | B3: Suma, EUR | D3: Kiekis | F3: Mėnesio gale | J3: Dividendai | L3: LKOR | M3: Įnešta | N3: Be dividendų | P3: Su dividendais | R3: Kiekis | S3: Dividendai
B4: Įnešta | C4: Viso | D4: Mėnesio | E4: Viso | F4: Kaina | G4: Vertė | H4: Pelnas | I4: % | N4: Vertė | O4: Pelnas | P4: Vertė | Q4: Pelnas
A5: ='2026.05'!$N$2 -> 2026.05 | B5: ='2026.05'!$B$404-'2026.05'!$G$404 -> 3.53 | C5: =B5 -> 3.53 | D5: ='2026.05'!$D$404-'2026.05'!$I$404 -> 0.0180415 | E5: =D5 -> 0.0180415 | F5: 195.11 | G5: =E5*F5 -> 3.5200771 | H5: =G5-C5 -> -0.009922935 | I5: =(G5-C5)/C5 -> -0.0028110297 | J5: ='2026.06'!$L$404 -> 0 | L5: Viso: | M5: =SUM(B5:B200) -> 3.53 | N5: =INDEX(G5:G200,MATCH(9.99999999999999E+307,G5:G200)) -> 3.740003 | O5: =INDEX(I5:I200,MATCH(9.99999999999999E+307,I5:I200)) -> 0.059490921 | P5: =N5+S5 -> 3.740003 | Q5: =(P5-M5)/M5 -> 0.059490921 | R5: =SUM(D5:D200) -> 0.0180415 | S5: =SUM(J5:J200) -> 0
A6: ='2026.06'!$N$2 -> 2026.06 | B6: ='2026.06'!$B$404-'2026.06'!$G$404 -> 0 | C6: =C5+B6 -> 3.53 | D6: ='2026.06'!$D$404-'2026.06'!$I$404 -> 0 | E6: =E5+D6 -> 0.0180415 | F6: 207.3 | G6: =E6*F6 -> 3.740003 | H6: =G6-C6 -> 0.21000295 | I6: =(G6-C6)/C6 -> 0.059490921 | J6: ='2026.06'!$L$404 -> 0

Sheet QDV7
A1: QDV7 iShares J.P. Morgan Emerging Markets Local Government Bond ETF (Acc)
A3: Data | B3: Suma, EUR | D3: Kiekis | F3: Mėnesio gale | J3: Dividendai | L3: QDV7 | M3: Įnešta | N3: Be dividendų | P3: Su dividendais | R3: Kiekis | S3: Dividendai
B4: Įnešta | C4: Viso | D4: Mėnesio | E4: Viso | F4: Kaina | G4: Vertė | H4: Pelnas | I4: % | N4: Vertė | O4: Pelnas | P4: Vertė | Q4: Pelnas
A5: ='2026.04'!$N$2 -> 2026.04 | B5: ='2026.04'!$B$180-'2026.04'!$G$180 -> 6.41 | C5: =B5 -> 6.41 | D5: ='2026.04'!$D$180-'2026.04'!$I$180 -> 1.3148588 | E5: =D5 -> 1.3148588 | F5: 4.81 | G5: =E5*F5 -> 6.324471 | H5: =G5-C5 -> -0.08552898 | I5: =(G5-C5)/C5 -> -0.013343055 | J5: ='2026.04'!$L$180 -> 0 | L5: Viso: | M5: =SUM(B5:B200) -> 9.82 | N5: =INDEX(G5:G200,MATCH(9.99999999999999E+307,G5:G200)) -> 9.7937801 | O5: =INDEX(I5:I200,MATCH(9.99999999999999E+307,I5:I200)) -> -0.0026700468 | P5: =N5+S5 -> 9.7937801 | Q5: =(P5-M5)/M5 -> -0.0026700468 | R5: =SUM(D5:D200) -> 2.0069222 | S5: =SUM(J5:J200) -> 0
A6: ='2026.05'!$N$2 -> 2026.05 | B6: ='2026.05'!$B$180-'2026.05'!$G$180 -> 3.03 | C6: =C5+B6 -> 9.44 | D6: ='2026.05'!$D$180-'2026.05'!$I$180 -> 0.61480399 | E6: =E5+D6 -> 1.9296628 | F6: 4.87 | G6: =E6*F6 -> 9.397458 | H6: =G6-C6 -> -0.042542018 | I6: =(G6-C6)/C6 -> -0.0045065697 | J6: ='2026.05'!$L$180 -> 0
A7: ='2026.06'!$N$2 -> 2026.06 | B7: ='2026.06'!$B$180-'2026.06'!$G$180 -> 0.38 | C7: =C6+B7 -> 9.82 | D7: ='2026.06'!$D$180-'2026.06'!$I$180 -> 0.07725933 | E7: =E6+D7 -> 2.0069222 | F7: 4.88 | G7: =E7*F7 -> 9.7937801 | H7: =G7-C7 -> -0.026219859 | I7: =(G7-C7)/C7 -> -0.0026700468 | J7: ='2026.06'!$L$180 -> 0

Sheet AMEL
A1: AMEL Amundi MSCI Emerging Markets Latin America UCITS ETF EUR (Acc)
A3: Data | B3: Suma, EUR | D3: Kiekis | F3: Mėnesio gale | J3: Dividendai | L3: AMEL | M3: Įnešta | N3: Be dividendų | P3: Su dividendais | R3: Kiekis | S3: Dividendai
B4: Įnešta | C4: Viso | D4: Mėnesio | E4: Viso | F4: Kaina | G4: Vertė | H4: Pelnas | I4: % | N4: Vertė | O4: Pelnas | P4: Vertė | Q4: Pelnas
A5: ='2026.04'!$N$2 -> 2026.04 | B5: ='2026.04'!$B$194-'2026.04'!$G$194 -> 9.38 | C5: =B5 -> 9.38 | D5: ='2026.04'!$D$194-'2026.04'!$I$194 -> 0.43382336 | E5: =D5 -> 0.43382336 | F5: 21.53 | G5: =E5*F5 -> 9.3402169 | H5: =G5-C5 -> -0.039783059 | I5: =(G5-C5)/C5 -> -0.0042412643 | J5: ='2026.04'!$L$194 -> 0 | L5: Viso: | M5: =SUM(B5:B200) -> 15.14 | N5: =INDEX(G5:G200,MATCH(9.99999999999999E+307,G5:G200)) -> 14.648683 | O5: =INDEX(I5:I200,MATCH(9.99999999999999E+307,I5:I200)) -> -0.032451576 | P5: =N5+S5 -> 14.648683 | Q5: =(P5-M5)/M5 -> -0.032451576 | R5: =SUM(D5:D200) -> 0.70972302 | S5: =SUM(J5:J200) -> 0
A6: ='2026.05'!$N$2 -> 2026.05 | B6: ='2026.05'!$B$194-'2026.05'!$G$194 -> 5.13 | C6: =C5+B6 -> 14.51 | D6: ='2026.05'!$D$194-'2026.05'!$I$194 -> 0.24524273 | E6: =E5+D6 -> 0.67906609 | F6: 20.5 | G6: =E6*F6 -> 13.920855 | H6: =G6-C6 -> -0.58914515 | I6: =(G6-C6)/C6 -> -0.040602698 | J6: ='2026.05'!$L$194 -> 0
A7: ='2026.06'!$N$2 -> 2026.06 | B7: ='2026.06'!$B$194-'2026.06'!$G$194 -> 0.63 | C7: =C6+B7 -> 15.14 | D7: ='2026.06'!$D$194-'2026.06'!$I$194 -> 0.03065693 | E7: =E6+D7 -> 0.70972302 | F7: 20.64 | G7: =E7*F7 -> 14.648683 | H7: =G7-C7 -> -0.49131687 | I7: =(G7-C7)/C7 -> -0.032451576 | J7: ='2026.06'!$L$194 -> 0

Sheet 79U0
A1: 79U0 Amundi S&P 500 II EUR Hedged ETF (Acc)
A3: Data | B3: Suma, EUR | D3: Kiekis | F3: Mėnesio gale | J3: Dividendai | L3: 79U0 | M3: Įnešta | N3: Be dividendų | P3: Su dividendais | R3: Kiekis | S3: Dividendai
B4: Įnešta | C4: Viso | D4: Mėnesio | E4: Viso | F4: Kaina | G4: Vertė | H4: Pelnas | I4: % | N4: Vertė | O4: Pelnas | P4: Vertė | Q4: Pelnas
A5: ='2026.04'!$N$2 -> 2026.04 | B5: ='2026.04'!$B$208-'2026.04'!$G$208 -> 62.07 | C5: =B5 -> 62.07 | D5: ='2026.04'!$D$208-'2026.04'!$I$208 -> 0.33706519 | E5: =D5 -> 0.33706519 | F5: 199.37 | G5: =E5*F5 -> 67.200687 | H5: =G5-C5 -> 5.1306869 | I5: =(G5-C5)/C5 -> 0.08265969 | J5: ='2026.04'!$L$208 -> 0 | L5: Viso: | M5: =SUM(B5:B200) -> 74.46 | N5: =INDEX(G5:G200,MATCH(9.99999999999999E+307,G5:G200)) -> 83.179497 | O5: =INDEX(I5:I200,MATCH(9.99999999999999E+307,I5:I200)) -> 0.11710311 | P5: =N5+S5 -> 83.179497 | Q5: =(P5-M5)/M5 -> 0.11710311 | R5: =SUM(D5:D200) -> 0.39622492 | S5: =SUM(J5:J200) -> 0
A6: ='2026.05'!$N$2 -> 2026.05 | B6: ='2026.05'!$B$208-'2026.05'!$G$208 -> 10.1 | C6: =C5+B6 -> 72.17 | D6: ='2026.05'!$D$208-'2026.05'!$I$208 -> 0.04824457 | E6: =E5+D6 -> 0.38530976 | F6: 209.52 | G6: =E6*F6 -> 80.730101 | H6: =G6-C6 -> 8.5601009 | I6: =(G6-C6)/C6 -> 0.11861024 | J6: ='2026.05'!$L$208 -> 0
A7: ='2026.06'!$N$2 -> 2026.06 | B7: ='2026.06'!$B$208-'2026.06'!$G$208 -> 2.29 | C7: =C6+B7 -> 74.46 | D7: ='2026.06'!$D$208-'2026.06'!$I$208 -> 0.01091516 | E7: =E6+D7 -> 0.39622492 | F7: 209.93 | G7: =E7*F7 -> 83.179497 | H7: =G7-C7 -> 8.7194975 | I7: =(G7-C7)/C7 -> 0.11710311 | J7: ='2026.06'!$L$208 -> 0

Sheet LYTR
A1: LYTR Amundi Bloomberg Equal-weight Commodity ex-Agriculture (Acc) ETF
A3: Data | B3: Suma, EUR | D3: Kiekis | F3: Mėnesio gale | J3: Dividendai | L3: LYTR | M3: Įnešta | N3: Be dividendų | P3: Su dividendais | R3: Kiekis | S3: Dividendai
B4: Įnešta | C4: Viso | D4: Mėnesio | E4: Viso | F4: Kaina | G4: Vertė | H4: Pelnas | I4: % | N4: Vertė | O4: Pelnas | P4: Vertė | Q4: Pelnas
A5: ='2026.05'!$N$2 -> 2026.05 | B5: ='2026.05'!$B$418-'2026.05'!$G$418 -> 9.42 | C5: =B5 -> 9.42 | D5: ='2026.05'!$D$418-'2026.05'!$I$418 -> 0.25713326 | E5: =D5 -> 0.25713326 | F5: 36.44 | G5: =E5*F5 -> 9.369936 | H5: =G5-C5 -> -0.050064006 | I5: =(G5-C5)/C5 -> -0.0053146503 | J5: ='2026.05'!$L$418 -> 0 | L5: Viso: | M5: =SUM(B5:B200) -> 9.71 | N5: =INDEX(G5:G200,MATCH(9.99999999999999E+307,G5:G200)) -> 9.799338 | O5: =INDEX(I5:I200,MATCH(9.99999999999999E+307,I5:I200)) -> 0.0092006144 | P5: =N5+S5 -> 9.799338 | Q5: =(P5-M5)/M5 -> 0.0092006144 | R5: =SUM(D5:D200) -> 0.26499021 | S5: =SUM(J5:J200) -> 0
A6: ='2026.06'!$N$2 -> 2026.06 | B6: ='2026.06'!$B$418-'2026.06'!$G$418 -> 0.29 | C6: =C5+B6 -> 9.71 | D6: ='2026.06'!$D$418-'2026.06'!$I$418 -> 0.00785695 | E6: =E5+D6 -> 0.26499021 | F6: 36.98 | G6: =E6*F6 -> 9.799338 | H6: =G6-C6 -> 0.089337966 | I6: =(G6-C6)/C6 -> 0.0092006144 | J6: ='2026.06'!$L$418 -> 0

Sheet PRAJ
A1: PRAJ Amundi Prime Japan UCITS ETF DR (Acc)
A3: Data | B3: Suma, EUR | D3: Kiekis | F3: Mėnesio gale | J3: Dividendai | L3: PRAJ | M3: Įnešta | N3: Be dividendų | P3: Su dividendais | R3: Kiekis | S3: Dividendai
B4: Įnešta | C4: Viso | D4: Mėnesio | E4: Viso | F4: Kaina | G4: Vertė | H4: Pelnas | I4: % | N4: Vertė | O4: Pelnas | P4: Vertė | Q4: Pelnas
A5: ='2026.04'!$N$2 -> 2026.04 | B5: ='2026.04'!$B$222-'2026.04'!$G$222 -> 17.34 | C5: =B5 -> 17.34 | D5: ='2026.04'!$D$222-'2026.04'!$I$222 -> 0.52293969 | E5: =D5 -> 0.52293969 | F5: 33.75 | G5: =E5*F5 -> 17.649215 | H5: =G5-C5 -> 0.30921454 | I5: =(G5-C5)/C5 -> 0.017832442 | J5: ='2026.04'!$L$222 -> 0 | L5: Viso: | M5: =SUM(B5:B200) -> 18.37 | N5: =INDEX(G5:G200,MATCH(9.99999999999999E+307,G5:G200)) -> 19.500789 | O5: =INDEX(I5:I200,MATCH(9.99999999999999E+307,I5:I200)) -> 0.061556298 | P5: =N5+S5 -> 19.500789 | Q5: =(P5-M5)/M5 -> 0.061556298 | R5: =SUM(D5:D200) -> 0.5519612 | S5: =SUM(J5:J200) -> 0
A6: ='2026.05'!$N$2 -> 2026.05 | B6: ='2026.05'!$B$222-'2026.05'!$G$222 -> 0.5 | C6: =C5+B6 -> 17.84 | D6: ='2026.05'!$D$222-'2026.05'!$I$222 -> 0.01403706 | E6: =E5+D6 -> 0.53697675 | F6: 35.38 | G6: =E6*F6 -> 18.998237 | H6: =G6-C6 -> 1.1582374 | I6: =(G6-C6)/C6 -> 0.064923622 | J6: ='2026.05'!$L$222 -> 0
A7: ='2026.06'!$N$2 -> 2026.06 | B7: ='2026.06'!$B$222-'2026.06'!$G$222 -> 0.53 | C7: =C6+B7 -> 18.37 | D7: ='2026.06'!$D$222-'2026.06'!$I$222 -> 0.01498445 | E7: =E6+D7 -> 0.5519612 | F7: 35.33 | G7: =E7*F7 -> 19.500789 | H7: =G7-C7 -> 1.1307892 | I7: =(G7-C7)/C7 -> 0.061556298 | J7: ='2026.06'!$L$222 -> 0

Sheet LEMA
A1: LEMA Amundi MSCI Emerging Markets ETF (Acc)
A3: Data | B3: Suma, EUR | D3: Kiekis | F3: Mėnesio gale | J3: Dividendai | L3: LEMA | M3: Įnešta | N3: Be dividendų | P3: Su dividendais | R3: Kiekis | S3: Dividendai
B4: Įnešta | C4: Viso | D4: Mėnesio | E4: Viso | F4: Kaina | G4: Vertė | H4: Pelnas | I4: % | N4: Vertė | O4: Pelnas | P4: Vertė | Q4: Pelnas
A5: ='2026.04'!$N$2 -> 2026.04 | B5: ='2026.04'!$B$236-'2026.04'!$G$236 -> 22.95 | C5: =B5 -> 22.95 | D5: ='2026.04'!$D$236-'2026.04'!$I$236 -> 0.36169154 | E5: =D5 -> 0.36169154 | F5: 69.56 | G5: =E5*F5 -> 25.159264 | H5: =G5-C5 -> 2.2092635 | I5: =(G5-C5)/C5 -> 0.096264206 | J5: ='2026.04'!$L$236 -> 0 | L5: Viso: | M5: =SUM(B5:B200) -> 25.77 | N5: =INDEX(G5:G200,MATCH(9.99999999999999E+307,G5:G200)) -> 30.699283 | O5: =INDEX(I5:I200,MATCH(9.99999999999999E+307,I5:I200)) -> 0.19127989 | P5: =N5+S5 -> 30.699283 | Q5: =(P5-M5)/M5 -> 0.19127989 | R5: =SUM(D5:D200) -> 0.39884738 | S5: =SUM(J5:J200) -> 0
A6: ='2026.05'!$N$2 -> 2026.05 | B6: ='2026.05'!$B$236-'2026.05'!$G$236 -> 2.54 | C6: =C5+B6 -> 25.49 | D6: ='2026.05'!$D$236-'2026.05'!$I$236 -> 0.03349333 | E6: =E5+D6 -> 0.39518487 | F6: 75.43 | G6: =E6*F6 -> 29.808795 | H6: =G6-C6 -> 4.3187947 | I6: =(G6-C6)/C6 -> 0.16943094 | J6: ='2026.05'!$L$236 -> 0
A7: ='2026.06'!$N$2 -> 2026.06 | B7: ='2026.06'!$B$236-'2026.06'!$G$236 -> 0.28 | C7: =C6+B7 -> 25.77 | D7: ='2026.06'!$D$236-'2026.06'!$I$236 -> 0.00366251 | E7: =E6+D7 -> 0.39884738 | F7: 76.97 | G7: =E7*F7 -> 30.699283 | H7: =G7-C7 -> 4.9292828 | I7: =(G7-C7)/C7 -> 0.19127989 | J7: ='2026.06'!$L$236 -> 0

Sheet AEYH
A1: AEHY Amundi EUR High Yield Corporate Bond ETF (Acc)
A3: Data | B3: Suma, EUR | D3: Kiekis | F3: Mėnesio gale | J3: Dividendai | L3: AEYH | M3: Įnešta | N3: Be dividendų | P3: Su dividendais | R3: Kiekis | S3: Dividendai
B4: Įnešta | C4: Viso | D4: Mėnesio | E4: Viso | F4: Kaina | G4: Vertė | H4: Pelnas | I4: % | N4: Vertė | O4: Pelnas | P4: Vertė | Q4: Pelnas
A5: ='2026.04'!$N$2 -> 2026.04 | B5: ='2026.04'!$B$250-'2026.04'!$G$250 -> 15.62 | C5: =B5 -> 15.62 | D5: ='2026.04'!$D$250-'2026.04'!$I$250 -> 1.5340178 | E5: =D5 -> 1.5340178 | F5: 10.22 | G5: =E5*F5 -> 15.677662 | H5: =G5-C5 -> 0.057661609 | I5: =(G5-C5)/C5 -> 0.0036915243 | J5: ='2026.04'!$L$250 -> 0 | L5: Viso: | M5: =SUM(B5:B200) -> 19.36 | N5: =INDEX(G5:G200,MATCH(9.99999999999999E+307,G5:G200)) -> 19.554854 | O5: =INDEX(I5:I200,MATCH(9.99999999999999E+307,I5:I200)) -> 0.010064748 | P5: =N5+S5 -> 19.554854 | Q5: =(P5-M5)/M5 -> 0.010064748 | R5: =SUM(D5:D200) -> 1.8930158 | S5: =SUM(J5:J200) -> 0
A6: ='2026.05'!$N$2 -> 2026.05 | B6: ='2026.05'!$B$250-'2026.05'!$G$250 -> 3.03 | C6: =C5+B6 -> 18.65 | D6: ='2026.05'!$D$250-'2026.05'!$I$250 -> 0.29070585 | E6: =E5+D6 -> 1.8247236 | F6: 10.34 | G6: =E6*F6 -> 18.867642 | H6: =G6-C6 -> 0.21764223 | I6: =(G6-C6)/C6 -> 0.011669825 | J6: ='2026.05'!$L$250 -> 0
A7: ='2026.06'!$N$2 -> 2026.06 | B7: ='2026.06'!$B$250-'2026.06'!$G$250 -> 0.71 | C7: =C6+B7 -> 19.36 | D7: ='2026.06'!$D$250-'2026.06'!$I$250 -> 0.06829221 | E7: =E6+D7 -> 1.8930158 | F7: 10.33 | G7: =E7*F7 -> 19.554854 | H7: =G7-C7 -> 0.19485352 | I7: =(G7-C7)/C7 -> 0.010064748 | J7: ='2026.06'!$L$250 -> 0

Sheet EMBH
A1: EMBH Amundi USD Emerging Markets Government Bond UCITS ETF EUR Hedged (Dist)
A3: Data | B3: Suma, EUR | D3: Kiekis | F3: Mėnesio gale | J3: Dividendai | L3: EMBH | M3: Įnešta | N3: Be dividendų | P3: Su dividendais | R3: Kiekis | S3: Dividendai
B4: Įnešta | C4: Viso | D4: Mėnesio | E4: Viso | F4: Kaina | G4: Vertė | H4: Pelnas | I4: % | N4: Vertė | O4: Pelnas | P4: Vertė | Q4: Pelnas
A5: ='2026.04'!$N$2 -> 2026.04 | B5: ='2026.04'!$B$264-'2026.04'!$G$264 -> 24.74 | C5: =B5 -> 24.74 | D5: ='2026.04'!$D$264-'2026.04'!$I$264 -> 0.38260589 | E5: =D5 -> 0.38260589 | F5: 65.24 | G5: =E5*F5 -> 24.961208 | H5: =G5-C5 -> 0.22120826 | I5: =(G5-C5)/C5 -> 0.0089413203 | J5: ='2026.04'!$L$264 -> 0 | L5: Viso: | M5: =SUM(B5:B200) -> 31.31 | N5: =INDEX(G5:G200,MATCH(9.99999999999999E+307,G5:G200)) -> 31.780642 | O5: =INDEX(I5:I200,MATCH(9.99999999999999E+307,I5:I200)) -> 0.015031697 | P5: =N5+S5 -> 31.780642 | Q5: =(P5-M5)/M5 -> 0.015031697 | R5: =SUM(D5:D200) -> 0.48240198 | S5: =SUM(J5:J200) -> 0
A6: ='2026.05'!$N$2 -> 2026.05 | B6: ='2026.05'!$B$264-'2026.05'!$G$264 -> 5.56 | C6: =C5+B6 -> 30.3 | D6: ='2026.05'!$D$264-'2026.05'!$I$264 -> 0.08447216 | E6: =E5+D6 -> 0.46707805 | F6: 65.9 | G6: =E6*F6 -> 30.780443 | H6: =G6-C6 -> 0.4804435 | I6: =(G6-C6)/C6 -> 0.015856221 | J6: ='2026.05'!$L$264 -> 0
A7: ='2026.06'!$N$2 -> 2026.06 | B7: ='2026.06'!$B$264-'2026.06'!$G$264 -> 1.01 | C7: =C6+B7 -> 31.31 | D7: ='2026.06'!$D$264-'2026.06'!$I$264 -> 0.01532393 | E7: =E6+D7 -> 0.48240198 | F7: 65.88 | G7: =E7*F7 -> 31.780642 | H7: =G7-C7 -> 0.47064244 | I7: =(G7-C7)/C7 -> 0.015031697 | J7: ='2026.06'!$L$264 -> 0

Sheet LYMS
A1: LYMS Amundi Nasdaq-100 II UCITS ETF (Acc)
A3: Data | B3: Suma, EUR | D3: Kiekis | F3: Mėnesio gale | J3: Dividendai | L3: LYMS | M3: Įnešta | N3: Be dividendų | P3: Su dividendais | R3: Kiekis | S3: Dividendai
B4: Įnešta | C4: Viso | D4: Mėnesio | E4: Viso | F4: Kaina | G4: Vertė | H4: Pelnas | I4: % | N4: Vertė | O4: Pelnas | P4: Vertė | Q4: Pelnas
A5: ='2026.04'!$N$2 -> 2026.04 | B5: ='2026.04'!$B$292-'2026.04'!$G$292 -> 36.05 | C5: =B5 -> 36.05 | D5: ='2026.04'!$D$292-'2026.04'!$I$292 -> 0.42365239 | E5: =D5 -> 0.42365239 | F5: 95.13 | G5: =E5*F5 -> 40.302052 | H5: =G5-C5 -> 4.2520519 | I5: =(G5-C5)/C5 -> 0.11794873 | J5: ='2026.04'!$L$292 -> 0 | L5: Viso: | M5: =SUM(B5:B200) -> 39.98 | N5: =INDEX(G5:G200,MATCH(9.99999999999999E+307,G5:G200)) -> 49.13136 | O5: =INDEX(I5:I200,MATCH(9.99999999999999E+307,I5:I200)) -> 0.22889845 | P5: =N5+S5 -> 49.13136 | Q5: =(P5-M5)/M5 -> 0.22889845 | R5: =SUM(D5:D200) -> 0.46072168 | S5: =SUM(J5:J200) -> 0
A6: ='2026.05'!$N$2 -> 2026.05 | B6: ='2026.05'!$B$292-'2026.05'!$G$292 -> 2.71 | C6: =C5+B6 -> 38.76 | D6: ='2026.05'!$D$292-'2026.05'!$I$292 -> 0.02559018 | E6: =E5+D6 -> 0.44924257 | F6: 105.82 | G6: =E6*F6 -> 47.538849 | H6: =G6-C6 -> 8.7788488 | I6: =(G6-C6)/C6 -> 0.22649249 | J6: ='2026.05'!$L$292 -> 0
A7: ='2026.06'!$N$2 -> 2026.06 | B7: ='2026.06'!$B$292-'2026.06'!$G$292 -> 1.22 | C7: =C6+B7 -> 39.98 | D7: ='2026.06'!$D$292-'2026.06'!$I$292 -> 0.01147911 | E7: =E6+D7 -> 0.46072168 | F7: 106.64 | G7: =E7*F7 -> 49.13136 | H7: =G7-C7 -> 9.15136 | I7: =(G7-C7)/C7 -> 0.22889845 | J7: ='2026.06'!$L$292 -> 0

Sheet EBUY
A1: EBUY Amundi MSCI Digital Economy and Metaverse ESG Screened UCITS ETF (Acc)
A3: Data | B3: Suma, EUR | D3: Kiekis | F3: Mėnesio gale | J3: Dividendai | L3: EBUY | M3: Įnešta | N3: Be dividendų | P3: Su dividendais | R3: Kiekis | S3: Dividendai
B4: Įnešta | C4: Viso | D4: Mėnesio | E4: Viso | F4: Kaina | G4: Vertė | H4: Pelnas | I4: % | N4: Vertė | O4: Pelnas | P4: Vertė | Q4: Pelnas
A5: ='2026.04'!$N$2 -> 2026.04 | B5: ='2026.04'!$B$278-'2026.04'!$G$278 -> 9.69 | C5: =B5 -> 9.69 | D5: ='2026.04'!$D$278-'2026.04'!$I$278 -> 0.61320171 | E5: =D5 -> 0.61320171 | F5: 18.07 | G5: =E5*F5 -> 11.080555 | H5: =G5-C5 -> 1.3905549 | I5: =(G5-C5)/C5 -> 0.14350412 | J5: ='2026.04'!$L$278 -> 0 | L5: Viso: | M5: =SUM(B5:B200) -> 11.82 | N5: =INDEX(G5:G200,MATCH(9.99999999999999E+307,G5:G200)) -> 15.056941 | O5: =INDEX(I5:I200,MATCH(9.99999999999999E+307,I5:I200)) -> 0.27385285 | P5: =N5+S5 -> 15.056941 | Q5: =(P5-M5)/M5 -> 0.27385285 | R5: =SUM(D5:D200) -> 0.71905161 | S5: =SUM(J5:J200) -> 0
A6: ='2026.05'!$N$2 -> 2026.05 | B6: ='2026.05'!$B$278-'2026.05'!$G$278 -> 2.03 | C6: =C5+B6 -> 11.72 | D6: ='2026.05'!$D$278-'2026.05'!$I$278 -> 0.10102015 | E6: =E5+D6 -> 0.71422186 | F6: 20.29 | G6: =E6*F6 -> 14.491562 | H6: =G6-C6 -> 2.7715615 | I6: =(G6-C6)/C6 -> 0.23648136 | J6: ='2026.05'!$L$278 -> 0
A7: ='2026.06'!$N$2 -> 2026.06 | B7: ='2026.06'!$B$278-'2026.06'!$G$278 -> 0.1 | C7: =C6+B7 -> 11.82 | D7: ='2026.06'!$D$278-'2026.06'!$I$278 -> 0.00482975 | E7: =E6+D7 -> 0.71905161 | F7: 20.94 | G7: =E7*F7 -> 15.056941 | H7: =G7-C7 -> 3.2369407 | I7: =(G7-C7)/C7 -> 0.27385285 | J7: ='2026.06'!$L$278 -> 0

Sheet TRDE
A1: TRDE Invesco US Treasury Bond 7-10 Year EUR-hedged Dist ETF
A3: Data | B3: Suma, EUR | D3: Kiekis | F3: Mėnesio gale | J3: Dividendai | L3: TRDE | M3: Įnešta | N3: Be dividendų | P3: Su dividendais | R3: Kiekis | S3: Dividendai
B4: Įnešta | C4: Viso | D4: Mėnesio | E4: Viso | F4: Kaina | G4: Vertė | H4: Pelnas | I4: % | N4: Vertė | O4: Pelnas | P4: Vertė | Q4: Pelnas
A5: ='2026.04'!$N$2 -> 2026.04 | B5: ='2026.04'!$B$320-'2026.04'!$G$320 -> 33.49 | C5: =B5 -> 33.49 | D5: ='2026.04'!$D$320-'2026.04'!$I$320 -> 1.0892835 | E5: =D5 -> 1.0892835 | F5: 30.63 | G5: =E5*F5 -> 33.364755 | H5: =G5-C5 -> -0.12524548 | I5: =(G5-C5)/C5 -> -0.0037397873 | J5: ='2026.04'!$L$320 -> 0 | L5: Viso: | M5: =SUM(B5:B200) -> 32.07 | N5: =INDEX(G5:G200,MATCH(9.99999999999999E+307,G5:G200)) -> 31.730975 | O5: =INDEX(I5:I200,MATCH(9.99999999999999E+307,I5:I200)) -> -0.01057142 | P5: =N5+S5 -> 31.730975 | Q5: =(P5-M5)/M5 -> -0.01057142 | R5: =SUM(D5:D200) -> 1.0420681 | S5: =SUM(J5:J200) -> 0
A6: ='2026.05'!$N$2 -> 2026.05 | B6: ='2026.05'!$B$320-'2026.05'!$G$320 -> -2.52 | C6: =C5+B6 -> 30.97 | D6: ='2026.05'!$D$320-'2026.05'!$I$320 -> -0.08335088 | E6: =E5+D6 -> 1.0059326 | F6: 30.58 | G6: =E6*F6 -> 30.76142 | H6: =G6-C6 -> -0.20857956 | I6: =(G6-C6)/C6 -> -0.0067348906 | J6: ='2026.05'!$L$320 -> 0
A7: ='2026.06'!$N$2 -> 2026.06 | B7: ='2026.06'!$B$320-'2026.06'!$G$320 -> 1.1 | C7: =C6+B7 -> 32.07 | D7: ='2026.06'!$D$320-'2026.06'!$I$320 -> 0.03613548 | E7: =E6+D7 -> 1.0420681 | F7: 30.45 | G7: =E7*F7 -> 31.730975 | H7: =G7-C7 -> -0.33902544 | I7: =(G7-C7)/C7 -> -0.01057142 | J7: ='2026.06'!$L$320 -> 0

Sheet PRAC
A1: PRAC Amundi EUR Corporate Bond UCITS ETF DR – EUR (Acc)
A3: Data | B3: Suma, EUR | D3: Kiekis | F3: Mėnesio gale | J3: Dividendai | L3: PRAC | M3: Įnešta | N3: Be dividendų | P3: Su dividendais | R3: Kiekis | S3: Dividendai
B4: Įnešta | C4: Viso | D4: Mėnesio | E4: Viso | F4: Kaina | G4: Vertė | H4: Pelnas | I4: % | N4: Vertė | O4: Pelnas | P4: Vertė | Q4: Pelnas
A5: ='2026.04'!$N$2 -> 2026.04 | B5: ='2026.04'!$B$334-'2026.04'!$G$334 -> 36.66 | C5: =B5 -> 36.66 | D5: ='2026.04'!$D$334-'2026.04'!$I$334 -> 1.8307115 | E5: =D5 -> 1.8307115 | F5: 20.12 | G5: =E5*F5 -> 36.833916 | H5: =G5-C5 -> 0.17391639 | I5: =(G5-C5)/C5 -> 0.0047440367 | J5: ='2026.04'!$L$334 -> 0 | L5: Viso: | M5: =SUM(B5:B200) -> 33.78 | N5: =INDEX(G5:G200,MATCH(9.99999999999999E+307,G5:G200)) -> 34.172677 | O5: =INDEX(I5:I200,MATCH(9.99999999999999E+307,I5:I200)) -> 0.011624535 | P5: =N5+S5 -> 34.172677 | Q5: =(P5-M5)/M5 -> 0.011624535 | R5: =SUM(D5:D200) -> 1.6883734 | S5: =SUM(J5:J200) -> 0
A6: ='2026.05'!$N$2 -> 2026.05 | B6: ='2026.05'!$B$334-'2026.05'!$G$334 -> -4.07 | C6: =C5+B6 -> 32.59 | D6: ='2026.05'!$D$334-'2026.05'!$I$334 -> -0.20101958 | E6: =E5+D6 -> 1.629692 | F6: 20.31 | G6: =E6*F6 -> 33.099044 | H6: =G6-C6 -> 0.50904391 | I6: =(G6-C6)/C6 -> 0.015619635 | J6: ='2026.05'!$L$334 -> 0
A7: ='2026.06'!$N$2 -> 2026.06 | B7: ='2026.06'!$B$334-'2026.06'!$G$334 -> 1.19 | C7: =C6+B7 -> 33.78 | D7: ='2026.06'!$D$334-'2026.06'!$I$334 -> 0.05868139 | E7: =E6+D7 -> 1.6883734 | F7: 20.24 | G7: =E7*F7 -> 34.172677 | H7: =G7-C7 -> 0.39267681 | I7: =(G7-C7)/C7 -> 0.011624535 | J7: ='2026.06'!$L$334 -> 0

Sheet LYP6
A1: LYP6 Amundi Stoxx Europe 600 UCITS ETF (Acc)
A3: Data | B3: Suma, EUR | D3: Kiekis | F3: Mėnesio gale | J3: Dividendai | L3: LYP6 | M3: Įnešta | N3: Be dividendų | P3: Su dividendais | R3: Kiekis | S3: Dividendai
B4: Įnešta | C4: Viso | D4: Mėnesio | E4: Viso | F4: Kaina | G4: Vertė | H4: Pelnas | I4: % | N4: Vertė | O4: Pelnas | P4: Vertė | Q4: Pelnas
A5: ='2026.04'!$N$2 -> 2026.04 | B5: ='2026.04'!$B$362-'2026.04'!$G$362 -> 62.86 | C5: =B5 -> 62.86 | D5: ='2026.04'!$D$362-'2026.04'!$I$362 -> 0.21564058 | E5: =D5 -> 0.21564058 | F5: 298.13 | G5: =E5*F5 -> 64.288926 | H5: =G5-C5 -> 1.4289261 | I5: =(G5-C5)/C5 -> 0.022731882 | J5: ='2026.04'!$L$362 -> 0 | L5: Viso: | M5: =SUM(B5:B200) -> 67.5 | N5: =INDEX(G5:G200,MATCH(9.99999999999999E+307,G5:G200)) -> 70.720433 | O5: =INDEX(I5:I200,MATCH(9.99999999999999E+307,I5:I200)) -> 0.047710117 | P5: =N5+S5 -> 70.720433 | Q5: =(P5-M5)/M5 -> 0.047710117 | R5: =SUM(D5:D200) -> 0.23118052 | S5: =SUM(J5:J200) -> 0
A6: ='2026.05'!$N$2 -> 2026.05 | B6: ='2026.05'!$B$362-'2026.05'!$G$362 -> 2.07 | C6: =C5+B6 -> 64.93 | D6: ='2026.05'!$D$362-'2026.05'!$I$362 -> 0.00711647 | E6: =E5+D6 -> 0.22275705 | F6: 306.12 | G6: =E6*F6 -> 68.190388 | H6: =G6-C6 -> 3.2603881 | I6: =(G6-C6)/C6 -> 0.050213894 | J6: ='2026.05'!$L$362 -> 0
A7: ='2026.06'!$N$2 -> 2026.06 | B7: ='2026.06'!$B$362-'2026.06'!$G$362 -> 2.57 | C7: =C6+B7 -> 67.5 | D7: ='2026.06'!$D$362-'2026.06'!$I$362 -> 0.00842347 | E7: =E6+D7 -> 0.23118052 | F7: 305.91 | G7: =E7*F7 -> 70.720433 | H7: =G7-C7 -> 3.2204329 | I7: =(G7-C7)/C7 -> 0.047710117 | J7: ='2026.06'!$L$362 -> 0

Sheet UBUD
A1: UBUD UBS Solactive Global Pure Gold Miners UCITS ETF (Dist)
A3: Data | B3: Suma, EUR | D3: Kiekis | F3: Mėnesio gale | J3: Dividendai | L3: UBUD | M3: Įnešta | N3: Be dividendų | P3: Su dividendais | R3: Kiekis | S3: Dividendai
B4: Įnešta | C4: Viso | D4: Mėnesio | E4: Viso | F4: Kaina | G4: Vertė | H4: Pelnas | I4: % | N4: Vertė | O4: Pelnas | P4: Vertė | Q4: Pelnas
A5: ='2026.04'!$N$2 -> 2026.04 | B5: ='2026.04'!$B$306-'2026.04'!$G$306 -> 6.37 | C5: =B5 -> 6.37 | D5: ='2026.04'!$D$306-'2026.04'!$I$306 -> 0.12975614 | E5: =D5 -> 0.12975614 | F5: 45.32 | G5: =E5*F5 -> 5.8805483 | H5: =G5-C5 -> -0.48945174 | I5: =(G5-C5)/C5 -> -0.076837007 | J5: ='2026.04'!$L$306 -> 0 | L5: Viso: | M5: 7.51 | N5: 6.45 | O5: =INDEX(I5:I100,MATCH(9.99999999999999E+307,I5:I100)) -> -1 | P5: =N5+S5 -> 6.45 | Q5: =(P5-M5)/M5 -> -0.14114514 | R5: 0.15515585 | S5: =SUM(J5:J67) -> 0
A6: ='2026.05'!$N$2 -> 2026.05 | B6: ='2026.05'!$B$306-'2026.05'!$G$306 -> -5.33 | C6: =C5+B6 -> 1.04 | D6: ='2026.05'!$D$306-'2026.05'!$I$306 -> -0.12975614 | E6: =E5+D6 -> 0 | F6: 41.57 | G6: =E6*F6 -> 0 | H6: =G6-C6 -> -1.04 | I6: =(G6-C6)/C6 -> -1 | J6: ='2026.05'!$L$306 -> 0

Sheet 2B72
A1: 2B72 iShares MSCI Europe Mid Cap ETF (Acc)
A3: Data | B3: Suma, EUR | D3: Kiekis | F3: Mėnesio gale | J3: Dividendai | L3: 2B72 | M3: Įnešta | N3: Be dividendų | P3: Su dividendais | R3: Kiekis | S3: Dividendai
B4: Įnešta | C4: Viso | D4: Mėnesio | E4: Viso | F4: Kaina | G4: Vertė | H4: Pelnas | I4: % | N4: Vertė | O4: Pelnas | P4: Vertė | Q4: Pelnas
A5: ='2026.04'!$N$2 -> 2026.04 | B5: ='2026.04'!$B$348-'2026.04'!$G$348 -> 9.72 | C5: =B5 -> 9.72 | D5: ='2026.04'!$D$348-'2026.04'!$I$348 -> 1.0089315 | E5: =D5 -> 1.0089315 | F5: 9.76 | G5: =E5*F5 -> 9.8471713 | H5: =G5-C5 -> 0.12717134 | I5: =(G5-C5)/C5 -> 0.013083471 | J5: ='2026.04'!$L$348 -> 0 | L5: Viso: | M5: 9.72 | N5: 10 | O5: =INDEX(I5:I100,MATCH(9.99999999999999E+307,I5:I100)) -> -1 | P5: =N5+S5 -> 10 | Q5: =(P5-M5)/M5 -> 0.028806584 | R5: 1.0089315 | S5: =SUM(J5:J67) -> 0
A6: ='2026.05'!$N$2 -> 2026.05 | B6: ='2026.05'!$B$348-'2026.05'!$G$348 -> -10 | C6: =C5+B6 -> -0.28 | D6: ='2026.05'!$D$348-'2026.05'!$I$348 -> -1.0089315 | E6: =E5+D6 -> 0 | F6: 9.91 | G6: =E6*F6 -> 0 | H6: =G6-C6 -> 0.28 | I6: =(G6-C6)/C6 -> -1 | J6: ='2026.05'!$L$348 -> 0

Sheet LYP5
A1: LYP5 Amundi S&P 500 II ETF (Acc)
A3: Data | B3: Suma, EUR | D3: Kiekis | F3: Mėnesio gale | J3: Dividendai | L3: LYP5 | M3: Įnešta | N3: Be dividendų | P3: Su dividendais | R3: Kiekis | S3: Dividendai
B4: Įnešta | C4: Viso | D4: Mėnesio | E4: Viso | F4: Kaina | G4: Vertė | H4: Pelnas | I4: % | N4: Vertė | O4: Pelnas | P4: Vertė | Q4: Pelnas
A5: ='2026.04'!$N$2 -> 2026.04 | B5: ='2026.04'!$B$376-'2026.04'!$G$376 -> 9.43 | C5: =B5 -> 9.43 | D5: ='2026.04'!$D$376-'2026.04'!$I$376 -> 0.02316283 | E5: =D5 -> 0.02316283 | F5: 445.54 | G5: =E5*F5 -> 10.319967 | H5: =G5-C5 -> 0.88996728 | I5: =(G5-C5)/C5 -> 0.094376169 | J5: ='2026.04'!$L$376 -> 0 | L5: Viso: | M5: 9.43 | N5: 10.85 | O5: =INDEX(I5:I100,MATCH(9.99999999999999E+307,I5:I100)) -> -1 | P5: =N5+S5 -> 10.85 | Q5: =(P5-M5)/M5 -> 0.15058324 | R5: 0.02316283 | S5: =SUM(J5:J67) -> 0
A6: ='2026.05'!$N$2 -> 2026.05 | B6: ='2026.05'!$B$376-'2026.05'!$G$376 -> -10.85 | C6: =C5+B6 -> -1.42 | D6: ='2026.05'!$D$376-'2026.05'!$I$376 -> -0.02316283 | E6: =E5+D6 -> 0 | F6: 468.42 | G6: =E6*F6 -> 0 | H6: =G6-C6 -> 1.42 | I6: =(G6-C6)/C6 -> -1 | J6: ='2026.05'!$L$376 -> 0

Sheet LGQK
A1: LGQK Amundi MSCI Pacific Ex Japan UCITS ETF (Dist)
A3: Data | B3: Suma, EUR | D3: Kiekis | F3: Mėnesio gale | J3: Dividendai | L3: LGQK | M3: Įnešta | N3: Be dividendų | P3: Su dividendais | R3: Kiekis | S3: Dividendai
B4: Įnešta | C4: Viso | D4: Mėnesio | E4: Viso | F4: Kaina | G4: Vertė | H4: Pelnas | I4: % | N4: Vertė | O4: Pelnas | P4: Vertė | Q4: Pelnas
A5: ='2026.04'!$N$2 -> 2026.04 | B5: ='2026.04'!$B$390-'2026.04'!$G$390 -> 2.11 | C5: =B5 -> 2.11 | D5: ='2026.04'!$D$390-'2026.04'!$I$390 -> 0.02070819 | E5: =D5 -> 0.02070819 | F5: 104.31 | G5: =E5*F5 -> 2.1600713 | H5: =G5-C5 -> 0.050071299 | I5: =(G5-C5)/C5 -> 0.023730473 | J5: ='2026.04'!$L$390 -> 0 | L5: Viso: | M5: 2.11 | N5: 2.14 | O5: =INDEX(I5:I100,MATCH(9.99999999999999E+307,I5:I100)) -> -1 | P5: =N5+S5 -> 2.14 | Q5: =(P5-M5)/M5 -> 0.014218009 | R5: 0.20070819 | S5: =SUM(J5:J67) -> 0
A6: ='2026.05'!$N$2 -> 2026.05 | B6: ='2026.05'!$B$390-'2026.05'!$G$390 -> -2.14 | C6: =C5+B6 -> -0.03 | D6: ='2026.05'!$D$390-'2026.05'!$I$390 -> -0.02070819 | E6: =E5+D6 -> 0 | F6: 103.34 | G6: =E6*F6 -> 0 | H6: =G6-C6 -> 0.03 | I6: =(G6-C6)/C6 -> -1 | J6: ='2026.05'!$L$390 -> 0

Sheet XDWT
A1: XDWT Xtrackers MSCI World Inform. (Acc)
A3: Data | B3: Suma, EUR | D3: Kiekis | F3: Mėnesio gale | J3: Dividendai | L3: XDWT | M3: Įnešta | N3: Be dividendų | P3: Su dividendais | R3: Kiekis | S3: Dividendai
B4: Įnešta | C4: Viso | D4: Mėnesio | E4: Viso | F4: Kaina | G4: Vertė | H4: Pelnas | I4: % | N4: Vertė | O4: Pelnas | P4: Vertė | Q4: Pelnas
A5: ='2024.02'!A1 -> 2024.02 | B5: ='2024.02'!B18 -> 10 | C5: =B5 -> 10 | D5: ='2024.02'!D18 -> 0.13644426 | E5: =D5 -> 0.13644426 | F5: 73.07 | G5: =E5*F5 -> 9.9699821 | H5: =G5-C5 -> -0.030017922 | I5: =(G5-C5)/C5 -> -0.0030017922 | J5: ='2024.02'!E18 -> 0 | L5: Viso: | M5: =SUM(B5:B67) -> 38.17 | N5: =INDEX(G5:G100,MATCH(9.99999999999999E+307,G5:G100)) -> 42.120533 | O5: =INDEX(I5:I100,MATCH(9.99999999999999E+307,I5:I100)) -> 0.10349839 | P5: =N5+S5 -> 42.120533 | Q5: =(P5-M5)/M5 -> 0.10349839 | R5: =SUM(D5:D67) -> 0.45882934 | S5: =SUM(J5:J67) -> 0
A6: ='2024.03'!A1 -> 2024.03 | B6: ='2024.03'!B18 -> 0 | C6: =C5+B6 -> 10 | D6: ='2024.03'!D18 -> 0 | E6: =E5+D6 -> 0.13644426 | F6: 74.76 | G6: =E6*F6 -> 10.200573 | H6: =G6-C6 -> 0.20057288 | I6: =(G6-C6)/C6 -> 0.020057288 | J6: ='2024.03'!E18 -> 0
A7: ='2024.04'!A1 -> 2024.04 | B7: ='2024.04'!B18 -> 0 | C7: =C6+B7 -> 10 | D7: ='2024.04'!D18 -> 0 | E7: =E6+D7 -> 0.13644426 | F7: 71.75 | G7: =E7*F7 -> 9.7898757 | H7: =G7-C7 -> -0.21012434 | I7: =(G7-C7)/C7 -> -0.021012434 | J7: ='2024.04'!E18 -> 0
A8: ='2024.05'!A1 -> 2024.05 | B8: ='2024.05'!B18 -> 0 | C8: =C7+B8 -> 10 | D8: ='2024.05'!D18 -> 0 | E8: =E7+D8 -> 0.13644426 | F8: 74.98 | G8: =E8*F8 -> 10.230591 | H8: =G8-C8 -> 0.23059061 | I8: =(G8-C8)/C8 -> 0.023059061 | J8: ='2024.05'!E18 -> 0
A9: ='2024.06'!A1 -> 2024.06 | B9: ='2024.06'!B18 -> 0 | C9: =C8+B9 -> 10 | D9: ='2024.06'!D18 -> 0 | E9: =E8+D9 -> 0.13644426 | F9: 84.28 | G9: =E9*F9 -> 11.499522 | H9: =G9-C9 -> 1.4995222 | I9: =(G9-C9)/C9 -> 0.14995222 | J9: ='2024.06'!E18 -> 0
A10: ='2024.07'!A1 -> 2024.07 | B10: ='2024.07'!B18 -> 0 | C10: =C9+B10 -> 10 | D10: ='2024.07'!D18 -> 0 | E10: =E9+D10 -> 0.13644426 | F10: 81.21 | G10: =E10*F10 -> 11.080638 | H10: =G10-C10 -> 1.0806384 | I10: =(G10-C10)/C10 -> 0.10806384 | J10: ='2024.07'!E18 -> 0
A11: ='2024.08'!A1 -> 2024.08 | B11: ='2024.08'!B18 -> 0 | C11: =C10+B11 -> 10 | D11: ='2024.08'!D18 -> 0 | E11: =E10+D11 -> 0.13644426 | F11: 80.25 | G11: =E11*F11 -> 10.949652 | H11: =G11-C11 -> 0.94965187 | I11: =(G11-C11)/C11 -> 0.094965187 | J11: ='2024.08'!E18 -> 0
A12: ='2024.09'!A1 -> 2024.09 | B12: ='2024.09'!B18 -> 0 | C12: =C11+B12 -> 10 | D12: ='2024.09'!D18 -> 0 | E12: =E11+D12 -> 0.13644426 | F12: 81.21 | G12: =E12*F12 -> 11.080638 | H12: =G12-C12 -> 1.0806384 | I12: =(G12-C12)/C12 -> 0.10806384 | J12: ='2024.09'!E18 -> 0
A13: ='2024.10'!A1 -> 2024.10 | B13: ='2024.10'!B18 -> 0 | C13: =C12+B13 -> 10 | D13: ='2024.10'!D18 -> 0 | E13: =E12+D13 -> 0.13644426 | F13: 83.04 | G13: =E13*F13 -> 11.330331 | H13: =G13-C13 -> 1.3303314 | I13: =(G13-C13)/C13 -> 0.13303314 | J13: ='2024.10'!E18 -> 0
A14: ='2024.11'!A1 -> 2024.11 | B14: ='2024.11'!B18 -> 0 | C14: =C13+B14 -> 10 | D14: ='2024.11'!D18 -> 0 | E14: =E13+D14 -> 0.13644426 | F14: 89.63 | G14: =E14*F14 -> 12.229499 | H14: =G14-C14 -> 2.229499 | I14: =(G14-C14)/C14 -> 0.2229499 | J14: ='2024.11'!E18 -> 0
A15: ='2024.12'!A1 -> 2024.12 | B15: ='2024.12'!B18 -> 0 | C15: =C14+B15 -> 10 | D15: ='2024.12'!D18 -> 0 | E15: =E14+D15 -> 0.13644426 | F15: 92.86 | G15: =E15*F15 -> 12.670214 | H15: =G15-C15 -> 2.670214 | I15: =(G15-C15)/C15 -> 0.2670214 | J15: ='2024.12'!E18 -> 0
A16: ='2025.01'!A1 -> 2025.01 | B16: ='2025.01'!B18 -> 0 | C16: =C15+B16 -> 10 | D16: ='2025.01'!D18 -> 0 | E16: =E15+D16 -> 0.13644426 | F16: 91.03 | G16: =E16*F16 -> 12.420521 | H16: =G16-C16 -> 2.420521 | I16: =(G16-C16)/C16 -> 0.2420521 | J16: ='2025.01'!E18 -> 0
A17: ='2025.02'!A1 -> 2025.02 | B17: ='2025.02'!B18 -> 0 | C17: =C16+B17 -> 10 | D17: ='2025.02'!D18 -> 0 | E17: =E16+D17 -> 0.13644426 | F17: 87.43 | G17: =E17*F17 -> 11.929322 | H17: =G17-C17 -> 1.9293217 | I17: =(G17-C17)/C17 -> 0.19293217 | J17: ='2025.02'!E18 -> 0
A18: ='2025.03'!A1 -> 2025.03 | B18: ='2025.03'!B18 -> 1.7 | C18: =C17+B18 -> 11.7 | D18: ='2025.03'!D18 -> 0.0209747 | E18: =E17+D18 -> 0.15741896 | F18: 77.5 | G18: =E18*F18 -> 12.199969 | H18: =G18-C18 -> 0.4999694 | I18: =(G18-C18)/C18 -> 0.042732427 | J18: ='2025.03'!E18 -> 0
A19: ='2025.04'!A1 -> 2025.04 | B19: ='2025.04'!B18 -> 6.63 | C19: =C18+B19 -> 18.33 | D19: ='2025.04'!D18 -> 0.08841136 | E19: =E18+D19 -> 0.24583032 | F19: 76.15 | G19: =E19*F19 -> 18.719979 | H19: =G19-C19 -> 0.38997887 | I19: =(G19-C19)/C19 -> 0.021275443 | J19: ='2025.04'!E18 -> 0
A20: ='2025.05'!A1 -> 2025.05 | B20: ='2025.05'!B18 -> 1.01 | C20: =C19+B20 -> 19.34 | D20: ='2025.05'!D18 -> 0.01314131 | E20: =E19+D20 -> 0.25897163 | F20: 83.06 | G20: =E20*F20 -> 21.510184 | H20: =G20-C20 -> 2.1701836 | I20: =(G20-C20)/C20 -> 0.11221218 | J20: ='2025.05'!E18 -> 0
A21: ='2025.06'!A1 -> 2025.06 | B21: ='2025.06'!B24 -> 1.6 | C21: =C20+B21 -> 20.94 | D21: ='2025.06'!D24 -> 0.01943398 | E21: =E20+D21 -> 0.27840561 | F21: 87.57 | G21: =E21*F21 -> 24.379979 | H21: =G21-C21 -> 3.4399793 | I21: =(G21-C21)/C21 -> 0.1642779 | J21: ='2025.06'!E24 -> 0
A22: ='2025.07'!A1 -> 2025.07 | B22: ='2025.07'!B24 -> 0.95 | C22: =C21+B22 -> 21.89 | D22: ='2025.07'!D24 -> 0.0106595 | E22: =E21+D22 -> 0.28906511 | F22: 94.1 | G22: =E22*F22 -> 27.201027 | H22: =G22-C22 -> 5.3110269 | I22: =(G22-C22)/C22 -> 0.24262343 | J22: ='2025.07'!E24 -> 0
A23: ='2025.08'!A1 -> 2025.08 | B23: ='2025.08'!B24 -> 2.45 | C23: =C22+B23 -> 24.34 | D23: ='2025.08'!D24 -> 0.02644408 | E23: =E22+D23 -> 0.31550919 | F23: 91.95 | G23: =E23*F23 -> 29.01107 | H23: =G23-C23 -> 4.67107 | I23: =(G23-C23)/C23 -> 0.1919092 | J23: ='2025.08'!E24 -> 0
A24: ='2025.09'!A1 -> 2025.09 | B24: ='2025.09'!B24 -> 2.12 | C24: =C23+B24 -> 26.46 | D24: ='2025.09'!D24 -> 0.02310507 | E24: =E23+D24 -> 0.33861426 | F24: 97.9 | G24: =E24*F24 -> 33.150336 | H24: =G24-C24 -> 6.6903361 | I24: =(G24-C24)/C24 -> 0.25284717 | J24: ='2025.09'!E24 -> 0
A25: ='2025.10'!A1 -> 2025.10 | B25: ='2025.10'!B24 -> 0.23 | C25: =C24+B25 -> 26.69 | D25: ='2025.10'!D24 -> 0.00234239 | E25: =E24+D25 -> 0.34095665 | F25: 106.64 | G25: =E25*F25 -> 36.359617 | H25: =G25-C25 -> 9.6696172 | I25: =(G25-C25)/C25 -> 0.36229364 | J25: ='2025.10'!E24 -> 0
A26: ='2025.11'!A1 -> 2025.11 | B26: ='2025.11'!B24 -> 0 | C26: =C25+B26 -> 26.69 | D26: ='2025.11'!D24 -> 0 | E26: =E25+D26 -> 0.34095665 | F26: 101.16 | G26: =E26*F26 -> 34.491175 | H26: =G26-C26 -> 7.8011747 | I26: =(G26-C26)/C26 -> 0.2922883 | J26: ='2025.11'!E24 -> 0
A27: ='2025.12'!A1 -> 2025.12 | B27: ='2025.12'!B24 -> 2.88 | C27: =C26+B27 -> 29.57 | D27: ='2025.12'!D24 -> 0.02887218 | E27: =E26+D27 -> 0.36982883 | F27: 100.72 | G27: =E27*F27 -> 37.24916 | H27: =G27-C27 -> 7.6791598 | I27: =(G27-C27)/C27 -> 0.25969428 | J27: ='2025.12'!E24 -> 0
A28: ='2026.01'!A1 -> 2026.01 | B28: ='2026.01'!B24 -> 1.33 | C28: =C27+B28 -> 30.9 | D28: ='2026.01'!D24 -> 0.01312932 | E28: =E27+D28 -> 0.38295815 | F28: 97.82 | G28: =E28*F28 -> 37.460966 | H28: =G28-C28 -> 6.5609662 | I28: =(G28-C28)/C28 -> 0.212329 | J28: ='2026.01'!E24 -> 0
A29: ='2026.02'!A1 -> 2026.02 | B29: ='2026.02'!B24 -> 2.93 | C29: =C28+B29 -> 33.83 | D29: ='2026.02'!D24 -> 0.02956609 | E29: =E28+D29 -> 0.41252424 | F29: 94.35 | G29: =E29*F29 -> 38.921662 | H29: =G29-C29 -> 5.091662 | I29: =(G29-C29)/C29 -> 0.1505073 | J29: ='2026.02'!E24 -> 0
A30: ='2026.03'!A1 -> 2026.03 | B30: ='2026.03'!B24 -> 3.28 | C30: =C29+B30 -> 37.11 | D30: ='2026.03'!D24 -> 0.03497547 | E30: =E29+D30 -> 0.44749971 | F30: 92.47 | G30: =E30*F30 -> 41.380298 | H30: =G30-C30 -> 4.2702982 | I30: =(G30-C30)/C30 -> 0.11507136 | J30: ='2026.03'!E24 -> 0
A31: ='2026.04'!N2 -> 2026.04 | B31: ='2026.04'!B26 -> 1.06 | C31: =C30+B31 -> 38.17 | D31: ='2026.04'!D26 -> 0.01132963 | E31: =E30+D31 -> 0.45882934 | F31: 91.8 | G31: =E31*F31 -> 42.120533 | H31: =G31-C31 -> 3.9505334 | I31: =(G31-C31)/C31 -> 0.10349839 | J31: ='2026.04'!L26 -> 0

Sheet IS3K
A1: IS3K iShares Short Duration Yield Corp. (Dist)
A3: Data | B3: Suma, EUR | D3: Kiekis | F3: Mėnesio gale | J3: Dividendai | L3: IS3K | M3: Įnešta | N3: Be dividendų | P3: Su dividendais | R3: Kiekis | S3: Dividendai
B4: Įnešta | C4: Viso | D4: Viso | E4: Mėnesio | F4: Kaina | G4: Vertė | H4: Pelnas | I4: % | N4: Vertė | O4: Pelnas | P4: Vertė | Q4: Pelnas
A5: ='2024.02'!A1 -> 2024.02 | B5: ='2024.02'!B27 -> 15 | C5: =B5 -> 15 | D5: ='2024.02'!D27 -> 0.187261 | E5: =D5 -> 0.187261 | F5: 80.58 | G5: =E5*F5 -> 15.089491 | H5: =G5-C5 -> 0.08949138 | I5: =(G5-C5)/C5 -> 0.005966092 | J5: ='2024.02'!E27 -> 0 | L5: Viso: | M5: =SUM(B5:B67) -> 66.58 | N5: =INDEX(G5:G100,MATCH(9.99999999999999E+307,G5:G100)) -> 64.197156 | O5: =INDEX(I5:I100,MATCH(9.99999999999999E+307,I5:I100)) -> -0.035789184 | P5: =N5+S5 -> 69.077156 | Q5: =(P5-M5)/M5 -> 0.037506099 | R5: =SUM(D5:D67) -> 0.85939968 | S5: =SUM(J5:J67) -> 4.88
A6: ='2024.03'!A1 -> 2024.03 | B6: ='2024.03'!B27 -> 0 | C6: =C5+B6 -> 15 | D6: ='2024.03'!D27 -> 0 | E6: =E5+D6 -> 0.187261 | F6: 80.58 | G6: =E6*F6 -> 15.089491 | H6: =G6-C6 -> 0.08949138 | I6: =(G6-C6)/C6 -> 0.005966092 | J6: ='2024.03'!E27 -> 0
A7: ='2024.04'!A1 -> 2024.04 | B7: ='2024.04'!B27 -> 0 | C7: =C6+B7 -> 15 | D7: ='2024.04'!D27 -> 0 | E7: =E6+D7 -> 0.187261 | F7: 81.92 | G7: =E7*F7 -> 15.340421 | H7: =G7-C7 -> 0.34042112 | I7: =(G7-C7)/C7 -> 0.022694741 | J7: ='2024.04'!E27 -> 0
A8: ='2024.05'!A1 -> 2024.05 | B8: ='2024.05'!B27 -> 0 | C8: =C7+B8 -> 15 | D8: ='2024.05'!D27 -> 0 | E8: =E7+D8 -> 0.187261 | F8: 81.22 | G8: =E8*F8 -> 15.209338 | H8: =G8-C8 -> 0.20933842 | I8: =(G8-C8)/C8 -> 0.013955895 | J8: ='2024.05'!E27 -> 0
A9: ='2024.06'!A1 -> 2024.06 | B9: ='2024.06'!B27 -> 0 | C9: =C8+B9 -> 15 | D9: ='2024.06'!D27 -> 0 | E9: =E8+D9 -> 0.187261 | F9: 80.42 | G9: =E9*F9 -> 15.05953 | H9: =G9-C9 -> 0.05952962 | I9: =(G9-C9)/C9 -> 0.0039686413 | J9: ='2024.06'!E27 -> 0.47
A10: ='2024.07'!A1 -> 2024.07 | B10: ='2024.07'!B27 -> 0.14 | C10: =C9+B10 -> 15.14 | D10: ='2024.07'!D27 -> 0.00175142 | E10: =E9+D10 -> 0.18901242 | F10: 79.78 | G10: =E10*F10 -> 15.079411 | H10: =G10-C10 -> -0.060589132 | I10: =(G10-C10)/C10 -> -0.0040019242 | J10: ='2024.07'!E27 -> 0
A11: ='2024.08'!A1 -> 2024.08 | B11: ='2024.08'!B27 -> 0 | C11: =C10+B11 -> 15.14 | D11: ='2024.08'!D27 -> 0 | E11: =E10+D11 -> 0.18901242 | F11: 79.04 | G11: =E11*F11 -> 14.939542 | H11: =G11-C11 -> -0.20045832 | I11: =(G11-C11)/C11 -> -0.013240312 | J11: ='2024.08'!E27 -> 0
A12: ='2024.09'!A1 -> 2024.09 | B12: ='2024.09'!B27 -> 0 | C12: =C11+B12 -> 15.14 | D12: ='2024.09'!D27 -> 0 | E12: =E11+D12 -> 0.18901242 | F12: 79.41 | G12: =E12*F12 -> 15.009476 | H12: =G12-C12 -> -0.13052373 | I12: =(G12-C12)/C12 -> -0.0086211181 | J12: ='2024.09'!E27 -> 0
A13: ='2024.10'!A1 -> 2024.10 | B13: ='2024.10'!B27 -> 0 | C13: =C12+B13 -> 15.14 | D13: ='2024.10'!D27 -> 0 | E13: =E12+D13 -> 0.18901242 | F13: 82.06 | G13: =E13*F13 -> 15.510359 | H13: =G13-C13 -> 0.37035919 | I13: =(G13-C13)/C13 -> 0.024462298 | J13: ='2024.10'!E27 -> 0
A14: ='2024.11'!A1 -> 2024.11 | B14: ='2024.11'!B27 -> 0 | C14: =C13+B14 -> 15.14 | D14: ='2024.11'!D27 -> 0 | E14: =E13+D14 -> 0.18901242 | F14: 84.49 | G14: =E14*F14 -> 15.969659 | H14: =G14-C14 -> 0.82965937 | I14: =(G14-C14)/C14 -> 0.054799166 | J14: ='2024.11'!E27 -> 0
A15: ='2024.12'!A1 -> 2024.12 | B15: ='2024.12'!B27 -> 2.6 | C15: =C14+B15 -> 17.74 | D15: ='2024.12'!D27 -> 0.03152317 | E15: =E14+D15 -> 0.22053559 | F15: 82.53 | G15: =E15*F15 -> 18.200802 | H15: =G15-C15 -> 0.46080224 | I15: =(G15-C15)/C15 -> 0.025975324 | J15: ='2024.12'!E27 -> 0
A16: ='2025.01'!A1 -> 2025.01 | B16: ='2025.01'!B27 -> 0 | C16: =C15+B16 -> 17.74 | D16: ='2025.01'!D27 -> 0 | E16: =E15+D16 -> 0.22053559 | F16: 84.75 | G16: =E16*F16 -> 18.690391 | H16: =G16-C16 -> 0.95039125 | I16: =(G16-C16)/C16 -> 0.053573351 | J16: ='2025.01'!E27 -> 0.5
A17: ='2025.02'!A1 -> 2025.02 | B17: ='2025.02'!B27 -> 0 | C17: =C16+B17 -> 17.74 | D17: ='2025.02'!D27 -> 0 | E17: =E16+D17 -> 0.22053559 | F17: 84.11 | G17: =E17*F17 -> 18.549248 | H17: =G17-C17 -> 0.80924847 | I17: =(G17-C17)/C17 -> 0.045617163 | J17: ='2025.02'!E27 -> 0
A18: ='2025.03'!A1 -> 2025.03 | B18: ='2025.03'!B27 -> 1.01 | C18: =C17+B18 -> 18.75 | D18: ='2025.03'!D27 -> 0.012394 | E18: =E17+D18 -> 0.23292959 | F18: 81.01 | G18: =E18*F18 -> 18.869626 | H18: =G18-C18 -> 0.11962609 | I18: =(G18-C18)/C18 -> 0.0063800579 | J18: ='2025.03'!E27 -> 0
A19: ='2025.04'!A1 -> 2025.04 | B19: ='2025.04'!B27 -> 9.42 | C19: =C18+B19 -> 28.17 | D19: ='2025.04'!D27 -> 0.1210385 | E19: =E18+D19 -> 0.35396809 | F19: 77.61 | G19: =E19*F19 -> 27.471463 | H19: =G19-C19 -> -0.69853654 | I19: =(G19-C19)/C19 -> -0.024797179 | J19: ='2025.04'!E27 -> 0
A20: ='2025.05'!A1 -> 2025.05 | B20: ='2025.05'!B27 -> 2.55 | C20: =C19+B20 -> 30.72 | D20: ='2025.05'!D27 -> 0.03274551 | E20: =E19+D20 -> 0.3867136 | F20: 78.2 | G20: =E20*F20 -> 30.241004 | H20: =G20-C20 -> -0.47899648 | I20: =(G20-C20)/C20 -> -0.015592333 | J20: ='2025.05'!E27 -> 0
A21: ='2025.06'!A1 -> 2025.06 | B21: ='2025.06'!B36 -> 4.08 | C21: =C20+B21 -> 34.8 | D21: ='2025.06'!D36 -> 0.05237685 | E21: =E20+D21 -> 0.43909045 | F21: 74.4 | G21: =E21*F21 -> 32.668329 | H21: =G21-C21 -> -2.1316705 | I21: =(G21-C21)/C21 -> -0.0612549 | J21: ='2025.06'!E36 -> 0
A22: ='2025.07'!A1 -> 2025.07 | B22: ='2025.07'!B36 -> 7.05 | C22: =C21+B22 -> 41.85 | D22: ='2025.07'!D36 -> 0.09464655 | E22: =E21+D22 -> 0.533737 | F22: 76.65 | G22: =E22*F22 -> 40.910941 | H22: =G22-C22 -> -0.93905895 | I22: =(G22-C22)/C22 -> -0.022438685 | J22: ='2025.07'!E36 -> 1.08
A23: ='2025.08'!A1 -> 2025.08 | B23: ='2025.08'!B36 -> 3.88 | C23: =C22+B23 -> 45.73 | D23: ='2025.08'!D36 -> 0.05100899 | E23: =E22+D23 -> 0.58474599 | F23: 75.95 | G23: =E23*F23 -> 44.411458 | H23: =G23-C23 -> -1.3185421 | I23: =(G23-C23)/C23 -> -0.028833196 | J23: ='2025.08'!E36 -> 0
A24: ='2025.09'!A1 -> 2025.09 | B24: ='2025.09'!B36 -> 2.38 | C24: =C23+B24 -> 48.11 | D24: ='2025.09'!D36 -> 0.03121315 | E24: =E23+D24 -> 0.61595914 | F24: 76.3 | G24: =E24*F24 -> 46.997682 | H24: =G24-C24 -> -1.1123176 | I24: =(G24-C24)/C24 -> -0.0231203 | J24: ='2025.09'!E36 -> 0
A25: ='2025.10'!A1 -> 2025.10 | B25: ='2025.10'!B36 -> 2.97 | C25: =C24+B25 -> 51.08 | D25: ='2025.10'!D36 -> 0.03891458 | E25: =E24+D25 -> 0.65487372 | F25: 77.71 | G25: =E25*F25 -> 50.890237 | H25: =G25-C25 -> -0.18976322 | I25: =(G25-C25)/C25 -> -0.0037150199 | J25: ='2025.10'!E36 -> 0
A26: ='2025.11'!A1 -> 2025.11 | B26: ='2025.11'!B36 -> 3.18 | C26: =C25+B26 -> 54.26 | D26: ='2025.11'!D36 -> 0.04078439 | E26: =E25+D26 -> 0.69565811 | F26: 77.78 | G26: =E26*F26 -> 54.108288 | H26: =G26-C26 -> -0.1517122 | I26: =(G26-C26)/C26 -> -0.0027960229 | J26: ='2025.11'!E36 -> 0
A27: ='2025.12'!A1 -> 2025.12 | B27: ='2025.12'!B36 -> 1.65 | C27: =C26+B27 -> 55.91 | D27: ='2025.12'!D36 -> 0.02130434 | E27: =E26+D27 -> 0.71696245 | F27: 74.63 | G27: =E27*F27 -> 53.506908 | H27: =G27-C27 -> -2.4030924 | I27: =(G27-C27)/C27 -> -0.042981441 | J27: ='2025.12'!E36 -> 1.76
A28: ='2026.01'!A1 -> 2026.01 | B28: ='2026.01'!B36 -> 4.39 | C28: =C27+B28 -> 60.3 | D28: ='2026.01'!D36 -> 0.05857942 | E28: =E27+D28 -> 0.77554187 | F28: 74.21 | G28: =E28*F28 -> 57.552962 | H28: =G28-C28 -> -2.7470378 | I28: =(G28-C28)/C28 -> -0.045556183 | J28: ='2026.01'!E36 -> 0
A29: ='2026.02'!A1 -> 2026.02 | B29: ='2026.02'!B36 -> 2.36 | C29: =C28+B29 -> 62.66 | D29: ='2026.02'!D36 -> 0.03147926 | E29: =E28+D29 -> 0.80702113 | F29: 74.63 | G29: =E29*F29 -> 60.227987 | H29: =G29-C29 -> -2.4320131 | I29: =(G29-C29)/C29 -> -0.038812848 | J29: ='2026.02'!E36 -> 0
A30: ='2026.03'!A1 -> 2026.03 | B30: ='2026.03'!B36 -> 2.21 | C30: =C29+B30 -> 64.87 | D30: ='2026.03'!D36 -> 0.0293559 | E30: =E29+D30 -> 0.83637703 | F30: 74.62 | G30: =E30*F30 -> 62.410454 | H30: =G30-C30 -> -2.459546 | I30: =(G30-C30)/C30 -> -0.037915 | J30: ='2026.03'!E36 -> 0
A31: ='2026.04'!N2 -> 2026.04 | B31: ='2026.04'!B40 -> 1.71 | C31: =C30+B31 -> 66.58 | D31: ='2026.04'!D40 -> 0.02302265 | E31: =E30+D31 -> 0.85939968 | F31: 74.7 | G31: =E31*F31 -> 64.197156 | H31: =G31-C31 -> -2.3828439 | I31: =(G31-C31)/C31 -> -0.035789184 | J31: ='2026.04'!L40 -> 1.07

Sheet QDVY
A1: QDVY iShares Floating Rate Bond ETF (Dist)
A3: Data | B3: Suma, EUR | D3: Kiekis | F3: Mėnesio gale | J3: Dividendai | L3: QDVY | M3: Įnešta | N3: Be dividendų | P3: Su dividendais | R3: Kiekis | S3: Dividendai
B4: Įnešta | C4: Viso | D4: Viso | E4: Mėnesio | F4: Kaina | G4: Vertė | H4: Pelnas | I4: % | N4: Vertė | O4: Pelnas | P4: Vertė | Q4: Pelnas
A5: ='2024.02'!A1 -> 2024.02 | B5: ='2024.02'!B36 -> 12 | C5: =B5 -> 12 | D5: ='2024.02'!D36 -> 2.5457708 | E5: =D5 -> 2.5457708 | F5: 4.76 | G5: =E5*F5 -> 12.117869 | H5: =G5-C5 -> 0.11786915 | I5: =(G5-C5)/C5 -> 0.0098224292 | J5: ='2024.02'!E36 -> 0 | L5: Viso: | M5: =SUM(B5:B67) -> 50.1 | N5: =INDEX(G5:G100,MATCH(9.99999999999999E+307,G5:G100)) -> 48.950537 | O5: =INDEX(I5:I100,MATCH(9.99999999999999E+307,I5:I100)) -> -0.022943373 | P5: =N5+S5 -> 51.340537 | Q5: =(P5-M5)/M5 -> 0.024761218 | R5: =SUM(D5:D67) -> 11.150464 | S5: =SUM(J5:J67) -> 2.39
A6: ='2024.03'!A1 -> 2024.03 | B6: ='2024.03'!B36 -> 0 | C6: =C5+B6 -> 12 | D6: ='2024.03'!D36 -> 0 | E6: =E5+D6 -> 2.5457708 | F6: 4.79 | G6: =E6*F6 -> 12.194242 | H6: =G6-C6 -> 0.19424228 | I6: =(G6-C6)/C6 -> 0.016186856 | J6: ='2024.03'!E36 -> 0
A7: ='2024.04'!A1 -> 2024.04 | B7: ='2024.04'!B36 -> 0 | C7: =C6+B7 -> 12 | D7: ='2024.04'!D36 -> 0 | E7: =E6+D7 -> 2.5457708 | F7: 4.78 | G7: =E7*F7 -> 12.168785 | H7: =G7-C7 -> 0.16878457 | I7: =(G7-C7)/C7 -> 0.014065381 | J7: ='2024.04'!E36 -> 0
A8: ='2024.05'!A1 -> 2024.05 | B8: ='2024.05'!B36 -> 0 | C8: =C7+B8 -> 12 | D8: ='2024.05'!D36 -> 0 | E8: =E7+D8 -> 2.5457708 | F8: 4.6 | G8: =E8*F8 -> 11.710546 | H8: =G8-C8 -> -0.28945418 | I8: =(G8-C8)/C8 -> -0.024121182 | J8: ='2024.05'!E36 -> 0
A9: ='2024.06'!A1 -> 2024.06 | B9: ='2024.06'!B36 -> 0 | C9: =C8+B9 -> 12 | D9: ='2024.06'!D36 -> 0 | E9: =E8+D9 -> 2.5457708 | F9: 4.67 | G9: =E9*F9 -> 11.88875 | H9: =G9-C9 -> -0.11125022 | I9: =(G9-C9)/C9 -> -0.009270852 | J9: ='2024.06'!E36 -> 0.35
A10: ='2024.07'!A1 -> 2024.07 | B10: ='2024.07'!B36 -> 0.79 | C10: =C9+B10 -> 12.79 | D10: ='2024.07'!D36 -> 0.16877096 | E10: =E9+D10 -> 2.7145418 | F10: 4.73 | G10: =E10*F10 -> 12.839783 | H10: =G10-C10 -> 0.049782667 | I10: =(G10-C10)/C10 -> 0.0038923117 | J10: ='2024.07'!E36 -> 0
A11: ='2024.08'!A1 -> 2024.08 | B11: ='2024.08'!B36 -> 0 | C11: =C10+B11 -> 12.79 | D11: ='2024.08'!D36 -> 0 | E11: =E10+D11 -> 2.7145418 | F11: 4.57 | G11: =E11*F11 -> 12.405456 | H11: =G11-C11 -> -0.38454402 | I11: =(G11-C11)/C11 -> -0.030065991 | J11: ='2024.08'!E36 -> 0
A12: ='2024.09'!A1 -> 2024.09 | B12: ='2024.09'!B36 -> 0 | C12: =C11+B12 -> 12.79 | D12: ='2024.09'!D36 -> 0 | E12: =E11+D12 -> 2.7145418 | F12: 4.56 | G12: =E12*F12 -> 12.378311 | H12: =G12-C12 -> -0.41168944 | I12: =(G12-C12)/C12 -> -0.032188384 | J12: ='2024.09'!E36 -> 0
A13: ='2024.10'!A1 -> 2024.10 | B13: ='2024.10'!B36 -> 0 | C13: =C12+B13 -> 12.79 | D13: ='2024.10'!D36 -> 0 | E13: =E12+D13 -> 2.7145418 | F13: 4.73 | G13: =E13*F13 -> 12.839783 | H13: =G13-C13 -> 0.049782667 | I13: =(G13-C13)/C13 -> 0.0038923117 | J13: ='2024.10'!E36 -> 0
A14: ='2024.11'!A1 -> 2024.11 | B14: ='2024.11'!B36 -> 0 | C14: =C13+B14 -> 12.79 | D14: ='2024.11'!D36 -> 0 | E14: =E13+D14 -> 2.7145418 | F14: 4.74 | G14: =E14*F14 -> 12.866928 | H14: =G14-C14 -> 0.076928085 | I14: =(G14-C14)/C14 -> 0.0060147056 | J14: ='2024.11'!E36 -> 0.39
A15: ='2024.12'!A1 -> 2024.12 | B15: ='2024.12'!B36 -> 1.43 | C15: =C14+B15 -> 14.22 | D15: ='2024.12'!D36 -> 0.2948332 | E15: =E14+D15 -> 3.009375 | F15: 4.83 | G15: =E15*F15 -> 14.535281 | H15: =G15-C15 -> 0.3152812 | I15: =(G15-C15)/C15 -> 0.022171674 | J15: ='2024.12'!E36 -> 0
A16: ='2025.01'!A1 -> 2025.01 | B16: ='2025.01'!B36 -> 0 | C16: =C15+B16 -> 14.22 | D16: ='2025.01'!D36 -> 0 | E16: =E15+D16 -> 3.009375 | F16: 4.89 | G16: =E16*F16 -> 14.715844 | H16: =G16-C16 -> 0.4958437 | I16: =(G16-C16)/C16 -> 0.034869459 | J16: ='2025.01'!E36 -> 0
A17: ='2025.02'!A1 -> 2025.02 | B17: ='2025.02'!B36 -> 0 | C17: =C16+B17 -> 14.22 | D17: ='2025.02'!D36 -> 0 | E17: =E16+D17 -> 3.009375 | F17: 4.88 | G17: =E17*F17 -> 14.68575 | H17: =G17-C17 -> 0.46574995 | I17: =(G17-C17)/C17 -> 0.032753161 | J17: ='2025.02'!E36 -> 0
A18: ='2025.03'!A1 -> 2025.03 | B18: ='2025.03'!B36 -> 1.01 | C18: =C17+B18 -> 15.23 | D18: ='2025.03'!D36 -> 0.21438729 | E18: =E17+D18 -> 3.2237623 | F18: 4.72 | G18: =E18*F18 -> 15.216158 | H18: =G18-C18 -> -0.013842038 | I18: =(G18-C18)/C18 -> -0.00090886661 | J18: ='2025.03'!E36 -> 0
A19: ='2025.04'!A1 -> 2025.04 | B19: ='2025.04'!B36 -> 7.48 | C19: =C18+B19 -> 22.71 | D19: ='2025.04'!D36 -> 1.6529674 | E19: =E18+D19 -> 4.8767297 | F19: 4.51 | G19: =E19*F19 -> 21.994051 | H19: =G19-C19 -> -0.71594919 | I19: =(G19-C19)/C19 -> -0.031525724 | J19: ='2025.04'!E36 -> 0
A20: ='2025.05'!A1 -> 2025.05 | B20: ='2025.05'!B36 -> 2.05 | C20: =C19+B20 -> 24.76 | D20: ='2025.05'!D36 -> 0.45383216 | E20: =E19+D20 -> 5.3305618 | F20: 4.42 | G20: =E20*F20 -> 23.561083 | H20: =G20-C20 -> -1.1989167 | I20: =(G20-C20)/C20 -> -0.048421515 | J20: ='2025.05'!E36 -> 0
A21: ='2025.06'!A1 -> 2025.06 | B21: ='2025.06'!B48 -> 3.91 | C21: =C20+B21 -> 28.67 | D21: ='2025.06'!D48 -> 0.88997131 | E21: =E20+D21 -> 6.2205331 | F21: 4.29 | G21: =E21*F21 -> 26.686087 | H21: =G21-C21 -> -1.9839128 | I21: =(G21-C21)/C21 -> -0.069198215 | J21: ='2025.06'!E48 -> 0.59
A22: ='2025.07'!A1 -> 2025.07 | B22: ='2025.07'!B48 -> 4.95 | C22: =C21+B22 -> 33.62 | D22: ='2025.07'!D48 -> 1.1522989 | E22: =E21+D22 -> 7.372832 | F22: 4.43 | G22: =E22*F22 -> 32.661646 | H22: =G22-C22 -> -0.95835415 | I22: =(G22-C22)/C22 -> -0.028505477 | J22: ='2025.07'!E48 -> 0
A23: ='2025.08'!A1 -> 2025.08 | B23: ='2025.08'!B48 -> 3.31 | C23: =C22+B23 -> 36.93 | D23: ='2025.08'!D48 -> 0.75435386 | E23: =E22+D23 -> 8.1271859 | F23: 4.35 | G23: =E23*F23 -> 35.353259 | H23: =G23-C23 -> -1.5767414 | I23: =(G23-C23)/C23 -> -0.042695408 | J23: ='2025.08'!E48 -> 0
A24: ='2025.09'!A1 -> 2025.09 | B24: ='2025.09'!B48 -> 2.1 | C24: =C23+B24 -> 39.03 | D24: ='2025.09'!D48 -> 0.48090864 | E24: =E23+D24 -> 8.6080945 | F24: 4.35 | G24: =E24*F24 -> 37.445211 | H24: =G24-C24 -> -1.5847888 | I24: =(G24-C24)/C24 -> -0.040604377 | J24: ='2025.09'!E48 -> 0
A25: ='2025.10'!A1 -> 2025.10 | B25: ='2025.10'!B48 -> 2.45 | C25: =C24+B25 -> 41.48 | D25: ='2025.10'!D48 -> 0.56277851 | E25: =E24+D25 -> 9.170873 | F25: 4.45 | G25: =E25*F25 -> 40.810385 | H25: =G25-C25 -> -0.66961502 | I25: =(G25-C25)/C25 -> -0.016143081 | J25: ='2025.10'!E48 -> 0
A26: ='2025.11'!A1 -> 2025.11 | B26: ='2025.11'!B48 -> 2.5 | C26: =C25+B26 -> 43.98 | D26: ='2025.11'!D48 -> 0.56095317 | E26: =E25+D26 -> 9.7318262 | F26: 4.32 | G26: =E26*F26 -> 42.041489 | H26: =G26-C26 -> -1.9385108 | I26: =(G26-C26)/C26 -> -0.044077099 | J26: ='2025.11'!E48 -> 0
A27: ='2025.12'!A1 -> 2025.12 | B27: ='2025.12'!B48 -> 2.44 | C27: =C26+B27 -> 46.42 | D27: ='2025.12'!D48 -> 0.56583647 | E27: =E26+D27 -> 10.297663 | F27: 4.28 | G27: =E27*F27 -> 44.073996 | H27: =G27-C27 -> -2.3460038 | I27: =(G27-C27)/C27 -> -0.050538642 | J27: ='2025.12'!E48 -> 1.06
A28: ='2026.01'!A1 -> 2026.01 | B28: ='2026.01'!B48 -> 0 | C28: =C27+B28 -> 46.42 | D28: ='2026.01'!D48 -> 0 | E28: =E27+D28 -> 10.297663 | F28: 4.27 | G28: =E28*F28 -> 43.97102 | H28: =G28-C28 -> -2.4489804 | I28: =(G28-C28)/C28 -> -0.05275701 | J28: ='2026.01'!E48 -> 0
A29: ='2026.02'!A1 -> 2026.02 | B29: ='2026.02'!B48 -> 1.9 | C29: =C28+B29 -> 48.32 | D29: ='2026.02'!D48 -> 0.44259126 | E29: =E28+D29 -> 10.740254 | F29: 4.29 | G29: =E29*F29 -> 46.075689 | H29: =G29-C29 -> -2.2443106 | I29: =(G29-C29)/C29 -> -0.046446826 | J29: ='2026.02'!E48 -> 0
A30: ='2026.03'!A1 -> 2026.03 | B30: ='2026.03'!B48 -> 1.48 | C30: =C29+B30 -> 49.8 | D30: ='2026.03'!D48 -> 0.34128119 | E30: =E29+D30 -> 11.081535 | F30: 4.43 | G30: =E30*F30 -> 49.091201 | H30: =G30-C30 -> -0.70879942 | I30: =(G30-C30)/C30 -> -0.01423292 | J30: ='2026.03'!E48 -> 0
A31: ='2026.04'!N2 -> 2026.04 | B31: ='2026.04'!B54 -> 0.3 | C31: =C30+B31 -> 50.1 | D31: ='2026.04'!D54 -> 0.06892889 | E31: =E30+D31 -> 11.150464 | F31: 4.39 | G31: =E31*F31 -> 48.950537 | H31: =G31-C31 -> -1.149463 | I31: =(G31-C31)/C31 -> -0.022943373 | J31: ='2026.04'!L54 -> 0

Sheet IBCD
A1: IBCD iShares Corporate Bond ETF (Dist)
A3: Data | B3: Suma, EUR | D3: Kiekis | F3: Mėnesio gale | J3: Dividendai | L3: IBCD | M3: Įnešta | N3: Be dividendų | P3: Su dividendais | R3: Kiekis | S3: Dividendai
B4: Įnešta | C4: Viso | D4: Viso | E4: Mėnesio | F4: Kaina | G4: Vertė | H4: Pelnas | I4: % | N4: Vertė | O4: Pelnas | P4: Vertė | Q4: Pelnas
A5: ='2024.02'!A1 -> 2024.02 | B5: ='2024.02'!B45 -> 11 | C5: =B5 -> 11 | D5: ='2024.02'!D45 -> 0.11664478 | E5: =D5 -> 0.11664478 | F5: 94.13 | G5: =E5*F5 -> 10.979773 | H5: =G5-C5 -> -0.020226859 | I5: =(G5-C5)/C5 -> -0.0018388053 | J5: ='2024.02'!E45 -> 0 | L5: Viso: | M5: =SUM(B5:B67) -> 48.38 | N5: =INDEX(G5:G100,MATCH(9.99999999999999E+307,G5:G100)) -> 46.972579 | O5: =INDEX(I5:I100,MATCH(9.99999999999999E+307,I5:I100)) -> -0.029090976 | P5: =N5+S5 -> 49.432579 | Q5: =(P5-M5)/M5 -> 0.021756481 | R5: =SUM(D5:D67) -> 0.53646161 | S5: =SUM(J5:J67) -> 2.46
A6: ='2024.03'!A1 -> 2024.03 | B6: ='2024.03'!B45 -> 0 | C6: =C5+B6 -> 11 | D6: ='2024.03'!D45 -> 0 | E6: =E5+D6 -> 0.11664478 | F6: 94.99 | G6: =E6*F6 -> 11.080088 | H6: =G6-C6 -> 0.080087652 | I6: =(G6-C6)/C6 -> 0.0072806957 | J6: ='2024.03'!E45 -> 0
A7: ='2024.04'!A1 -> 2024.04 | B7: ='2024.04'!B45 -> 0 | C7: =C6+B7 -> 11 | D7: ='2024.04'!D45 -> 0 | E7: =E6+D7 -> 0.11664478 | F7: 92.5 | G7: =E7*F7 -> 10.789642 | H7: =G7-C7 -> -0.21035785 | I7: =(G7-C7)/C7 -> -0.019123441 | J7: ='2024.04'!E45 -> 0.13
A8: ='2024.05'!A1 -> 2024.05 | B8: ='2024.05'!B45 -> 0 | C8: =C7+B8 -> 11 | D8: ='2024.05'!D45 -> 0 | E8: =E7+D8 -> 0.11664478 | F8: 93.53 | G8: =E8*F8 -> 10.909786 | H8: =G8-C8 -> -0.090213727 | I8: =(G8-C8)/C8 -> -0.0082012479 | J8: ='2024.05'!E45 -> 0
A9: ='2024.06'!A1 -> 2024.06 | B9: ='2024.06'!B45 -> 0 | C9: =C8+B9 -> 11 | D9: ='2024.06'!D45 -> 0 | E9: =E8+D9 -> 0.11664478 | F9: 94.56 | G9: =E9*F9 -> 11.02993 | H9: =G9-C9 -> 0.029930397 | I9: =(G9-C9)/C9 -> 0.0027209452 | J9: ='2024.06'!E45 -> 0
A10: ='2024.07'!A1 -> 2024.07 | B10: ='2024.07'!B45 -> 0 | C10: =C9+B10 -> 11 | D10: ='2024.07'!D45 -> 0 | E10: =E9+D10 -> 0.11664478 | F10: 95.42 | G10: =E10*F10 -> 11.130245 | H10: =G10-C10 -> 0.13024491 | I10: =(G10-C10)/C10 -> 0.011840446 | J10: ='2024.07'!E45 -> 0.13
A11: ='2024.08'!A1 -> 2024.08 | B11: ='2024.08'!B45 -> 0 | C11: =C10+B11 -> 11 | D11: ='2024.08'!D45 -> 0 | E11: =E10+D11 -> 0.11664478 | F11: 94.82 | G11: =E11*F11 -> 11.060258 | H11: =G11-C11 -> 0.06025804 | I11: =(G11-C11)/C11 -> 0.0054780036 | J11: ='2024.08'!E45 -> 0
A12: ='2024.09'!A1 -> 2024.09 | B12: ='2024.09'!B45 -> 0 | C12: =C11+B12 -> 11 | D12: ='2024.09'!D45 -> 0 | E12: =E11+D12 -> 0.11664478 | F12: 94.47 | G12: =E12*F12 -> 11.019432 | H12: =G12-C12 -> 0.019432367 | I12: =(G12-C12)/C12 -> 0.0017665788 | J12: ='2024.09'!E45 -> 0.13
A13: ='2024.10'!A1 -> 2024.10 | B13: ='2024.10'!B45 -> 0 | C13: =C12+B13 -> 11 | D13: ='2024.10'!D45 -> 0 | E13: =E12+D13 -> 0.11664478 | F13: 94.73 | G13: =E13*F13 -> 11.04976 | H13: =G13-C13 -> 0.049760009 | I13: =(G13-C13)/C13 -> 0.0045236372 | J13: ='2024.10'!E45 -> 0
A14: ='2024.11'!A1 -> 2024.11 | B14: ='2024.11'!B45 -> 0 | C14: =C13+B14 -> 11 | D14: ='2024.11'!D45 -> 0 | E14: =E13+D14 -> 0.11664478 | F14: 98.85 | G14: =E14*F14 -> 11.530337 | H14: =G14-C14 -> 0.5303365 | I14: =(G14-C14)/C14 -> 0.048212409 | J14: ='2024.11'!E45 -> 0
A15: ='2024.12'!A1 -> 2024.12 | B15: ='2024.12'!B45 -> 2.12 | C15: =C14+B15 -> 13.12 | D15: ='2024.12'!D45 -> 0.02199218 | E15: =E14+D15 -> 0.13863696 | F15: 95.86 | G15: =E15*F15 -> 13.289739 | H15: =G15-C15 -> 0.16973899 | I15: =(G15-C15)/C15 -> 0.012937423 | J15: ='2024.12'!E45 -> 0.14
A16: ='2025.01'!A1 -> 2025.01 | B16: ='2025.01'!B45 -> 0 | C16: =C15+B16 -> 13.12 | D16: ='2025.01'!D45 -> 0 | E16: =E15+D16 -> 0.13863696 | F16: 97.67 | G16: =E16*F16 -> 13.540672 | H16: =G16-C16 -> 0.42067188 | I16: =(G16-C16)/C16 -> 0.032063406 | J16: ='2025.01'!E45 -> 0
A17: ='2025.02'!A1 -> 2025.02 | B17: ='2025.02'!B45 -> 0 | C17: =C16+B17 -> 13.12 | D17: ='2025.02'!D45 -> 0 | E17: =E16+D17 -> 0.13863696 | F17: 99.32 | G17: =E17*F17 -> 13.769423 | H17: =G17-C17 -> 0.64942287 | I17: =(G17-C17)/C17 -> 0.049498694 | J17: ='2025.02'!E45 -> 0
A18: ='2025.03'!A1 -> 2025.03 | B18: ='2025.03'!B45 -> 0.84 | C18: =C17+B18 -> 13.96 | D18: ='2025.03'!D45 -> 0.00891115 | E18: =E17+D18 -> 0.14754811 | F18: 93.73 | G18: =E18*F18 -> 13.829684 | H18: =G18-C18 -> -0.13031565 | I18: =(G18-C18)/C18 -> -0.0093349319 | J18: ='2025.03'!E45 -> 0.16
A19: ='2025.04'!A1 -> 2025.04 | B19: ='2025.04'!B45 -> 7.01 | C19: =C18+B19 -> 20.97 | D19: ='2025.04'!D45 -> 0.0783424 | E19: =E18+D19 -> 0.22589051 | F19: 89.42 | G19: =E19*F19 -> 20.199129 | H19: =G19-C19 -> -0.7708706 | I19: =(G19-C19)/C19 -> -0.036760639 | J19: ='2025.04'!E45 -> 0
A20: ='2025.05'!A1 -> 2025.05 | B20: ='2025.05'!B45 -> 2.06 | C20: =C19+B20 -> 23.03 | D20: ='2025.05'!D45 -> 0.02310536 | E20: =E19+D20 -> 0.24899587 | F20: 89.08 | G20: =E20*F20 -> 22.180552 | H20: =G20-C20 -> -0.8494479 | I20: =(G20-C20)/C20 -> -0.036884407 | J20: ='2025.05'!E45 -> 0
A21: ='2025.06'!A1 -> 2025.06 | B21: ='2025.06'!B60 -> 2.98 | C21: =C20+B21 -> 26.01 | D21: ='2025.06'!D60 -> 0.03367235 | E21: =E20+D21 -> 0.28266822 | F21: 86.71 | G21: =E21*F21 -> 24.510161 | H21: =G21-C21 -> -1.4998386 | I21: =(G21-C21)/C21 -> -0.057663923 | J21: ='2025.06'!E60 -> 0.3
A22: ='2025.07'!A1 -> 2025.07 | B22: ='2025.07'!B60 -> 4.44 | C22: =C21+B22 -> 30.45 | D22: ='2025.07'!D60 -> 0.0512216 | E22: =E21+D22 -> 0.33388982 | F22: 89.43 | G22: =E22*F22 -> 29.859767 | H22: =G22-C22 -> -0.5902334 | I22: =(G22-C22)/C22 -> -0.019383691 | J22: ='2025.07'!E60 -> 0
A23: ='2025.08'!A1 -> 2025.08 | B23: ='2025.08'!B60 -> 2.85 | C23: =C22+B23 -> 33.3 | D23: ='2025.08'!D60 -> 0.03209723 | E23: =E22+D23 -> 0.36598705 | F23: 88.06 | G23: =E23*F23 -> 32.22882 | H23: =G23-C23 -> -1.0711804 | I23: =(G23-C23)/C23 -> -0.032167579 | J23: ='2025.08'!E60 -> 0
A24: ='2025.09'!A1 -> 2025.09 | B24: ='2025.09'!B60 -> 2.09 | C24: =C23+B24 -> 35.39 | D24: ='2025.09'!D60 -> 0.02366801 | E24: =E23+D24 -> 0.38965506 | F24: 88.57 | G24: =E24*F24 -> 34.511749 | H24: =G24-C24 -> -0.87825134 | I24: =(G24-C24)/C24 -> -0.02481637 | J24: ='2025.09'!E60 -> 0.42
A25: ='2025.10'!A1 -> 2025.10 | B25: ='2025.10'!B60 -> 2.2 | C25: =C24+B25 -> 37.59 | D25: ='2025.10'!D60 -> 0.02485878 | E25: =E24+D25 -> 0.41451384 | F25: 90.13 | G25: =E25*F25 -> 37.360132 | H25: =G25-C25 -> -0.2298676 | I25: =(G25-C25)/C25 -> -0.0061151264 | J25: ='2025.10'!E60 -> 0
A26: ='2025.11'!A1 -> 2025.11 | B26: ='2025.11'!B60 -> 2.35 | C26: =C25+B26 -> 39.94 | D26: ='2025.11'!D60 -> 0.02608042 | E26: =E25+D26 -> 0.44059426 | F26: 90.29 | G26: =E26*F26 -> 39.781256 | H26: =G26-C26 -> -0.15874426 | I26: =(G26-C26)/C26 -> -0.0039745685 | J26: ='2025.11'!E60 -> 0
A27: ='2025.12'!A1 -> 2025.12 | B27: ='2025.12'!B60 -> 1.13 | C27: =C26+B27 -> 41.07 | D27: ='2025.12'!D60 -> 0.01257653 | E27: =E26+D27 -> 0.45317079 | F27: 87.78 | G27: =E27*F27 -> 39.779332 | H27: =G27-C27 -> -1.2906681 | I27: =(G27-C27)/C27 -> -0.031426054 | J27: ='2025.12'!E60 -> 0.48
A28: ='2026.01'!A1 -> 2026.01 | B28: ='2026.01'!B60 -> 2.83 | C28: =C27+B28 -> 43.9 | D28: ='2026.01'!D60 -> 0.03227944 | E28: =E27+D28 -> 0.48545023 | F28: 86.93 | G28: =E28*F28 -> 42.200188 | H28: =G28-C28 -> -1.6998115 | I28: =(G28-C28)/C28 -> -0.03872008 | J28: ='2026.01'!E60 -> 0
A29: ='2026.02'!A1 -> 2026.02 | B29: ='2026.02'!B60 -> 1.76 | C29: =C28+B29 -> 45.66 | D29: ='2026.02'!D60 -> 0.02012443 | E29: =E28+D29 -> 0.50557466 | F29: 88.59 | G29: =E29*F29 -> 44.788859 | H29: =G29-C29 -> -0.87114087 | I29: =(G29-C29)/C29 -> -0.019078863 | J29: ='2026.02'!E60 -> 0
A30: ='2026.03'!A1 -> 2026.03 | B30: ='2026.03'!B60 -> 1.08 | C30: =C29+B30 -> 46.74 | D30: ='2026.03'!D60 -> 0.01216076 | E30: =E29+D30 -> 0.51773542 | F30: 87.19 | G30: =E30*F30 -> 45.141351 | H30: =G30-C30 -> -1.5986487 | I30: =(G30-C30)/C30 -> -0.034203011 | J30: ='2026.03'!E60 -> 0
A31: ='2026.04'!N2 -> 2026.04 | B31: ='2026.04'!B68 -> 1.64 | C31: =C30+B31 -> 48.38 | D31: ='2026.04'!D68 -> 0.01872619 | E31: =E30+D31 -> 0.53646161 | F31: 87.56 | G31: =E31*F31 -> 46.972579 | H31: =G31-C31 -> -1.4074214 | I31: =(G31-C31)/C31 -> -0.029090976 | J31: ='2026.04'!L68 -> 0.57

Sheet IS3Q
A1: IS3Q iShares Edge MSCI World Quality (Acc)
A3: Data | B3: Suma, EUR | D3: Kiekis | F3: Mėnesio gale | J3: Dividendai | L3: IS3Q | M3: Įnešta | N3: Be dividendų | P3: Su dividendais | R3: Kiekis | S3: Dividendai
B4: Įnešta | C4: Viso | D4: Viso | E4: Mėnesio | F4: Kaina | G4: Vertė | H4: Pelnas | I4: % | N4: Vertė | O4: Pelnas | P4: Vertė | Q4: Pelnas
A5: ='2024.02'!A1 -> 2024.02 | B5: ='2024.02'!B54 -> 20 | C5: =B5 -> 20 | D5: ='2024.02'!D54 -> 0.33967391 | E5: =D5 -> 0.33967391 | F5: 58.7 | G5: =E5*F5 -> 19.938859 | H5: =G5-C5 -> -0.061141483 | I5: =(G5-C5)/C5 -> -0.0030570741 | J5: ='2024.02'!E54 -> 0 | L5: Viso: | M5: =SUM(B5:B67) -> 78.48 | N5: =INDEX(G5:G100,MATCH(9.99999999999999E+307,G5:G100)) -> 84.942734 | O5: =INDEX(I5:I100,MATCH(9.99999999999999E+307,I5:I100)) -> 0.082348805 | P5: =N5+S5 -> 84.942734 | Q5: =(P5-M5)/M5 -> 0.082348805 | R5: =SUM(D5:D67) -> 1.2571072 | S5: =SUM(J5:J67) -> 0
A6: ='2024.03'!A1 -> 2024.03 | B6: ='2024.03'!B54 -> 0 | C6: =C5+B6 -> 20 | D6: ='2024.03'!D54 -> 0 | E6: =E5+D6 -> 0.33967391 | F6: 60.56 | G6: =E6*F6 -> 20.570652 | H6: =G6-C6 -> 0.57065199 | I6: =(G6-C6)/C6 -> 0.028532599 | J6: ='2024.03'!E54 -> 0
A7: ='2024.04'!A1 -> 2024.04 | B7: ='2024.04'!B54 -> 0 | C7: =C6+B7 -> 20 | D7: ='2024.04'!D54 -> 0 | E7: =E6+D7 -> 0.33967391 | F7: 58.91 | G7: =E7*F7 -> 20.01019 | H7: =G7-C7 -> 0.010190038 | I7: =(G7-C7)/C7 -> 0.0005095019 | J7: ='2024.04'!E54 -> 0
A8: ='2024.05'!A1 -> 2024.05 | B8: ='2024.05'!B54 -> 0 | C8: =C7+B8 -> 20 | D8: ='2024.05'!D54 -> 0 | E8: =E7+D8 -> 0.33967391 | F8: 60.62 | G8: =E8*F8 -> 20.591032 | H8: =G8-C8 -> 0.59103242 | I8: =(G8-C8)/C8 -> 0.029551621 | J8: ='2024.05'!E54 -> 0
A9: ='2024.06'!A1 -> 2024.06 | B9: ='2024.06'!B54 -> 0 | C9: =C8+B9 -> 20 | D9: ='2024.06'!D54 -> 0 | E9: =E8+D9 -> 0.33967391 | F9: 63.24 | G9: =E9*F9 -> 21.480978 | H9: =G9-C9 -> 1.4809781 | I9: =(G9-C9)/C9 -> 0.074048903 | J9: ='2024.06'!E54 -> 0
A10: ='2024.07'!A1 -> 2024.07 | B10: ='2024.07'!B54 -> 0 | C10: =C9+B10 -> 20 | D10: ='2024.07'!D54 -> 0 | E10: =E9+D10 -> 0.33967391 | F10: 62.94 | G10: =E10*F10 -> 21.379076 | H10: =G10-C10 -> 1.3790759 | I10: =(G10-C10)/C10 -> 0.068953795 | J10: ='2024.07'!E54 -> 0
A11: ='2024.08'!A1 -> 2024.08 | B11: ='2024.08'!B54 -> 0 | C11: =C10+B11 -> 20 | D11: ='2024.08'!D54 -> 0 | E11: =E10+D11 -> 0.33967391 | F11: 63.59 | G11: =E11*F11 -> 21.599864 | H11: =G11-C11 -> 1.5998639 | I11: =(G11-C11)/C11 -> 0.079993197 | J11: ='2024.08'!E54 -> 0
A12: ='2024.09'!A1 -> 2024.09 | B12: ='2024.09'!B54 -> 0 | C12: =C11+B12 -> 20 | D12: ='2024.09'!D54 -> 0 | E12: =E11+D12 -> 0.33967391 | F12: 63.59 | G12: =E12*F12 -> 21.599864 | H12: =G12-C12 -> 1.5998639 | I12: =(G12-C12)/C12 -> 0.079993197 | J12: ='2024.09'!E54 -> 0
A13: ='2024.10'!A1 -> 2024.10 | B13: ='2024.10'!B54 -> 0 | C13: =C12+B13 -> 20 | D13: ='2024.10'!D54 -> 0 | E13: =E12+D13 -> 0.33967391 | F13: 63.88 | G13: =E13*F13 -> 21.698369 | H13: =G13-C13 -> 1.6983694 | I13: =(G13-C13)/C13 -> 0.084918469 | J13: ='2024.10'!E54 -> 0
A14: ='2024.11'!A1 -> 2024.11 | B14: ='2024.11'!B54 -> 0 | C14: =C13+B14 -> 20 | D14: ='2024.11'!D54 -> 0 | E14: =E13+D14 -> 0.33967391 | F14: 67.83 | G14: =E14*F14 -> 23.040081 | H14: =G14-C14 -> 3.0400813 | I14: =(G14-C14)/C14 -> 0.15200407 | J14: ='2024.11'!E54 -> 0
A15: ='2024.12'!A1 -> 2024.12 | B15: ='2024.12'!B54 -> 1.29 | C15: =C14+B15 -> 21.29 | D15: ='2024.12'!D54 -> 0.01956917 | E15: =E14+D15 -> 0.35924308 | F15: 66.92 | G15: =E15*F15 -> 24.040547 | H15: =G15-C15 -> 2.7505469 | I15: =(G15-C15)/C15 -> 0.12919431 | J15: ='2024.12'!E54 -> 0
A16: ='2025.01'!A1 -> 2025.01 | B16: ='2025.01'!B54 -> 0 | C16: =C15+B16 -> 21.29 | D16: ='2025.01'!D54 -> 0 | E16: =E15+D16 -> 0.35924308 | F16: 68.7 | G16: =E16*F16 -> 24.68 | H16: =G16-C16 -> 3.3899996 | I16: =(G16-C16)/C16 -> 0.15922967 | J16: ='2025.01'!E54 -> 0
A17: ='2025.02'!A1 -> 2025.02 | B17: ='2025.02'!B54 -> 0 | C17: =C16+B17 -> 21.29 | D17: ='2025.02'!D54 -> 0 | E17: =E16+D17 -> 0.35924308 | F17: 67.98 | G17: =E17*F17 -> 24.421345 | H17: =G17-C17 -> 3.1313446 | I17: =(G17-C17)/C17 -> 0.14708053 | J17: ='2025.02'!E54 -> 0
A18: ='2025.03'!A1 -> 2025.03 | B18: ='2025.03'!B54 -> 2.48 | C18: =C17+B18 -> 23.77 | D18: ='2025.03'!D54 -> 0.03885929 | E18: =E17+D18 -> 0.39810237 | F18: 62.87 | G18: =E18*F18 -> 25.028696 | H18: =G18-C18 -> 1.258696 | I18: =(G18-C18)/C18 -> 0.052953134 | J18: ='2025.03'!E54 -> 0
A19: ='2025.04'!A1 -> 2025.04 | B19: ='2025.04'!B54 -> 13.29 | C19: =C18+B19 -> 37.06 | D19: ='2025.04'!D54 -> 0.22278486 | E19: =E18+D19 -> 0.62088723 | F19: 60.25 | G19: =E19*F19 -> 37.408456 | H19: =G19-C19 -> 0.34845561 | I19: =(G19-C19)/C19 -> 0.0094024719 | J19: ='2025.04'!E54 -> 0
A20: ='2025.05'!A1 -> 2025.05 | B20: ='2025.05'!B54 -> 2.42 | C20: =C19+B20 -> 39.48 | D20: ='2025.05'!D54 -> 0.04011013 | E20: =E19+D20 -> 0.66099736 | F20: 62.44 | G20: =E20*F20 -> 41.272675 | H20: =G20-C20 -> 1.7926752 | I20: =(G20-C20)/C20 -> 0.045407172 | J20: ='2025.05'!E54 -> 0
A21: ='2025.06'!A1 -> 2025.06 | B21: ='2025.06'!B72 -> 4.82 | C21: =C20+B21 -> 44.3 | D21: ='2025.06'!D72 -> 0.07769181 | E21: =E20+D21 -> 0.73868917 | F21: 62.11 | G21: =E21*F21 -> 45.879984 | H21: =G21-C21 -> 1.5799843 | I21: =(G21-C21)/C21 -> 0.035665561 | J21: ='2025.06'!E72 -> 0
A22: ='2025.07'!A1 -> 2025.07 | B22: ='2025.07'!B72 -> 6.07 | C22: =C21+B22 -> 50.37 | D22: ='2025.07'!D72 -> 0.09696903 | E22: =E21+D22 -> 0.8356582 | F22: 64.08 | G22: =E22*F22 -> 53.548977 | H22: =G22-C22 -> 3.1789775 | I22: =(G22-C22)/C22 -> 0.063112516 | J22: ='2025.07'!E72 -> 0
A23: ='2025.08'!A1 -> 2025.08 | B23: ='2025.08'!B72 -> 5.03 | C23: =C22+B23 -> 55.4 | D23: ='2025.08'!D72 -> 0.07882156 | E23: =E22+D23 -> 0.91447976 | F23: 64.13 | G23: =E23*F23 -> 58.645587 | H23: =G23-C23 -> 3.245587 | I23: =(G23-C23)/C23 -> 0.058584603 | J23: ='2025.08'!E72 -> 0
A24: ='2025.09'!A1 -> 2025.09 | B24: ='2025.09'!B72 -> 3.6 | C24: =C23+B24 -> 59 | D24: ='2025.09'!D72 -> 0.05618351 | E24: =E23+D24 -> 0.97066327 | F24: 65.53 | G24: =E24*F24 -> 63.607564 | H24: =G24-C24 -> 4.6075641 | I24: =(G24-C24)/C24 -> 0.078094306 | J24: ='2025.09'!E72 -> 0
A25: ='2025.10'!A1 -> 2025.10 | B25: ='2025.10'!B72 -> 2.95 | C25: =C24+B25 -> 61.95 | D25: ='2025.10'!D72 -> 0.04486692 | E25: =E24+D25 -> 1.0155302 | F25: 67.57 | G25: =E25*F25 -> 68.619375 | H25: =G25-C25 -> 6.6693749 | I25: =(G25-C25)/C25 -> 0.10765738 | J25: ='2025.10'!E72 -> 0
A26: ='2025.11'!A1 -> 2025.11 | B26: ='2025.11'!B72 -> 3.48 | C26: =C25+B26 -> 65.43 | D26: ='2025.11'!D72 -> 0.05128205 | E26: =E25+D26 -> 1.0668122 | F26: 67.94 | G26: =E26*F26 -> 72.479224 | H26: =G26-C26 -> 7.0492236 | I26: =(G26-C26)/C26 -> 0.10773687 | J26: ='2025.11'!E72 -> 0
A27: ='2025.12'!A1 -> 2025.12 | B27: ='2025.12'!B72 -> 2.09 | C27: =C26+B27 -> 67.52 | D27: ='2025.12'!D72 -> 0.03103653 | E27: =E26+D27 -> 1.0978488 | F27: 68.3 | G27: =E27*F27 -> 74.983071 | H27: =G27-C27 -> 7.463071 | I27: =(G27-C27)/C27 -> 0.11053126 | J27: ='2025.12'!E72 -> 0
A28: ='2026.01'!A1 -> 2026.01 | B28: ='2026.01'!B72 -> 2.46 | C28: =C27+B28 -> 69.98 | D28: ='2026.01'!D72 -> 0.03600703 | E28: =E27+D28 -> 1.1338558 | F28: 69.57 | G28: =E28*F28 -> 78.882348 | H28: =G28-C28 -> 8.902348 | I28: =(G28-C28)/C28 -> 0.12721275 | J28: ='2026.01'!E72 -> 0
A29: ='2026.02'!A1 -> 2026.02 | B29: ='2026.02'!B72 -> 1.41 | C29: =C28+B29 -> 71.39 | D29: ='2026.02'!D72 -> 0.0200341 | E29: =E28+D29 -> 1.1538899 | F29: 70.78 | G29: =E29*F29 -> 81.672327 | H29: =G29-C29 -> 10.282327 | I29: =(G29-C29)/C29 -> 0.14403036 | J29: ='2026.02'!E72 -> 0
A30: ='2026.03'!A1 -> 2026.03 | B30: ='2026.03'!B72 -> 1.74 | C30: =C29+B30 -> 73.13 | D30: ='2026.03'!D72 -> 0.02465637 | E30: =E29+D30 -> 1.1785463 | F30: 67.71 | G30: =E30*F30 -> 79.799368 | H30: =G30-C30 -> 6.6693679 | I30: =(G30-C30)/C30 -> 0.091198796 | J30: ='2026.03'!E72 -> 0
A31: ='2026.04'!N2 -> 2026.04 | B31: ='2026.04'!B82 -> 5.35 | C31: =C30+B31 -> 78.48 | D31: ='2026.04'!D82 -> 0.07856094 | E31: =E30+D31 -> 1.2571072 | F31: 67.57 | G31: =E31*F31 -> 84.942734 | H31: =G31-C31 -> 6.4627342 | I31: =(G31-C31)/C31 -> 0.082348805 | J31: ='2026.03'!E73 -> 0

Sheet IUSU
A1: IUSU iShares USD Treasury Bond 1-3yr (Dist)
A3: Data | B3: Suma, EUR | D3: Kiekis | F3: Mėnesio gale | J3: Dividendai | L3: IUSU | M3: Įnešta | N3: Be dividendų | P3: Su dividendais | R3: Kiekis | S3: Dividendai
B4: Įnešta | C4: Viso | D4: Viso | E4: Mėnesio | F4: Kaina | G4: Vertė | H4: Pelnas | I4: % | N4: Vertė | O4: Pelnas | P4: Vertė | Q4: Pelnas
A5: ='2024.02'!A1 -> 2024.02 | B5: ='2024.02'!B63 -> 10 | C5: =B5 -> 10 | D5: ='2024.02'!D63 -> 0.08443813 | E5: =D5 -> 0.08443813 | F5: 118.79 | G5: =E5*F5 -> 10.030405 | H5: =G5-C5 -> 0.030405463 | I5: =(G5-C5)/C5 -> 0.0030405463 | J5: ='2024.02'!E63 -> 0 | L5: Viso: | M5: =SUM(B5:B67) -> 42.21 | N5: =INDEX(G5:G100,MATCH(9.99999999999999E+307,G5:G100)) -> 40.989087 | O5: =INDEX(I5:I100,MATCH(9.99999999999999E+307,I5:I100)) -> -0.028924732 | P5: =N5+S5 -> 43.069087 | Q5: =(P5-M5)/M5 -> 0.020352691 | R5: =SUM(D5:D67) -> 0.37161457 | S5: =SUM(J5:J67) -> 2.08
A6: ='2024.03'!A1 -> 2024.03 | B6: ='2024.03'!B63 -> 0 | C6: =C5+B6 -> 10 | D6: ='2024.03'!D63 -> 0 | E6: =E5+D6 -> 0.08443813 | F6: 116.89 | G6: =E6*F6 -> 9.869973 | H6: =G6-C6 -> -0.13002698 | I6: =(G6-C6)/C6 -> -0.013002698 | J6: ='2024.03'!E63 -> 0
A7: ='2024.04'!A1 -> 2024.04 | B7: ='2024.04'!B63 -> 0 | C7: =C6+B7 -> 10 | D7: ='2024.04'!D63 -> 0 | E7: =E6+D7 -> 0.08443813 | F7: 117.6 | G7: =E7*F7 -> 9.9299241 | H7: =G7-C7 -> -0.070075912 | I7: =(G7-C7)/C7 -> -0.0070075912 | J7: ='2024.04'!E63 -> 0.2
A8: ='2024.05'!A1 -> 2024.05 | B8: ='2024.05'!B63 -> 0 | C8: =C7+B8 -> 10 | D8: ='2024.05'!D63 -> 0 | E8: =E7+D8 -> 0.08443813 | F8: 116.65 | G8: =E8*F8 -> 9.8497079 | H8: =G8-C8 -> -0.15029214 | I8: =(G8-C8)/C8 -> -0.015029214 | J8: ='2024.05'!E63 -> 0
A9: ='2024.06'!A1 -> 2024.06 | B9: ='2024.06'!B63 -> 0 | C9: =C8+B9 -> 10 | D9: ='2024.06'!D63 -> 0 | E9: =E8+D9 -> 0.08443813 | F9: 119.02 | G9: =E9*F9 -> 10.049826 | H9: =G9-C9 -> 0.049826233 | I9: =(G9-C9)/C9 -> 0.0049826233 | J9: ='2024.06'!E63 -> 0
A10: ='2024.07'!A1 -> 2024.07 | B10: ='2024.07'!B63 -> 0 | C10: =C9+B10 -> 10 | D10: ='2024.07'!D63 -> 0 | E10: =E9+D10 -> 0.08443813 | F10: 118.9 | G10: =E10*F10 -> 10.039694 | H10: =G10-C10 -> 0.039693657 | I10: =(G10-C10)/C10 -> 0.0039693657 | J10: ='2024.07'!E63 -> 0
A11: ='2024.08'!A1 -> 2024.08 | B11: ='2024.08'!B63 -> 0 | C11: =C10+B11 -> 10 | D11: ='2024.08'!D63 -> 0 | E11: =E10+D11 -> 0.08443813 | F11: 117.48 | G11: =E11*F11 -> 9.9197915 | H11: =G11-C11 -> -0.080208488 | I11: =(G11-C11)/C11 -> -0.0080208488 | J11: ='2024.08'!E63 -> 0
A12: ='2024.09'!A1 -> 2024.09 | B12: ='2024.09'!B63 -> 0 | C12: =C11+B12 -> 10 | D12: ='2024.09'!D63 -> 0 | E12: =E11+D12 -> 0.08443813 | F12: 115.35 | G12: =E12*F12 -> 9.7399383 | H12: =G12-C12 -> -0.2600617 | I12: =(G12-C12)/C12 -> -0.02600617 | J12: ='2024.09'!E63 -> 0.21
A13: ='2024.10'!A1 -> 2024.10 | B13: ='2024.10'!B63 -> 0 | C13: =C12+B13 -> 10 | D13: ='2024.10'!D63 -> 0 | E13: =E12+D13 -> 0.08443813 | F13: 117.48 | G13: =E13*F13 -> 9.9197915 | H13: =G13-C13 -> -0.080208488 | I13: =(G13-C13)/C13 -> -0.0080208488 | J13: ='2024.10'!E63 -> 0
A14: ='2024.11'!A1 -> 2024.11 | B14: ='2024.11'!B63 -> 0 | C14: =C13+B14 -> 10 | D14: ='2024.11'!D63 -> 0 | E14: =E13+D14 -> 0.08443813 | F14: 120.92 | G14: =E14*F14 -> 10.210259 | H14: =G14-C14 -> 0.21025868 | I14: =(G14-C14)/C14 -> 0.021025868 | J14: ='2024.11'!E63 -> 0
A15: ='2024.12'!A1 -> 2024.12 | B15: ='2024.12'!B63 -> 1.74 | C15: =C14+B15 -> 11.74 | D15: ='2024.12'!D63 -> 0.01413199 | E15: =E14+D15 -> 0.09857012 | F15: 122.45 | G15: =E15*F15 -> 12.069911 | H15: =G15-C15 -> 0.32991119 | I15: =(G15-C15)/C15 -> 0.028101465 | J15: ='2024.12'!E63 -> 0
A16: ='2025.01'!A1 -> 2025.01 | B16: ='2025.01'!B63 -> 0 | C16: =C15+B16 -> 11.74 | D16: ='2025.01'!D63 -> 0 | E16: =E15+D16 -> 0.09857012 | F16: 124.48 | G16: =E16*F16 -> 12.270009 | H16: =G16-C16 -> 0.53000854 | I16: =(G16-C16)/C16 -> 0.045145531 | J16: ='2025.01'!E63 -> 0
A17: ='2025.02'!A1 -> 2025.02 | B17: ='2025.02'!B63 -> 0 | C17: =C16+B17 -> 11.74 | D17: ='2025.02'!D63 -> 0 | E17: =E16+D17 -> 0.09857012 | F17: 125.19 | G17: =E17*F17 -> 12.339993 | H17: =G17-C17 -> 0.59999332 | I17: =(G17-C17)/C17 -> 0.051106757 | J17: ='2025.02'!E63 -> 0
A18: ='2025.03'!A1 -> 2025.03 | B18: ='2025.03'!B63 -> 1.06 | C18: =C17+B18 -> 12.8 | D18: ='2025.03'!D63 -> 0.0090209 | E18: =E17+D18 -> 0.10759102 | F18: 117.85 | G18: =E18*F18 -> 12.679602 | H18: =G18-C18 -> -0.12039829 | I18: =(G18-C18)/C18 -> -0.0094061166 | J18: ='2025.03'!E63 -> 0.25
A19: ='2025.04'!A1 -> 2025.04 | B19: ='2025.04'!B63 -> 6.18 | C19: =C18+B19 -> 18.98 | D19: ='2025.04'!D63 -> 0.05449365 | E19: =E18+D19 -> 0.16208467 | F19: 113.15 | G19: =E19*F19 -> 18.33988 | H19: =G19-C19 -> -0.64011959 | I19: =(G19-C19)/C19 -> -0.033726006 | J19: ='2025.04'!E63 -> 0
A20: ='2025.05'!A1 -> 2025.05 | B20: ='2025.05'!B63 -> 1.74 | C20: =C19+B20 -> 20.72 | D20: ='2025.05'!D63 -> 0.01536821 | E20: =E19+D20 -> 0.17745288 | F20: 112.88 | G20: =E20*F20 -> 20.030881 | H20: =G20-C20 -> -0.68911891 | I20: =(G20-C20)/C20 -> -0.033258634 | J20: ='2025.05'!E63 -> 0
A21: ='2025.06'!A1 -> 2025.06 | B21: ='2025.06'!B84 -> 2.85 | C21: =C20+B21 -> 23.57 | D21: ='2025.06'!D84 -> 0.02537282 | E21: =E20+D21 -> 0.2028257 | F21: 109.6 | G21: =E21*F21 -> 22.229697 | H21: =G21-C21 -> -1.3403033 | I21: =(G21-C21)/C21 -> -0.056864798 | J21: ='2025.06'!E84 -> 0
A22: ='2025.07'!A1 -> 2025.07 | B22: ='2025.07'!B84 -> 4.16 | C22: =C21+B22 -> 27.73 | D22: ='2025.07'!D84 -> 0.03791326 | E22: =E21+D22 -> 0.24073896 | F22: 112.78 | G22: =E22*F22 -> 27.15054 | H22: =G22-C22 -> -0.57946009 | I22: =(G22-C22)/C22 -> -0.020896505 | J22: ='2025.07'!E84 -> 0
A23: ='2025.08'!A1 -> 2025.08 | B23: ='2025.08'!B84 -> 2.77 | C23: =C22+B23 -> 30.5 | D23: ='2025.08'!D84 -> 0.02476304 | E23: =E22+D23 -> 0.265502 | F23: 111.15 | G23: =E23*F23 -> 29.510547 | H23: =G23-C23 -> -0.9894527 | I23: =(G23-C23)/C23 -> -0.032441072 | J23: ='2025.08'!E84 -> 0
A24: ='2025.09'!A1 -> 2025.09 | B24: ='2025.09'!B84 -> 1.68 | C24: =C23+B24 -> 32.18 | D24: ='2025.09'!D84 -> 0.01505054 | E24: =E23+D24 -> 0.28055254 | F24: 108.93 | G24: =E24*F24 -> 30.560588 | H24: =G24-C24 -> -1.6194118 | I24: =(G24-C24)/C24 -> -0.050323549 | J24: ='2025.09'!E84 -> 0.62
A25: ='2025.10'!A1 -> 2025.10 | B25: ='2025.10'!B84 -> 2.71 | C25: =C24+B25 -> 34.89 | D25: ='2025.10'!D84 -> 0.02486697 | E25: =E24+D25 -> 0.30541951 | F25: 111.16 | G25: =E25*F25 -> 33.950433 | H25: =G25-C25 -> -0.93956727 | I25: =(G25-C25)/C25 -> -0.026929414 | J25: ='2025.10'!E84 -> 0
A26: ='2025.11'!A1 -> 2025.11 | B26: ='2025.11'!B84 -> 2.1 | C26: =C25+B26 -> 36.99 | D26: ='2025.11'!D84 -> 0.01884762 | E26: =E25+D26 -> 0.32426713 | F26: 111.05 | G26: =E26*F26 -> 36.009865 | H26: =G26-C26 -> -0.98013521 | I26: =(G26-C26)/C26 -> -0.026497302 | J26: ='2025.11'!E84 -> 0
A27: ='2025.12'!A1 -> 2025.12 | B27: ='2025.12'!B84 -> 1.13 | C27: =C26+B27 -> 38.12 | D27: ='2025.12'!D84 -> 0.01021284 | E27: =E26+D27 -> 0.33447997 | F27: 109.87 | G27: =E27*F27 -> 36.749314 | H27: =G27-C27 -> -1.3706857 | I27: =(G27-C27)/C27 -> -0.035957127 | J27: ='2025.12'!E84 -> 0
A28: ='2026.01'!A1 -> 2026.01 | B28: ='2026.01'!B84 -> 0 | C28: =C27+B28 -> 38.12 | D28: ='2026.01'!D84 -> 0 | E28: =E27+D28 -> 0.33447997 | F28: 109.01 | G28: =E28*F28 -> 36.461662 | H28: =G28-C28 -> -1.6583385 | I28: =(G28-C28)/C28 -> -0.043503108 | J28: ='2026.01'!E84 -> 0
A29: ='2026.02'!A1 -> 2026.02 | B29: ='2026.02'!B84 -> 1.63 | C29: =C28+B29 -> 39.75 | D29: ='2026.02'!D84 -> 0.01484926 | E29: =E28+D29 -> 0.34932923 | F29: 110.3 | G29: =E29*F29 -> 38.531014 | H29: =G29-C29 -> -1.2189859 | I29: =(G29-C29)/C29 -> -0.030666313 | J29: ='2026.02'!E84 -> 0
A30: ='2026.03'!A1 -> 2026.03 | B30: ='2026.03'!B84 -> 1.19 | C30: =C29+B30 -> 40.94 | D30: ='2026.03'!D84 -> 0.01070672 | E30: =E29+D30 -> 0.36003595 | F30: 110.1 | G30: =E30*F30 -> 39.639958 | H30: =G30-C30 -> -1.3000419 | I30: =(G30-C30)/C30 -> -0.03175481 | J30: ='2026.03'!E84 -> 0
A31: ='2026.04'!N2 -> 2026.04 | B31: ='2026.04'!B96 -> 1.27 | C31: =C30+B31 -> 42.21 | D31: ='2026.04'!D96 -> 0.01157862 | E31: =E30+D31 -> 0.37161457 | F31: 110.3 | G31: =E31*F31 -> 40.989087 | H31: =G31-C31 -> -1.2209129 | I31: =(G31-C31)/C31 -> -0.028924732 | J31: ='2026.04'!L96 -> 0.8

Sheet EXI2
A1: EXI2 iShares Dow Jones Globas Titans (Dist)
A3: Data | B3: Suma, EUR | D3: Kiekis | F3: Mėnesio gale | J3: Dividendai | L3: EXI2 | M3: Įnešta | N3: Be dividendų | P3: Su dividendais | R3: Kiekis | S3: Dividendai
B4: Įnešta | C4: Viso | D4: Viso | E4: Mėnesio | F4: Kaina | G4: Vertė | H4: Pelnas | I4: % | N4: Vertė | O4: Pelnas | P4: Vertė | Q4: Pelnas
A5: ='2024.02'!A1 -> 2024.02 | B5: ='2024.02'!B72 -> 15 | C5: =B5 -> 15 | D5: ='2024.02'!D72 -> 0.20283975 | E5: =D5 -> 0.20283975 | F5: 73.41 | G5: =E5*F5 -> 14.890466 | H5: =G5-C5 -> -0.10953395 | I5: =(G5-C5)/C5 -> -0.0073022635 | J5: ='2024.02'!E72 -> 0 | L5: Viso: | M5: =SUM(B5:B67) -> 55.47 | N5: =INDEX(G5:G100,MATCH(9.99999999999999E+307,G5:G100)) -> 63.410799 | O5: =INDEX(I5:I100,MATCH(9.99999999999999E+307,I5:I100)) -> 0.14315485 | P5: =N5+S5 -> 63.640799 | Q5: =(P5-M5)/M5 -> 0.14730123 | R5: =SUM(D5:D67) -> 0.66503198 | S5: =SUM(J5:J67) -> 0.23
A6: ='2024.03'!A1 -> 2024.03 | B6: ='2024.03'!B72 -> 0 | C6: =C5+B6 -> 15 | D6: ='2024.03'!D72 -> 0 | E6: =E5+D6 -> 0.20283975 | F6: 75.87 | G6: =E6*F6 -> 15.389452 | H6: =G6-C6 -> 0.38945183 | I6: =(G6-C6)/C6 -> 0.025963456 | J6: ='2024.03'!E72 -> 0.01
A7: ='2024.04'!A1 -> 2024.04 | B7: ='2024.04'!B72 -> 0 | C7: =C6+B7 -> 15 | D7: ='2024.04'!D72 -> 0 | E7: =E6+D7 -> 0.20283975 | F7: 74.59 | G7: =E7*F7 -> 15.129817 | H7: =G7-C7 -> 0.12981695 | I7: =(G7-C7)/C7 -> 0.0086544635 | J7: ='2024.04'!E72 -> 0
A8: ='2024.05'!A1 -> 2024.05 | B8: ='2024.05'!B72 -> 0 | C8: =C7+B8 -> 15 | D8: ='2024.05'!D72 -> 0 | E8: =E7+D8 -> 0.20283975 | F8: 76.27 | G8: =E8*F8 -> 15.470588 | H8: =G8-C8 -> 0.47058773 | I8: =(G8-C8)/C8 -> 0.031372516 | J8: ='2024.05'!E72 -> 0
A9: ='2024.06'!A1 -> 2024.06 | B9: ='2024.06'!B72 -> 0 | C9: =C8+B9 -> 15 | D9: ='2024.06'!D72 -> 0 | E9: =E8+D9 -> 0.20283975 | F9: 82.92 | G9: =E9*F9 -> 16.819472 | H9: =G9-C9 -> 1.8194721 | I9: =(G9-C9)/C9 -> 0.12129814 | J9: ='2024.06'!E72 -> 0.04
A10: ='2024.07'!A1 -> 2024.07 | B10: ='2024.07'!B72 -> 0 | C10: =C9+B10 -> 15 | D10: ='2024.07'!D72 -> 0 | E10: =E9+D10 -> 0.20283975 | F10: 81.44 | G10: =E10*F10 -> 16.519269 | H10: =G10-C10 -> 1.5192692 | I10: =(G10-C10)/C10 -> 0.10128462 | J10: ='2024.07'!E72 -> 0
A11: ='2024.08'!A1 -> 2024.08 | B11: ='2024.08'!B72 -> 0 | C11: =C10+B11 -> 15 | D11: ='2024.08'!D72 -> 0 | E11: =E10+D11 -> 0.20283975 | F11: 80.56 | G11: =E11*F11 -> 16.34077 | H11: =G11-C11 -> 1.3407703 | I11: =(G11-C11)/C11 -> 0.089384684 | J11: ='2024.08'!E72 -> 0
A12: ='2024.09'!A1 -> 2024.09 | B12: ='2024.09'!B72 -> 0 | C12: =C11+B12 -> 15 | D12: ='2024.09'!D72 -> 0 | E12: =E11+D12 -> 0.20283975 | F12: 81.05 | G12: =E12*F12 -> 16.440162 | H12: =G12-C12 -> 1.4401617 | I12: =(G12-C12)/C12 -> 0.096010783 | J12: ='2024.09'!E72 -> 0
A13: ='2024.10'!A1 -> 2024.10 | B13: ='2024.10'!B72 -> 0 | C13: =C12+B13 -> 15 | D13: ='2024.10'!D72 -> 0 | E13: =E12+D13 -> 0.20283975 | F13: 82.87 | G13: =E13*F13 -> 16.80933 | H13: =G13-C13 -> 1.8093301 | I13: =(G13-C13)/C13 -> 0.12062201 | J13: ='2024.10'!E72 -> 0
A14: ='2024.11'!A1 -> 2024.11 | B14: ='2024.11'!B72 -> 0 | C14: =C13+B14 -> 15 | D14: ='2024.11'!D72 -> 0 | E14: =E13+D14 -> 0.20283975 | F14: 87.95 | G14: =E14*F14 -> 17.839756 | H14: =G14-C14 -> 2.839756 | I14: =(G14-C14)/C14 -> 0.18931707 | J14: ='2024.11'!E72 -> 0
A15: ='2024.12'!A1 -> 2024.12 | B15: ='2024.12'!B72 -> 0 | C15: =C14+B15 -> 15 | D15: ='2024.12'!D72 -> 0 | E15: =E14+D15 -> 0.20283975 | F15: 91.7 | G15: =E15*F15 -> 18.600405 | H15: =G15-C15 -> 3.6004051 | I15: =(G15-C15)/C15 -> 0.24002701 | J15: ='2024.12'!E72 -> 0.01
A16: ='2025.01'!A1 -> 2025.01 | B16: ='2025.01'!B72 -> 0 | C16: =C15+B16 -> 15 | D16: ='2025.01'!D72 -> 0 | E16: =E15+D16 -> 0.20283975 | F16: 93.52 | G16: =E16*F16 -> 18.969573 | H16: =G16-C16 -> 3.9695734 | I16: =(G16-C16)/C16 -> 0.26463823 | J16: ='2025.01'!E72 -> 0
A17: ='2025.02'!A1 -> 2025.02 | B17: ='2025.02'!B72 -> 0 | C17: =C16+B17 -> 15 | D17: ='2025.02'!D72 -> 0 | E17: =E16+D17 -> 0.20283975 | F17: 90.02 | G17: =E17*F17 -> 18.259634 | H17: =G17-C17 -> 3.2596343 | I17: =(G17-C17)/C17 -> 0.21730895 | J17: ='2025.02'!E72 -> 0
A18: ='2025.03'!A1 -> 2025.03 | B18: ='2025.03'!B72 -> 2.2 | C18: =C17+B18 -> 17.2 | D18: ='2025.03'!D72 -> 0.02632208 | E18: =E17+D18 -> 0.22916183 | F18: 81.17 | G18: =E18*F18 -> 18.601066 | H18: =G18-C18 -> 1.4010657 | I18: =(G18-C18)/C18 -> 0.081457311 | J18: ='2025.03'!E72 -> 0.01
A19: ='2025.04'!A1 -> 2025.04 | B19: ='2025.04'!B72 -> 9.82 | C19: =C18+B19 -> 27.02 | D19: ='2025.04'!D72 -> 0.12649609 | E19: =E18+D19 -> 0.35565792 | F19: 77.91 | G19: =E19*F19 -> 27.709309 | H19: =G19-C19 -> 0.68930855 | I19: =(G19-C19)/C19 -> 0.025511049 | J19: ='2025.04'!E72 -> 0
A20: ='2025.05'!A1 -> 2025.05 | B20: ='2025.05'!B72 -> 1.88 | C20: =C19+B20 -> 28.9 | D20: ='2025.05'!D72 -> 0.02376572 | E20: =E19+D20 -> 0.37942364 | F20: 83.36 | G20: =E20*F20 -> 31.628755 | H20: =G20-C20 -> 2.7287546 | I20: =(G20-C20)/C20 -> 0.094420575 | J20: ='2025.05'!E72 -> 0
A21: ='2025.06'!A1 -> 2025.06 | B21: ='2025.06'!B96 -> 2.94 | C21: =C20+B21 -> 31.84 | D21: ='2025.06'!D96 -> 0.03548153 | E21: =E20+D21 -> 0.41490517 | F21: 84.96 | G21: =E21*F21 -> 35.250343 | H21: =G21-C21 -> 3.4103432 | I21: =(G21-C21)/C21 -> 0.10710877 | J21: ='2025.06'!E96 -> 0.12
A22: ='2025.07'!A1 -> 2025.07 | B22: ='2025.07'!B96 -> 2.97 | C22: =C21+B22 -> 34.81 | D22: ='2025.07'!D96 -> 0.03470991 | E22: =E21+D22 -> 0.44961508 | F22: 90.25 | G22: =E22*F22 -> 40.577761 | H22: =G22-C22 -> 5.767761 | I22: =(G22-C22)/C22 -> 0.16569264 | J22: ='2025.07'!E96 -> 0
A23: ='2025.08'!A1 -> 2025.08 | B23: ='2025.08'!B96 -> 3.78 | C23: =C22+B23 -> 38.59 | D23: ='2025.08'!D96 -> 0.0423716 | E23: =E22+D23 -> 0.49198668 | F23: 90.04 | G23: =E23*F23 -> 44.298481 | H23: =G23-C23 -> 5.7084807 | I23: =(G23-C23)/C23 -> 0.14792642 | J23: ='2025.08'!E96 -> 0
A24: ='2025.09'!A1 -> 2025.09 | B24: ='2025.09'!B96 -> 2.4 | C24: =C23+B24 -> 40.99 | D24: ='2025.09'!D96 -> 0.0266541 | E24: =E23+D24 -> 0.51864078 | F24: 94.4 | G24: =E24*F24 -> 48.95969 | H24: =G24-C24 -> 7.9696896 | I24: =(G24-C24)/C24 -> 0.1944301 | J24: ='2025.09'!E96 -> 0
A25: ='2025.10'!A1 -> 2025.10 | B25: ='2025.10'!B96 -> 1.08 | C25: =C24+B25 -> 42.07 | D25: ='2025.10'!D96 -> 0.01142131 | E25: =E24+D25 -> 0.53006209 | F25: 100.69 | G25: =E25*F25 -> 53.371952 | H25: =G25-C25 -> 11.301952 | I25: =(G25-C25)/C25 -> 0.26864635 | J25: ='2025.10'!E96 -> 0
A26: ='2025.11'!A1 -> 2025.11 | B26: ='2025.11'!B96 -> 0.19 | C26: =C25+B26 -> 42.26 | D26: ='2025.11'!D96 -> 0.00187302 | E26: =E25+D26 -> 0.53193511 | F26: 100.44 | G26: =E26*F26 -> 53.427562 | H26: =G26-C26 -> 11.167562 | I26: =(G26-C26)/C26 -> 0.26425846 | J26: ='2025.11'!E96 -> 0
A27: ='2025.12'!A1 -> 2025.12 | B27: ='2025.12'!B96 -> 2.44 | C27: =C26+B27 -> 44.7 | D27: ='2025.12'!D96 -> 0.02453246 | E27: =E26+D27 -> 0.55646757 | F27: 100.04 | G27: =E27*F27 -> 55.669016 | H27: =G27-C27 -> 10.969016 | I27: =(G27-C27)/C27 -> 0.24539185 | J27: ='2025.12'!E96 -> 0.01
A28: ='2026.01'!A1 -> 2026.01 | B28: ='2026.01'!B96 -> 2.04 | C28: =C27+B28 -> 46.74 | D28: ='2026.01'!D96 -> 0.02031063 | E28: =E27+D28 -> 0.5767782 | F28: 100.39 | G28: =E28*F28 -> 57.902763 | H28: =G28-C28 -> 11.162763 | I28: =(G28-C28)/C28 -> 0.23882678 | J28: ='2026.01'!E96 -> 0
A29: ='2026.02'!A1 -> 2026.02 | B29: ='2026.02'!B96 -> 2.52 | C29: =C28+B29 -> 49.26 | D29: ='2026.02'!D96 -> 0.02478851 | E29: =E28+D29 -> 0.60156671 | F29: 99.37 | G29: =E29*F29 -> 59.777684 | H29: =G29-C29 -> 10.517684 | I29: =(G29-C29)/C29 -> 0.21351368 | J29: ='2026.02'!E96 -> 0
A30: ='2026.03'!A1 -> 2026.03 | B30: ='2026.03'!B96 -> 3.41 | C30: =C29+B30 -> 52.67 | D30: ='2026.03'!D96 -> 0.03448276 | E30: =E29+D30 -> 0.63604947 | F30: 95.72 | G30: =E30*F30 -> 60.882655 | H30: =G30-C30 -> 8.2126553 | I30: =(G30-C30)/C30 -> 0.15592662 | J30: ='2026.03'!E96 -> 0.03
A31: ='2026.04'!N2 -> 2026.04 | B31: ='2026.04'!B110 -> 2.8 | C31: =C30+B31 -> 55.47 | D31: ='2026.04'!D110 -> 0.02898251 | E31: =E30+D31 -> 0.66503198 | F31: 95.35 | G31: =E31*F31 -> 63.410799 | H31: =G31-C31 -> 7.9407993 | I31: =(G31-C31)/C31 -> 0.14315485 | J31: ='2026.04'!L110 -> 0

Sheet DBXJ
A1: DBXJ Xtrackers MSCI Japan ETF (Acc)
A3: Data | B3: Suma, EUR | D3: Kiekis | F3: Mėnesio gale | J3: Dividendai | L3: DBXJ | M3: Įnešta | N3: Be dividendų | P3: Su dividendais | R3: Kiekis | S3: Dividendai
B4: Įnešta | C4: Viso | D4: Viso | E4: Mėnesio | F4: Kaina | G4: Vertė | H4: Pelnas | I4: % | N4: Vertė | O4: Pelnas | P4: Vertė | Q4: Pelnas
A5: ='2024.02'!A1 -> 2024.02 | B5: ='2024.02'!B81 -> 5 | C5: =B5 -> 5 | D5: ='2024.02'!D81 -> 0.06784822 | E5: =D5 -> 0.06784822 | F5: 73.99 | G5: =E5*F5 -> 5.0200898 | H5: =G5-C5 -> 0.020089798 | I5: =(G5-C5)/C5 -> 0.0040179596 | J5: ='2024.02'!E81 -> 0 | L5: Viso: | M5: =SUM(B5:B67) -> 17.58 | N5: =INDEX(G5:G100,MATCH(9.99999999999999E+307,G5:G100)) -> 20.830016 | O5: =INDEX(I5:I100,MATCH(9.99999999999999E+307,I5:I100)) -> 0.18487007 | P5: =N5+S5 -> 20.830016 | Q5: =(P5-M5)/M5 -> 0.18487007 | R5: =SUM(D5:D67) -> 0.22940546 | S5: =SUM(J5:J67) -> 0
A6: ='2024.03'!A1 -> 2024.03 | B6: ='2024.03'!B81 -> 0 | C6: =C5+B6 -> 5 | D6: ='2024.03'!D81 -> 0 | E6: =E5+D6 -> 0.06784822 | F6: 76.49 | G6: =E6*F6 -> 5.1897103 | H6: =G6-C6 -> 0.18971035 | I6: =(G6-C6)/C6 -> 0.03794207 | J6: ='2024.03'!E81 -> 0
A7: ='2024.04'!A1 -> 2024.04 | B7: ='2024.04'!B81 -> 0 | C7: =C6+B7 -> 5 | D7: ='2024.04'!D81 -> 0 | E7: =E6+D7 -> 0.06784822 | F7: 73.25 | G7: =E7*F7 -> 4.9698821 | H7: =G7-C7 -> -0.030117885 | I7: =(G7-C7)/C7 -> -0.006023577 | J7: ='2024.04'!E81 -> 0
A8: ='2024.05'!A1 -> 2024.05 | B8: ='2024.05'!B81 -> 0 | C8: =C7+B8 -> 5 | D8: ='2024.05'!D81 -> 0 | E8: =E7+D8 -> 0.06784822 | F8: 73.4 | G8: =E8*F8 -> 4.9800593 | H8: =G8-C8 -> -0.019940652 | I8: =(G8-C8)/C8 -> -0.0039881304 | J8: ='2024.05'!E81 -> 0
A9: ='2024.06'!A1 -> 2024.06 | B9: ='2024.06'!B81 -> 0 | C9: =C8+B9 -> 5 | D9: ='2024.06'!D81 -> 0 | E9: =E8+D9 -> 0.06784822 | F9: 74.28 | G9: =E9*F9 -> 5.0397658 | H9: =G9-C9 -> 0.039765782 | I9: =(G9-C9)/C9 -> 0.0079531563 | J9: ='2024.06'!E81 -> 0
A10: ='2024.07'!A1 -> 2024.07 | B10: ='2024.07'!B81 -> 0 | C10: =C9+B10 -> 5 | D10: ='2024.07'!D81 -> 0 | E10: =E9+D10 -> 0.06784822 | F10: 76.64 | G10: =E10*F10 -> 5.1998876 | H10: =G10-C10 -> 0.19988758 | I10: =(G10-C10)/C10 -> 0.039977516 | J10: ='2024.07'!E81 -> 0
A11: ='2024.08'!A1 -> 2024.08 | B11: ='2024.08'!B81 -> 0 | C11: =C10+B11 -> 5 | D11: ='2024.08'!D81 -> 0 | E11: =E10+D11 -> 0.06784822 | F11: 76.05 | G11: =E11*F11 -> 5.1598571 | H11: =G11-C11 -> 0.15985713 | I11: =(G11-C11)/C11 -> 0.031971426 | J11: ='2024.08'!E81 -> 0
A12: ='2024.09'!A1 -> 2024.09 | B12: ='2024.09'!B81 -> 0 | C12: =C11+B12 -> 5 | D12: ='2024.09'!D81 -> 0 | E12: =E11+D12 -> 0.06784822 | F12: 74.87 | G12: =E12*F12 -> 5.0797962 | H12: =G12-C12 -> 0.079796231 | I12: =(G12-C12)/C12 -> 0.015959246 | J12: ='2024.09'!E81 -> 0
A13: ='2024.10'!A1 -> 2024.10 | B13: ='2024.10'!B81 -> 0 | C13: =C12+B13 -> 5 | D13: ='2024.10'!D81 -> 0 | E13: =E12+D13 -> 0.06784822 | F13: 72.96 | G13: =E13*F13 -> 4.9502061 | H13: =G13-C13 -> -0.049793869 | I13: =(G13-C13)/C13 -> -0.0099587738 | J13: ='2024.10'!E81 -> 0
A14: ='2024.11'!A1 -> 2024.11 | B14: ='2024.11'!B81 -> 0 | C14: =C13+B14 -> 5 | D14: ='2024.11'!D81 -> 0 | E14: =E13+D14 -> 0.06784822 | F14: 76.79 | G14: =E14*F14 -> 5.2100648 | H14: =G14-C14 -> 0.21006481 | I14: =(G14-C14)/C14 -> 0.042012963 | J14: ='2024.11'!E81 -> 0
A15: ='2024.12'!A1 -> 2024.12 | B15: ='2024.12'!B81 -> 0.98 | C15: =C14+B15 -> 5.98 | D15: ='2024.12'!D81 -> 0.01310516 | E15: =E14+D15 -> 0.08095338 | F15: 76.83 | G15: =E15*F15 -> 6.2196482 | H15: =G15-C15 -> 0.23964819 | I15: =(G15-C15)/C15 -> 0.040074947 | J15: ='2024.12'!E81 -> 0
A16: ='2025.01'!A1 -> 2025.01 | B16: ='2025.01'!B81 -> 0 | C16: =C15+B16 -> 5.98 | D16: ='2025.01'!D81 -> 0 | E16: =E15+D16 -> 0.08095338 | F16: 78.44 | G16: =E16*F16 -> 6.3499831 | H16: =G16-C16 -> 0.36998313 | I16: =(G16-C16)/C16 -> 0.061870088 | J16: ='2025.01'!E81 -> 0
A17: ='2025.02'!A1 -> 2025.02 | B17: ='2025.02'!B81 -> 0 | C17: =C16+B17 -> 5.98 | D17: ='2025.02'!D81 -> 0 | E17: =E16+D17 -> 0.08095338 | F17: 78.19 | G17: =E17*F17 -> 6.3297448 | H17: =G17-C17 -> 0.34974478 | I17: =(G17-C17)/C17 -> 0.05848575 | J17: ='2025.02'!E81 -> 0
A18: ='2025.03'!A1 -> 2025.03 | B18: ='2025.03'!B81 -> 0.03 | C18: =C17+B18 -> 6.01 | D18: ='2025.03'!D81 -> 0.00038376 | E18: =E17+D18 -> 0.08133714 | F18: 75.37 | G18: =E18*F18 -> 6.1303802 | H18: =G18-C18 -> 0.12038024 | I18: =(G18-C18)/C18 -> 0.02002999 | J18: ='2025.03'!E7 -> 0
A19: ='2025.04'!A1 -> 2025.04 | B19: ='2025.04'!B81 -> 3.11 | C19: =C18+B19 -> 9.12 | D19: ='2025.04'!D81 -> 0.04208541 | E19: =E18+D19 -> 0.12342255 | F19: 75.11 | G19: =E19*F19 -> 9.2702677 | H19: =G19-C19 -> 0.15026773 | I19: =(G19-C19)/C19 -> 0.016476725 | J19: ='2025.04'!E81 -> 0
A20: ='2025.05'!A1 -> 2025.05 | B20: ='2025.05'!B81 -> 0.72 | C20: =C19+B20 -> 9.84 | D20: ='2025.05'!D81 -> 0.0096268 | E20: =E19+D20 -> 0.13304935 | F20: 77.64 | G20: =E20*F20 -> 10.329952 | H20: =G20-C20 -> 0.48995153 | I20: =(G20-C20)/C20 -> 0.049791823 | J20: ='2025.05'!E81 -> 0
A21: ='2025.06'!A1 -> 2025.06 | B21: ='2025.06'!B108 -> 1.13 | C21: =C20+B21 -> 10.97 | D21: ='2025.06'!D108 -> 0.01454237 | E21: =E20+D21 -> 0.14759172 | F21: 76.29 | G21: =E21*F21 -> 11.259772 | H21: =G21-C21 -> 0.28977232 | I21: =(G21-C21)/C21 -> 0.026414979 | J21: ='2025.06'!E108 -> 0
A22: ='2025.07'!A1 -> 2025.07 | B22: ='2025.07'!B108 -> 2.07 | C22: =C21+B22 -> 13.04 | D22: ='2025.07'!D108 -> 0.02751987 | E22: =E21+D22 -> 0.17511159 | F22: 77.44 | G22: =E22*F22 -> 13.560642 | H22: =G22-C22 -> 0.52064153 | I22: =(G22-C22)/C22 -> 0.039926498 | J22: ='2025.07'!E108 -> 0
A23: ='2025.08'!A1 -> 2025.08 | B23: ='2025.08'!B108 -> 0.7 | C23: =C22+B23 -> 13.74 | D23: ='2025.08'!D108 -> 0.0090437 | E23: =E22+D23 -> 0.18415529 | F23: 80.26 | G23: =E23*F23 -> 14.780304 | H23: =G23-C23 -> 1.0403036 | I23: =(G23-C23)/C23 -> 0.075713506 | J23: ='2025.08'!E108 -> 0
A24: ='2025.09'!A1 -> 2025.09 | B24: ='2025.09'!B108 -> 0.72 | C24: =C23+B24 -> 14.46 | D24: ='2025.09'!D108 -> 0.00895679 | E24: =E23+D24 -> 0.19311208 | F24: 82.39 | G24: =E24*F24 -> 15.910504 | H24: =G24-C24 -> 1.4505043 | I24: =(G24-C24)/C24 -> 0.1003115 | J24: ='2025.09'!E108 -> 0
A25: ='2025.10'!A1 -> 2025.10 | B25: ='2025.10'!B108 -> 0.84 | C25: =C24+B25 -> 15.3 | D25: ='2025.10'!D108 -> 0.01021128 | E25: =E24+D25 -> 0.20332336 | F25: 86.71 | G25: =E25*F25 -> 17.630169 | H25: =G25-C25 -> 2.3301685 | I25: =(G25-C25)/C25 -> 0.1522986 | J25: ='2025.10'!E108 -> 0
A26: ='2025.11'!A1 -> 2025.11 | B26: ='2025.11'!B108 -> 0.41 | C26: =C25+B26 -> 15.71 | D26: ='2025.11'!D108 -> 0.00471243 | E26: =E25+D26 -> 0.20803579 | F26: 85.85 | G26: =E26*F26 -> 17.859873 | H26: =G26-C26 -> 2.1498726 | I26: =(G26-C26)/C26 -> 0.13684739 | J26: ='2025.11'!E108 -> 0
A27: ='2025.12'!A1 -> 2025.12 | B27: ='2025.12'!B108 -> 0.82 | C27: =C26+B27 -> 16.53 | D27: ='2025.12'!D108 -> 0.0096507 | E27: =E26+D27 -> 0.21768649 | F27: 86.04 | G27: =E27*F27 -> 18.729746 | H27: =G27-C27 -> 2.1997456 | I27: =(G27-C27)/C27 -> 0.13307596 | J27: ='2025.12'!E108 -> 0
A28: ='2026.01'!A1 -> 2026.01 | B28: ='2026.01'!B108 -> 0.56 | C28: =C27+B28 -> 17.09 | D28: ='2026.01'!D108 -> 0.006474 | E28: =E27+D28 -> 0.22416049 | F28: 90.25 | G28: =E28*F28 -> 20.230484 | H28: =G28-C28 -> 3.1404842 | I28: =(G28-C28)/C28 -> 0.18376151 | J28: ='2026.01'!E108 -> 0
A29: ='2026.02'!A1 -> 2026.02 | B29: ='2026.02'!B108 -> 0 | C29: =C28+B29 -> 17.09 | D29: ='2026.02'!D108 -> 0 | E29: =E28+D29 -> 0.22416049 | F29: 97.34 | G29: =E29*F29 -> 21.819782 | H29: =G29-C29 -> 4.7297821 | I29: =(G29-C29)/C29 -> 0.27675729 | J29: ='2026.02'!E108 -> 0
A30: ='2026.03'!A1 -> 2026.03 | B30: ='2026.03'!B108 -> 0 | C30: =C29+B30 -> 17.09 | D30: ='2026.03'!D108 -> 0 | E30: =E29+D30 -> 0.22416049 | F30: 91.01 | G30: =E30*F30 -> 20.400846 | H30: =G30-C30 -> 3.3108462 | I30: =(G30-C30)/C30 -> 0.19373003 | J30: ='2026.03'!E108 -> 0
A31: ='2026.04'!N2 -> 2026.04 | B31: ='2026.04'!B124 -> 0.49 | C31: =C30+B31 -> 17.58 | D31: ='2026.04'!D124 -> 0.00524497 | E31: =E30+D31 -> 0.22940546 | F31: 90.8 | G31: =E31*F31 -> 20.830016 | H31: =G31-C31 -> 3.2500158 | I31: =(G31-C31)/C31 -> 0.18487007 | J31: ='2026.02'!L124 -> 0

Sheet 2026.06
N2: 2026.06
N3: Robo-Advisor Investment
N4: Data | O4: Suma, EUR | P4: Invest. | Q4: Parduota | R4: Gryni | S4: Dividendai | T4: Mokestis
N5: 46175 | O5: 15 | P5: =B26+B40+B54+B68+B82+B96+B110+B124+B138+B152+B166+B180+B194+B208+B222+B236+B250+B264+B278+B292+B306+B320+B334+B348+B362+B376+B390+B404+B418 -> 14.62 | Q5: =G26+G40+G54+G68+G82+G96+G110+G124+G138+G152+G166+G180+G194+G208+G222+G236+G250+G264+G278+G292+G306+G320+G334+G348+G362+G376+G390+G404+G418 -> 0 | R5: =O5-P5+Q5+S5 -> 0.38 | S5: =L26+L40+L54+L68+L82+L96+L110+L124+L138+L152+L166+L180+L194+L208+L222+L236+L250+L264+L278+L292+L306+L320+L334+L348+L362+L376+L390+L404+L418 -> 0
N13: Viso: | O13: =SUM(O5:O12) -> 15 | P13: =SUM(P5:P12) -> 14.62 | Q13: =SUM(Q5:Q12) -> 0 | R13: =SUM(R5:R12) -> 0.38 | S13: =SUM(S5:S12) -> 0 | T13: =SUM(T5:T12) -> 0
A15: XDWT Xtrackers MSCI World Inform. (Acc)
A16: Pirkimas | F16: Pardavimas | K16: Dividendai
A17: Data | B17: Suma, EUR | C17: Kaina | D17: Kiekis | F17: Data | G17: Suma,EUR | H17: Kaina | I17: Kiekis | K17: Data | L17: Suma,EUR
C18: =B18/D18 -> #DIV/0! | H18: =G18/I18 -> #DIV/0!
A26: Viso: | B26: =SUM(B18:B25) -> 0 | D26: =SUM(D18:D25) -> 0 | F26: Viso: | G26: =SUM(G18:G25) -> 0 | I26: =SUM(I18:I25) -> 0 | K26: Viso: | L26: =SUM(L18:L25) -> 0
A29: IS3K iShares Short Duration Yield Corp. (Dist)
A30: Pirkimas | F30: Pardavimas | K30: Dividendai
A31: Data | B31: Suma, EUR | C31: Kaina | D31: Kiekis | F31: Data | G31: Suma,EUR | H31: Kaina | I31: Kiekis | K31: Data | L31: Suma,EUR
C32: =B32/D32 -> #DIV/0! | H32: =G32/I32 -> #DIV/0!
A40: Viso: | B40: =SUM(B32:B39) -> 0 | D40: =SUM(D32:D39) -> 0 | F40: Viso: | G40: =SUM(G32:G39) -> 0 | I40: =SUM(I32:I39) -> 0 | K40: Viso: | L40: =SUM(L32:L39) -> 0
A43: QDVY iShares Floating Rate Bond ETF (Dist)
A44: Pirkimas | F44: Pardavimas | K44: Dividendai
A45: Data | B45: Suma, EUR | C45: Kaina | D45: Kiekis | F45: Data | G45: Suma,EUR | H45: Kaina | I45: Kiekis | K45: Data | L45: Suma,EUR
C46: =B46/D46 -> #DIV/0! | H46: =G46/I46 -> #DIV/0!
A54: Viso: | B54: =SUM(B46:B53) -> 0 | D54: =SUM(D46:D53) -> 0 | F54: Viso: | G54: =SUM(G46:G53) -> 0 | I54: =SUM(I46:I53) -> 0 | K54: Viso: | L54: =SUM(L46:L53) -> 0
A57: IBCD iShares Corporate Bond ETF (Dist)
A58: Pirkimas | F58: Pardavimas | K58: Dividendai
A59: Data | B59: Suma, EUR | C59: Kaina | D59: Kiekis | F59: Data | G59: Suma,EUR | H59: Kaina | I59: Kiekis | K59: Data | L59: Suma,EUR
C60: =B60/D60 -> #DIV/0! | H60: =G60/I60 -> #DIV/0!
A68: Viso: | B68: =SUM(B60:B67) -> 0 | D68: =SUM(D60:D67) -> 0 | F68: Viso: | G68: =SUM(G60:G67) -> 0 | I68: =SUM(I60:I67) -> 0 | K68: Viso: | L68: =SUM(L60:L67) -> 0
A71: IS3Q iShares Edge MSCI World Quality (Acc)
A72: Pirkimas | F72: Pardavimas | K72: Dividendai
A73: Data | B73: Suma, EUR | C73: Kaina | D73: Kiekis | F73: Data | G73: Suma,EUR | H73: Kaina | I73: Kiekis | K73: Data | L73: Suma,EUR
C74: =B74/D74 -> #DIV/0! | H74: =G74/I74 -> #DIV/0!
A82: Viso: | B82: =SUM(B74:B81) -> 0 | D82: =SUM(D74:D81) -> 0 | F82: Viso: | G82: =SUM(G74:G81) -> 0 | I82: =SUM(I74:I81) -> 0 | K82: Viso: | L82: =SUM(L74:L81) -> 0
A85: IUSU iShares USD Treasury Bond 1-3yr (Dist)
A86: Pirkimas | F86: Pardavimas | K86: Dividendai
A87: Data | B87: Suma, EUR | C87: Kaina | D87: Kiekis | F87: Data | G87: Suma,EUR | H87: Kaina | I87: Kiekis | K87: Data | L87: Suma,EUR
C88: =B88/D88 -> #DIV/0! | H88: =G88/I88 -> #DIV/0!
A96: Viso: | B96: =SUM(B88:B95) -> 0 | D96: =SUM(D88:D95) -> 0 | F96: Viso: | G96: =SUM(G88:G95) -> 0 | I96: =SUM(I88:I95) -> 0 | K96: Viso: | L96: =SUM(L88:L95) -> 0
A99: EXI2 iShares Dow Jones Globas Titans (Dist)
A100: Pirkimas | F100: Pardavimas | K100: Dividendai
A101: Data | B101: Suma, EUR | C101: Kaina | D101: Kiekis | F101: Data | G101: Suma,EUR | H101: Kaina | I101: Kiekis | K101: Data | L101: Suma,EUR
C102: =B102/D102 -> #DIV/0! | H102: =G102/I102 -> #DIV/0!
A110: Viso: | B110: =SUM(B102:B109) -> 0 | D110: =SUM(D102:D109) -> 0 | F110: Viso: | G110: =SUM(G102:G109) -> 0 | I110: =SUM(I102:I109) -> 0 | K110: Viso: | L110: =SUM(L102:L109) -> 0
A113: EXI2 iShares Dow Jones Globas Titans (Dist)
A114: Pirkimas | F114: Pardavimas | K114: Dividendai
A115: Data | B115: Suma, EUR | C115: Kaina | D115: Kiekis | F115: Data | G115: Suma,EUR | H115: Kaina | I115: Kiekis | K115: Data | L115: Suma,EUR
C116: =B116/D116 -> #DIV/0! | H116: =G116/I116 -> #DIV/0!
A124: Viso: | B124: =SUM(B116:B123) -> 0 | D124: =SUM(D116:D123) -> 0 | F124: Viso: | G124: =SUM(G116:G123) -> 0 | I124: =SUM(I116:I123) -> 0 | K124: Viso: | L124: =SUM(L116:L123) -> 0
A127: XDWI Xtrackers MSCI World Industrials UCITS ETF (Acc)
A128: Pirkimas | F128: Pardavimas | K128: Dividendai
A129: Data | B129: Suma, EUR | C129: Kaina | D129: Kiekis | F129: Data | G129: Suma,EUR | H129: Kaina | I129: Kiekis | K129: Data | L129: Suma,EUR
A130: 46174 | B130: 0.65 | C130: =B130/D130 -> 72.85999 | D130: 0.00892122 | H130: =G130/I130 -> #DIV/0!
C131: =B131/D131 -> #DIV/0!
A138: Viso: | B138: =SUM(B130:B137) -> 0.65 | D138: =SUM(D130:D137) -> 0.00892122 | F138: Viso: | G138: =SUM(G130:G137) -> 0 | I138: =SUM(I130:I137) -> 0 | K138: Viso: | L138: =SUM(L130:L137) -> 0
A141: WELK Amundi S&P Global Financials ESG Acc UCITS ETF
A142: Pirkimas | F142: Pardavimas | K142: Dividendai
A143: Data | B143: Suma, EUR | C143: Kaina | D143: Kiekis | F143: Data | G143: Suma,EUR | H143: Kaina | I143: Kiekis | K143: Data | L143: Suma,EUR
A144: 46174 | B144: 0.55 | C144: =B144/D144 -> 17.910001 | D144: 0.0307091
C145: =B145/D145 -> #DIV/0!
C146: =B146/D146 -> #DIV/0!
A152: Viso: | B152: =SUM(B144:B151) -> 0.55 | D152: =SUM(D144:D151) -> 0.0307091 | F152: Viso: | G152: =SUM(G144:G151) -> 0 | I152: =SUM(I144:I151) -> 0 | K152: Viso: | L152: =SUM(L144:L151) -> 0
A155: PRAR Amundi Prime Euro Govies UCITS ETF DR (Acc)
A156: Pirkimas | F156: Pardavimas | K156: Dividendai
A157: Data | B157: Suma, EUR | C157: Kaina | D157: Kiekis | F157: Data | G157: Suma,EUR | H157: Kaina | I157: Kiekis | K157: Data | L157: Suma,EUR
A158: 46174 | B158: 1.12 | C158: =B158/D158 -> 18.09 | D158: 0.06191266 | H158: =G158/I158 -> #DIV/0!
H159: =G159/I159 -> #DIV/0!
A166: Viso: | B166: =SUM(B158:B165) -> 1.12 | D166: =SUM(D158:D165) -> 0.06191266 | F166: Viso: | G166: =SUM(G158:G165) -> 0 | I166: =SUM(I158:I165) -> 0 | K166: Viso: | L166: =SUM(L158:L165) -> 0
A169: QDV7 iShares J.P. Morgan Emerging Markets Local Government Bond ETF (Acc)
A170: Pirkimas | F170: Pardavimas | K170: Dividendai
A171: Data | B171: Suma, EUR | C171: Kaina | D171: Kiekis | F171: Data | G171: Suma,EUR | H171: Kaina | I171: Kiekis | K171: Data | L171: Suma,EUR
A172: 46174 | B172: 0.38 | C172: =B172/D172 -> 4.9184998 | D172: 0.07725933 | H172: =G172/I172 -> #DIV/0!
C173: =B173/D173 -> #DIV/0!
A180: Viso: | B180: =SUM(B172:B179) -> 0.38 | D180: =SUM(D172:D179) -> 0.07725933 | F180: Viso: | G180: =SUM(G172:G179) -> 0 | I180: =SUM(I172:I179) -> 0 | K180: Viso: | L180: =SUM(L172:L179) -> 0
A183: AMEL Amundi MSCI Emerging Markets Latin America UCITS ETF EUR (Acc)
A184: Pirkimas | F184: Pardavimas | K184: Dividendai
A185: Data | B185: Suma, EUR | C185: Kaina | D185: Kiekis | F185: Data | G185: Suma,EUR | H185: Kaina | I185: Kiekis | K185: Data | L185: Suma,EUR
A186: 46174 | B186: 0.63 | C186: =B186/D186 -> 20.550003 | D186: 0.03065693
C187: =B187/D187 -> #DIV/0!
A194: Viso: | B194: =SUM(B186:B193) -> 0.63 | D194: =SUM(D186:D193) -> 0.03065693 | F194: Viso: | G194: =SUM(G186:G193) -> 0 | I194: =SUM(I186:I193) -> 0 | K194: Viso: | L194: =SUM(L186:L193) -> 0
A197: 79U0 Amundi S&P 500 II EUR Hedged ETF (Acc)
A198: Pirkimas | F198: Pardavimas | K198: Dividendai
A199: Data | B199: Suma, EUR | C199: Kaina | D199: Kiekis | F199: Data | G199: Suma,EUR | H199: Kaina | I199: Kiekis | K199: Data | L199: Suma,EUR
A200: 46174 | B200: 2.29 | C200: =B200/D200 -> 209.79995 | D200: 0.01091516
C201: =B201/D201 -> #DIV/0!
C202: =B202/D202 -> #DIV/0!
A208: Viso: | B208: =SUM(B200:B207) -> 2.29 | D208: =SUM(D200:D207) -> 0.01091516 | F208: Viso: | G208: =SUM(G200:G207) -> 0 | I208: =SUM(I200:I207) -> 0 | K208: Viso: | L208: =SUM(L200:L207) -> 0
A211: PRAJ Amundi Prime Japan UCITS ETF DR (Acc)
A212: Pirkimas | F212: Pardavimas | K212: Dividendai
A213: Data | B213: Suma, EUR | C213: Kaina | D213: Kiekis | F213: Data | G213: Suma,EUR | H213: Kaina | I213: Kiekis | K213: Data | L213: Suma,EUR
A214: 46174 | B214: 0.53 | C214: =B214/D214 -> 35.37 | D214: 0.01498445 | H214: =G214/I214 -> #DIV/0!
C215: =B215/D215 -> #DIV/0!
A222: Viso: | B222: =SUM(B214:B221) -> 0.53 | D222: =SUM(D214:D221) -> 0.01498445 | F222: Viso: | G222: =SUM(G214:G221) -> 0 | I222: =SUM(I214:I221) -> 0 | K222: Viso: | L222: =SUM(L214:L221) -> 0
A225: LEMA Amundi MSCI Emerging Markets ETF (Acc)
A226: Pirkimas | F226: Pardavimas | K226: Dividendai
A227: Data | B227: Suma, EUR | C227: Kaina | D227: Kiekis | F227: Data | G227: Suma,EUR | H227: Kaina | I227: Kiekis | K227: Data | L227: Suma,EUR
A228: 46174 | B228: 0.28 | C228: =B228/D228 -> 76.450303 | D228: 0.00366251 | H228: =G228/I228 -> #DIV/0!
A236: Viso: | B236: =SUM(B228:B235) -> 0.28 | D236: =SUM(D228:D235) -> 0.00366251 | F236: Viso: | G236: =SUM(G228:G235) -> 0 | I236: =SUM(I228:I235) -> 0 | K236: Viso: | L236: =SUM(L228:L235) -> 0
A239: AEHY Amundi EUR High Yield Corporate Bond ETF (Acc)
A240: Pirkimas | F240: Pardavimas | K240: Dividendai
A241: Data | B241: Suma, EUR | C241: Kaina | D241: Kiekis | F241: Data | G241: Suma,EUR | H241: Kaina | I241: Kiekis | K241: Data | L241: Suma,EUR
A242: 46174 | B242: 0.71 | C242: =B242/D242 -> 10.396501 | D242: 0.06829221
C243: =B243/D243 -> #DIV/0!
A250: Viso: | B250: =SUM(B242:B249) -> 0.71 | D250: =SUM(D242:D249) -> 0.06829221 | F250: Viso: | G250: =SUM(G242:G249) -> 0 | I250: =SUM(I242:I249) -> 0 | K250: Viso: | L250: =SUM(L242:L249) -> 0
...

Sheet 2026.05
N2: 2026.05
N3: Robo-Advisor Investment
N4: Data | O4: Suma, EUR | P4: Invest. | Q4: Parduota | R4: Gryni | S4: Dividendai | T4: Mokestis
N5: 46144 | O5: 15 | P5: =B26+B40+B54+B68+B82+B96+B110+B124+B138+B152+B166+B180+B194+B208+B222+B236+B250+B264+B278+B292+B306+B320+B334+B348+B362+B376+B390+B404+B418 -> 67.18 | Q5: =G26+G40+G54+G68+G82+G96+G110+G124+G138+G152+G166+G180+G194+G208+G222+G236+G250+G264+G278+G292+G306+G320+G334+G348+G362+G376+G390+G404+G418 -> 52.92 | R5: =O5-P5+Q5+S5 -> 0.74 | S5: =L26+L40+L54+L68+L82+L96+L110+L124+L138+L152+L166+L180+L194+L208+L222+L236+L250+L264+L278+L292+L306+L320+L334+L348+L362+L376+L390+L404+L418 -> 0 | T5: 0.23
N13: Viso: | O13: =SUM(O5:O12) -> 15 | P13: =SUM(P5:P12) -> 67.18 | Q13: =SUM(Q5:Q12) -> 52.92 | R13: =SUM(R5:R12) -> 0.74 | S13: =SUM(S5:S12) -> 0 | T13: =SUM(T5:T12) -> 0.23
A15: XDWT Xtrackers MSCI World Inform. (Acc)
A16: Pirkimas | F16: Pardavimas | K16: Dividendai
A17: Data | B17: Suma, EUR | C17: Kaina | D17: Kiekis | F17: Data | G17: Suma,EUR | H17: Kaina | I17: Kiekis | K17: Data | L17: Suma,EUR
C18: =B18/D18 -> #DIV/0! | H18: =G18/I18 -> #DIV/0!
A26: Viso: | B26: =SUM(B18:B25) -> 0 | D26: =SUM(D18:D25) -> 0 | F26: Viso: | G26: =SUM(G18:G25) -> 0 | I26: =SUM(I18:I25) -> 0 | K26: Viso: | L26: =SUM(L18:L25) -> 0
A29: IS3K iShares Short Duration Yield Corp. (Dist)
A30: Pirkimas | F30: Pardavimas | K30: Dividendai
A31: Data | B31: Suma, EUR | C31: Kaina | D31: Kiekis | F31: Data | G31: Suma,EUR | H31: Kaina | I31: Kiekis | K31: Data | L31: Suma,EUR
C32: =B32/D32 -> #DIV/0! | H32: =G32/I32 -> #DIV/0!
A40: Viso: | B40: =SUM(B32:B39) -> 0 | D40: =SUM(D32:D39) -> 0 | F40: Viso: | G40: =SUM(G32:G39) -> 0 | I40: =SUM(I32:I39) -> 0 | K40: Viso: | L40: =SUM(L32:L39) -> 0
A43: QDVY iShares Floating Rate Bond ETF (Dist)
A44: Pirkimas | F44: Pardavimas | K44: Dividendai
A45: Data | B45: Suma, EUR | C45: Kaina | D45: Kiekis | F45: Data | G45: Suma,EUR | H45: Kaina | I45: Kiekis | K45: Data | L45: Suma,EUR
C46: =B46/D46 -> #DIV/0! | H46: =G46/I46 -> #DIV/0!
A54: Viso: | B54: =SUM(B46:B53) -> 0 | D54: =SUM(D46:D53) -> 0 | F54: Viso: | G54: =SUM(G46:G53) -> 0 | I54: =SUM(I46:I53) -> 0 | K54: Viso: | L54: =SUM(L46:L53) -> 0
A57: IBCD iShares Corporate Bond ETF (Dist)
A58: Pirkimas | F58: Pardavimas | K58: Dividendai
A59: Data | B59: Suma, EUR | C59: Kaina | D59: Kiekis | F59: Data | G59: Suma,EUR | H59: Kaina | I59: Kiekis | K59: Data | L59: Suma,EUR
C60: =B60/D60 -> #DIV/0! | H60: =G60/I60 -> #DIV/0!
A68: Viso: | B68: =SUM(B60:B67) -> 0 | D68: =SUM(D60:D67) -> 0 | F68: Viso: | G68: =SUM(G60:G67) -> 0 | I68: =SUM(I60:I67) -> 0 | K68: Viso: | L68: =SUM(L60:L67) -> 0
A71: IS3Q iShares Edge MSCI World Quality (Acc)
A72: Pirkimas | F72: Pardavimas | K72: Dividendai
A73: Data | B73: Suma, EUR | C73: Kaina | D73: Kiekis | F73: Data | G73: Suma,EUR | H73: Kaina | I73: Kiekis | K73: Data | L73: Suma,EUR
C74: =B74/D74 -> #DIV/0! | H74: =G74/I74 -> #DIV/0!
A82: Viso: | B82: =SUM(B74:B81) -> 0 | D82: =SUM(D74:D81) -> 0 | F82: Viso: | G82: =SUM(G74:G81) -> 0 | I82: =SUM(I74:I81) -> 0 | K82: Viso: | L82: =SUM(L74:L81) -> 0
A85: IUSU iShares USD Treasury Bond 1-3yr (Dist)
A86: Pirkimas | F86: Pardavimas | K86: Dividendai
A87: Data | B87: Suma, EUR | C87: Kaina | D87: Kiekis | F87: Data | G87: Suma,EUR | H87: Kaina | I87: Kiekis | K87: Data | L87: Suma,EUR
C88: =B88/D88 -> #DIV/0! | H88: =G88/I88 -> #DIV/0!
A96: Viso: | B96: =SUM(B88:B95) -> 0 | D96: =SUM(D88:D95) -> 0 | F96: Viso: | G96: =SUM(G88:G95) -> 0 | I96: =SUM(I88:I95) -> 0 | K96: Viso: | L96: =SUM(L88:L95) -> 0
A99: EXI2 iShares Dow Jones Globas Titans (Dist)
A100: Pirkimas | F100: Pardavimas | K100: Dividendai
A101: Data | B101: Suma, EUR | C101: Kaina | D101: Kiekis | F101: Data | G101: Suma,EUR | H101: Kaina | I101: Kiekis | K101: Data | L101: Suma,EUR
C102: =B102/D102 -> #DIV/0! | H102: =G102/I102 -> #DIV/0!
A110: Viso: | B110: =SUM(B102:B109) -> 0 | D110: =SUM(D102:D109) -> 0 | F110: Viso: | G110: =SUM(G102:G109) -> 0 | I110: =SUM(I102:I109) -> 0 | K110: Viso: | L110: =SUM(L102:L109) -> 0
A113: EXI2 iShares Dow Jones Globas Titans (Dist)
A114: Pirkimas | F114: Pardavimas | K114: Dividendai
A115: Data | B115: Suma, EUR | C115: Kaina | D115: Kiekis | F115: Data | G115: Suma,EUR | H115: Kaina | I115: Kiekis | K115: Data | L115: Suma,EUR
C116: =B116/D116 -> #DIV/0! | H116: =G116/I116 -> #DIV/0!
A124: Viso: | B124: =SUM(B116:B123) -> 0 | D124: =SUM(D116:D123) -> 0 | F124: Viso: | G124: =SUM(G116:G123) -> 0 | I124: =SUM(I116:I123) -> 0 | K124: Viso: | L124: =SUM(L116:L123) -> 0
A127: XDWI Xtrackers MSCI World Industrials UCITS ETF (Acc)
A128: Pirkimas | F128: Pardavimas | K128: Dividendai
A129: Data | B129: Suma, EUR | C129: Kaina | D129: Kiekis | F129: Data | G129: Suma,EUR | H129: Kaina | I129: Kiekis | K129: Data | L129: Suma,EUR
A130: 46170 | B130: 4.11 | C130: =B130/D130 -> 73.910003 | D130: 0.05560817 | H130: =G130/I130 -> #DIV/0!
C131: =B131/D131 -> #DIV/0!
A138: Viso: | B138: =SUM(B130:B137) -> 4.11 | D138: =SUM(D130:D137) -> 0.05560817 | F138: Viso: | G138: =SUM(G130:G137) -> 0 | I138: =SUM(I130:I137) -> 0 | K138: Viso: | L138: =SUM(L130:L137) -> 0
A141: WELK Amundi S&P Global Financials ESG Acc UCITS ETF
A142: Pirkimas | F142: Pardavimas | K142: Dividendai
A143: Data | B143: Suma, EUR | C143: Kaina | D143: Kiekis | F143: Data | G143: Suma,EUR | H143: Kaina | I143: Kiekis | K143: Data | L143: Suma,EUR
A144: 46170 | B144: 4.05 | C144: =B144/D144 -> 17.984 | D144: 0.22520018
C145: =B145/D145 -> #DIV/0!
C146: =B146/D146 -> #DIV/0!
A152: Viso: | B152: =SUM(B144:B151) -> 4.05 | D152: =SUM(D144:D151) -> 0.22520018 | F152: Viso: | G152: =SUM(G144:G151) -> 0 | I152: =SUM(I144:I151) -> 0 | K152: Viso: | L152: =SUM(L144:L151) -> 0
A155: PRAR Amundi Prime Euro Govies UCITS ETF DR (Acc)
A156: Pirkimas | F156: Pardavimas | K156: Dividendai
A157: Data | B157: Suma, EUR | C157: Kaina | D157: Kiekis | F157: Data | G157: Suma,EUR | H157: Kaina | I157: Kiekis | K157: Data | L157: Suma,EUR
A158: 46146 | B158: 2.43 | C158: =B158/D158 -> 17.939999 | D158: 0.13545151 | F158: 46170 | G158: 11.07 | H158: =G158/I158 -> 18.0685 | I158: 0.61266846
H159: =G159/I159 -> #DIV/0!
A166: Viso: | B166: =SUM(B158:B165) -> 2.43 | D166: =SUM(D158:D165) -> 0.13545151 | F166: Viso: | G166: =SUM(G158:G165) -> 11.07 | I166: =SUM(I158:I165) -> 0.61266846 | K166: Viso: | L166: =SUM(L158:L165) -> 0
A169: QDV7 iShares J.P. Morgan Emerging Markets Local Government Bond ETF (Acc)
A170: Pirkimas | F170: Pardavimas | K170: Dividendai
A171: Data | B171: Suma, EUR | C171: Kaina | D171: Kiekis | F171: Data | G171: Suma,EUR | H171: Kaina | I171: Kiekis | K171: Data | L171: Suma,EUR
A172: 46171 | B172: 3.03 | C172: =B172/D172 -> 4.9284 | D172: 0.61480399 | H172: =G172/I172 -> #DIV/0!
C173: =B173/D173 -> #DIV/0!
A180: Viso: | B180: =SUM(B172:B179) -> 3.03 | D180: =SUM(D172:D179) -> 0.61480399 | F180: Viso: | G180: =SUM(G172:G179) -> 0 | I180: =SUM(I172:I179) -> 0 | K180: Viso: | L180: =SUM(L172:L179) -> 0
A183: AMEL Amundi MSCI Emerging Markets Latin America UCITS ETF EUR (Acc)
A184: Pirkimas | F184: Pardavimas | K184: Dividendai
A185: Data | B185: Suma, EUR | C185: Kaina | D185: Kiekis | F185: Data | G185: Suma,EUR | H185: Kaina | I185: Kiekis | K185: Data | L185: Suma,EUR
A186: 46146 | B186: 1.03 | C186: =B186/D186 -> 21.465001 | D186: 0.04798509
A187: 46171 | B187: 4.1 | C187: =B187/D187 -> 20.785 | D187: 0.19725764
A194: Viso: | B194: =SUM(B186:B193) -> 5.13 | D194: =SUM(D186:D193) -> 0.24524273 | F194: Viso: | G194: =SUM(G186:G193) -> 0 | I194: =SUM(I186:I193) -> 0 | K194: Viso: | L194: =SUM(L186:L193) -> 0
A197: 79U0 Amundi S&P 500 II EUR Hedged ETF (Acc)
A198: Pirkimas | F198: Pardavimas | K198: Dividendai
A199: Data | B199: Suma, EUR | C199: Kaina | D199: Kiekis | F199: Data | G199: Suma,EUR | H199: Kaina | I199: Kiekis | K199: Data | L199: Suma,EUR
A200: 46171 | B200: 10.1 | C200: =B200/D200 -> 209.34998 | D200: 0.04824457
C201: =B201/D201 -> #DIV/0!
C202: =B202/D202 -> #DIV/0!
A208: Viso: | B208: =SUM(B200:B207) -> 10.1 | D208: =SUM(D200:D207) -> 0.04824457 | F208: Viso: | G208: =SUM(G200:G207) -> 0 | I208: =SUM(I200:I207) -> 0 | K208: Viso: | L208: =SUM(L200:L207) -> 0
A211: PRAJ Amundi Prime Japan UCITS ETF DR (Acc)
A212: Pirkimas | F212: Pardavimas | K212: Dividendai
A213: Data | B213: Suma, EUR | C213: Kaina | D213: Kiekis | F213: Data | G213: Suma,EUR | H213: Kaina | I213: Kiekis | K213: Data | L213: Suma,EUR
A214: 46170 | B214: 0.5 | C214: =B214/D214 -> 35.619995 | D214: 0.01403706 | H214: =G214/I214 -> #DIV/0!
C215: =B215/D215 -> #DIV/0!
A222: Viso: | B222: =SUM(B214:B221) -> 0.5 | D222: =SUM(D214:D221) -> 0.01403706 | F222: Viso: | G222: =SUM(G214:G221) -> 0 | I222: =SUM(I214:I221) -> 0 | K222: Viso: | L222: =SUM(L214:L221) -> 0
A225: LEMA Amundi MSCI Emerging Markets ETF (Acc)
A226: Pirkimas | F226: Pardavimas | K226: Dividendai
A227: Data | B227: Suma, EUR | C227: Kaina | D227: Kiekis | F227: Data | G227: Suma,EUR | H227: Kaina | I227: Kiekis | K227: Data | L227: Suma,EUR
A228: 46171 | B228: 2.54 | C228: =B228/D228 -> 75.835995 | D228: 0.03349333 | H228: =G228/I228 -> #DIV/0!
A236: Viso: | B236: =SUM(B228:B235) -> 2.54 | D236: =SUM(D228:D235) -> 0.03349333 | F236: Viso: | G236: =SUM(G228:G235) -> 0 | I236: =SUM(I228:I235) -> 0 | K236: Viso: | L236: =SUM(L228:L235) -> 0
A239: AEHY Amundi EUR High Yield Corporate Bond ETF (Acc)
A240: Pirkimas | F240: Pardavimas | K240: Dividendai
A241: Data | B241: Suma, EUR | C241: Kaina | D241: Kiekis | F241: Data | G241: Suma,EUR | H241: Kaina | I241: Kiekis | K241: Data | L241: Suma,EUR
A242: 46146 | B242: 0.53 | C242: =B242/D242 -> 10.2356 | D242: 0.05178006
A243: 46171 | B243: 2.5 | C243: =B243/D243 -> 10.4635 | D243: 0.23892579
A250: Viso: | B250: =SUM(B242:B249) -> 3.03 | D250: =SUM(D242:D249) -> 0.29070585 | F250: Viso: | G250: =SUM(G242:G249) -> 0 | I250: =SUM(I242:I249) -> 0 | K250: Viso: | L250: =SUM(L242:L249) -> 0
...

Sheet 2026.04
N2: 2026.04
N3: Robo-Advisor Investment
N4: Data | O4: Suma, EUR | P4: Invest. | Q4: Parduota | R4: Gryni | S4: Dividendai | T4: Mokestis
N5: 46113 | O5: 15 | P5: =B26+B40+B54+B68+B82+B96+B110+B124+B138+B152+B166+B180+B194+B208+B222+B236+B250+B264+B278+B292+B306+B320+B334+B348+B362+B376+B390+B404+B418 -> 471.96 | Q5: =G26+G40+G54+G68+G82+G96+G110+G124+G138+G152+G166+G180+G194+G208+G222+G236+G250+G264+G278+G292+G306+G320+G334+G348+G362+G376+G390+G404+G418 -> 446.51962 | R5: =O5-P5+Q5 -> -10.440376 | S5: =L26+L40+L54+L68+L82+L96+L110+L124+L138+L152+L166+L180+L194+L208+L222+L236+L250+L264+L278+L292+L306+L320+L334+L348+L362+L376+L390+L404+L418 -> 2.44 | T5: 0.22
N13: Viso: | O13: =SUM(O5:O12) -> 15 | P13: =SUM(P5:P12) -> 471.96 | Q13: =SUM(Q5:Q12) -> 446.51962 | R13: =SUM(R5:R12) -> -10.440376 | S13: =SUM(S5:S12) -> 2.44 | T13: =SUM(T5:T12) -> 0.22
A15: XDWT Xtrackers MSCI World Inform. (Acc)
A16: Pirkimas | F16: Pardavimas | K16: Dividendai
A17: Data | B17: Suma, EUR | C17: Kaina | D17: Kiekis | F17: Data | G17: Suma,EUR | H17: Kaina | I17: Kiekis | K17: Data | L17: Suma,EUR
A18: =N5 -> 46113 | B18: 1.06 | C18: =B18/D18 -> 93.559984 | D18: 0.01132963 | F18: 46114 | G18: 42.12 | H18: =G18/I18 -> 91.798837 | I18: 0.45882934
A26: Viso: | B26: =SUM(B18:B25) -> 1.06 | D26: =SUM(D18:D25) -> 0.01132963 | F26: Viso: | G26: =SUM(G18:G25) -> 42.12 | I26: =SUM(I18:I25) -> 0.45882934 | K26: Viso: | L26: =SUM(L18:L25) -> 0
A29: IS3K iShares Short Duration Yield Corp. (Dist)
A30: Pirkimas | F30: Pardavimas | K30: Dividendai
A31: Data | B31: Suma, EUR | C31: Kaina | D31: Kiekis | F31: Data | G31: Suma,EUR | H31: Kaina | I31: Kiekis | K31: Data | L31: Suma,EUR
A32: =N5 -> 46113 | B32: 1.71 | C32: =B32/D32 -> 74.274682 | D32: 0.02302265 | F32: 46114 | G32: 64.2 | H32: =G32/I32 -> 74.703309 | I32: 0.85939968 | K32: 46114 | L32: 1.07
A40: Viso: | B40: =SUM(B32:B39) -> 1.71 | D40: =SUM(D32:D39) -> 0.02302265 | F40: Viso: | G40: =SUM(G32:G39) -> 64.2 | I40: =SUM(I32:I39) -> 0.85939968 | K40: Viso: | L40: =SUM(L32:L39) -> 1.07
A43: QDVY iShares Floating Rate Bond ETF (Dist)
A44: Pirkimas | F44: Pardavimas | K44: Dividendai
A45: Data | B45: Suma, EUR | C45: Kaina | D45: Kiekis | F45: Data | G45: Suma,EUR | H45: Kaina | I45: Kiekis | K45: Data | L45: Suma,EUR
A46: =N5 -> 46113 | B46: 0.3 | C46: =B46/D46 -> 4.3523115 | D46: 0.06892889 | F46: 46114 | G46: =H46*I46 -> 48.950537 | H46: 4.39 | I46: 11.150464
A54: Viso: | B54: =SUM(B46:B53) -> 0.3 | D54: =SUM(D46:D53) -> 0.06892889 | F54: Viso: | G54: =SUM(G46:G53) -> 48.950537 | I54: =SUM(I46:I53) -> 11.150464 | K54: Viso: | L54: =SUM(L46:L53) -> 0
A57: IBCD iShares Corporate Bond ETF (Dist)
A58: Pirkimas | F58: Pardavimas | K58: Dividendai
A59: Data | B59: Suma, EUR | C59: Kaina | D59: Kiekis | F59: Data | G59: Suma,EUR | H59: Kaina | I59: Kiekis | K59: Data | L59: Suma,EUR
A60: =N5 -> 46113 | B60: 1.64 | C60: =B60/D60 -> 87.577879 | D60: 0.01872619 | F60: 46114 | G60: 46.97 | H60: =G60/I60 -> 87.555193 | I60: 0.53646161 | K60: 46114 | L60: 0.57
A68: Viso: | B68: =SUM(B60:B67) -> 1.64 | D68: =SUM(D60:D67) -> 0.01872619 | F68: Viso: | G68: =SUM(G60:G67) -> 46.97 | I68: =SUM(I60:I67) -> 0.53646161 | K68: Viso: | L68: =SUM(L60:L67) -> 0.57
A71: IS3Q iShares Edge MSCI World Quality (Acc)
A72: Pirkimas | F72: Pardavimas | K72: Dividendai
A73: Data | B73: Suma, EUR | C73: Kaina | D73: Kiekis | F73: Data | G73: Suma,EUR | H73: Kaina | I73: Kiekis | K73: Data | L73: Suma,EUR
A74: =N5 -> 46113 | B74: 5.35 | C74: =B74/D74 -> 68.1 | D74: 0.07856094 | F74: 46114 | G74: 84.94 | H74: =G74/I74 -> 67.567825 | I74: 1.2571072
A82: Viso: | B82: =SUM(B74:B81) -> 5.35 | D82: =SUM(D74:D81) -> 0.07856094 | F82: Viso: | G82: =SUM(G74:G81) -> 84.94 | I82: =SUM(I74:I81) -> 1.2571072 | K82: Viso: | L82: =SUM(L74:L81) -> 0
A85: IUSU iShares USD Treasury Bond 1-3yr (Dist)
A86: Pirkimas | F86: Pardavimas | K86: Dividendai
A87: Data | B87: Suma, EUR | C87: Kaina | D87: Kiekis | F87: Data | G87: Suma,EUR | H87: Kaina | I87: Kiekis | K87: Data | L87: Suma,EUR
A88: =N5 -> 46113 | B88: 1.27 | C88: =B88/D88 -> 109.68492 | D88: 0.01157862 | F88: 46114 | G88: =H88*I88 -> 40.989087 | H88: 110.3 | I88: 0.37161457 | K88: 46114 | L88: 0.8
A96: Viso: | B96: =SUM(B88:B95) -> 1.27 | D96: =SUM(D88:D95) -> 0.01157862 | F96: Viso: | G96: =SUM(G88:G95) -> 40.989087 | I96: =SUM(I88:I95) -> 0.37161457 | K96: Viso: | L96: =SUM(L88:L95) -> 0.8
A99: EXI2 iShares Dow Jones Globas Titans (Dist)
A100: Pirkimas | F100: Pardavimas | K100: Dividendai
A101: Data | B101: Suma, EUR | C101: Kaina | D101: Kiekis | F101: Data | G101: Suma,EUR | H101: Kaina | I101: Kiekis | K101: Data | L101: Suma,EUR
A102: =N5 -> 46113 | B102: 2.8 | C102: =B102/D102 -> 96.60999 | D102: 0.02898251 | F102: 46114 | G102: 63.41 | H102: =G102/I102 -> 95.348798 | I102: 0.66503198
A110: Viso: | B110: =SUM(B102:B109) -> 2.8 | D110: =SUM(D102:D109) -> 0.02898251 | F110: Viso: | G110: =SUM(G102:G109) -> 63.41 | I110: =SUM(I102:I109) -> 0.66503198 | K110: Viso: | L110: =SUM(L102:L109) -> 0
A113: EXI2 iShares Dow Jones Globas Titans (Dist)
A114: Pirkimas | F114: Pardavimas | K114: Dividendai
A115: Data | B115: Suma, EUR | C115: Kaina | D115: Kiekis | F115: Data | G115: Suma,EUR | H115: Kaina | I115: Kiekis | K115: Data | L115: Suma,EUR
A116: =N5 -> 46113 | B116: 0.49 | C116: =B116/D116 -> 93.422841 | D116: 0.00524497 | F116: 46114 | G116: 20.83 | H116: =G116/I116 -> 90.799931 | I116: 0.22940546
A124: Viso: | B124: =SUM(B116:B123) -> 0.49 | D124: =SUM(D116:D123) -> 0.00524497 | F124: Viso: | G124: =SUM(G116:G123) -> 20.83 | I124: =SUM(I116:I123) -> 0.22940546 | K124: Viso: | L124: =SUM(L116:L123) -> 0
A127: XDWI Xtrackers MSCI World Industrials UCITS ETF (Acc)
A128: Pirkimas | F128: Pardavimas | K128: Dividendai
A129: Data | B129: Suma, EUR | C129: Kaina | D129: Kiekis | F129: Data | G129: Suma,EUR | H129: Kaina | I129: Kiekis | K129: Data | L129: Suma,EUR
A130: =N7 -> 0 | B130: 6.39 | C130: =B130/D130 -> 69.950004 | D130: 0.09135096 | F130: 46125 | G130: 0.09 | H130: =G130/I130 -> 71.550093 | I130: 0.00125786
A131: 46121 | B131: 3.26 | C131: =B131/D131 -> 71.719993 | D131: 0.04545455
A138: Viso: | B138: =SUM(B130:B137) -> 9.65 | D138: =SUM(D130:D137) -> 0.13680551 | F138: Viso: | G138: =SUM(G130:G137) -> 0.09 | I138: =SUM(I130:I137) -> 0.00125786 | K138: Viso: | L138: =SUM(L130:L137) -> 0
A141: WELK Amundi S&P Global Financials ESG Acc UCITS ETF
A142: Pirkimas | F142: Pardavimas | K142: Dividendai
A143: Data | B143: Suma, EUR | C143: Kaina | D143: Kiekis | F143: Data | G143: Suma,EUR | H143: Kaina | I143: Kiekis | K143: Data | L143: Suma,EUR
A144: =N7 -> 0 | B144: 6.39 | C144: =B144/D144 -> 17.2 | D144: 0.37151163
A145: 46121 | B145: 3.21 | C145: =B145/D145 -> 17.486 | D145: 0.18357543
A146: 46125 | B146: 0.12 | C146: =B146/D146 -> 17.398011 | D146: 0.00689734
A152: Viso: | B152: =SUM(B144:B151) -> 9.72 | D152: =SUM(D144:D151) -> 0.5619844 | F152: Viso: | G152: =SUM(G144:G151) -> 0 | I152: =SUM(I144:I151) -> 0 | K152: Viso: | L152: =SUM(L144:L151) -> 0
A155: PRAR Amundi Prime Euro Govies UCITS ETF DR (Acc)
A156: Pirkimas | F156: Pardavimas | K156: Dividendai
A157: Data | B157: Suma, EUR | C157: Kaina | D157: Kiekis | F157: Data | G157: Suma,EUR | H157: Kaina | I157: Kiekis | K157: Data | L157: Suma,EUR
A158: =N7 -> 0 | B158: 46.85 | C158: =B158/D158 -> 17.994 | D158: 2.6036457 | F158: 46120 | G158: 7.52 | H158: =G158/I158 -> 18.0346 | I158: 0.41697626
F159: 46125 | G159: 0.27 | H159: =G159/I159 -> 17.848997 | I159: 0.0151269
A166: Viso: | B166: =SUM(B158:B165) -> 46.85 | D166: =SUM(D158:D165) -> 2.6036457 | F166: Viso: | G166: =SUM(G158:G165) -> 7.79 | I166: =SUM(I158:I165) -> 0.43210316 | K166: Viso: | L166: =SUM(L158:L165) -> 0
A169: QDV7 iShares J.P. Morgan Emerging Markets Local Government Bond ETF (Acc)
A170: Pirkimas | F170: Pardavimas | K170: Dividendai
A171: Data | B171: Suma, EUR | C171: Kaina | D171: Kiekis | F171: Data | G171: Suma,EUR | H171: Kaina | I171: Kiekis | K171: Data | L171: Suma,EUR
A172: =N7 -> 0 | B172: 4.26 | C172: =B172/D172 -> 4.858 | D172: 0.87690408 | F172: 46125 | G172: 0.19 | H172: =G172/I172 -> 4.8377002 | I172: 0.03927486
A173: 46121 | B173: 2.34 | C173: =B173/D173 -> 4.9033 | D173: 0.47722962
A180: Viso: | B180: =SUM(B172:B179) -> 6.6 | D180: =SUM(D172:D179) -> 1.3541337 | F180: Viso: | G180: =SUM(G172:G179) -> 0.19 | I180: =SUM(I172:I179) -> 0.03927486 | K180: Viso: | L180: =SUM(L172:L179) -> 0
A183: AMEL Amundi MSCI Emerging Markets Latin America UCITS ETF EUR (Acc)
A184: Pirkimas | F184: Pardavimas | K184: Dividendai
A185: Data | B185: Suma, EUR | C185: Kaina | D185: Kiekis | F185: Data | G185: Suma,EUR | H185: Kaina | I185: Kiekis | K185: Data | L185: Suma,EUR
A186: =N7 -> 0 | B186: 6.39 | C186: =B186/D186 -> 21.554968 | D186: 0.29645138 | F186: 46125 | G186: 0.5 | H186: =G186/I186 -> 22.295003 | I186: 0.02242655
A187: 46121 | B187: 3.49 | C187: =B187/D187 -> 21.840001 | D187: 0.15979853
A194: Viso: | B194: =SUM(B186:B193) -> 9.88 | D194: =SUM(D186:D193) -> 0.45624991 | F194: Viso: | G194: =SUM(G186:G193) -> 0.5 | I194: =SUM(I186:I193) -> 0.02242655 | K194: Viso: | L194: =SUM(L186:L193) -> 0
A197: 79U0 Amundi S&P 500 II EUR Hedged ETF (Acc)
A198: Pirkimas | F198: Pardavimas | K198: Dividendai
A199: Data | B199: Suma, EUR | C199: Kaina | D199: Kiekis | F199: Data | G199: Suma,EUR | H199: Kaina | I199: Kiekis | K199: Data | L199: Suma,EUR
A200: =N7 -> 0 | B200: 52.17 | C200: =B200/D200 -> 183.58 | D200: 0.28418128
A201: 46121 | B201: 9.7 | C201: =B201/D201 -> 187.17998 | D201: 0.05182178
A202: 46125 | B202: 0.2 | C202: =B202/D202 -> 188.30087 | D202: 0.00106213
A208: Viso: | B208: =SUM(B200:B207) -> 62.07 | D208: =SUM(D200:D207) -> 0.33706519 | F208: Viso: | G208: =SUM(G200:G207) -> 0 | I208: =SUM(I200:I207) -> 0 | K208: Viso: | L208: =SUM(L200:L207) -> 0
A211: PRAJ Amundi Prime Japan UCITS ETF DR (Acc)
A212: Pirkimas | F212: Pardavimas | K212: Dividendai
A213: Data | B213: Suma, EUR | C213: Kaina | D213: Kiekis | F213: Data | G213: Suma,EUR | H213: Kaina | I213: Kiekis | K213: Data | L213: Suma,EUR
A214: =N7 -> 0 | B214: 17.04 | C214: =B214/D214 -> 33.16 | D214: 0.51387214
A215: 46125 | B215: 0.3 | C215: =B215/D215 -> 33.085012 | D215: 0.00906755
A222: Viso: | B222: =SUM(B214:B221) -> 17.34 | D222: =SUM(D214:D221) -> 0.52293969 | F222: Viso: | G222: =SUM(G214:G221) -> 0 | I222: =SUM(I214:I221) -> 0 | K222: Viso: | L222: =SUM(L214:L221) -> 0
A225: LEMA Amundi MSCI Emerging Markets ETF (Acc)
A226: Pirkimas | F226: Pardavimas | K226: Dividendai
A227: Data | B227: Suma, EUR | C227: Kaina | D227: Kiekis | F227: Data | G227: Suma,EUR | H227: Kaina | I227: Kiekis | K227: Data | L227: Suma,EUR
A228: =N7 -> 0 | B228: 23.42 | C228: =B228/D228 -> 63.49 | D228: 0.36887699 | F228: 46125 | G228: 0.47 | H228: =G228/I228 -> 65.40996 | I228: 0.00718545
A236: Viso: | B236: =SUM(B228:B235) -> 23.42 | D236: =SUM(D228:D235) -> 0.36887699 | F236: Viso: | G236: =SUM(G228:G235) -> 0.47 | I236: =SUM(I228:I235) -> 0.00718545 | K236: Viso: | L236: =SUM(L228:L235) -> 0
A239: AEHY Amundi EUR High Yield Corporate Bond ETF (Acc)
A240: Pirkimas | F240: Pardavimas | K240: Dividendai
A241: Data | B241: Suma, EUR | C241: Kaina | D241: Kiekis | F241: Data | G241: Suma,EUR | H241: Kaina | I241: Kiekis | K241: Data | L241: Suma,EUR
A242: =N7 -> 0 | B242: 13.84 | C242: =B242/D242 -> 10.18 | D242: 1.3595285
A243: 46125 | B243: 1.78 | C243: =B243/D243 -> 10.2012 | D243: 0.17448928
A250: Viso: | B250: =SUM(B242:B249) -> 15.62 | D250: =SUM(D242:D249) -> 1.5340178 | F250: Viso: | G250: =SUM(G242:G249) -> 0 | I250: =SUM(I242:I249) -> 0 | K250: Viso: | L250: =SUM(L242:L249) -> 0
...

Sheet 2026.03
A1: 2026.03
A3: Robo-Advisor Investment | B3: Suma, EUR | C3: Investuota | D3: Gryni | E3: Dividendai | F3: Mokestis
A4: 46083 | B4: 15 | C4: =B16+B28+B40+B52+B64+B76+B88+B100 -> 14.39 | D4: =B4-C4 -> 0.61
A12: Viso: | B12: =SUM(B4:B11) -> 15 | C12: =SUM(C4:C11) -> 14.39 | D12: =SUM(D4:D11) -> 0.61 | E12: =E24+E36+E48+E60+E72+E84+E96+E108 -> 0.03 | F12: 0.2
A15: XDWT Xtrackers MSCI World Inform. (Acc) | B15: Suma, EUR | C15: Kaina | D15: Kiekis | E15: Dividendai
A16: =A4 -> 46083 | B16: 3.28 | C16: =B16/D16 -> 93.780012 | D16: 0.03497547
A24: Viso: | B24: =SUM(B16:B23) -> 3.28 | D24: =SUM(D16:D23) -> 0.03497547 | E24: =SUM(E16:E23) -> 0
A27: IS3K iShares Short Duration Yield Corp. (Dist) | B27: Suma, EUR | C27: Kaina | D27: Kiekis | E27: Dividendai
A28: =A4 -> 46083 | B28: 2.21 | C28: =B28/D28 -> 75.282993 | D28: 0.0293559
A36: Viso: | B36: =SUM(B28:B35) -> 2.21 | D36: =SUM(D28:D35) -> 0.0293559 | E36: =SUM(E28:E35) -> 0
A39: QDVY iShares Floating Rate Bond ETF (Dist) | B39: Suma, EUR | C39: Kaina | D39: Kiekis | E39: Dividendai
A40: =A4 -> 46083 | B40: 1.48 | C40: =B40/D40 -> 4.3366 | D40: 0.34128119
A48: Viso: | B48: =SUM(B40:B47) -> 1.48 | D48: =SUM(D40:D47) -> 0.34128119 | E48: =SUM(E40:E47) -> 0
A51: IBCD iShares Corporate Bond ETF (Dist) | B51: Suma, EUR | C51: Kaina | D51: Kiekis | E51: Dividendai
A52: =A16 -> 46083 | B52: 1.08 | C52: =B52/D52 -> 88.810239 | D52: 0.01216076
A60: Viso: | B60: =SUM(B52:B59) -> 1.08 | D60: =SUM(D52:D59) -> 0.01216076 | E60: =SUM(E52:E59) -> 0
A63: IS3Q iShares Edge MSCI World Quality (Acc) | B63: Suma, EUR | C63: Kaina | D63: Kiekis | E63: Dividendai
A64: =A28 -> 46083 | B64: 1.74 | C64: =B64/D64 -> 70.569999 | D64: 0.02465637
A72: Viso: | B72: =SUM(B64:B71) -> 1.74 | D72: =SUM(D64:D71) -> 0.02465637 | E72: =SUM(E64:E71) -> 0
A75: IUSU iShares USD Treasury Bond 1-3yr (Dist) | B75: Suma, EUR | C75: Kaina | D75: Kiekis | E75: Dividendai
A76: =A40 -> 46083 | B76: 1.19 | C76: =B76/D76 -> 111.14515 | D76: 0.01070672
A84: Viso: | B84: =SUM(B76:B83) -> 1.19 | D84: =SUM(D76:D83) -> 0.01070672 | E84: =SUM(E76:E83) -> 0
A87: EXI2 iShares Dow Jones Globas Titans (Dist) | B87: Suma, EUR | C87: Kaina | D87: Kiekis | E87: Dividendai
A88: =A52 -> 46083 | B88: 3.41 | C88: =B88/D88 -> 98.889996 | D88: 0.03448276 | E88: 0.03
A96: Viso: | B96: =SUM(B88:B95) -> 3.41 | D96: =SUM(D88:D95) -> 0.03448276 | E96: =SUM(E88:E95) -> 0.03
A99: DBXJ Xtrackers MSCI Japan ETF (Acc) | B99: Suma, EUR | C99: Kaina | D99: Kiekis | E99: Dividendai
A100: =A64 -> 46083 | B100: 0 | C100: =B100/D100 -> #DIV/0! | D100: 0
A108: Viso: | B108: =SUM(B100:B107) -> 0 | D108: =SUM(D100:D107) -> 0 | E108: =SUM(E100:E107) -> 0

Sheet 2026.02
A1: 2026.02
A3: Robo-Advisor Investment | B3: Suma, EUR | C3: Investuota | D3: Gryni | E3: Dividendai | F3: Mokestis
A4: 46056 | B4: 15 | C4: =B16+B28+B40+B52+B64+B76+B88+B100 -> 14.51 | D4: =B4-C4 -> 0.49
A12: Viso: | B12: =SUM(B4:B11) -> 15 | C12: =SUM(C4:C11) -> 14.51 | D12: =SUM(D4:D11) -> 0.49 | E12: =E24+E36+E48+E60+E72+E84+E96+E108 -> 0 | F12: 0.21
A15: XDWT Xtrackers MSCI World Inform. (Acc) | B15: Suma, EUR | C15: Kaina | D15: Kiekis | E15: Dividendai
A16: =A4 -> 46056 | B16: 2.93 | C16: =B16/D16 -> 99.100016 | D16: 0.02956609
A24: Viso: | B24: =SUM(B16:B23) -> 2.93 | D24: =SUM(D16:D23) -> 0.02956609 | E24: =SUM(E16:E23) -> 0
A27: IS3K iShares Short Duration Yield Corp. (Dist) | B27: Suma, EUR | C27: Kaina | D27: Kiekis | E27: Dividendai
A28: =A4 -> 46056 | B28: 2.36 | C28: =B28/D28 -> 74.969996 | D28: 0.03147926
A36: Viso: | B36: =SUM(B28:B35) -> 2.36 | D36: =SUM(D28:D35) -> 0.03147926 | E36: =SUM(E28:E35) -> 0
A39: QDVY iShares Floating Rate Bond ETF (Dist) | B39: Suma, EUR | C39: Kaina | D39: Kiekis | E39: Dividendai
A40: =A4 -> 46056 | B40: 1.9 | C40: =B40/D40 -> 4.2929 | D40: 0.44259126
A48: Viso: | B48: =SUM(B40:B47) -> 1.9 | D48: =SUM(D40:D47) -> 0.44259126 | E48: =SUM(E40:E47) -> 0
A51: IBCD iShares Corporate Bond ETF (Dist) | B51: Suma, EUR | C51: Kaina | D51: Kiekis | E51: Dividendai
A52: =A16 -> 46056 | B52: 1.76 | C52: =B52/D52 -> 87.455893 | D52: 0.02012443
A60: Viso: | B60: =SUM(B52:B59) -> 1.76 | D60: =SUM(D52:D59) -> 0.02012443 | E60: =SUM(E52:E59) -> 0
A63: IS3Q iShares Edge MSCI World Quality (Acc) | B63: Suma, EUR | C63: Kaina | D63: Kiekis | E63: Dividendai
A64: =A28 -> 46056 | B64: 1.41 | C64: =B64/D64 -> 70.380002 | D64: 0.0200341
A72: Viso: | B72: =SUM(B64:B71) -> 1.41 | D72: =SUM(D64:D71) -> 0.0200341 | E72: =SUM(E64:E71) -> 0
A75: IUSU iShares USD Treasury Bond 1-3yr (Dist) | B75: Suma, EUR | C75: Kaina | D75: Kiekis | E75: Dividendai
A76: =A40 -> 46056 | B76: 1.63 | C76: =B76/D76 -> 109.76978 | D76: 0.01484926
A84: Viso: | B84: =SUM(B76:B83) -> 1.63 | D84: =SUM(D76:D83) -> 0.01484926 | E84: =SUM(E76:E83) -> 0
A87: EXI2 iShares Dow Jones Globas Titans (Dist) | B87: Suma, EUR | C87: Kaina | D87: Kiekis | E87: Dividendai
A88: =A52 -> 46056 | B88: 2.52 | C88: =B88/D88 -> 101.66 | D88: 0.02478851
A96: Viso: | B96: =SUM(B88:B95) -> 2.52 | D96: =SUM(D88:D95) -> 0.02478851 | E96: =SUM(E88:E95) -> 0
A99: DBXJ Xtrackers MSCI Japan ETF (Acc) | B99: Suma, EUR | C99: Kaina | D99: Kiekis | E99: Dividendai
A100: =A64 -> 46056 | B100: 0 | C100: =B100/D100 -> #DIV/0! | D100: 0
A108: Viso: | B108: =SUM(B100:B107) -> 0 | D108: =SUM(D100:D107) -> 0 | E108: =SUM(E100:E107) -> 0

Sheet 2026.01
A1: 2026.01
A3: Robo-Advisor Investment | B3: Suma, EUR | C3: Investuota | D3: Gryni | E3: Dividendai | F3: Mokestis
A4: 46024 | B4: 15 | C4: =B16+B28+B40+B52+B64+B76+B88+B100 -> 13.61 | D4: =B4-C4 -> 1.39
A12: Viso: | B12: =SUM(B4:B11) -> 15 | C12: =SUM(C4:C11) -> 13.61 | D12: =SUM(D4:D11) -> 1.39 | E12: =E24+E36+E48+E60+E72+E84+E96+E108 -> 0 | F12: 0.2
A15: XDWT Xtrackers MSCI World Inform. (Acc) | B15: Suma, EUR | C15: Kaina | D15: Kiekis | E15: Dividendai
A16: =A4 -> 46024 | B16: 1.33 | C16: =B16/D16 -> 101.29999 | D16: 0.01312932
A24: Viso: | B24: =SUM(B16:B23) -> 1.33 | D24: =SUM(D16:D23) -> 0.01312932 | E24: =SUM(E16:E23) -> 0
A27: IS3K iShares Short Duration Yield Corp. (Dist) | B27: Suma, EUR | C27: Kaina | D27: Kiekis | E27: Dividendai
A28: =A4 -> 46024 | B28: 4.39 | C28: =B28/D28 -> 74.940995 | D28: 0.05857942
A36: Viso: | B36: =SUM(B28:B35) -> 4.39 | D36: =SUM(D28:D35) -> 0.05857942 | E36: =SUM(E28:E35) -> 0
A39: QDVY iShares Floating Rate Bond ETF (Dist) | B39: Suma, EUR | C39: Kaina | D39: Kiekis | E39: Dividendai
A40: =A4 -> 46024 | B40: 0 | C40: =B40/D40 -> #DIV/0! | D40: 0
A48: Viso: | B48: =SUM(B40:B47) -> 0 | D48: =SUM(D40:D47) -> 0 | E48: =SUM(E40:E47) -> 0
A51: IBCD iShares Corporate Bond ETF (Dist) | B51: Suma, EUR | C51: Kaina | D51: Kiekis | E51: Dividendai
A52: =A16 -> 46024 | B52: 2.83 | C52: =B52/D52 -> 87.671905 | D52: 0.03227944
A60: Viso: | B60: =SUM(B52:B59) -> 2.83 | D60: =SUM(D52:D59) -> 0.03227944 | E60: =SUM(E52:E59) -> 0
A63: IS3Q iShares Edge MSCI World Quality (Acc) | B63: Suma, EUR | C63: Kaina | D63: Kiekis | E63: Dividendai
A64: =A28 -> 46024 | B64: 2.46 | C64: =B64/D64 -> 68.319992 | D64: 0.03600703
A72: Viso: | B72: =SUM(B64:B71) -> 2.46 | D72: =SUM(D64:D71) -> 0.03600703 | E72: =SUM(E64:E71) -> 0
A75: IUSU iShares USD Treasury Bond 1-3yr (Dist) | B75: Suma, EUR | C75: Kaina | D75: Kiekis | E75: Dividendai
A76: =A40 -> 46024 | B76: 0 | C76: =B76/D76 -> #DIV/0! | D76: 0
A84: Viso: | B84: =SUM(B76:B83) -> 0 | D84: =SUM(D76:D83) -> 0 | E84: =SUM(E76:E83) -> 0
A87: EXI2 iShares Dow Jones Globas Titans (Dist) | B87: Suma, EUR | C87: Kaina | D87: Kiekis | E87: Dividendai
A88: =A52 -> 46024 | B88: 2.04 | C88: =B88/D88 -> 100.44002 | D88: 0.02031063
A96: Viso: | B96: =SUM(B88:B95) -> 2.04 | D96: =SUM(D88:D95) -> 0.02031063 | E96: =SUM(E88:E95) -> 0
A99: DBXJ Xtrackers MSCI Japan ETF (Acc) | B99: Suma, EUR | C99: Kaina | D99: Kiekis | E99: Dividendai
A100: =A64 -> 46024 | B100: 0.56 | C100: =B100/D100 -> 86.499846 | D100: 0.006474
A108: Viso: | B108: =SUM(B100:B107) -> 0.56 | D108: =SUM(D100:D107) -> 0.006474 | E108: =SUM(E100:E107) -> 0

Sheet 2025.12
A1: 2025.12
A3: Robo-Advisor Investment | B3: Suma, EUR | C3: Investuota | D3: Gryni | E3: Dividendai | F3: Mokestis
A4: 45992 | B4: 15 | C4: =B16+B28+B40+B52+B64+B76+B88+B100 -> 14.58 | D4: =B4-C4 -> 0.42
A12: Viso: | B12: =SUM(B4:B11) -> 15 | C12: =SUM(C4:C11) -> 14.58 | D12: =SUM(D4:D11) -> 0.42 | E12: =E24+E36+E48+E60+E72+E84+E96+E108 -> 3.31 | F12: 0.19
A15: XDWT Xtrackers MSCI World Inform. (Acc) | B15: Suma, EUR | C15: Kaina | D15: Kiekis | E15: Dividendai
A16: =A4 -> 45992 | B16: 2.88 | C16: =B16/D16 -> 99.750002 | D16: 0.02887218
A24: Viso: | B24: =SUM(B16:B23) -> 2.88 | D24: =SUM(D16:D23) -> 0.02887218 | E24: =SUM(E16:E23) -> 0
A27: IS3K iShares Short Duration Yield Corp. (Dist) | B27: Suma, EUR | C27: Kaina | D27: Kiekis | E27: Dividendai
A28: =A4 -> 45992 | B28: 1.65 | C28: =B28/D28 -> 77.449008 | D28: 0.02130434 | E28: 1.76
A36: Viso: | B36: =SUM(B28:B35) -> 1.65 | D36: =SUM(D28:D35) -> 0.02130434 | E36: =SUM(E28:E35) -> 1.76
A39: QDVY iShares Floating Rate Bond ETF (Dist) | B39: Suma, EUR | C39: Kaina | D39: Kiekis | E39: Dividendai
A40: =A4 -> 45992 | B40: 2.44 | C40: =B40/D40 -> 4.3122 | D40: 0.56583647 | E40: 1.06
A48: Viso: | B48: =SUM(B40:B47) -> 2.44 | D48: =SUM(D40:D47) -> 0.56583647 | E48: =SUM(E40:E47) -> 1.06
A51: IBCD iShares Corporate Bond ETF (Dist) | B51: Suma, EUR | C51: Kaina | D51: Kiekis | E51: Dividendai
A52: =A16 -> 45992 | B52: 1.13 | C52: =B52/D52 -> 89.849903 | D52: 0.01257653 | E52: 0.48
A60: Viso: | B60: =SUM(B52:B59) -> 1.13 | D60: =SUM(D52:D59) -> 0.01257653 | E60: =SUM(E52:E59) -> 0.48
A63: IS3Q iShares Edge MSCI World Quality (Acc) | B63: Suma, EUR | C63: Kaina | D63: Kiekis | E63: Dividendai
A64: =A28 -> 45992 | B64: 2.09 | C64: =B64/D64 -> 67.340002 | D64: 0.03103653
A72: Viso: | B72: =SUM(B64:B71) -> 2.09 | D72: =SUM(D64:D71) -> 0.03103653 | E72: =SUM(E64:E71) -> 0
A75: IUSU iShares USD Treasury Bond 1-3yr (Dist) | B75: Suma, EUR | C75: Kaina | D75: Kiekis | E75: Dividendai
A76: =A40 -> 45992 | B76: 1.13 | C76: =B76/D76 -> 110.64503 | D76: 0.01021284
A84: Viso: | B84: =SUM(B76:B83) -> 1.13 | D84: =SUM(D76:D83) -> 0.01021284 | E84: =SUM(E76:E83) -> 0
A87: EXI2 iShares Dow Jones Globas Titans (Dist) | B87: Suma, EUR | C87: Kaina | D87: Kiekis | E87: Dividendai
A88: =A52 -> 45992 | B88: 2.44 | C88: =B88/D88 -> 99.460062 | D88: 0.02453246 | E88: 0.01
A96: Viso: | B96: =SUM(B88:B95) -> 2.44 | D96: =SUM(D88:D95) -> 0.02453246 | E96: =SUM(E88:E95) -> 0.01
A99: DBXJ Xtrackers MSCI Japan ETF (Acc) | B99: Suma, EUR | C99: Kaina | D99: Kiekis | E99: Dividendai
A100: =A64 -> 45992 | B100: 0.82 | C100: =B100/D100 -> 84.96793 | D100: 0.0096507
A108: Viso: | B108: =SUM(B100:B107) -> 0.82 | D108: =SUM(D100:D107) -> 0.0096507 | E108: =SUM(E100:E107) -> 0

Sheet 2025.11
A1: 2025.11
A3: Robo-Advisor Investment | B3: Suma, EUR | C3: Investuota | D3: Gryni | E3: Dividendai | F3: Mokestis
A4: 2025.11.01 | B4: 15 | C4: =B16+B28+B40+B52+B64+B76+B88+B100 -> 14.21 | D4: =B4-C4 -> 0.79
A12: Viso: | B12: =SUM(B4:B11) -> 15 | C12: =SUM(C4:C11) -> 14.21 | D12: =SUM(D4:D11) -> 0.79 | E12: =E24+E36+E48+E60+E72+E84+E96+E108 -> 0 | F12: 0.19
A15: XDWT Xtrackers MSCI World Inform. (Acc) | B15: Suma, EUR | C15: Kaina | D15: Kiekis | E15: Dividendai
A16: =A4 -> 2025.11.01 | B16: 0
A24: Viso: | B24: =SUM(B16:B23) -> 0 | D24: =SUM(D16:D23) -> 0 | E24: =SUM(E16:E23) -> 0
A27: IS3K iShares Short Duration Yield Corp. (Dist) | B27: Suma, EUR | C27: Kaina | D27: Kiekis | E27: Dividendai
A28: =A4 -> 2025.11.01 | B28: 3.18 | C28: =B28/D28 -> 77.971008 | D28: 0.04078439
A36: Viso: | B36: =SUM(B28:B35) -> 3.18 | D36: =SUM(D28:D35) -> 0.04078439 | E36: =SUM(E28:E35) -> 0
A39: QDVY iShares Floating Rate Bond ETF (Dist) | B39: Suma, EUR | C39: Kaina | D39: Kiekis | E39: Dividendai
A40: =A4 -> 2025.11.01 | B40: 2.5 | C40: =B40/D40 -> 4.4567 | D40: 0.56095317
A48: Viso: | B48: =SUM(B40:B47) -> 2.5 | D48: =SUM(D40:D47) -> 0.56095317 | E48: =SUM(E40:E47) -> 0
A51: IBCD iShares Corporate Bond ETF (Dist) | B51: Suma, EUR | C51: Kaina | D51: Kiekis | E51: Dividendai
A52: =A4 -> 2025.11.01 | B52: 2.35 | C52: =B52/D52 -> 90.105911 | D52: 0.02608042
A60: Viso: | B60: =SUM(B52:B59) -> 2.35 | D60: =SUM(D52:D59) -> 0.02608042 | E60: =SUM(E52:E59) -> 0
A63: IS3Q iShares Edge MSCI World Quality (Acc) | B63: Suma, EUR | C63: Kaina | D63: Kiekis | E63: Dividendai
A64: =A4 -> 2025.11.01 | B64: 3.48 | C64: =B64/D64 -> 67.860002 | D64: 0.05128205
A72: Viso: | B72: =SUM(B64:B71) -> 3.48 | D72: =SUM(D64:D71) -> 0.05128205 | E72: =SUM(E64:E71) -> 0
A75: IUSU iShares USD Treasury Bond 1-3yr (Dist) | B75: Suma, EUR | C75: Kaina | D75: Kiekis | E75: Dividendai
A76: =A4 -> 2025.11.01 | B76: 2.1 | C76: =B76/D76 -> 111.4199 | D76: 0.01884762
A84: Viso: | B84: =SUM(B76:B83) -> 2.1 | D84: =SUM(D76:D83) -> 0.01884762 | E84: =SUM(E76:E83) -> 0
A87: EXI2 iShares Dow Jones Globas Titans (Dist) | B87: Suma, EUR | C87: Kaina | D87: Kiekis | E87: Dividendai
A88: =A4 -> 2025.11.01 | B88: 0.19 | C88: =B88/D88 -> 101.44045 | D88: 0.00187302
A96: Viso: | B96: =SUM(B88:B95) -> 0.19 | D96: =SUM(D88:D95) -> 0.00187302 | E96: =SUM(E88:E95) -> 0
A99: DBXJ Xtrackers MSCI Japan ETF (Acc) | B99: Suma, EUR | C99: Kaina | D99: Kiekis | E99: Dividendai
A100: =A4 -> 2025.11.01 | B100: 0.41 | C100: =B100/D100 -> 87.003945 | D100: 0.00471243
A108: Viso: | B108: =SUM(B100:B107) -> 0.41 | D108: =SUM(D100:D107) -> 0.00471243 | E108: =SUM(E100:E107) -> 0

Sheet 2025.10
A1: 2025.10
A3: Robo-Advisor Investment | B3: Suma, EUR | C3: Investuota | D3: Gryni | E3: Dividendai | F3: Mokestis
A4: 2025.10.01 | B4: 15 | C4: =B16+B28+B40+B52+B64+B76+B88+B100 -> 15.43 | D4: =B4-C4 -> -0.43
A12: Viso: | B12: =SUM(B4:B11) -> 15 | C12: =SUM(C4:C11) -> 15.43 | D12: =SUM(D4:D11) -> -0.43 | E12: =E24+E36+E48+E60+E72+E84+E96+E108 -> 0 | F12: 0.17
A15: XDWT Xtrackers MSCI World Inform. (Acc) | B15: Suma, EUR | C15: Kaina | D15: Kiekis | E15: Dividendai
A16: =A4 -> 2025.10.01 | B16: 0.23 | C16: =B16/D16 -> 98.19031 | D16: 0.00234239
A24: Viso: | B24: =SUM(B16:B23) -> 0.23 | D24: =SUM(D16:D23) -> 0.00234239 | E24: =SUM(E16:E23) -> 0
A27: IS3K iShares Short Duration Yield Corp. (Dist) | B27: Suma, EUR | C27: Kaina | D27: Kiekis | E27: Dividendai
A28: =A4 -> 2025.10.01 | B28: 2.97 | C28: =B28/D28 -> 76.321009 | D28: 0.03891458
A36: Viso: | B36: =SUM(B28:B35) -> 2.97 | D36: =SUM(D28:D35) -> 0.03891458 | E36: =SUM(E28:E35) -> 0
A39: QDVY iShares Floating Rate Bond ETF (Dist) | B39: Suma, EUR | C39: Kaina | D39: Kiekis | E39: Dividendai
A40: =A4 -> 2025.10.01 | B40: 2.45 | C40: =B40/D40 -> 4.3534001 | D40: 0.56277851
A48: Viso: | B48: =SUM(B40:B47) -> 2.45 | D48: =SUM(D40:D47) -> 0.56277851 | E48: =SUM(E40:E47) -> 0
A51: IBCD iShares Corporate Bond ETF (Dist) | B51: Suma, EUR | C51: Kaina | D51: Kiekis | E51: Dividendai
A52: =A4 -> 2025.10.01 | B52: 2.2 | C52: =B52/D52 -> 88.499918 | D52: 0.02485878
A60: Viso: | B60: =SUM(B52:B59) -> 2.2 | D60: =SUM(D52:D59) -> 0.02485878 | E60: =SUM(E52:E59) -> 0
A63: IS3Q iShares Edge MSCI World Quality (Acc) | B63: Suma, EUR | C63: Kaina | D63: Kiekis | E63: Dividendai
A64: =A4 -> 2025.10.01 | B64: 2.95 | C64: =B64/D64 -> 65.75 | D64: 0.04486692
A72: Viso: | B72: =SUM(B64:B71) -> 2.95 | D72: =SUM(D64:D71) -> 0.04486692 | E72: =SUM(E64:E71) -> 0
A75: IUSU iShares USD Treasury Bond 1-3yr (Dist) | B75: Suma, EUR | C75: Kaina | D75: Kiekis | E75: Dividendai
A76: =A4 -> 2025.10.01 | B76: 2.71 | C76: =B76/D76 -> 108.9799 | D76: 0.02486697
A84: Viso: | B84: =SUM(B76:B83) -> 2.71 | D84: =SUM(D76:D83) -> 0.02486697 | E84: =SUM(E76:E83) -> 0
A87: EXI2 iShares Dow Jones Globas Titans (Dist) | B87: Suma, EUR | C87: Kaina | D87: Kiekis | E87: Dividendai
A88: =A4 -> 2025.10.01 | B88: 1.08 | C88: =B88/D88 -> 94.560081 | D88: 0.01142131
A96: Viso: | B96: =SUM(B88:B95) -> 1.08 | D96: =SUM(D88:D95) -> 0.01142131 | E96: =SUM(E88:E95) -> 0
A99: DBXJ Xtrackers MSCI Japan ETF (Acc) | B99: Suma, EUR | C99: Kaina | D99: Kiekis | E99: Dividendai
A100: =A4 -> 2025.10.01 | B100: 0.84 | C100: =B100/D100 -> 82.261969 | D100: 0.01021128
A108: Viso: | B108: =SUM(B100:B107) -> 0.84 | D108: =SUM(D100:D107) -> 0.01021128 | E108: =SUM(E100:E107) -> 0

Sheet 2025.09
A1: 2025.09
A3: Robo-Advisor Investment | B3: Suma, EUR | C3: Investuota | D3: Gryni | E3: Dividendai | F3: Mokestis
A4: 2025.09.01 | B4: 15 | C4: =B16+B28+B40+B52+B64+B76+B88+B100 -> 2.39 | D4: =B4-C4 -> 12.61
A5: 2025.09.02 | B5: 0 | C5: =B17+B29+B41+B53+B65+B77+B89+B101 -> 14.7 | D5: =B5-C5 -> -14.7
A12: Viso: | B12: =SUM(B4:B11) -> 15 | C12: =SUM(C4:C11) -> 17.09 | D12: =SUM(D4:D11) -> -2.09 | E12: =E24+E36+E48+E60+E72+E84+E96+E108 -> 1.04 | F12: 0.16
A15: XDWT Xtrackers MSCI World Inform. (Acc) | B15: Suma, EUR | C15: Kaina | D15: Kiekis | E15: Dividendai
A16: =A4 -> 2025.09.01 | B16: 0.73 | C16: =B16/D16 -> 91.840072 | D16: 0.0079486
A17: =A5 -> 2025.09.02 | B17: 1.39 | C17: =B17/D17 -> 91.710009 | D17: 0.01515647
A24: Viso: | B24: =SUM(B16:B23) -> 2.12 | D24: =SUM(D16:D23) -> 0.02310507 | E24: =SUM(E16:E23) -> 0
A27: IS3K iShares Short Duration Yield Corp. (Dist) | B27: Suma, EUR | C27: Kaina | D27: Kiekis | E27: Dividendai
A28: =A4 -> 2025.09.01 | B28: 0 | C28: =B28/D28 -> #DIV/0! | D28: 0
A29: =A5 -> 2025.09.02 | B29: 2.38 | C29: =B29/D29 -> 76.249914 | D29: 0.03121315
A36: Viso: | B36: =SUM(B28:B35) -> 2.38 | D36: =SUM(D28:D35) -> 0.03121315 | E36: =SUM(E28:E35) -> 0
A39: QDVY iShares Floating Rate Bond ETF (Dist) | B39: Suma, EUR | C39: Kaina | D39: Kiekis | E39: Dividendai
A40: =A4 -> 2025.09.01 | B40: 0.3 | C40: =B40/D40 -> 4.3354005 | D40: 0.06919776
A41: =A5 -> 2025.09.02 | B41: 1.8 | C41: =B41/D41 -> 4.3720001 | D41: 0.41171088
A48: Viso: | B48: =SUM(B40:B47) -> 2.1 | D48: =SUM(D40:D47) -> 0.48090864 | E48: =SUM(E40:E47) -> 0
A51: IBCD iShares Corporate Bond ETF (Dist) | B51: Suma, EUR | C51: Kaina | D51: Kiekis | E51: Dividendai
A52: =A4 -> 2025.09.01 | B52: 0.26 | C52: =B52/D52 -> 87.766083 | D52: 0.00296242
A53: =A5 -> 2025.09.02 | B53: 1.83 | C53: =B53/D53 -> 88.38193 | D53: 0.02070559
A54: 45927 | E54: 0.42
A60: Viso: | B60: =SUM(B52:B59) -> 2.09 | D60: =SUM(D52:D59) -> 0.02366801 | E60: =SUM(E52:E59) -> 0.42
A63: IS3Q iShares Edge MSCI World Quality (Acc) | B63: Suma, EUR | C63: Kaina | D63: Kiekis | E63: Dividendai
A64: =A4 -> 2025.09.01 | B64: 0.77 | C64: =B64/D64 -> 64.06006 | D64: 0.01201997
A65: =A5 -> 2025.09.02 | B65: 2.83 | C65: =B65/D65 -> 64.080008 | D65: 0.04416354
A72: Viso: | B72: =SUM(B64:B71) -> 3.6 | D72: =SUM(D64:D71) -> 0.05618351 | E72: =SUM(E64:E71) -> 0
A75: IUSU iShares USD Treasury Bond 1-3yr (Dist) | B75: Suma, EUR | C75: Kaina | D75: Kiekis | E75: Dividendai
A76: =A4 -> 2025.09.01 | B76: 0.07 | C76: =B76/D76 -> 110.80157 | D76: 0.00063176
A77: =A5 -> 2025.09.02 | B77: 1.61 | C77: =B77/D77 -> 111.65993 | D77: 0.01441878
A78: 45927 | E78: 0.62
A84: Viso: | B84: =SUM(B76:B83) -> 1.68 | D84: =SUM(D76:D83) -> 0.01505054 | E84: =SUM(E76:E83) -> 0.62
A87: EXI2 iShares Dow Jones Globas Titans (Dist) | B87: Suma, EUR | C87: Kaina | D87: Kiekis | E87: Dividendai
A88: =A4 -> 2025.09.01 | B88: 0.26 | C88: =B88/D88 -> 89.980031 | D88: 0.00288953
A89: =A5 -> 2025.09.02 | B89: 2.14 | C89: =B89/D89 -> 90.05002 | D89: 0.02376457
A96: Viso: | B96: =SUM(B88:B95) -> 2.4 | D96: =SUM(D88:D95) -> 0.0266541 | E96: =SUM(E88:E95) -> 0
A99: DBXJ Xtrackers MSCI Japan ETF (Acc) | B99: Suma, EUR | C99: Kaina | D99: Kiekis | E99: Dividendai
A100: =A4 -> 2025.09.01 | B100: 0 | C100: =B100/D100 -> #DIV/0! | D100: 0
A101: =A5 -> 2025.09.02 | B101: 0.72 | C101: =B101/D101 -> 80.385942 | D101: 0.00895679
A108: Viso: | B108: =SUM(B100:B107) -> 0.72 | D108: =SUM(D100:D107) -> 0.00895679 | E108: =SUM(E100:E107) -> 0

Sheet 2025.08
A1: 2025.08
A3: Robo-Advisor Investment | B3: Suma, EUR | C3: Investuota | D3: Gryni | E3: Dividendai | F3: Mokestis
A4: 2025.08.01 | B4: 15 | C4: =B16+B28+B40+B52+B64+B76+B88+B100 -> 14.59 | D4: =B4-C4 -> 0.41
A5: 2025.08.19 | B5: 4.08 | C5: =B17+B29+B41+B53+B65+B77+B89+B101 -> 3.11 | D5: =B5-C5 -> 0.97
A6: 2025.08.20 | B6: 2.12 | C6: =B18+B30+B42+B54+B66+B78+B90+B102 -> 2.99 | D6: =B6-C6 -> -0.87
A7: 2025.08.25 | B7: 4.36 | C7: =B19+B31+B43+B55+B67+B79+B91+B103 -> 4.08 | D7: =B7-C7 -> 0.28
A8: 2025.08.28 | B8: 2.42 | C8: =B20+B32+B44+B56+B68+B80+B92+B104 -> 0 | D8: =B8-C8 -> 2.42
A12: Viso: | B12: =SUM(B4:B11) -> 27.98 | C12: =SUM(C4:C11) -> 24.77 | D12: =SUM(D4:D11) -> 3.21 | E12: =E24+E36+E48+E60+E72+E84+E96+E108 -> 0 | F12: 0.15
A15: XDWT Xtrackers MSCI World Inform. (Acc) | B15: Suma, EUR | C15: Kaina | D15: Kiekis | E15: Dividendai
A16: =A4 -> 2025.08.01 | B16: 1.47 | C16: =B16/D16 -> 93.610003 | D16: 0.01570345
A17: =A5 -> 2025.08.19 | B17: 0 | C17: =B17/D17 -> #DIV/0! | D17: 0
A18: =A6 -> 2025.08.20 | B18: 0.92 | C18: =B18/D18 -> 91.21003 | D18: 0.01008661
A19: =A7 -> 2025.08.25 | B19: 0.06 | C19: =B19/D19 -> 91.740314 | D19: 0.00065402
A24: Viso: | B24: =SUM(B16:B23) -> 2.45 | D24: =SUM(D16:D23) -> 0.02644408 | E24: =SUM(E16:E23) -> 0
A27: IS3K iShares Short Duration Yield Corp. (Dist) | B27: Suma, EUR | C27: Kaina | D27: Kiekis | E27: Dividendai
A28: =A4 -> 2025.08.01 | B28: 1.73 | C28: =B28/D28 -> 76.775023 | D28: 0.02253337
A29: =A5 -> 2025.08.19 | B29: 1.2 | C29: =B29/D29 -> 75.407009 | D29: 0.01591364
A30: =A6 -> 2025.08.20 | B30: 0 | C30: =B30/D30 -> #DIV/0! | D30: 0
A31: =A7 -> 2025.08.25 | B31: 0.95 | C31: =B31/D31 -> 75.625021 | D31: 0.01256198
A36: Viso: | B36: =SUM(B28:B35) -> 3.88 | D36: =SUM(D28:D35) -> 0.05100899 | E36: =SUM(E28:E35) -> 0
A39: QDVY iShares Floating Rate Bond ETF (Dist) | B39: Suma, EUR | C39: Kaina | D39: Kiekis | E39: Dividendai
A40: =A4 -> 2025.08.01 | B40: 1.41 | C40: =B40/D40 -> 4.4429 | D40: 0.31736028
A41: =A5 -> 2025.08.19 | B41: 1.09 | C41: =B41/D41 -> 4.3487002 | D41: 0.25064961
A42: =A6 -> 2025.08.20 | B42: 0 | C42: =B42/D42 -> #DIV/0! | D42: 0
A43: =A7 -> 2025.08.25 | B43: 0.81 | C43: =B43/D43 -> 4.3468002 | D43: 0.18634397
A48: Viso: | B48: =SUM(B40:B47) -> 3.31 | D48: =SUM(D40:D47) -> 0.75435386 | E48: =SUM(E40:E47) -> 0
A51: IBCD iShares Corporate Bond ETF (Dist) | B51: Suma, EUR | C51: Kaina | D51: Kiekis | E51: Dividendai
A52: =A4 -> 2025.08.01 | B52: 1.5 | C52: =B52/D52 -> 89.285927 | D52: 0.01679996
A53: =A5 -> 2025.08.19 | B53: 0 | C53: =B53/D53 -> #DIV/0! | D53: 0
A54: =A6 -> 2025.08.20 | B54: 0.83 | C54: =B54/D54 -> 88.217913 | D54: 0.00940852
A55: =A7 -> 2025.08.25 | B55: 0.52 | C55: =B55/D55 -> 88.303969 | D55: 0.00588875
A60: Viso: | B60: =SUM(B52:B59) -> 2.85 | D60: =SUM(D52:D59) -> 0.03209723 | E60: =SUM(E52:E59) -> 0
A63: IS3Q iShares Edge MSCI World Quality (Acc) | B63: Suma, EUR | C63: Kaina | D63: Kiekis | E63: Dividendai
A64: =A4 -> 2025.08.01 | B64: 3.82 | C64: =B64/D64 -> 63.670009 | D64: 0.05999685
A65: =A5 -> 2025.08.19 | B65: 0 | C65: =B65/D65 -> #DIV/0! | D65: 0
A66: =A6 -> 2025.08.20 | B66: 0.18 | C66: =B66/D66 -> 64.090011 | D66: 0.00280855
A67: =A7 -> 2025.08.25 | B67: 1.03 | C67: =B67/D67 -> 64.310047 | D67: 0.01601616
A72: Viso: | B72: =SUM(B64:B71) -> 5.03 | D72: =SUM(D64:D71) -> 0.07882156 | E72: =SUM(E64:E71) -> 0
A75: IUSU iShares USD Treasury Bond 1-3yr (Dist) | B75: Suma, EUR | C75: Kaina | D75: Kiekis | E75: Dividendai
A76: =A4 -> 2025.08.01 | B76: 1.24 | C76: =B76/D76 -> 113.06493 | D76: 0.01096715
A77: =A5 -> 2025.08.19 | B77: 0.82 | C77: =B77/D77 -> 110.93494 | D77: 0.00739172
A78: =A6 -> 2025.08.20 | B78: 0 | C78: =B78/D78 -> #DIV/0! | D78: 0
A79: =A7 -> 2025.08.25 | B79: 0.71 | C79: =B79/D79 -> 110.86526 | D79: 0.00640417
A84: Viso: | B84: =SUM(B76:B83) -> 2.77 | D84: =SUM(D76:D83) -> 0.02476304 | E84: =SUM(E76:E83) -> 0
A87: EXI2 iShares Dow Jones Globas Titans (Dist) | B87: Suma, EUR | C87: Kaina | D87: Kiekis | E87: Dividendai
A88: =A4 -> 2025.08.01 | B88: 2.72 | C88: =B88/D88 -> 89.250001 | D88: 0.03047619
A89: =A5 -> 2025.08.19 | B89: 0 | C89: =B89/D89 -> #DIV/0! | D89: 0
A90: =A6 -> 2025.08.20 | B90: 1.06 | C90: =B90/D90 -> 89.110001 | D90: 0.01189541
A91: =A7 -> 2025.08.25 | B91: 0 | C91: =B91/D91 -> #DIV/0! | D91: 0
A96: Viso: | B96: =SUM(B88:B95) -> 3.78 | D96: =SUM(D88:D95) -> 0.0423716 | E96: =SUM(E88:E95) -> 0
A99: DBXJ Xtrackers MSCI Japan ETF (Acc) | B99: Suma, EUR | C99: Kaina | D99: Kiekis | E99: Dividendai
A100: =A4 -> 2025.08.01 | B100: 0.7 | C100: =B100/D100 -> 77.401948 | D100: 0.0090437
A101: =A5 -> 2025.08.19 | B101: 0 | C101: =B101/D101 -> #DIV/0! | D101: 0
A102: =A6 -> 2025.08.20 | B102: 0 | C102: =B102/D102 -> #DIV/0! | D102: 0
A103: =A7 -> 2025.08.25 | B103: 0 | C103: =B103/D103 -> #DIV/0! | D103: 0
A108: Viso: | B108: =SUM(B100:B107) -> 0.7 | D108: =SUM(D100:D107) -> 0.0090437 | E108: =SUM(E100:E107) -> 0

Sheet 2025.07
A1: 2025.07
A3: Robo-Advisor Investment | B3: Suma, EUR | C3: Investuota | D3: Gryni | E3: Dividendai | F3: Mokestis
A4: 2025.07.01 | B4: 15 | C4: =B16+B28+B40+B52+B64+B76+B88+B100 -> 15.59 | D4: =B4-C4 -> -0.59
A5: 2025.07.08 | B5: 3.12 | C5: =B17+B29+B41+B53+B65+B77+B89+B101 -> 3.11 | D5: =B5-C5 -> 0.01
A6: 2025.07.09 | B6: 3.66 | C6: =B18+B30+B42+B54+B66+B78+B90+B102 -> 2.85 | D6: =B6-C6 -> 0.81
A7: 2025.07.10 | B7: 1.38 | C7: =B19+B31+B43+B55+B67+B79+B91+B103 -> 3.05 | D7: =B7-C7 -> -1.67
A8: 2025.07.14 | B8: 2.82 | C8: =B20+B32+B44+B56+B68+B80+B92+B104 -> 2.76 | D8: =B8-C8 -> 0.06
A9: 2025.07.17 | B9: 2.68 | C9: =B21+B33+B45+B57+B69+B81+B93+B105 -> 2.59 | D9: =B9-C9 -> 0.09
A10: 2025.07.24 | B10: 2.92 | C10: =B22+B34+B46+B58+B70+B82+B94+B106 -> 2.71 | D10: =B10-C10 -> 0.21
A12: Viso: | B12: =SUM(B4:B11) -> 31.58 | C12: =SUM(C4:C11) -> 32.66 | D12: =SUM(D4:D11) -> -1.08 | E12: =E24+E36+E48+E60+E72+E84+E96+E108 -> 1.08 | F12: 0.13
A15: XDWT Xtrackers MSCI World Inform. (Acc) | B15: Suma, EUR | C15: Kaina | D15: Kiekis | E15: Dividendai
A16: =A4 -> 2025.07.01 | B16: 0 | C16: =B16/D16 -> #DIV/0! | D16: 0
A17: =A5 -> 2025.07.08 | B17: 0.14 | C17: =B17/D17 -> 88.480474 | D17: 0.00158227
A18: =A6 -> 2025.07.09 | B18: 0.25 | C18: =B18/D18 -> 89.710236 | D18: 0.00278675
A19: =A7 -> 2025.07.10 | B19: 0.25 | C19: =B19/D19 -> 89.770153 | D19: 0.00278489
A20: =A8 -> 2025.07.14 | B20: 0.31 | C20: =B20/D20 -> 88.430193 | D20: 0.00350559
A21: =A9 -> 2025.07.17 | B21: 0 | C21: =B21/D21 -> #DIV/0! | D21: 0
A22: =A10 -> 2025.07.24 | B22: 0 | C22: =B22/D22 -> #DIV/0! | D22: 0
A24: Viso: | B24: =SUM(B16:B23) -> 0.95 | D24: =SUM(D16:D23) -> 0.0106595 | E24: =SUM(E16:E23) -> 0
A27: IS3K iShares Short Duration Yield Corp. (Dist) | B27: Suma, EUR | C27: Kaina | D27: Kiekis | E27: Dividendai
A28: =A4 -> 2025.07.01 | B28: 3.86 | C28: =B28/D28 -> 74.237008 | D28: 0.05199563 | E28: 1.08
A29: =A5 -> 2025.07.08 | B29: 0.38 | C29: =B29/D29 -> 74.444555 | D29: 0.00510447
A30: =A6 -> 2025.07.09 | B30: 0.58 | C30: =B30/D30 -> 74.711074 | D30: 0.00776324
A31: =A7 -> 2025.07.10 | B31: 0.54 | C31: =B31/D31 -> 74.697062 | D31: 0.0072292
A32: =A8 -> 2025.07.14 | B32: 0.37 | C32: =B32/D32 -> 74.727095 | D32: 0.00495135
A33: =A9 -> 2025.07.17 | B33: 0.81 | C33: =B33/D33 -> 75.213034 | D33: 0.01076941
A34: =A10 -> 2025.07.24 | B34: 0.51 | C34: =B34/D34 -> 74.635057 | D34: 0.00683325
A36: Viso: | B36: =SUM(B28:B35) -> 7.05 | D36: =SUM(D28:D35) -> 0.09464655 | E36: =SUM(E28:E35) -> 1.08
A39: QDVY iShares Floating Rate Bond ETF (Dist) | B39: Suma, EUR | C39: Kaina | D39: Kiekis | E39: Dividendai
A40: =A4 -> 2025.07.01 | B40: 2.57 | C40: =B40/D40 -> 4.2760001 | D40: 0.60102899
A41: =A5 -> 2025.07.08 | B41: 0.42 | C41: =B41/D41 -> 4.2951004 | D41: 0.09778584
A42: =A6 -> 2025.07.09 | B42: 0.26 | C42: =B42/D42 -> 4.3104006 | D42: 0.06031922
A43: =A7 -> 2025.07.10 | B43: 0.45 | C43: =B43/D43 -> 4.3114004 | D43: 0.10437444
A44: =A8 -> 2025.07.14 | B44: 0.21 | C44: =B44/D44 -> 4.3249005 | D44: 0.04855603
A45: =A9 -> 2025.07.17 | B45: 0.45 | C45: =B45/D45 -> 4.3622003 | D45: 0.10315895
A46: =A10 -> 2025.07.24 | B46: 0.59 | C46: =B46/D46 -> 4.3042001 | D46: 0.13707541
A48: Viso: | B48: =SUM(B40:B47) -> 4.95 | D48: =SUM(D40:D47) -> 1.1522989 | E48: =SUM(E40:E47) -> 0
A51: IBCD iShares Corporate Bond ETF (Dist) | B51: Suma, EUR | C51: Kaina | D51: Kiekis | E51: Dividendai
A52: =A4 -> 2025.07.01 | B52: 2.16 | C52: =B52/D52 -> 86.763923 | D52: 0.02489514
A53: =A5 -> 2025.07.08 | B53: 0.54 | C53: =B53/D53 -> 86.15202 | D53: 0.00626799
A54: =A6 -> 2025.07.09 | B54: 0.46 | C54: =B54/D54 -> 86.526018 | D54: 0.00531632
A55: =A7 -> 2025.07.10 | B55: 0.29 | C55: =B55/D55 -> 86.884097 | D55: 0.00333778
A56: =A8 -> 2025.07.14 | B56: 0.39 | C56: =B56/D56 -> 86.54992 | D56: 0.00450607
A57: =A9 -> 2025.07.17 | B57: 0.6 | C57: =B57/D57 -> 86.977951 | D57: 0.0068983
A58: =A10 -> 2025.07.24 | B58: 0 | C58: =B58/D58 -> #DIV/0! | D58: 0
A60: Viso: | B60: =SUM(B52:B59) -> 4.44 | D60: =SUM(D52:D59) -> 0.0512216 | E60: =SUM(E52:E59) -> 0
A63: IS3Q iShares Edge MSCI World Quality (Acc) | B63: Suma, EUR | C63: Kaina | D63: Kiekis | E63: Dividendai
A64: =A4 -> 2025.07.01 | B64: 2.69 | C64: =B64/D64 -> 62.110009 | D64: 0.04331025
A65: =A5 -> 2025.07.08 | B65: 0.54 | C65: =B65/D65 -> 62.480041 | D65: 0.00864276
A66: =A6 -> 2025.07.09 | B66: 0.44 | C66: =B66/D66 -> 63.030025 | D66: 0.0069808
A67: =A7 -> 2025.07.10 | B67: 0.59 | C67: =B67/D67 -> 63.120102 | D67: 0.00934726
A68: =A8 -> 2025.07.14 | B68: 0.73 | C68: =B68/D68 -> 62.790028 | D68: 0.01162605
A69: =A9 -> 2025.07.17 | B69: 0.21 | C69: =B69/D69 -> 63.170244 | D69: 0.00332435
A70: =A10 -> 2025.07.24 | B70: 0.87 | C70: =B70/D70 -> 63.330024 | D70: 0.01373756
A72: Viso: | B72: =SUM(B64:B71) -> 6.07 | D72: =SUM(D64:D71) -> 0.09696903 | E72: =SUM(E64:E71) -> 0
A75: IUSU iShares USD Treasury Bond 1-3yr (Dist) | B75: Suma, EUR | C75: Kaina | D75: Kiekis | E75: Dividendai
A76: =A4 -> 2025.07.01 | B76: 2.09 | C76: =B76/D76 -> 109.37993 | D76: 0.01910771
A77: =A5 -> 2025.07.08 | B77: 0.35 | C77: =B77/D77 -> 109.53005 | D77: 0.00319547
A78: =A6 -> 2025.07.09 | B78: 0.31 | C78: =B78/D78 -> 109.96495 | D78: 0.00281908
A79: =A7 -> 2025.07.10 | B79: 0.36 | C79: =B79/D79 -> 110.03521 | D79: 0.00327168
A80: =A8 -> 2025.07.14 | B80: 0.2 | C80: =B80/D80 -> 110.31014 | D80: 0.00181307
A81: =A9 -> 2025.07.17 | B81: 0.37 | C81: =B81/D81 -> 111.05508 | D81: 0.00333168
A82: =A10 -> 2025.07.24 | B82: 0.48 | C82: =B82/D82 -> 109.72507 | D82: 0.00437457
A84: Viso: | B84: =SUM(B76:B83) -> 4.16 | D84: =SUM(D76:D83) -> 0.03791326 | E84: =SUM(E76:E83) -> 0
A87: EXI2 iShares Dow Jones Globas Titans (Dist) | B87: Suma, EUR | C87: Kaina | D87: Kiekis | E87: Dividendai
A88: =A4 -> 2025.07.01 | B88: 1.29 | C88: =B88/D88 -> 84.580014 | D88: 0.01525183
A89: =A5 -> 2025.07.08 | B89: 0.3 | C89: =B89/D89 -> 85.490058 | D89: 0.00350918
A90: =A6 -> 2025.07.09 | B90: 0.42 | C90: =B90/D90 -> 86.210082 | D90: 0.00487182
A91: =A7 -> 2025.07.10 | B91: 0.33 | C91: =B91/D91 -> 86.370025 | D91: 0.00382077
A92: =A8 -> 2025.07.14 | B92: 0.37 | C92: =B92/D92 -> 86.200068 | D92: 0.00429234
A93: =A9 -> 2025.07.17 | B93: 0 | C93: =B93/D93 -> #DIV/0! | D93: 0
A94: =A10 -> 2025.07.24 | B94: 0.26 | C94: =B94/D94 -> 87.720186 | D94: 0.00296397
A96: Viso: | B96: =SUM(B88:B95) -> 2.97 | D96: =SUM(D88:D95) -> 0.03470991 | E96: =SUM(E88:E95) -> 0
A99: DBXJ Xtrackers MSCI Japan ETF (Acc) | B99: Suma, EUR | C99: Kaina | D99: Kiekis | E99: Dividendai
A100: =A4 -> 2025.07.01 | B100: 0.93 | C100: =B100/D100 -> 76.029961 | D100: 0.01223202
A101: =A5 -> 2025.07.08 | B101: 0.44 | C101: =B101/D101 -> 74.619905 | D101: 0.00589655
A102: =A6 -> 2025.07.09 | B102: 0.13 | C102: =B102/D102 -> 74.888244 | D102: 0.00173592
A103: =A7 -> 2025.07.10 | B103: 0.24 | C103: =B103/D103 -> 74.561949 | D103: 0.0032188
A104: =A8 -> 2025.07.14 | B104: 0.18 | C104: =B104/D104 -> 74.194067 | D104: 0.00242607
A105: =A9 -> 2025.07.17 | B105: 0.15 | C105: =B105/D105 -> 74.607935 | D105: 0.00201051
A106: =A10 -> 2025.07.24 | B106: 0 | C106: =B106/D106 -> #DIV/0! | D106: 0
A108: Viso: | B108: =SUM(B100:B107) -> 2.07 | D108: =SUM(D100:D107) -> 0.02751987 | E108: =SUM(E100:E107) -> 0

Sheet 2025.06
A1: 2025.06
A3: Robo-Advisor Investment | B3: Suma, EUR | C3: Investuota | D3: Gryni | E3: Dividendai | F3: Mokestis
A4: 45809 | B4: 25 | C4: =B16+B28+B40+B52+B64+B76+B88+B100 -> 24.31 | D4: =B4-C4 -> 0.69
A12: Viso: | B12: =SUM(B4:B11) -> 25 | C12: =SUM(C4:C11) -> 24.31 | D12: =SUM(D4:D11) -> 0.69 | E12: =E24+E36+E48+E60+E72+E84+E96+E108 -> 1.01 | F12: 0.12
A15: XDWT Xtrackers MSCI World Inform. (Acc) | B15: Suma, EUR | C15: Kaina | D15: Kiekis | E15: Dividendai
A16: =A4 -> 45809 | B16: 1.6 | C16: =B16/D16 -> 82.330022 | D16: 0.01943398
A24: Viso: | B24: =SUM(B16:B23) -> 1.6 | D24: =SUM(D16:D23) -> 0.01943398 | E24: =SUM(E16:E23) -> 0
A27: IS3K iShares Short Duration Yield Corp. (Dist) | B27: Suma, EUR | C27: Kaina | D27: Kiekis | E27: Dividendai
A28: =A4 -> 45809 | B28: 4.08 | C28: =B28/D28 -> 77.89701 | D28: 0.05237685
A36: Viso: | B36: =SUM(B28:B35) -> 4.08 | D36: =SUM(D28:D35) -> 0.05237685 | E36: =SUM(E28:E35) -> 0
A39: QDVY iShares Floating Rate Bond ETF (Dist) | B39: Suma, EUR | C39: Kaina | D39: Kiekis | E39: Dividendai
A40: =A4 -> 45809 | B40: 3.91 | C40: =B40/D40 -> 4.3934001 | D40: 0.88997131 | E40: 0.59
A48: Viso: | B48: =SUM(B40:B47) -> 3.91 | D48: =SUM(D40:D47) -> 0.88997131 | E48: =SUM(E40:E47) -> 0.59
A51: IBCD iShares Corporate Bond ETF (Dist) | B51: Suma, EUR | C51: Kaina | D51: Kiekis | E51: Dividendai
A52: =A4 -> 45809 | B52: 2.98 | C52: =B52/D52 -> 88.499912 | D52: 0.03367235 | E52: 0.3
A60: Viso: | B60: =SUM(B52:B59) -> 2.98 | D60: =SUM(D52:D59) -> 0.03367235 | E60: =SUM(E52:E59) -> 0.3
A63: IS3Q iShares Edge MSCI World Quality (Acc) | B63: Suma, EUR | C63: Kaina | D63: Kiekis | E63: Dividendai
A64: =A4 -> 45809 | B64: 4.82 | C64: =B64/D64 -> 62.040001 | D64: 0.07769181
A72: Viso: | B72: =SUM(B64:B71) -> 4.82 | D72: =SUM(D64:D71) -> 0.07769181 | E72: =SUM(E64:E71) -> 0
A75: IUSU iShares USD Treasury Bond 1-3yr (Dist) | B75: Suma, EUR | C75: Kaina | D75: Kiekis | E75: Dividendai
A76: =A4 -> 45809 | B76: 2.85 | C76: =B76/D76 -> 112.32492 | D76: 0.02537282
A84: Viso: | B84: =SUM(B76:B83) -> 2.85 | D84: =SUM(D76:D83) -> 0.02537282 | E84: =SUM(E76:E83) -> 0
A87: EXI2 iShares Dow Jones Globas Titans (Dist) | B87: Suma, EUR | C87: Kaina | D87: Kiekis | E87: Dividendai
A88: =A4 -> 45809 | B88: 2.94 | C88: =B88/D88 -> 82.860012 | D88: 0.03548153 | E88: 0.12
A96: Viso: | B96: =SUM(B88:B95) -> 2.94 | D96: =SUM(D88:D95) -> 0.03548153 | E96: =SUM(E88:E95) -> 0.12
A99: DBXJ Xtrackers MSCI Japan ETF (Acc) | B99: Suma, EUR | C99: Kaina | D99: Kiekis | E99: Dividendai
A100: =A4 -> 45809 | B100: 1.13 | C100: =B100/D100 -> 77.703978 | D100: 0.01454237
A108: Viso: | B108: =SUM(B100:B107) -> 1.13 | D108: =SUM(D100:D107) -> 0.01454237 | E108: =SUM(E100:E107) -> 0

Sheet 2025.05
A1: 2025.05
A3: Robo-Advisor Investment | B3: Suma, EUR | C3: Investuota | D3: Gryni | E3: Dividendai | F3: Mokestis
A4: 2025.05.01 | B4: 11.93 | C4: =B13+B22+B31+B40+B49+B58+B67+B76 -> 11.77 | D4: =B4-C4 -> 0.16 | F4: 0.1
A5: 2025.05.05 | B5: 2.72 | C5: =B14+B23+B32+B41+B50+B59+B68+B77 -> 2.66 | D5: =B5-C5 -> 0.06
A9: Viso: | B9: =SUM(B4:B8) -> 14.65 | C9: =SUM(C4:C8) -> 14.43 | D9: =SUM(D4:D8) -> 0.22 | E9: =E18+E27+E36+E45+E54+E63+E72+E81 -> 0 | F9: =SUM(F4:F8) -> 0.1
A12: XDWT Xtrackers MSCI World Inform. (Acc) | B12: Suma, EUR | C12: Kaina | D12: Kiekis | E12: Dividendai
A13: 2025.05.02 | B13: 0.81 | C13: =B13/D13 -> 76.77012 | D13: 0.01055098
A14: 2025.05.05 | B14: 0.2 | C14: =B14/D14 -> 77.21024 | D14: 0.00259033
A18: Viso: | B18: =SUM(B13:B17) -> 1.01 | D18: =SUM(D13:D17) -> 0.01314131 | E18: =SUM(E13:E17) -> 0
A21: IS3K iShares Short Duration Yield Corp. (Dist) | B21: Suma, EUR | C21: Kaina | D21: Kiekis | E21: Dividendai
A22: 2025.05.02 | B22: 2.08 | C22: =B22/D22 -> 77.895007 | D22: 0.02670261
A23: 2025.05.05 | B23: 0.47 | C23: =B23/D23 -> 77.777226 | D23: 0.0060429
A27: Viso: | B27: =SUM(B22:B26) -> 2.55 | D27: =SUM(D22:D26) -> 0.03274551 | E27: =SUM(E22:E26) -> 0
A30: QDVY iShares Floating Rate Bond ETF (Dist) | B30: Suma, EUR | C30: Kaina | D30: Kiekis | E30: Dividendai
A31: 2025.05.02 | B31: 1.66 | C31: =B31/D31 -> 4.5161 | D31: 0.36757379
A32: 2025.05.05 | B32: 0.39 | C32: =B32/D32 -> 4.5213004 | D32: 0.08625837
A36: Viso: | B36: =SUM(B31:B35) -> 2.05 | D36: =SUM(D31:D35) -> 0.45383216 | E36: =SUM(E31:E35) -> 0
A39: IBCD iShares Corporate Bond ETF (Dist) | B39: Suma, EUR | C39: Kaina | D39: Kiekis | E39: Dividendai
A40: 2025.05.02 | B40: 1.61 | C40: =B40/D40 -> 89.285912 | D40: 0.01803196
A41: 2025.05.05 | B41: 0.45 | C41: =B41/D41 -> 88.697915 | D41: 0.0050734
A45: Viso: | B45: =SUM(B40:B44) -> 2.06 | D45: =SUM(D40:D44) -> 0.02310536 | E45: =SUM(E40:E44) -> 0
A48: IS3Q iShares Edge MSCI World Quality (Acc) | B48: Suma, EUR | C48: Kaina | D48: Kiekis | E48: Dividendai
A49: 2025.05.02 | B49: 2 | C49: =B49/D49 -> 60.269991 | D49: 0.03318401
A50: 2025.05.05 | B50: 0.42 | C50: =B50/D50 -> 60.640012 | D50: 0.00692612
A54: Viso: | B54: =SUM(B49:B53) -> 2.42 | D54: =SUM(D49:D53) -> 0.04011013 | E54: =SUM(E49:E53) -> 0
A57: IUSU iShares USD Treasury Bond 1-3yr (Dist) | B57: Suma, EUR | C57: Kaina | D57: Kiekis | E57: Dividendai
A58: 2025.05.02 | B58: 1.4 | C58: =B58/D58 -> 113.25496 | D58: 0.01236149
A59: 2025.05.05 | B59: 0.34 | C59: =B59/D59 -> 113.08003 | D59: 0.00300672
A63: Viso: | B63: =SUM(B58:B62) -> 1.74 | D63: =SUM(D58:D62) -> 0.01536821 | E63: =SUM(E58:E62) -> 0
A66: EXI2 iShares Dow Jones Globas Titans (Dist) | B66: Suma, EUR | C66: Kaina | D66: Kiekis | E66: Dividendai
A67: 2025.05.02 | B67: 1.55 | C67: =B67/D67 -> 79.060012 | D67: 0.01960536
A68: 2025.05.05 | B68: 0.33 | C68: =B68/D68 -> 79.320059 | D68: 0.00416036
A72: Viso: | B72: =SUM(B67:B71) -> 1.88 | D72: =SUM(D67:D71) -> 0.02376572 | E72: =SUM(E67:E71) -> 0
A75: DBXJ Xtrackers MSCI Japan ETF (Acc) | B75: Suma, EUR | C75: Kaina | D75: Kiekis | E75: Dividendai
A76: 2025.05.02 | B76: 0.66 | C76: =B76/D76 -> 74.725976 | D76: 0.00883227
A77: 2025.05.05 | B77: 0.06 | C77: =B77/D77 -> 75.516343 | D77: 0.00079453
A81: Viso: | B81: =SUM(B76:B80) -> 0.72 | D81: =SUM(D76:D80) -> 0.0096268 | E81: =SUM(E76:E80) -> 0

Sheet 2025.04
A1: 2025.04
A3: Robo-Advisor Investment | B3: Suma, EUR | C3: Investuota | D3: Gryni | E3: Dividendai | F3: Mokestis
A4: 2025.04.01 | B4: 10 | C4: =B13+B22+B31+B40+B49+B58+B67+B76 -> 10.15 | D4: =B4-C4 -> -0.15 | F4: 0.07
A5: 2025.04.10 | B5: 10 | C5: =B14+B23+B32+B41+B50+B59+B68+B77 -> 9.99 | D5: =B5-C5 -> 0.01
A6: 2024.04.26 | B6: 43 | C6: =B15+B24+B33+B42+B51+B60+B69+B78 -> 42.8 | D6: =B6-C6 -> 0.2
A7: 2025.04.30 | B7: 0.94 | D7: =B7-C7 -> 0.94
A9: Viso: | B9: =SUM(B4:B8) -> 63.94 | C9: =SUM(C4:C8) -> 62.94 | D9: =SUM(D4:D8) -> 1 | E9: =E18+E27+E36+E45+E54+E63+E72+E81 -> 0 | F9: =SUM(F4:F8) -> 0.07
A12: XDWT Xtrackers MSCI World Inform. (Acc) | B12: Suma, EUR | C12: Kaina | D12: Kiekis | E12: Dividendai
A13: 2025.04.01 | B13: 1.36 | C13: =B13/D13 -> 77.320042 | D13: 0.01758923
A14: 2025.04.15 | B14: 0.88 | C14: =B14/D14 -> 72.440027 | D14: 0.01214798
A15: 2025.04.28 | B15: 4.39 | C15: =B15/D15 -> 74.820002 | D15: 0.05867415
A18: Viso: | B18: =SUM(B13:B17) -> 6.63 | D18: =SUM(D13:D17) -> 0.08841136 | E18: =SUM(E13:E17) -> 0
A21: IS3K iShares Short Duration Yield Corp. (Dist) | B21: Suma, USD | C21: Kaina | D21: Kiekis | E21: Dividendai
A22: 2025.04.01 | B22: 1.41 | C22: =B22/D22 -> 81.46503 | D22: 0.01730804
A23: 2025.04.15 | B23: 1.51 | C23: =B23/D23 -> 76.331016 | D23: 0.01978226
A24: 2025.04.28 | B24: 6.5 | C24: =B24/D24 -> 77.4287 | D24: 0.0839482
A27: Viso: | B27: =SUM(B22:B26) -> 9.42 | D27: =SUM(D22:D26) -> 0.1210385 | E27: =SUM(E22:E26) -> 0
A30: QDVY iShares Floating Rate Bond ETF (Dist) | B30: Suma, EUR | C30: Kaina | D30: Kiekis | E30: Dividendai
A31: 2025.04.01 | B31: 1.04 | C31: =B31/D31 -> 4.7347002 | D31: 0.21965488
A32: 2025.04.15 | B32: 1.06 | C32: =B32/D32 -> 4.4824001 | D32: 0.23648045
A33: 2025.04.28 | B33: 5.38 | C33: =B33/D33 -> 4.4952004 | D33: 1.1968321
A36: Viso: | B36: =SUM(B31:B35) -> 7.48 | D36: =SUM(D31:D35) -> 1.6529674 | E36: =SUM(E31:E35) -> 0
A39: IBCD iShares Corporate Bond ETF (Dist) | B39: Suma, EUR | C39: Kaina | D39: Kiekis | E39: Dividendai
A40: 2025.04.01 | B40: 1.04 | C40: =B40/D40 -> 94.419962 | D40: 0.01101462
A41: 2025.04.15 | B41: 1.25 | C41: =B41/D41 -> 87.653912 | D41: 0.01426063
A42: 2025.04.28 | B42: 4.72 | C42: =B42/D42 -> 88.943914 | D42: 0.05306715
A45: Viso: | B45: =SUM(B40:B44) -> 7.01 | D45: =SUM(D40:D44) -> 0.0783424 | E45: =SUM(E40:E44) -> 0
A48: IS3Q iShares Edge MSCI World Quality (Acc) | B48: Suma, EUR | C48: Kaina | D48: Kiekis | E48: Dividendai
A49: 2025.04.01 | B49: 2.07 | C49: =B49/D49 -> 62.750015 | D49: 0.03298804
A50: 2025.04.15 | B50: 2.3 | C50: =B50/D50 -> 58.450003 | D50: 0.03934987
A51: 2025.04.28 | B51: 8.92 | C51: =B51/D51 -> 59.290002 | D51: 0.15044695
A54: Viso: | B54: =SUM(B49:B53) -> 13.29 | D54: =SUM(D49:D53) -> 0.22278486 | E54: =SUM(E49:E53) -> 0
A57: IUSU iShares USD Treasury Bond 1-3yr (Dist) | B57: Suma, EUR | C57: Kaina | D57: Kiekis | E57: Dividendai
A58: 2025.04.01 | B58: 0.86 | C58: =B58/D58 -> 118.31991 | D58: 0.00726843
A59: 2025.04.15 | B59: 0.77 | C59: =B59/D59 -> 112.48512 | D59: 0.00684535
A60: 2025.04.28 | B60: 4.55 | C60: =B60/D60 -> 112.67991 | D60: 0.04037987
A63: Viso: | B63: =SUM(B58:B62) -> 6.18 | D63: =SUM(D58:D62) -> 0.05449365 | E63: =SUM(E58:E62) -> 0
A66: EXI2 iShares Dow Jones Globas Titans (Dist) | B66: Suma, EUR | C66: Kaina | D66: Kiekis | E66: Dividendai
A67: 2025.04.01 | B67: 1.69 | C67: =B67/D67 -> 81.230005 | D67: 0.02080512
A68: 2025.04.15 | B68: 1.68 | C68: =B68/D68 -> 75.360012 | D68: 0.02229299
A69: 2025.04.28 | B69: 6.45 | C69: =B69/D69 -> 77.340003 | D69: 0.08339798
A72: Viso: | B72: =SUM(B67:B71) -> 9.82 | D72: =SUM(D67:D71) -> 0.12649609 | E72: =SUM(E67:E71) -> 0
A75: DBXJ Xtrackers MSCI Japan ETF (Acc) | B75: Suma, EUR | C75: Kaina | D75: Kiekis | E75: Dividendai
A76: 2025.04.01 | B76: 0.68 | C76: =B76/D76 -> 74.835966 | D76: 0.00908654
A77: 2025.04.15 | B77: 0.54 | C77: =B77/D77 -> 70.411975 | D77: 0.00766915
A78: 2025.04.28 | B78: 1.89 | C78: =B78/D78 -> 74.615906 | D78: 0.02532972
A81: Viso: | B81: =SUM(B76:B80) -> 3.11 | D81: =SUM(D76:D80) -> 0.04208541 | E81: =SUM(E76:E80) -> 0

Sheet 2025.03
A1: 2025.03
A3: Robo-Advisor Investment | B3: Suma, EUR | C3: Investuota | D3: Gryni | E3: Dividendai | F3: Mokestis
A4: 2025.03.20 | B4: 10 | C4: =B13+B22+B31+B40+B49+B58+B67+B76 -> 10.33 | D4: =B4-C4 -> -0.33 | F4: 0.06
A9: Viso: | B9: =SUM(B4:B8) -> 10 | C9: =SUM(C4:C8) -> 10.33 | D9: =SUM(D4:D8) -> -0.33 | E9: =E18+E27+E36+E45+E54+E63+E72+E81 -> 0.42 | F9: =SUM(F4:F8) -> 0.06
A12: XDWT Xtrackers MSCI World Inform. (Acc) | B12: Suma, EUR | C12: Kaina | D12: Kiekis | E12: Dividendai
A13: 2025.03.20 | B13: 1.7 | C13: =B13/D13 -> 81.050027 | D13: 0.0209747
A18: Viso: | B18: =SUM(B13:B17) -> 1.7 | D18: =SUM(D13:D17) -> 0.0209747 | E18: =SUM(E13:E17) -> 0
A21: IS3K iShares Short Duration Yield Corp. (Dist) | B21: Suma, USD | C21: Kaina | D21: Kiekis | E21: Dividendai
A22: 2025.03.20 | B22: 1.01 | C22: =B22/D22 -> 81.491044 | D22: 0.012394
A27: Viso: | B27: =SUM(B22:B26) -> 1.01 | D27: =SUM(D22:D26) -> 0.012394 | E27: =SUM(E22:E26) -> 0
A30: QDVY iShares Floating Rate Bond ETF (Dist) | B30: Suma, EUR | C30: Kaina | D30: Kiekis | E30: Dividendai
A31: 2025.03.20 | B31: 1.01 | C31: =B31/D31 -> 4.7111002 | D31: 0.21438729
A36: Viso: | B36: =SUM(B31:B35) -> 1.01 | D36: =SUM(D31:D35) -> 0.21438729 | E36: =SUM(E31:E35) -> 0
A39: IBCD iShares Corporate Bond ETF (Dist) | B39: Suma, EUR | C39: Kaina | D39: Kiekis | E39: Dividendai
A40: 2025.03.20 | B40: 0.84 | C40: =B40/D40 -> 94.263928 | D40: 0.00891115
A41: 2025.03.31 | E41: 0.16
A45: Viso: | B45: =SUM(B40:B44) -> 0.84 | D45: =SUM(D40:D44) -> 0.00891115 | E45: =SUM(E40:E44) -> 0.16
A48: IS3Q iShares Edge MSCI World Quality (Acc) | B48: Suma, EUR | C48: Kaina | D48: Kiekis | E48: Dividendai
A49: 2025.03.20 | B49: 2.48 | C49: =B49/D49 -> 63.820003 | D49: 0.03885929
A54: Viso: | B54: =SUM(B49:B53) -> 2.48 | D54: =SUM(D49:D53) -> 0.03885929 | E54: =SUM(E49:E53) -> 0
A57: IUSU iShares USD Treasury Bond 1-3yr (Dist) | B57: Suma, EUR | C57: Kaina | D57: Kiekis | E57: Dividendai
A58: 2025.03.20 | B58: 1.06 | C58: =B58/D58 -> 117.50491 | D58: 0.0090209
A59: 2025.03.31 | E59: 0.25
A63: Viso: | B63: =SUM(B58:B62) -> 1.06 | D63: =SUM(D58:D62) -> 0.0090209 | E63: =SUM(E58:E62) -> 0.25
A66: EXI2 iShares Dow Jones Globas Titans (Dist) | B66: Suma, EUR | C66: Kaina | D66: Kiekis | E66: Dividendai
A67: 2025.03.20 | B67: 2.2 | C67: =B67/D67 -> 83.580021 | D67: 0.02632208
A68: 2025.03.19 | E68: 0.01
A72: Viso: | B72: =SUM(B67:B71) -> 2.2 | D72: =SUM(D67:D71) -> 0.02632208 | E72: =SUM(E67:E71) -> 0.01
A75: DBXJ Xtrackers MSCI Japan ETF (Acc) | B75: Suma, EUR | C75: Kaina | D75: Kiekis | E75: Dividendai
A76: 2025.03.20 | B76: 0.03 | C76: =B76/D76 -> 78.173859 | D76: 0.00038376
A81: Viso: | B81: =SUM(B76:B80) -> 0.03 | D81: =SUM(D76:D80) -> 0.00038376 | E81: =SUM(E76:E80) -> 0

Sheet 2025.02
A1: 2025.02
A3: Robo-Advisor Investment | B3: Suma, EUR | C3: Investuota | D3: Gryni | E3: Dividendai | F3: Mokestis
C4: =B13+B22+B31+B40+B49+B58+B67+B76 -> 0 | F4: 0.07
A9: Viso: | B9: =SUM(B4:B8) -> 0 | E9: =E18+E27+E36+E45+E54+E63+E72+E81 -> 0 | F9: =SUM(F4:F8) -> 0.07
A12: XDWT Xtrackers MSCI World Inform. (Acc) | B12: Suma, EUR | C12: Kaina | D12: Kiekis | E12: Dividendai
A18: Viso: | B18: =SUM(B13:B17) -> 0 | D18: =SUM(D13:D17) -> 0 | E18: =SUM(E13:E17) -> 0
A21: IS3K iShares Short Duration Yield Corp. (Dist) | B21: Suma, USD | C21: Kaina | D21: Kiekis | E21: Dividendai
A27: Viso: | B27: =SUM(B22:B26) -> 0 | D27: =SUM(D22:D26) -> 0 | E27: =SUM(E22:E26) -> 0
A30: QDVY iShares Floating Rate Bond ETF (Dist) | B30: Suma, EUR | C30: Kaina | D30: Kiekis | E30: Dividendai
A36: Viso: | B36: =SUM(B31:B35) -> 0 | D36: =SUM(D31:D35) -> 0 | E36: =SUM(E31:E35) -> 0
A39: IBCD iShares Corporate Bond ETF (Dist) | B39: Suma, EUR | C39: Kaina | D39: Kiekis | E39: Dividendai
A45: Viso: | B45: =SUM(B40:B44) -> 0 | D45: =SUM(D40:D44) -> 0 | E45: =SUM(E40:E44) -> 0
A48: IS3Q iShares Edge MSCI World Quality (Acc) | B48: Suma, EUR | C48: Kaina | D48: Kiekis | E48: Dividendai
A54: Viso: | B54: =SUM(B49:B53) -> 0 | D54: =SUM(D49:D53) -> 0 | E54: =SUM(E49:E53) -> 0
A57: IUSU iShares USD Treasury Bond 1-3yr (Dist) | B57: Suma, EUR | C57: Kaina | D57: Kiekis | E57: Dividendai
A63: Viso: | B63: =SUM(B58:B62) -> 0 | D63: =SUM(D58:D62) -> 0 | E63: =SUM(E58:E62) -> 0
A66: EXI2 iShares Dow Jones Globas Titans (Dist) | B66: Suma, EUR | C66: Kaina | D66: Kiekis | E66: Dividendai
A72: Viso: | B72: =SUM(B67:B71) -> 0 | D72: =SUM(D67:D71) -> 0 | E72: =SUM(E67:E71) -> 0
A75: DBXJ Xtrackers MSCI Japan ETF (Acc) | B75: Suma, EUR | C75: Kaina | D75: Kiekis | E75: Dividendai
A81: Viso: | B81: =SUM(B76:B80) -> 0 | D81: =SUM(D76:D80) -> 0 | E81: =SUM(E76:E80) -> 0

Sheet 2025.01
A1: 2025.01
A3: Robo-Advisor Investment | B3: Suma, EUR | C3: Investuota | D3: Gryni | E3: Dividendai | F3: Mokestis
C4: =B13+B22+B31+B40+B49+B58+B67+B76 -> 0 | F4: 0.06
A9: Viso: | B9: =SUM(B4:B8) -> 0 | E9: =E18+E27+E36+E45+E54+E63+E72+E81 -> 0.5 | F9: =SUM(F4:F8) -> 0.06
A12: XDWT Xtrackers MSCI World Inform. (Acc) | B12: Suma, EUR | C12: Kaina | D12: Kiekis | E12: Dividendai
A18: Viso: | B18: =SUM(B13:B17) -> 0 | D18: =SUM(D13:D17) -> 0 | E18: =SUM(E13:E17) -> 0
