Workbook

Sheet Overview
A1: Paskola | H1: Grąžinimas | O1: Pinigai | S1: Grąžinta | U1: Vertė
A2: Nr. | B2: Data | C2: Pavadinimas | D2: Laikotarpis | E2: Reitingas | F2: Palūkanos | G2: Investuota | H2: Planuojamas | I2: Realus | J2: Liko | K2: Vėluoja | L2: Paskola | M2: Palūkanos | O2: Įnešta | P2: Investuota | Q2: Premijos | R2: Gryni | S2: Paskola | T2: Palūkanos | U2: Viso | V2: Eur. | W2: % | X2: XIRR | AC2: Vėluoja
A3: 1 | B3: ='Riverland III butai VI, Vilnius'!B3 -> 45964 | C3: ='Riverland III butai VI, Vilnius'!B2 -> Riverland III butai VI, Vilnius | D3: ='Riverland III butai VI, Vilnius'!B8 -> 12 | E3: ='Riverland III butai VI, Vilnius'!B5 -> B+ | F3: ='Riverland III butai VI, Vilnius'!B10 -> 0.07 | G3: ='Riverland III butai VI, Vilnius'!B11 -> 100 | H3: ='Riverland III butai VI, Vilnius'!B12 -> 46339 | I3: ='Riverland III butai VI, Vilnius'!R3 | J3: ='Riverland III butai VI, Vilnius'!B13 -> 43 | K3: ='Riverland III butai VI, Vilnius'!S3 | L3: ='Riverland III butai VI, Vilnius'!N3 -> 0 | M3: ='Riverland III butai VI, Vilnius'!P3 -> 4.52 | O3: =Pinigai!I2 -> 674.21 | P3: =SUM(G3:G200)-S3 -> 700 | Q3: =Pinigai!H2 -> 4 | R3: =U3-P3 -> 6.59 | S3: =SUM(L3:L200) -> 200 | T3: =SUM(M3:M200) -> 28.38 | U3: =O3+T3+Q3 -> 706.59 | V3: =U3-O3 -> 32.38 | W3: =(U3-O3)/O3 -> 0.048026579 | X3: =XIRR(Pinigai!K2:K200,Pinigai!A2:A200) -> 0.059494105 | AC3: ='Riverland III butai VI, Vilnius'!AA2
A4: 2 | B4: ='Panemunės apartamentai IX'!B3 -> 45964 | C4: ='Panemunės apartamentai IX'!B2 -> Panemunės apartamentai IX, Kaunas, Panemunė | D4: ='Panemunės apartamentai IX'!B8 -> 12 | E4: ='Panemunės apartamentai IX'!B5 -> B | F4: ='Panemunės apartamentai IX'!B10 -> 0.075 | G4: ='Panemunės apartamentai IX'!B11 -> 100 | H4: ='Panemunės apartamentai IX'!B12 -> 46335 | I4: ='Panemunės apartamentai IX'!R3 | J4: ='Panemunės apartamentai IX'!B13 -> 39 | K4: ='Panemunės apartamentai IX'!S3 | L4: ='Panemunės apartamentai IX'!N3 -> 0 | M4: ='Panemunės apartamentai IX'!P3 -> 4.83 | AC4: ='Panemunės apartamentai IX'!AA2
A5: 3 | B5: ='Spanguolių takai XXXVIII, Riešė'!B3 -> 45965 | C5: ='Spanguolių takai XXXVIII, Riešė'!B2 -> Spanguolių takai XXXVIII, Riešė | D5: ='Spanguolių takai XXXVIII, Riešė'!B8 -> 11 | E5: ='Spanguolių takai XXXVIII, Riešė'!B5 -> A- | F5: ='Spanguolių takai XXXVIII, Riešė'!B10 -> 0.07 | G5: ='Spanguolių takai XXXVIII, Riešė'!B11 -> 100 | H5: ='Spanguolių takai XXXVIII, Riešė'!B12 -> 46304 | I5: ='Spanguolių takai XXXVIII, Riešė'!R3 -> 46252 | J5: ='Spanguolių takai XXXVIII, Riešė'!B13 | K5: ='Spanguolių takai XXXVIII, Riešė'!S3 | L5: ='Spanguolių takai XXXVIII, Riešė'!N3 -> 100 | M5: ='Spanguolių takai XXXVIII, Riešė'!P3 -> 4.34 | AC5: ='Spanguolių takai XXXVIII, Riešė'!AA2
A6: 4 | B6: ='Pylimo g. 57 butai II, Vilnius'!B3 -> 45967 | C6: ='Pylimo g. 57 butai II, Vilnius'!B2 -> Pylimo g. 57 butai II, Vilnius | D6: ='Pylimo g. 57 butai II, Vilnius'!B8 -> 12 | E6: ='Pylimo g. 57 butai II, Vilnius'!B5 -> B+ | F6: ='Pylimo g. 57 butai II, Vilnius'!B10 -> 0.07 | G6: ='Pylimo g. 57 butai II, Vilnius'!B11 -> 100 | H6: ='Pylimo g. 57 butai II, Vilnius'!B12 -> 46325 | I6: ='Pylimo g. 57 butai II, Vilnius'!R3 | J6: ='Pylimo g. 57 butai II, Vilnius'!B13 -> 29 | K6: ='Pylimo g. 57 butai II, Vilnius'!S3 | L6: ='Pylimo g. 57 butai II, Vilnius'!N3 -> 0 | M6: ='Pylimo g. 57 butai II, Vilnius'!P3 -> 4.44 | AC6: ='Pylimo g. 57 butai II, Vilnius'!AA2
A7: 5 | B7: ='ROOTHAUS I, Vilnius'!B3 -> 45972 | C7: ='ROOTHAUS I, Vilnius'!B2 -> ROOTHAUS I, Vilnius | D7: ='ROOTHAUS I, Vilnius'!B8 -> 12 | E7: ='ROOTHAUS I, Vilnius'!B5 -> B+ | F7: ='ROOTHAUS I, Vilnius'!B10 -> 0.075 | G7: ='ROOTHAUS I, Vilnius'!B11 -> 100 | H7: ='ROOTHAUS I, Vilnius'!B12 -> 46342 | I7: ='ROOTHAUS I, Vilnius'!R3 -> 46212 | J7: ='ROOTHAUS I, Vilnius'!B13 | K7: ='ROOTHAUS I, Vilnius'!S3 | L7: ='ROOTHAUS I, Vilnius'!N3 -> 100 | M7: ='ROOTHAUS I, Vilnius'!P3 -> 4.83 | AC7: ='ROOTHAUS I, Vilnius'!AA2
A8: 6 | B8: ='UAB "NT reikalas" projektai VI'!B3 -> 46027 | C8: ='UAB "NT reikalas" projektai VI'!B2 -> UAB „NT reikalas" projektai VI, Vilnius | D8: ='UAB "NT reikalas" projektai VI'!B8 -> 12 | E8: ='UAB "NT reikalas" projektai VI'!B5 -> B | F8: ='UAB "NT reikalas" projektai VI'!B10 -> 0.075 | G8: ='UAB "NT reikalas" projektai VI'!B11 -> 100 | H8: ='UAB "NT reikalas" projektai VI'!B12 -> 46399 | I8: ='UAB "NT reikalas" projektai VI'!R3 | J8: ='UAB "NT reikalas" projektai VI'!B13 -> 103 | K8: ='UAB "NT reikalas" projektai VI'!S3 | L8: ='UAB "NT reikalas" projektai VI'!N3 -> 0 | M8: ='UAB "NT reikalas" projektai VI'!P3 -> 5.42 | AC8: ='UAB "NT reikalas" projektai VI'!AA2
A9: 7 | B9: ='Kaip Niujorke XXXVIII, Vilnius'!B3 -> 46185 | C9: ='Kaip Niujorke XXXVIII, Vilnius'!B2 -> Kaip Niujorke XXXVIII, Vilnius | D9: ='Kaip Niujorke XXXVIII, Vilnius'!B8 -> 7 | E9: ='Kaip Niujorke XXXVIII, Vilnius'!B5 -> A | F9: ='Kaip Niujorke XXXVIII, Vilnius'!B10 -> 0.06 | G9: ='Kaip Niujorke XXXVIII, Vilnius'!B11 -> 100 | H9: ='Kaip Niujorke XXXVIII, Vilnius'!B12 -> 46412 | I9: ='Kaip Niujorke XXXVIII, Vilnius'!R3 | J9: ='Kaip Niujorke XXXVIII, Vilnius'!B13 -> 116 | K9: ='Kaip Niujorke XXXVIII, Vilnius'!S3 | L9: ='Kaip Niujorke XXXVIII, Vilnius'!N3 -> 0 | M9: ='Kaip Niujorke XXXVIII, Vilnius'!P3 -> 0 | AC9: ='Kaip Niujorke XXXVIII, Vilnius'!AA2
A10: 8 | B10: ='UAB „Dear Home" projektai XV'!B3 -> 46216 | C10: ='UAB „Dear Home" projektai XV'!B2 -> UAB „Dear Home" projektai XV, Vilnius | D10: ='UAB „Dear Home" projektai XV'!B8 -> 12 | E10: ='UAB „Dear Home" projektai XV'!B5 -> B+ | F10: ='UAB „Dear Home" projektai XV'!B10 -> 0.07 | G10: ='UAB „Dear Home" projektai XV'!B11 -> 100 | H10: ='UAB „Dear Home" projektai XV'!B12 -> 46593 | I10: ='UAB „Dear Home" projektai XV'!R3 | J10: ='UAB „Dear Home" projektai XV'!B13 -> 297 | K10: ='UAB „Dear Home" projektai XV'!S3 | L10: ='UAB „Dear Home" projektai XV'!N3 -> 0 | M10: ='UAB „Dear Home" projektai XV'!P3 -> 0 | AC10: ='UAB „Dear Home" projektai XV'!AA2
A11: 9 | B11: ='Laikas mėtoms VII, Vilnius'!B3 -> 46217 | C11: ='Laikas mėtoms VII, Vilnius'!B2 -> Laikas mėtoms VII, Vilnius | D11: ='Laikas mėtoms VII, Vilnius'!B8 -> 12 | E11: ='Laikas mėtoms VII, Vilnius'!B5 -> B+ | F11: ='Laikas mėtoms VII, Vilnius'!B10 -> 0.07 | G11: ='Laikas mėtoms VII, Vilnius'!B11 -> 100 | H11: ='Laikas mėtoms VII, Vilnius'!B12 -> 46587 | I11: ='Laikas mėtoms VII, Vilnius'!R3 | J11: ='Laikas mėtoms VII, Vilnius'!B13 -> 291 | K11: ='Laikas mėtoms VII, Vilnius'!S3 | L11: ='Laikas mėtoms VII, Vilnius'!N3 -> 0 | M11: ='Laikas mėtoms VII, Vilnius'!P3 -> 0 | AC11: ='Laikas mėtoms VII, Vilnius'!AA2

Sheet Pinigai
A1: Data | B1: Įnešta | C1: Išimta | D1: Premija | F1: Įnešta | G1: Išimta | H1: Premija | I1: Skirtumas
A2: 45964 | B2: 100 | C2: 0 | D2: 0 | F2: =SUM(B2:B37) -> 674.21 | G2: =SUM(C2:C37) -> 0 | H2: =SUM(D2:D37) -> 4 | I2: =F2-G2 -> 674.21 | K2: =B2*-1 -> -100
A3: 45964 | B3: 0 | C3: 0 | D3: 0.5 | K3: =B3*-1 -> 0
A4: 45964 | B4: 100 | C4: 0 | D4: 0 | K4: =B4*-1 -> -100
A5: 45965 | B5: 100 | C5: 0 | D5: 0 | K5: =B5*-1 -> -100
A6: 45965 | B6: 0 | C6: 0 | D6: 0.5 | K6: =B6*-1 -> 0
A7: 45967 | B7: 100 | C7: 0 | D7: 0 | K7: =B7*-1 -> -100
A8: 45967 | B8: 0 | C8: 0 | D8: 0.5 | K8: =B8*-1 -> 0
A9: 45968 | B9: 100 | C9: 0 | D9: 0 | K9: =B9*-1 -> -100
A10: 45972 | B10: 0 | C10: 0 | D10: 0.5 | K10: =B10*-1 -> 0
A11: 46024 | B11: 100 | C11: 0 | D11: 0 | K11: =B11*-1 -> -100
A12: 46027 | B12: 0 | C12: 0 | D12: 0.5 | K12: =B12*-1 -> 0
A13: 46184 | B13: 35.07 | C13: 0 | D13: 0 | K13: =B13*-1 -> -35.07
A14: 46184 | B14: 0 | C14: 0 | D14: 0.5 | K14: =B14*-1 -> 0
... A17: 46217 | B17: 0 | C17: 0 | D17: 0.5 | K17: =B17*-1 -> 0
A200: =TODAY() -> 46296 | K200: =Overview!U3 -> 706.59

Sheet Laikas mėtoms VII, Vilnius
A1: Paskola | B1: 20260218 | D1: Data | E1: Paskola | F1: Palūkanos | G1: Paskola | H1: Palūkanos | I1: Papildomos | J1: Data | K1: Vėlavimas | M1: Paskola | O1: Palūkanos | Q1: XIRR | R1: Grąžinta | S1: Vėluoja | Y1: Data | Z1: Suma | AA1: Vėluoja
A2: Objektas | B2: Laikas mėtoms VII, Vilnius | D2: 46296 | K2: =IF(J2>0,J2-D2,"") | M2: Suteikta | N2: Grąžinta | O2: Planuotos | P2: Realios | Y2: =B3 -> 46217 | Z2: =B11*-1 -> -100 | AA2: =IF(COUNTIFS(D:D,"<"&TODAY(),J:J,"")>0,"+","")
A3: Investicijos data | B3: 46217 | D3: 46388 | K3: =IF(J3>0,J3-D3,"") | M3: =B11 -> 100 | N3: =G42 -> 0 | O3: =F42 -> 0 | P3: =H42+I42 -> 0 | Q3: =IF(M3=N3,XIRR(Z2:Z41,Y2:Y41),"") | R3: =IF(M3=N3,B14,"") | S3: =IF(COUNTIFS(D:D,"<"&TODAY(),J:J,"")=0,"",TODAY()-_xlfn.MINIFS(D:D,D:D,"<"&TODAY(),J:J,"")) | Y3: =J2 -> 0 | Z3: =G2+H2+I2 -> 0
A4: Palūkanų pradžia | B4: 46220 | D4: 46478 | K4: =IF(J4>0,J4-D4,"") | Y4: =J3 -> 0 | Z4: =G3+H3+I3 -> 0
A5: Projekto reitingas | B5: B+ | D5: 46569 | K5: =IF(J5>0,J5-D5,"") | Y5: =J4 -> 0 | Z5: =G4+H4+I4 -> 0
A6: LTV, % | B6: 0.7 | D6: 46587 | K6: =IF(J6>0,J6-D6,"") | Y6: =J5 -> 0 | Z6: =G5+H5+I5 -> 0
A7: LTV max, % | B7: 0.7 | K7: =IF(J7>0,J7-D7,"") | Y7: =J6 -> 0 | Z7: =G6+H6+I6 -> 0
A8: Investicijos laikotarpis, mėn. | B8: 12 | K8: =IF(J8>0,J8-D8,"") | Y8: =J7 -> 0 | Z8: =G7+H7+I7 -> 0
A9: Palūkanų mokėjimas | B9: Q | K9: =IF(J9>0,J9-D9,"") | Y9: =J8 -> 0 | Z9: =G8+H8+I8 -> 0
A10: Palūkanos, % | B10: 0.07 | K10: =IF(J10>0,J10-D10,"") | Y10: =J9 -> 0 | Z10: =G9+H9+I9 -> 0
A11: Investuota, Eur | B11: 100 | K11: =IF(J11>0,J11-D11,"") | Y11: =J10 -> 0 | Z11: =G10+H10+I10 -> 0
A12: Paskolos pabaiga | B12: 46587 | K12: =IF(J12>0,J12-D12,"") | Y12: =J11 -> 0 | Z12: =G11+H11+I11 -> 0
A13: Liko dienų | B13: =IF(B11<>N3,(TODAY()-B12)*-1,"") -> 291 | K13: =IF(J13>0,J13-D13,"") | Y13: =J12 -> 0 | Z13: =G12+H12+I12 -> 0
A14: Grąžinta | K14: =IF(J14>0,J14-D14,"") | Y14: =J13 -> 0 | Z14: =G13+H13+I13 -> 0
A15: Vėlavo/Anksčiau | B15: =IF(M3=N3,B14-B12,"") | K15: =IF(J15>0,J15-D15,"") | Y15: =J14 -> 0 | Z15: =G14+H14+I14 -> 0
K16: =IF(J16>0,J16-D16,"") | Y16: =J15 -> 0 | Z16: =G15+H15+I15 -> 0
K17: =IF(J17>0,J17-D17,"") | Y17: =J16 -> 0 | Z17: =G16+H16+I16 -> 0
K18: =IF(J18>0,J18-D18,"") | Y18: =J17 -> 0 | Z18: =G17+H17+I17 -> 0
K19: =IF(J19>0,J19-D19,"") | Y19: =J18 -> 0 | Z19: =G18+H18+I18 -> 0
K20: =IF(J20>0,J20-D20,"") | Y20: =J19 -> 0 | Z20: =G19+H19+I19 -> 0
K21: =IF(J21>0,J21-D21,"") | Y21: =J20 -> 0 | Z21: =G20+H20+I20 -> 0
K22: =IF(J22>0,J22-D22,"") | Y22: =J21 -> 0 | Z22: =G21+H21+I21 -> 0
K23: =IF(J23>0,J23-D23,"") | Y23: =J22 -> 0 | Z23: =G22+H22+I22 -> 0
K24: =IF(J24>0,J24-D24,"") | Y24: =J23 -> 0 | Z24: =G23+H23+I23 -> 0
K25: =IF(J25>0,J25-D25,"") | Y25: =J24 -> 0 | Z25: =G24+H24+I24 -> 0
K26: =IF(J26>0,J26-D26,"") | Y26: =J25 -> 0 | Z26: =G25+H25+I25 -> 0
K27: =IF(J27>0,J27-D27,"") | Y27: =J26 -> 0 | Z27: =G26+H26+I26 -> 0
... K41: =IF(J41>0,J41-D41,"") | Y41: =J40 -> 0 | Z41: =G40+H40+I40 -> 0
D42: Viso: | E42: =SUM(E2:E41) -> 0 | F42: =SUM(F2:F41) -> 0 | G42: =SUM(G2:G41) -> 0 | H42: =SUM(H2:H41) -> 0 | I42: =SUM(I2:I41) -> 0

Sheet UAB „Dear Home" projektai XV
A1: Sutartis | B1: 20250804 | D1: Data | E1: Paskola | F1: Palūkanos | G1: Paskola | H1: Palūkanos | I1: Papildomos | J1: Data | K1: Vėlavimas | M1: Paskola | O1: Palūkanos | Q1: XIRR | R1: Grąžinta | S1: Vėluoja | Y1: Data | Z1: Suma | AA1: Vėluoja
A2: Objektas | B2: UAB „Dear Home" projektai XV, Vilnius | D2: 46296 | K2: =IF(J2>0,J2-D2,"") | M2: Suteikta | N2: Grąžinta | O2: Planuotos | P2: Realios | Y2: =B3 -> 46216 | Z2: =B11*-1 -> -100 | AA2: =IF(COUNTIFS(D:D,"<"&TODAY(),J:J,"")>0,"+","")
A3: Investicijos data | B3: 46216 | D3: 46388 | K3: =IF(J3>0,J3-D3,"") | M3: =B11 -> 100 | N3: =G42 -> 0 | O3: =F42 -> 0 | P3: =H42+I42 -> 0 | Q3: =IF(M3=N3,XIRR(Z2:Z41,Y2:Y41),"") | R3: =IF(M3=N3,B14,"") | S3: =IF(COUNTIFS(D:D,"<"&TODAY(),J:J,"")=0,"",TODAY()-_xlfn.MINIFS(D:D,D:D,"<"&TODAY(),J:J,"")) | Y3: =J2 -> 0 | Z3: =G2+H2+I2 -> 0
A4: Palūkanų pradžia | B4: 46220 | D4: 46478 | K4: =IF(J4>0,J4-D4,"") | Y4: =J3 -> 0 | Z4: =G3+H3+I3 -> 0
A5: Projekto reitingas | B5: B+ | D5: 46569 | K5: =IF(J5>0,J5-D5,"") | Y5: =J4 -> 0 | Z5: =G4+H4+I4 -> 0
A6: LTV, % | B6: 0.66 | D6: 46593 | K6: =IF(J6>0,J6-D6,"") | Y6: =J5 -> 0 | Z6: =G5+H5+I5 -> 0
A7: LTV max, % | B7: 0.7 | K7: =IF(J7>0,J7-D7,"") | Y7: =J6 -> 0 | Z7: =G6+H6+I6 -> 0
A8: Investicijos laikotarpis, mėn. | B8: 12 | K8: =IF(J8>0,J8-D8,"") | Y8: =J7 -> 0 | Z8: =G7+H7+I7 -> 0
A9: Palūkanų mokėjimas | B9: Q | K9: =IF(J9>0,J9-D9,"") | Y9: =J8 -> 0 | Z9: =G8+H8+I8 -> 0
A10: Palūkanos, % | B10: 0.07 | K10: =IF(J10>0,J10-D10,"") | Y10: =J9 -> 0 | Z10: =G9+H9+I9 -> 0
A11: Investuota, Eur | B11: 100 | K11: =IF(J11>0,J11-D11,"") | Y11: =J10 -> 0 | Z11: =G10+H10+I10 -> 0
A12: Paskolos pabaiga | B12: 46593 | K12: =IF(J12>0,J12-D12,"") | Y12: =J11 -> 0 | Z12: =G11+H11+I11 -> 0
A13: Liko dienų | B13: =IF(B11<>N3,(TODAY()-B12)*-1,"") -> 297 | K13: =IF(J13>0,J13-D13,"") | Y13: =J12 -> 0 | Z13: =G12+H12+I12 -> 0
A14: Grąžinta | K14: =IF(J14>0,J14-D14,"") | Y14: =J13 -> 0 | Z14: =G13+H13+I13 -> 0
A15: Vėlavo/Anksčiau | B15: =IF(M3=N3,B14-B12,"") | K15: =IF(J15>0,J15-D15,"") | Y15: =J14 -> 0 | Z15: =G14+H14+I14 -> 0
K16: =IF(J16>0,J16-D16,"") | Y16: =J15 -> 0 | Z16: =G15+H15+I15 -> 0
K17: =IF(J17>0,J17-D17,"") | Y17: =J16 -> 0 | Z17: =G16+H16+I16 -> 0
K18: =IF(J18>0,J18-D18,"") | Y18: =J17 -> 0 | Z18: =G17+H17+I17 -> 0
K19: =IF(J19>0,J19-D19,"") | Y19: =J18 -> 0 | Z19: =G18+H18+I18 -> 0
K20: =IF(J20>0,J20-D20,"") | Y20: =J19 -> 0 | Z20: =G19+H19+I19 -> 0
K21: =IF(J21>0,J21-D21,"") | Y21: =J20 -> 0 | Z21: =G20+H20+I20 -> 0
K22: =IF(J22>0,J22-D22,"") | Y22: =J21 -> 0 | Z22: =G21+H21+I21 -> 0
K23: =IF(J23>0,J23-D23,"") | Y23: =J22 -> 0 | Z23: =G22+H22+I22 -> 0
K24: =IF(J24>0,J24-D24,"") | Y24: =J23 -> 0 | Z24: =G23+H23+I23 -> 0
K25: =IF(J25>0,J25-D25,"") | Y25: =J24 -> 0 | Z25: =G24+H24+I24 -> 0
K26: =IF(J26>0,J26-D26,"") | Y26: =J25 -> 0 | Z26: =G25+H25+I25 -> 0
K27: =IF(J27>0,J27-D27,"") | Y27: =J26 -> 0 | Z27: =G26+H26+I26 -> 0
... K41: =IF(J41>0,J41-D41,"") | Y41: =J40 -> 0 | Z41: =G40+H40+I40 -> 0
D42: Viso: | E42: =SUM(E2:E41) -> 0 | F42: =SUM(F2:F41) -> 0 | G42: =SUM(G2:G41) -> 0 | H42: =SUM(H2:H41) -> 0 | I42: =SUM(I2:I41) -> 0

Sheet Kaip Niujorke XXXVIII, Vilnius
A1: Sutartis | B1: 20230414 | D1: Data | E1: Paskola | F1: Palūkanos | G1: Paskola | H1: Palūkanos | I1: Papildomos | J1: Data | K1: Vėlavimas | M1: Paskola | O1: Palūkanos | Q1: XIRR | R1: Grąžinta | S1: Vėluoja | Y1: Data | Z1: Suma | AA1: Vėluoja
A2: Objektas | B2: Kaip Niujorke XXXVIII, Vilnius | D2: 46296 | K2: =IF(J2>0,J2-D2,"") | M2: Suteikta | N2: Grąžinta | O2: Planuotos | P2: Realios | Y2: =B3 -> 46185 | Z2: =B11*-1 -> -100 | AA2: =IF(COUNTIFS(D:D,"<"&TODAY(),J:J,"")>0,"+","")
A3: Investicijos data | B3: 46185 | D3: 46388 | K3: =IF(J3>0,J3-D3,"") | M3: =B11 -> 100 | N3: =G42 -> 0 | O3: =F42 -> 0 | P3: =H42+I42 -> 0 | Q3: =IF(M3=N3,XIRR(Z2:Z41,Y2:Y41),"") | R3: =IF(M3=N3,B14,"") | S3: =IF(COUNTIFS(D:D,"<"&TODAY(),J:J,"")=0,"",TODAY()-_xlfn.MINIFS(D:D,D:D,"<"&TODAY(),J:J,"")) | Y3: =J2 -> 0 | Z3: =G2+H2+I2 -> 0
A4: Palūkanų pradžia | B4: 46190 | D4: 46412 | K4: =IF(J4>0,J4-D4,"") | Y4: =J3 -> 0 | Z4: =G3+H3+I3 -> 0
A5: Projekto reitingas | B5: A | K5: =IF(J5>0,J5-D5,"") | Y5: =J4 -> 0 | Z5: =G4+H4+I4 -> 0
A6: LTV, % | B6: 0.68 | K6: =IF(J6>0,J6-D6,"") | Y6: =J5 -> 0 | Z6: =G5+H5+I5 -> 0
A7: LTV max, % | B7: 0.7 | K7: =IF(J7>0,J7-D7,"") | Y7: =J6 -> 0 | Z7: =G6+H6+I6 -> 0
A8: Investicijos laikotarpis, mėn. | B8: 7 | K8: =IF(J8>0,J8-D8,"") | Y8: =J7 -> 0 | Z8: =G7+H7+I7 -> 0
A9: Palūkanų mokėjimas | B9: Q | K9: =IF(J9>0,J9-D9,"") | Y9: =J8 -> 0 | Z9: =G8+H8+I8 -> 0
A10: Palūkanos, % | B10: 0.06 | K10: =IF(J10>0,J10-D10,"") | Y10: =J9 -> 0 | Z10: =G9+H9+I9 -> 0
A11: Investuota, Eur | B11: 100 | K11: =IF(J11>0,J11-D11,"") | Y11: =J10 -> 0 | Z11: =G10+H10+I10 -> 0
A12: Paskolos pabaiga | B12: 46412 | K12: =IF(J12>0,J12-D12,"") | Y12: =J11 -> 0 | Z12: =G11+H11+I11 -> 0
A13: Liko dienų | B13: =IF(B11<>N3,(TODAY()-B12)*-1,"") -> 116 | K13: =IF(J13>0,J13-D13,"") | Y13: =J12 -> 0 | Z13: =G12+H12+I12 -> 0
A14: Grąžinta | K14: =IF(J14>0,J14-D14,"") | Y14: =J13 -> 0 | Z14: =G13+H13+I13 -> 0
A15: Vėlavo/Anksčiau | B15: =IF(M3=N3,B14-B12,"") | K15: =IF(J15>0,J15-D15,"") | Y15: =J14 -> 0 | Z15: =G14+H14+I14 -> 0
K16: =IF(J16>0,J16-D16,"") | Y16: =J15 -> 0 | Z16: =G15+H15+I15 -> 0
K17: =IF(J17>0,J17-D17,"") | Y17: =J16 -> 0 | Z17: =G16+H16+I16 -> 0
K18: =IF(J18>0,J18-D18,"") | Y18: =J17 -> 0 | Z18: =G17+H17+I17 -> 0
K19: =IF(J19>0,J19-D19,"") | Y19: =J18 -> 0 | Z19: =G18+H18+I18 -> 0
K20: =IF(J20>0,J20-D20,"") | Y20: =J19 -> 0 | Z20: =G19+H19+I19 -> 0
K21: =IF(J21>0,J21-D21,"") | Y21: =J20 -> 0 | Z21: =G20+H20+I20 -> 0
K22: =IF(J22>0,J22-D22,"") | Y22: =J21 -> 0 | Z22: =G21+H21+I21 -> 0
K23: =IF(J23>0,J23-D23,"") | Y23: =J22 -> 0 | Z23: =G22+H22+I22 -> 0
K24: =IF(J24>0,J24-D24,"") | Y24: =J23 -> 0 | Z24: =G23+H23+I23 -> 0
K25: =IF(J25>0,J25-D25,"") | Y25: =J24 -> 0 | Z25: =G24+H24+I24 -> 0
K26: =IF(J26>0,J26-D26,"") | Y26: =J25 -> 0 | Z26: =G25+H25+I25 -> 0
K27: =IF(J27>0,J27-D27,"") | Y27: =J26 -> 0 | Z27: =G26+H26+I26 -> 0
... K41: =IF(J41>0,J41-D41,"") | Y41: =J40 -> 0 | Z41: =G40+H40+I40 -> 0
D42: Viso: | E42: =SUM(E2:E41) -> 0 | F42: =SUM(F2:F41) -> 0 | G42: =SUM(G2:G41) -> 0 | H42: =SUM(H2:H41) -> 0 | I42: =SUM(I2:I41) -> 0

Sheet UAB "NT reikalas" projektai VI
A1: Sutartis | B1: 20220721 | D1: Data | E1: Paskola | F1: Palūkanos | G1: Paskola | H1: Palūkanos | I1: Papildomos | J1: Data | K1: Vėlavimas | M1: Paskola | O1: Palūkanos | Q1: XIRR | R1: Grąžinta | S1: Vėluoja | Y1: Data | Z1: Suma | AA1: Vėluoja
A2: Objektas | B2: UAB „NT reikalas" projektai VI, Vilnius | D2: 46113 | E2: 0 | F2: 1.66 | G2: 0 | H2: 1.66 | I2: 0 | J2: 46113 | K2: =IF(J2>0,J2-D2,"") -> 0 | M2: Suteikta | N2: Grąžinta | O2: Planuotos | P2: Realios | Y2: =B3 -> 46027 | Z2: =B11*-1 -> -100 | AA2: =IF(COUNTIFS(D:D,"<"&TODAY(),J:J,"")>0,"+","")
A3: Investicijos data | B3: 46027 | D3: 46204 | E3: 0 | F3: 1.87 | G3: 0 | H3: 1.87 | I3: 0 | J3: 46204 | K3: =IF(J3>0,J3-D3,"") -> 0 | M3: =B11 -> 100 | N3: =G42 -> 0 | O3: =F42 -> 5.42 | P3: =H42+I42 -> 5.42 | Q3: =IF(M3=N3,XIRR(Z2:Z41,Y2:Y41),"") | R3: =IF(M3=N3,B14,"") | S3: =IF(COUNTIFS(D:D,"<"&TODAY(),J:J,"")=0,"",TODAY()-_xlfn.MINIFS(D:D,D:D,"<"&TODAY(),J:J,"")) | Y3: =J2 -> 46113 | Z3: =G2+H2+I2 -> 1.66
A4: Palūkanų pradžia | B4: 46032 | D4: 46296 | E4: 0 | F4: 1.89 | G4: 0 | H4: 1.89 | I4: 0 | J4: 46294 | K4: =IF(J4>0,J4-D4,"") -> -2 | Y4: =J3 -> 46204 | Z4: =G3+H3+I3 -> 1.87
A5: Projekto reitingas | B5: B | D5: 46296 | E5: 0 | K5: =IF(J5>0,J5-D5,"") | Y5: =J4 -> 46294 | Z5: =G4+H4+I4 -> 1.89
A6: LTV, % | B6: 0.65 | D6: 46388 | E6: 0 | K6: =IF(J6>0,J6-D6,"") | Y6: =J5 -> 0 | Z6: =G5+H5+I5 -> 0
A7: LTV max, % | B7: 0.7 | D7: 46399 | E7: 100 | K7: =IF(J7>0,J7-D7,"") | Y7: =J6 -> 0 | Z7: =G6+H6+I6 -> 0
A8: Investicijos laikotarpis, mėn. | B8: 12 | K8: =IF(J8>0,J8-D8,"") | Y8: =J7 -> 0 | Z8: =G7+H7+I7 -> 0
A9: Palūkanų mokėjimas | B9: Q | K9: =IF(J9>0,J9-D9,"") | Y9: =J8 -> 0 | Z9: =G8+H8+I8 -> 0
A10: Palūkanos, % | B10: 0.075 | K10: =IF(J10>0,J10-D10,"") | Y10: =J9 -> 0 | Z10: =G9+H9+I9 -> 0
A11: Investuota, Eur | B11: 100 | K11: =IF(J11>0,J11-D11,"") | Y11: =J10 -> 0 | Z11: =G10+H10+I10 -> 0
A12: Paskolos pabaiga | B12: 46399 | K12: =IF(J12>0,J12-D12,"") | Y12: =J11 -> 0 | Z12: =G11+H11+I11 -> 0
A13: Liko dienų | B13: =IF(B11<>N3,(TODAY()-B12)*-1,"") -> 103 | K13: =IF(J13>0,J13-D13,"") | Y13: =J12 -> 0 | Z13: =G12+H12+I12 -> 0
A14: Grąžinta | K14: =IF(J14>0,J14-D14,"") | Y14: =J13 -> 0 | Z14: =G13+H13+I13 -> 0
A15: Vėlavo/Anksčiau | B15: =IF(M3=N3,B14-B12,"") | K15: =IF(J15>0,J15-D15,"") | Y15: =J14 -> 0 | Z15: =G14+H14+I14 -> 0
K16: =IF(J16>0,J16-D16,"") | Y16: =J15 -> 0 | Z16: =G15+H15+I15 -> 0
K17: =IF(J17>0,J17-D17,"") | Y17: =J16 -> 0 | Z17: =G16+H16+I16 -> 0
K18: =IF(J18>0,J18-D18,"") | Y18: =J17 -> 0 | Z18: =G17+H17+I17 -> 0
K19: =IF(J19>0,J19-D19,"") | Y19: =J18 -> 0 | Z19: =G18+H18+I18 -> 0
K20: =IF(J20>0,J20-D20,"") | Y20: =J19 -> 0 | Z20: =G19+H19+I19 -> 0
K21: =IF(J21>0,J21-D21,"") | Y21: =J20 -> 0 | Z21: =G20+H20+I20 -> 0
K22: =IF(J22>0,J22-D22,"") | Y22: =J21 -> 0 | Z22: =G21+H21+I21 -> 0
K23: =IF(J23>0,J23-D23,"") | Y23: =J22 -> 0 | Z23: =G22+H22+I22 -> 0
K24: =IF(J24>0,J24-D24,"") | Y24: =J23 -> 0 | Z24: =G23+H23+I23 -> 0
K25: =IF(J25>0,J25-D25,"") | Y25: =J24 -> 0 | Z25: =G24+H24+I24 -> 0
K26: =IF(J26>0,J26-D26,"") | Y26: =J25 -> 0 | Z26: =G25+H25+I25 -> 0
K27: =IF(J27>0,J27-D27,"") | Y27: =J26 -> 0 | Z27: =G26+H26+I26 -> 0
... K41: =IF(J41>0,J41-D41,"") | Y41: =J40 -> 0 | Z41: =G40+H40+I40 -> 0
D42: Viso: | E42: =SUM(E2:E41) -> 100 | F42: =SUM(F2:F41) -> 5.42 | G42: =SUM(G2:G41) -> 0 | H42: =SUM(H2:H41) -> 5.42 | I42: =SUM(I2:I41) -> 0

Sheet ROOTHAUS I, Vilnius
A1: Sutartis | B1: 20251031 | D1: Data | E1: Paskola | F1: Palūkanos | G1: Paskola | H1: Palūkanos | I1: Papildomos | J1: Data | K1: Vėlavimas | M1: Paskola | O1: Palūkanos | Q1: XIRR | R1: Grąžinta | S1: Vėluoja | Y1: Data | Z1: Suma | AA1: Vėluoja
A2: Objektas | B2: ROOTHAUS I, Vilnius | D2: 46023 | E2: 0 | F2: 0.95 | G2: 0 | H2: 0.95 | I2: 0 | J2: 46023 | K2: =IF(J2>0,J2-D2,"") -> 0 | M2: Suteikta | N2: Grąžinta | O2: Planuotos | P2: Realios | Y2: =B3 -> 45972 | Z2: =B11*-1 -> -100 | AA2: =IF(COUNTIFS(D:D,"<"&TODAY(),J:J,"")>0,"+","")
A3: Investicijos data | B3: 45972 | D3: 46113 | E3: 0 | F3: 1.85 | G3: 0 | H3: 1.85 | I3: 0 | J3: 46113 | K3: =IF(J3>0,J3-D3,"") -> 0 | M3: =B11 -> 100 | N3: =G42 -> 100 | O3: =F42 -> 4.83 | P3: =H42+I42 -> 4.83 | Q3: =IF(M3=N3,XIRR(Z2:Z41,Y2:Y41),"") -> 0.075564584 | R3: =IF(M3=N3,B14,"") -> 46212 | S3: =IF(COUNTIFS(D:D,"<"&TODAY(),J:J,"")=0,"",TODAY()-_xlfn.MINIFS(D:D,D:D,"<"&TODAY(),J:J,"")) | Y3: =J2 -> 46023 | Z3: =G2+H2+I2 -> 0.95
A4: Palūkanų pradžia | B4: 45977 | D4: 46204 | E4: 0 | F4: 1.87 | G4: 0 | H4: 1.87 | I4: 0 | J4: 46204 | K4: =IF(J4>0,J4-D4,"") -> 0 | Y4: =J3 -> 46113 | Z4: =G3+H3+I3 -> 1.85
A5: Projekto reitingas | B5: B+ | D5: 46342 | E5: 100 | F5: 0.16 | G5: 100 | H5: 0.16 | I5: 0 | J5: 46212 | K5: =IF(J5>0,J5-D5,"") -> -130 | Y5: =J4 -> 46204 | Z5: =G4+H4+I4 -> 1.87
A6: LTV, % | B6: 0.7 | K6: =IF(J6>0,J6-D6,"") | Y6: =J5 -> 46212 | Z6: =G5+H5+I5 -> 100.16
A7: LTV max, % | B7: 0.7 | K7: =IF(J7>0,J7-D7,"") | Y7: =J6 -> 0 | Z7: =G6+H6+I6 -> 0
A8: Investicijos laikotarpis, mėn. | B8: 12 | K8: =IF(J8>0,J8-D8,"") | Y8: =J7 -> 0 | Z8: =G7+H7+I7 -> 0
A9: Palūkanų mokėjimas | B9: Q | K9: =IF(J9>0,J9-D9,"") | Y9: =J8 -> 0 | Z9: =G8+H8+I8 -> 0
A10: Palūkanos, % | B10: 0.075 | K10: =IF(J10>0,J10-D10,"") | Y10: =J9 -> 0 | Z10: =G9+H9+I9 -> 0
A11: Investuota, Eur | B11: 100 | K11: =IF(J11>0,J11-D11,"") | Y11: =J10 -> 0 | Z11: =G10+H10+I10 -> 0
A12: Paskolos pabaiga | B12: 46342 | K12: =IF(J12>0,J12-D12,"") | Y12: =J11 -> 0 | Z12: =G11+H11+I11 -> 0
A13: Liko dienų | B13: =IF(B11<>N3,(TODAY()-B12)*-1,"") | K13: =IF(J13>0,J13-D13,"") | Y13: =J12 -> 0 | Z13: =G12+H12+I12 -> 0
A14: Grąžinta | B14: 46212 | K14: =IF(J14>0,J14-D14,"") | Y14: =J13 -> 0 | Z14: =G13+H13+I13 -> 0
A15: Vėlavo/Anksčiau | B15: =IF(M3=N3,B14-B12,"") -> -130 | K15: =IF(J15>0,J15-D15,"") | Y15: =J14 -> 0 | Z15: =G14+H14+I14 -> 0
K16: =IF(J16>0,J16-D16,"") | Y16: =J15 -> 0 | Z16: =G15+H15+I15 -> 0
K17: =IF(J17>0,J17-D17,"") | Y17: =J16 -> 0 | Z17: =G16+H16+I16 -> 0
K18: =IF(J18>0,J18-D18,"") | Y18: =J17 -> 0 | Z18: =G17+H17+I17 -> 0
K19: =IF(J19>0,J19-D19,"") | Y19: =J18 -> 0 | Z19: =G18+H18+I18 -> 0
K20: =IF(J20>0,J20-D20,"") | Y20: =J19 -> 0 | Z20: =G19+H19+I19 -> 0
K21: =IF(J21>0,J21-D21,"") | Y21: =J20 -> 0 | Z21: =G20+H20+I20 -> 0
K22: =IF(J22>0,J22-D22,"") | Y22: =J21 -> 0 | Z22: =G21+H21+I21 -> 0
K23: =IF(J23>0,J23-D23,"") | Y23: =J22 -> 0 | Z23: =G22+H22+I22 -> 0
K24: =IF(J24>0,J24-D24,"") | Y24: =J23 -> 0 | Z24: =G23+H23+I23 -> 0
K25: =IF(J25>0,J25-D25,"") | Y25: =J24 -> 0 | Z25: =G24+H24+I24 -> 0
K26: =IF(J26>0,J26-D26,"") | Y26: =J25 -> 0 | Z26: =G25+H25+I25 -> 0
K27: =IF(J27>0,J27-D27,"") | Y27: =J26 -> 0 | Z27: =G26+H26+I26 -> 0
... K41: =IF(J41>0,J41-D41,"") | Y41: =J40 -> 0 | Z41: =G40+H40+I40 -> 0
D42: Viso: | E42: =SUM(E2:E41) -> 100 | F42: =SUM(F2:F41) -> 4.83 | G42: =SUM(G2:G41) -> 100 | H42: =SUM(H2:H41) -> 4.83 | I42: =SUM(I2:I41) -> 0

Sheet Pylimo g. 57 butai II, Vilnius
A1: Sutartis | B1: 20250715 | D1: Data | E1: Paskola | F1: Palūkanos | G1: Paskola | H1: Palūkanos | I1: Papildomos | J1: Data | K1: Vėlavimas | M1: Paskola | O1: Palūkanos | Q1: XIRR | R1: Grąžinta | S1: Vėluoja | Y1: Data | Z1: Suma | AA1: Vėluoja
A2: Objektas | B2: Pylimo g. 57 butai II, Vilnius | D2: 46023 | E2: 0 | F2: 0.96 | G2: 0 | H2: 0.96 | I2: 0 | J2: 46023 | K2: =IF(J2>0,J2-D2,"") -> 0 | M2: Suteikta | N2: Grąžinta | O2: Planuotos | P2: Realios | Y2: =B3 -> 45967 | Z2: =B11*-1 -> -100 | AA2: =IF(COUNTIFS(D:D,"<"&TODAY(),J:J,"")>0,"+","")
A3: Investicijos data | B3: 45967 | D3: 46113 | E3: 0 | F3: 1.73 | G3: 0 | H3: 1.73 | I3: 0 | J3: 46113 | K3: =IF(J3>0,J3-D3,"") -> 0 | M3: =B11 -> 100 | N3: =G42 -> 0 | O3: =F42 -> 4.44 | P3: =H42+I42 -> 4.44 | Q3: =IF(M3=N3,XIRR(Z2:Z41,Y2:Y41),"") | R3: =IF(M3=N3,B14,"") | S3: =IF(COUNTIFS(D:D,"<"&TODAY(),J:J,"")=0,"",TODAY()-_xlfn.MINIFS(D:D,D:D,"<"&TODAY(),J:J,"")) | Y3: =J2 -> 46023 | Z3: =G2+H2+I2 -> 0.96
A4: Palūkanų pradžia | B4: 45973 | D4: 46204 | E4: 0 | F4: 1.75 | G4: 0 | H4: 1.75 | I4: 0 | J4: 46204 | K4: =IF(J4>0,J4-D4,"") -> 0 | Y4: =J3 -> 46113 | Z4: =G3+H3+I3 -> 1.73
A5: Projekto reitingas | B5: B+ | D5: 46296 | E5: 0 | K5: =IF(J5>0,J5-D5,"") | Y5: =J4 -> 46204 | Z5: =G4+H4+I4 -> 1.75
A6: LTV, % | B6: 0.59 | D6: 46325 | E6: 100 | K6: =IF(J6>0,J6-D6,"") | Y6: =J5 -> 0 | Z6: =G5+H5+I5 -> 0
A7: LTV max, % | B7: 0.59 | K7: =IF(J7>0,J7-D7,"") | Y7: =J6 -> 0 | Z7: =G6+H6+I6 -> 0
A8: Investicijos laikotarpis, mėn. | B8: 12 | K8: =IF(J8>0,J8-D8,"") | Y8: =J7 -> 0 | Z8: =G7+H7+I7 -> 0
A9: Palūkanų mokėjimas | B9: Q | K9: =IF(J9>0,J9-D9,"") | Y9: =J8 -> 0 | Z9: =G8+H8+I8 -> 0
A10: Palūkanos, % | B10: 0.07 | K10: =IF(J10>0,J10-D10,"") | Y10: =J9 -> 0 | Z10: =G9+H9+I9 -> 0
A11: Investuota, Eur | B11: 100 | K11: =IF(J11>0,J11-D11,"") | Y11: =J10 -> 0 | Z11: =G10+H10+I10 -> 0
A12: Paskolos pabaiga | B12: 46325 | K12: =IF(J12>0,J12-D12,"") | Y12: =J11 -> 0 | Z12: =G11+H11+I11 -> 0
A13: Liko dienų | B13: =IF(B11<>N3,(TODAY()-B12)*-1,"") -> 29 | K13: =IF(J13>0,J13-D13,"") | Y13: =J12 -> 0 | Z13: =G12+H12+I12 -> 0
A14: Grąžinta | K14: =IF(J14>0,J14-D14,"") | Y14: =J13 -> 0 | Z14: =G13+H13+I13 -> 0
A15: Vėlavo/Anksčiau | B15: =IF(M3=N3,B14-B12,"") | K15: =IF(J15>0,J15-D15,"") | Y15: =J14 -> 0 | Z15: =G14+H14+I14 -> 0
K16: =IF(J16>0,J16-D16,"") | Y16: =J15 -> 0 | Z16: =G15+H15+I15 -> 0
K17: =IF(J17>0,J17-D17,"") | Y17: =J16 -> 0 | Z17: =G16+H16+I16 -> 0
K18: =IF(J18>0,J18-D18,"") | Y18: =J17 -> 0 | Z18: =G17+H17+I17 -> 0
K19: =IF(J19>0,J19-D19,"") | Y19: =J18 -> 0 | Z19: =G18+H18+I18 -> 0
K20: =IF(J20>0,J20-D20,"") | Y20: =J19 -> 0 | Z20: =G19+H19+I19 -> 0
K21: =IF(J21>0,J21-D21,"") | Y21: =J20 -> 0 | Z21: =G20+H20+I20 -> 0
K22: =IF(J22>0,J22-D22,"") | Y22: =J21 -> 0 | Z22: =G21+H21+I21 -> 0
K23: =IF(J23>0,J23-D23,"") | Y23: =J22 -> 0 | Z23: =G22+H22+I22 -> 0
K24: =IF(J24>0,J24-D24,"") | Y24: =J23 -> 0 | Z24: =G23+H23+I23 -> 0
K25: =IF(J25>0,J25-D25,"") | Y25: =J24 -> 0 | Z25: =G24+H24+I24 -> 0
K26: =IF(J26>0,J26-D26,"") | Y26: =J25 -> 0 | Z26: =G25+H25+I25 -> 0
K27: =IF(J27>0,J27-D27,"") | Y27: =J26 -> 0 | Z27: =G26+H26+I26 -> 0
... K41: =IF(J41>0,J41-D41,"") | Y41: =J40 -> 0 | Z41: =G40+H40+I40 -> 0
D42: Viso: | E42: =SUM(E2:E41) -> 100 | F42: =SUM(F2:F41) -> 4.44 | G42: =SUM(G2:G41) -> 0 | H42: =SUM(H2:H41) -> 4.44 | I42: =SUM(I2:I41) -> 0

Sheet Spanguolių takai XXXVIII, Riešė
A1: Sutartis | B1: 20230607 | D1: Data | E1: Paskola | F1: Palūkanos | G1: Paskola | H1: Palūkanos | I1: Papildomos | J1: Data | K1: Vėlavimas | M1: Paskola | O1: Palūkanos | Q1: XIRR | R1: Grąžinta | S1: Vėluoja | Y1: Data | Z1: Suma | AA1: Vėluoja
A2: Objektas | B2: Spanguolių takai XXXVIII, Riešė | D2: 46023 | E2: 0 | F2: 1.02 | G2: 0 | H2: 1.02 | I2: 0 | J2: 46023 | K2: =IF(J2>0,J2-D2,"") -> 0 | M2: Suteikta | N2: Grąžinta | O2: Planuotos | P2: Realios | Y2: =B3 -> 45965 | Z2: =B11*-1 -> -100 | AA2: =IF(COUNTIFS(D:D,"<"&TODAY(),J:J,"")>0,"+","")
A3: Investicijos data | B3: 45965 | D3: 46113 | E3: 0 | F3: 1.73 | G3: 0 | H3: 1.73 | I3: 0 | J3: 46113 | K3: =IF(J3>0,J3-D3,"") -> 0 | M3: =B11 -> 100 | N3: =G42 -> 100 | O3: =F42 -> 4.34 | P3: =H42+I42 -> 4.34 | Q3: =IF(M3=N3,XIRR(Z2:Z41,Y2:Y41),"") -> 0.070387748 | R3: =IF(M3=N3,B14,"") -> 46252 | S3: =IF(COUNTIFS(D:D,"<"&TODAY(),J:J,"")=0,"",TODAY()-_xlfn.MINIFS(D:D,D:D,"<"&TODAY(),J:J,"")) | Y3: =J2 -> 46023 | Z3: =G2+H2+I2 -> 1.02
A4: Palūkanų pradžia | B4: 45970 | D4: 46174 | E4: 0 | F4: 1.17 | G4: 45.63 | H4: 1.17 | I4: 0 | J4: 46174 | K4: =IF(J4>0,J4-D4,"") -> 0 | Y4: =J3 -> 46113 | Z4: =G3+H3+I3 -> 1.73
A5: Projekto reitingas | B5: A- | D5: 46204 | E5: 0 | F5: 0.31 | G5: 0 | H5: 0.31 | I5: 0 | J5: 46204 | K5: =IF(J5>0,J5-D5,"") -> 0 | Y5: =J4 -> 46174 | Z5: =G4+H4+I4 -> 46.8
A6: LTV, % | B6: 0.53 | D6: 46212 | E6: 0 | F6: 0.08 | G6: 50.2 | H6: 0.08 | I6: 0 | J6: 46212 | K6: =IF(J6>0,J6-D6,"") -> 0 | Y6: =J5 -> 46204 | Z6: =G5+H5+I5 -> 0.31
A7: LTV max, % | B7: 0.58 | D7: 46296 | E7: 0 | F7: 0 | G7: 0 | H7: 0 | I7: 0 | J7: 46252 | K7: =IF(J7>0,J7-D7,"") -> -44 | Y7: =J6 -> 46212 | Z7: =G6+H6+I6 -> 50.28
A8: Investicijos laikotarpis, mėn. | B8: 11 | D8: 46304 | E8: 100 | F8: 0.03 | G8: 4.17 | H8: 0.03 | I8: 0 | J8: 46252 | K8: =IF(J8>0,J8-D8,"") -> -52 | Y8: =J7 -> 46252 | Z8: =G7+H7+I7 -> 0
A9: Palūkanų mokėjimas | B9: Q | K9: =IF(J9>0,J9-D9,"") | Y9: =J8 -> 46252 | Z9: =G8+H8+I8 -> 4.2
A10: Palūkanos, % | B10: 0.07 | K10: =IF(J10>0,J10-D10,"") | Y10: =J9 -> 0 | Z10: =G9+H9+I9 -> 0
A11: Investuota, Eur | B11: 100 | K11: =IF(J11>0,J11-D11,"") | Y11: =J10 -> 0 | Z11: =G10+H10+I10 -> 0
A12: Paskolos pabaiga | B12: 46304 | K12: =IF(J12>0,J12-D12,"") | Y12: =J11 -> 0 | Z12: =G11+H11+I11 -> 0
A13: Liko dienų | B13: =IF(B11<>N3,(TODAY()-B12)*-1,"") | K13: =IF(J13>0,J13-D13,"") | Y13: =J12 -> 0 | Z13: =G12+H12+I12 -> 0
A14: Grąžinta | B14: 46252 | K14: =IF(J14>0,J14-D14,"") | Y14: =J13 -> 0 | Z14: =G13+H13+I13 -> 0
A15: Vėlavo/Anksčiau | B15: =IF(M3=N3,B14-B12,"") -> -52 | K15: =IF(J15>0,J15-D15,"") | Y15: =J14 -> 0 | Z15: =G14+H14+I14 -> 0
K16: =IF(J16>0,J16-D16,"") | Y16: =J15 -> 0 | Z16: =G15+H15+I15 -> 0
K17: =IF(J17>0,J17-D17,"") | Y17: =J16 -> 0 | Z17: =G16+H16+I16 -> 0
K18: =IF(J18>0,J18-D18,"") | Y18: =J17 -> 0 | Z18: =G17+H17+I17 -> 0
K19: =IF(J19>0,J19-D19,"") | Y19: =J18 -> 0 | Z19: =G18+H18+I18 -> 0
K20: =IF(J20>0,J20-D20,"") | Y20: =J19 -> 0 | Z20: =G19+H19+I19 -> 0
K21: =IF(J21>0,J21-D21,"") | Y21: =J20 -> 0 | Z21: =G20+H20+I20 -> 0
K22: =IF(J22>0,J22-D22,"") | Y22: =J21 -> 0 | Z22: =G21+H21+I21 -> 0
K23: =IF(J23>0,J23-D23,"") | Y23: =J22 -> 0 | Z23: =G22+H22+I22 -> 0
K24: =IF(J24>0,J24-D24,"") | Y24: =J23 -> 0 | Z24: =G23+H23+I23 -> 0
K25: =IF(J25>0,J25-D25,"") | Y25: =J24 -> 0 | Z25: =G24+H24+I24 -> 0
K26: =IF(J26>0,J26-D26,"") | Y26: =J25 -> 0 | Z26: =G25+H25+I25 -> 0
K27: =IF(J27>0,J27-D27,"") | Y27: =J26 -> 0 | Z27: =G26+H26+I26 -> 0
... K41: =IF(J41>0,J41-D41,"") | Y41: =J40 -> 0 | Z41: =G40+H40+I40 -> 0
D42: Viso: | E42: =SUM(E2:E41) -> 100 | F42: =SUM(F2:F41) -> 4.34 | G42: =SUM(G2:G41) -> 100 | H42: =SUM(H2:H41) -> 4.34 | I42: =SUM(I2:I41) -> 0

Sheet Panemunės apartamentai IX
A1: Sutartis | B1: 20250418 | D1: Data | E1: Paskola | F1: Palūkanos | G1: Paskola | H1: Palūkanos | I1: Papildomos | J1: Data | K1: Vėlavimas | M1: Paskola | O1: Palūkanos | Q1: XIRR | R1: Grąžinta | S1: Vėluoja | Y1: Data | Z1: Suma | AA1: Vėluoja
A2: Objektas | B2: Panemunės apartamentai IX, Kaunas, Panemunė | D2: 46023 | E2: 0 | F2: 1.11 | G2: 0 | H2: 1.11 | I2: 0 | J2: 46023 | K2: =IF(J2>0,J2-D2,"") -> 0 | M2: Suteikta | N2: Grąžinta | O2: Planuotos | P2: Realios | Y2: =B3 -> 45964 | Z2: =B11*-1 -> -100 | AA2: =IF(COUNTIFS(D:D,"<"&TODAY(),J:J,"")>0,"+","")
A3: Investicijos data | B3: 45964 | D3: 46113 | E3: 0 | F3: 1.85 | G3: 0 | H3: 1.85 | I3: 0 | J3: 46113 | K3: =IF(J3>0,J3-D3,"") -> 0 | M3: =B11 -> 100 | N3: =G42 -> 0 | O3: =F42 -> 4.83 | P3: =H42+I42 -> 4.83 | Q3: =IF(M3=N3,XIRR(Z2:Z41,Y2:Y41),"") | R3: =IF(M3=N3,B14,"") | S3: =IF(COUNTIFS(D:D,"<"&TODAY(),J:J,"")=0,"",TODAY()-_xlfn.MINIFS(D:D,D:D,"<"&TODAY(),J:J,"")) | Y3: =J2 -> 46023 | Z3: =G2+H2+I2 -> 1.11
A4: Palūkanų pradžia | B4: 45969 | D4: 46204 | E4: 0 | F4: 1.87 | G4: 0 | H4: 1.87 | I4: 0 | J4: 46204 | K4: =IF(J4>0,J4-D4,"") -> 0 | Y4: =J3 -> 46113 | Z4: =G3+H3+I3 -> 1.85
A5: Projekto reitingas | B5: B | D5: 46296 | E5: 0 | K5: =IF(J5>0,J5-D5,"") | Y5: =J4 -> 46204 | Z5: =G4+H4+I4 -> 1.87
A6: LTV, % | B6: 0.7 | D6: 46335 | E6: 100 | K6: =IF(J6>0,J6-D6,"") | Y6: =J5 -> 0 | Z6: =G5+H5+I5 -> 0
A7: LTV max, % | B7: 0.7 | K7: =IF(J7>0,J7-D7,"") | Y7: =J6 -> 0 | Z7: =G6+H6+I6 -> 0
A8: Investicijos laikotarpis, mėn. | B8: 12 | K8: =IF(J8>0,J8-D8,"") | Y8: =J7 -> 0 | Z8: =G7+H7+I7 -> 0
A9: Palūkanų mokėjimas | B9: Q | K9: =IF(J9>0,J9-D9,"") | Y9: =J8 -> 0 | Z9: =G8+H8+I8 -> 0
A10: Palūkanos, % | B10: 0.075 | K10: =IF(J10>0,J10-D10,"") | Y10: =J9 -> 0 | Z10: =G9+H9+I9 -> 0
A11: Investuota, Eur | B11: 100 | K11: =IF(J11>0,J11-D11,"") | Y11: =J10 -> 0 | Z11: =G10+H10+I10 -> 0
A12: Paskolos pabaiga | B12: 46335 | K12: =IF(J12>0,J12-D12,"") | Y12: =J11 -> 0 | Z12: =G11+H11+I11 -> 0
A13: Liko dienų | B13: =IF(B11<>N3,(TODAY()-B12)*-1,"") -> 39 | K13: =IF(J13>0,J13-D13,"") | Y13: =J12 -> 0 | Z13: =G12+H12+I12 -> 0
A14: Grąžinta | K14: =IF(J14>0,J14-D14,"") | Y14: =J13 -> 0 | Z14: =G13+H13+I13 -> 0
A15: Vėlavo/Anksčiau | B15: =IF(M3=N3,B14-B12,"") | K15: =IF(J15>0,J15-D15,"") | Y15: =J14 -> 0 | Z15: =G14+H14+I14 -> 0
K16: =IF(J16>0,J16-D16,"") | Y16: =J15 -> 0 | Z16: =G15+H15+I15 -> 0
K17: =IF(J17>0,J17-D17,"") | Y17: =J16 -> 0 | Z17: =G16+H16+I16 -> 0
K18: =IF(J18>0,J18-D18,"") | Y18: =J17 -> 0 | Z18: =G17+H17+I17 -> 0
K19: =IF(J19>0,J19-D19,"") | Y19: =J18 -> 0 | Z19: =G18+H18+I18 -> 0
K20: =IF(J20>0,J20-D20,"") | Y20: =J19 -> 0 | Z20: =G19+H19+I19 -> 0
K21: =IF(J21>0,J21-D21,"") | Y21: =J20 -> 0 | Z21: =G20+H20+I20 -> 0
K22: =IF(J22>0,J22-D22,"") | Y22: =J21 -> 0 | Z22: =G21+H21+I21 -> 0
K23: =IF(J23>0,J23-D23,"") | Y23: =J22 -> 0 | Z23: =G22+H22+I22 -> 0
K24: =IF(J24>0,J24-D24,"") | Y24: =J23 -> 0 | Z24: =G23+H23+I23 -> 0
K25: =IF(J25>0,J25-D25,"") | Y25: =J24 -> 0 | Z25: =G24+H24+I24 -> 0
K26: =IF(J26>0,J26-D26,"") | Y26: =J25 -> 0 | Z26: =G25+H25+I25 -> 0
K27: =IF(J27>0,J27-D27,"") | Y27: =J26 -> 0 | Z27: =G26+H26+I26 -> 0
... K41: =IF(J41>0,J41-D41,"") | Y41: =J40 -> 0 | Z41: =G40+H40+I40 -> 0
D42: Viso: | E42: =SUM(E2:E41) -> 100 | F42: =SUM(F2:F41) -> 4.83 | G42: =SUM(G2:G41) -> 0 | H42: =SUM(H2:H41) -> 4.83 | I42: =SUM(I2:I41) -> 0

Sheet Riverland III butai VI, Vilnius
A1: Sutartis | B1: 20250529 | D1: Data | E1: Paskola | F1: Palūkanos | G1: Paskola | H1: Palūkanos | I1: Papildomos | J1: Data | K1: Vėlavimas | M1: Paskola | O1: Palūkanos | Q1: XIRR | R1: Grąžinta | S1: Vėluoja | Y1: Data | Z1: Suma | AA1: Vėluoja
A2: Objektas | B2: Riverland III butai VI, Vilnius | D2: 46023 | E2: 0 | F2: 1.04 | G2: 0 | H2: 1.04 | I2: 0 | J2: 46023 | K2: =IF(J2>0,J2-D2,"") -> 0 | M2: Suteikta | N2: Grąžinta | O2: Planuotos | P2: Realios | Y2: =B3 -> 45964 | Z2: =B11*-1 -> -100 | AA2: =IF(COUNTIFS(D:D,"<"&TODAY(),J:J,"")>0,"+","")
A3: Investicijos data | B3: 45964 | D3: 46113 | E3: 0 | F3: 1.73 | G3: 0 | H3: 1.73 | I3: 0 | J3: 46113 | K3: =IF(J3>0,J3-D3,"") -> 0 | M3: =B11 -> 100 | N3: =G42 -> 0 | O3: =F42 -> 4.52 | P3: =H42+I42 -> 4.52 | Q3: =IF(M3=N3,XIRR(Z2:Z41,Y2:Y41),"") | R3: =IF(M3=N3,B14,"") | S3: =IF(COUNTIFS(D:D,"<"&TODAY(),J:J,"")=0,"",TODAY()-_xlfn.MINIFS(D:D,D:D,"<"&TODAY(),J:J,"")) | Y3: =J2 -> 46023 | Z3: =G2+H2+I2 -> 1.04
A4: Palūkanų pradžia | B4: 45969 | D4: 46204 | E4: 0 | F4: 1.75 | G4: 0 | H4: 1.75 | I4: 0 | J4: 46204 | K4: =IF(J4>0,J4-D4,"") -> 0 | Y4: =J3 -> 46113 | Z4: =G3+H3+I3 -> 1.73
A5: Projekto reitingas | B5: B+ | D5: 46296 | E5: 0 | K5: =IF(J5>0,J5-D5,"") | Y5: =J4 -> 46204 | Z5: =G4+H4+I4 -> 1.75
A6: LTV, % | B6: 0.57 | D6: 46339 | E6: 100 | Y6: =J5 -> 0 | Z6: =G5+H5+I5 -> 0
A7: LTV max, % | B7: 0.7 | K7: =IF(J7>0,J7-D7,"") | Y7: =J6 -> 0 | Z7: =G6+H6+I6 -> 0
A8: Investicijos laikotarpis, mėn. | B8: 12 | K8: =IF(J8>0,J8-D8,"") | Y8: =J7 -> 0 | Z8: =G7+H7+I7 -> 0
A9: Palūkanų mokėjimas | B9: Q | K9: =IF(J9>0,J9-D9,"") | Y9: =J8 -> 0 | Z9: =G8+H8+I8 -> 0
A10: Palūkanos, % | B10: 0.07 | K10: =IF(J10>0,J10-D10,"") | Y10: =J9 -> 0 | Z10: =G9+H9+I9 -> 0
A11: Investuota, Eur | B11: 100 | K11: =IF(J11>0,J11-D11,"") | Y11: =J10 -> 0 | Z11: =G10+H10+I10 -> 0
A12: Paskolos pabaiga | B12: 46339 | K12: =IF(J12>0,J12-D12,"") | Y12: =J11 -> 0 | Z12: =G11+H11+I11 -> 0
A13: Liko dienų | B13: =IF(B11<>N3,(TODAY()-B12)*-1,"") -> 43 | K13: =IF(J13>0,J13-D13,"") | Y13: =J12 -> 0 | Z13: =G12+H12+I12 -> 0
A14: Grąžinta | K14: =IF(J14>0,J14-D14,"") | Y14: =J13 -> 0 | Z14: =G13+H13+I13 -> 0
A15: Vėlavo/Anksčiau | B15: =IF(M3=N3,B14-B12,"") | K15: =IF(J15>0,J15-D15,"") | Y15: =J14 -> 0 | Z15: =G14+H14+I14 -> 0
K16: =IF(J16>0,J16-D16,"") | Y16: =J15 -> 0 | Z16: =G15+H15+I15 -> 0
K17: =IF(J17>0,J17-D17,"") | Y17: =J16 -> 0 | Z17: =G16+H16+I16 -> 0
K18: =IF(J18>0,J18-D18,"") | Y18: =J17 -> 0 | Z18: =G17+H17+I17 -> 0
K19: =IF(J19>0,J19-D19,"") | Y19: =J18 -> 0 | Z19: =G18+H18+I18 -> 0
K20: =IF(J20>0,J20-D20,"") | Y20: =J19 -> 0 | Z20: =G19+H19+I19 -> 0
K21: =IF(J21>0,J21-D21,"") | Y21: =J20 -> 0 | Z21: =G20+H20+I20 -> 0
K22: =IF(J22>0,J22-D22,"") | Y22: =J21 -> 0 | Z22: =G21+H21+I21 -> 0
K23: =IF(J23>0,J23-D23,"") | Y23: =J22 -> 0 | Z23: =G22+H22+I22 -> 0
K24: =IF(J24>0,J24-D24,"") | Y24: =J23 -> 0 | Z24: =G23+H23+I23 -> 0
K25: =IF(J25>0,J25-D25,"") | Y25: =J24 -> 0 | Z25: =G24+H24+I24 -> 0
K26: =IF(J26>0,J26-D26,"") | Y26: =J25 -> 0 | Z26: =G25+H25+I25 -> 0
K27: =IF(J27>0,J27-D27,"") | Y27: =J26 -> 0 | Z27: =G26+H26+I26 -> 0
... K41: =IF(J41>0,J41-D41,"") | Y41: =J40 -> 0 | Z41: =G40+H40+I40 -> 0
D42: Viso: | E42: =SUM(E2:E41) -> 100 | F42: =SUM(F2:F41) -> 4.52 | G42: =SUM(G2:G41) -> 0 | H42: =SUM(H2:H41) -> 4.52 | I42: =SUM(I2:I41) -> 0
