Workbook

Sheet Apžvalga
A1: Data | B1: Viso: | E1: Mėnesio gale | P1: Dividendai | Q1: Mokesčiai
B2: Inešta | C2: Išvesta | D2: Investuota | E2: Active 55 | F2: Active 80 | G2: Artificial | H2: Glob. Yield | I2: Glob.Ex.UD | J2: Eur.Ex.UC | K2: US.Ex.UD | L2: Eur.Ex.UD | M2: Vertė | N2: Pelnas | O2: % | Q2: Pirkimas | R2: Pardavimas | S2: Laikymas
A3: ='2021.06'!Q2 -> 2021.06 | B3: ='2021.06'!Q5 -> 63 | C3: ='2021.06'!R5 -> 0 | D3: ='2021.06'!S5 -> 63 | E3: ='SEB Active 55'!H5 -> 59.88 | F3: ='SEB Active 80'!H5 -> 3 | G3: 0 | H3: 0 | I3: 0 | J3: 0 | K3: 0 | L3: 0 | M3: =SUM(E3:L3) -> 62.88 | N3: =M3-B3 -> -0.12 | O3: =N3/B3 -> -0.0019 | P3: ='2021.06'!X5 -> 0 | Q3: ='2021.06'!U5 -> 0 | R3: ='2021.06'!W5 -> 0 | S3: ='2021.06'!V5 -> 0
A4: ='2021.07'!Q2 -> 2021.07 | B4: =B3+'2021.07'!Q5 -> 81 | C4: ='2021.07'!R5 -> 0 | D4: =D3+'2021.07'!S5 -> 81 | E4: ='SEB Active 55'!H6 -> 71.34 | F4: ='SEB Active 80'!H6 -> 10.96 | G4: 0 | H4: 0 | I4: 0 | J4: 0 | K4: 0 | L4: 0 | M4: =SUM(E4:L4) -> 82.3 | N4: =M4-B4 -> 1.3 | O4: =N4/B4 -> 0.016 | P4: ='2021.07'!X5 -> 0 | Q4: ='2021.07'!U5 -> 0 | R4: ='2021.07'!W5 -> 0 | S4: ='2021.07'!V5 -> 0.01
A5: ='2021.08'!Q2 -> 2021.08 | B5: =B4+'2021.08'!Q15 -> 81 | C5: ='2021.08'!R15 -> 0 | D5: =D4+'2021.08'!S15 -> 81 | E5: ='SEB Active 55'!H7 -> 81.34 | F5: ='SEB Active 80'!H7 -> 17.45 | G5: 0 | H5: 0 | I5: 0 | J5: 0 | K5: 0 | L5: 0 | M5: =SUM(E5:L5) -> 98.79 | N5: =M5-B5 -> 17.79 | O5: =N5/B5 -> 0.2196 | P5: ='2021.08'!X15 -> 0 | Q5: ='2021.08'!U15 -> 0 | R5: ='2021.08'!W15 -> 0 | S5: ='2021.08'!V15 -> 0
A6: ='2021.09'!Q2 -> 2021.09 | B6: =B5+'2021.09'!Q5 -> 137 | C6: ='2021.09'!R5 -> 0 | D6: =D5+'2021.09'!S5 -> 137 | E6: ='SEB Active 55'!H8 -> 91.34 | F6: ='SEB Active 80'!H8 -> 62.93 | G6: 0 | H6: 0 | I6: 0 | J6: 0 | K6: 0 | L6: 0 | M6: =SUM(E6:L6) -> 154.27 | N6: =M6-B6 -> 17.27 | O6: =N6/B6 -> 0.1261 | P6: ='2021.09'!X5 -> 0 | Q6: ='2021.09'!U5 -> 0 | R6: ='2021.09'!W5 -> 0 | S6: ='2021.09'!V5 -> 0.03
A7: ='2021.10'!Q2 -> 2021.1 | B7: =B6+'2021.10'!Q5 -> 174 | C7: ='2021.10'!R5 -> 0 | D7: =D6+'2021.10'!S5 -> 174 | E7: ='SEB Active 55'!H9 -> 100.24 | F7: ='SEB Active 80'!H9 -> 89.47 | G7: 0 | H7: 0 | I7: 0 | J7: 0 | K7: 0 | L7: 0 | M7: =SUM(E7:L7) -> 189.71 | N7: =M7-B7 -> 15.71 | O7: =N7/B7 -> 0.0903 | P7: ='2021.10'!X5 -> 0 | Q7: ='2021.10'!U5 -> 0 | R7: ='2021.10'!W5 -> 0 | S7: ='2021.10'!V5 -> 0.04
A8: ='2021.11'!Q2 -> 2021.11 | B8: =B7+'2021.11'!Q5 -> 183 | C8: ='2021.11'!R5 -> 0 | D8: =D7+'2021.11'!S5 -> 183 | E8: ='SEB Active 55'!H10 -> 100.88 | F8: ='SEB Active 80'!H10 -> 99.14 | G8: 0 | H8: 0 | I8: 0 | J8: 0 | K8: 0 | L8: 0 | M8: =SUM(E8:L8) -> 200.02 | N8: =M8-B8 -> 17.02 | O8: =N8/B8 -> 0.093 | P8: ='2021.11'!X5 -> 0 | Q8: ='2021.11'!U5 -> 0 | R8: ='2021.11'!W5 -> 0 | S8: ='2021.11'!V5 -> 0.06
A9: ='2021.12'!Q2 -> 2021.12 | B9: =B8+'2021.12'!Q5 -> 228 | C9: ='2021.12'!R5 -> 0 | D9: =D8+'2021.12'!S5 -> 228 | E9: ='SEB Active 55'!H11 -> 137.59 | F9: ='SEB Active 80'!H11 -> 111.04 | G9: 0 | H9: 0 | I9: 0 | J9: 0 | K9: 0 | L9: 0 | M9: =SUM(E9:L9) -> 248.63 | N9: =M9-B9 -> 20.63 | O9: =N9/B9 -> 0.0905 | P9: ='2021.12'!X5 -> 0 | Q9: ='2021.12'!U5 -> 0 | R9: ='2021.12'!W5 -> 0 | S9: ='2021.12'!V5 -> 0.08
A10: ='2022.01'!Q2 -> 2022.01 | B10: =B9+'2022.01'!Q5 -> 256 | C10: ='2022.01'!R5 -> 0 | D10: =D9+'2022.01'!S5 -> 256 | E10: ='SEB Active 55'!H12 -> 156.23 | F10: ='SEB Active 80'!H12 -> 101.62 | G10: 0 | H10: 0 | I10: 0 | J10: 0 | K10: 0 | L10: 0 | M10: =SUM(E10:L10) -> 257.85 | N10: =M10-B10 -> 1.85 | O10: =N10/B10 -> 0.0072 | P10: ='2022.01'!X5 -> 0 | Q10: ='2022.01'!U5 -> 0 | R10: ='2022.01'!W5 -> 0 | S10: ='2022.01'!V5 -> 0.08
A11: ='2022.02'!Q2 -> 2022.02 | B11: =B10+'2022.02'!Q5 -> 266 | C11: ='2022.02'!R5 -> 0 | D11: =D10+'2022.02'!S5 -> 266 | E11: ='SEB Active 55'!H13 -> 163.12 | F11: ='SEB Active 80'!H13 -> 99.5 | G11: 0 | H11: 0 | I11: 0 | J11: 0 | K11: 0 | L11: 0 | M11: =SUM(E11:L11) -> 262.62 | N11: =M11-B11 -> -3.38 | O11: =N11/B11 -> -0.0127 | P11: ='2022.02'!X5 -> 0 | Q11: ='2022.02'!U5 -> 0 | R11: ='2022.02'!W5 -> 0 | S11: ='2022.02'!V5 -> 0.09
A12: ='2022.03'!Q2 -> 2022.03 | B12: =B11+'2022.03'!Q5 -> 276 | C12: ='2022.03'!R5 -> 0 | D12: =D11+'2022.03'!S5 -> 276 | E12: ='SEB Active 55'!H14 -> 177.1 | F12: ='SEB Active 80'!H14 -> 103.48 | G12: 0 | H12: 0 | I12: 0 | J12: 0 | K12: 0 | L12: 0 | M12: =SUM(E12:L12) -> 280.58 | N12: =M12-B12 -> 4.58 | O12: =N12/B12 -> 0.0166 | P12: ='2022.03'!X5 -> 0 | Q12: ='2022.03'!U5 -> 0 | R12: ='2022.03'!W5 -> 0 | S12: ='2022.03'!V5 -> 0.1
A13: ='2022.04'!Q2 -> 2022.04 | B13: =B12+'2022.04'!Q5 -> 286 | C13: ='2022.04'!R5 -> 0 | D13: =D12+'2022.04'!S5 -> 286 | E13: ='SEB Active 55'!H15 -> 180.79 | F13: ='SEB Active 80'!H15 -> 98.73 | G13: 0 | H13: 0 | I13: 0 | J13: 0 | K13: 0 | L13: 0 | M13: =SUM(E13:L13) -> 279.52 | N13: =M13-B13 -> -6.48 | O13: =N13/B13 -> -0.0227 | P13: ='2022.04'!X5 -> 0 | Q13: ='2022.04'!U5 -> 0 | R13: ='2022.04'!W5 -> 0 | S13: ='2022.04'!V5 -> 0.09
A14: ='2022.05'!Q2 -> 2022.05 | B14: =B13+'2022.05'!Q5 -> 296 | C14: ='2022.05'!R5 -> 0 | D14: =D13+'2022.05'!S5 -> 296 | E14: ='SEB Active 55'!H16 -> 188.67 | F14: ='SEB Active 80'!H16 -> 97.22 | G14: 0 | H14: 0 | I14: 0 | J14: 0 | K14: 0 | L14: 0 | M14: =SUM(E14:L14) -> 285.89 | N14: =M14-B14 -> -10.11 | O14: =N14/B14 -> -0.0342 | P14: ='2022.05'!X5 -> 0 | Q14: ='2022.05'!U5 -> 0 | R14: ='2022.05'!W5 -> 0 | S14: ='2022.05'!V5 -> 0.1
A15: ='2022.06'!Q2 -> 2022.06 | B15: =B14+'2022.06'!Q5 -> 306 | C15: ='2022.06'!R5 -> 0 | D15: =D14+'2022.06'!S5 -> 306 | E15: ='SEB Active 55'!H17 -> 189.19 | F15: ='SEB Active 80'!H17 -> 90.91 | G15: 0 | H15: 0 | I15: 0 | J15: 0 | K15: 0 | L15: 0 | M15: =SUM(E15:L15) -> 280.1 | N15: =M15-B15 -> -25.9 | O15: =N15/B15 -> -0.0846 | P15: ='2022.06'!X5 -> 0 | Q15: ='2022.06'!U5 -> 0 | R15: ='2022.06'!W5 -> 0 | S15: ='2022.06'!V5 -> 0.09
A16: ='2022.07'!Q2 -> 2022.07 | B16: =B15+'2022.07'!Q5 -> 316 | C16: ='2022.07'!R5 -> 0 | D16: =D15+'2022.07'!S5 -> 316 | E16: ='SEB Active 55'!H18 -> 208.78 | F16: ='SEB Active 80'!H18 -> 96.53 | G16: 0 | H16: 0 | I16: 0 | J16: 0 | K16: 0 | L16: 0 | M16: =SUM(E16:L16) -> 305.31 | N16: =M16-B16 -> -10.69 | O16: =N16/B16 -> -0.0338 | P16: ='2022.07'!X5 -> 0 | Q16: ='2022.07'!U5 -> 0 | R16: ='2022.07'!W5 -> 0 | S16: ='2022.07'!V5 -> 0.1
A17: ='2022.08'!Q2 -> 2022.08 | B17: =B16+'2022.08'!Q5 -> 326 | C17: ='2022.08'!R5 -> 0 | D17: =D16+'2022.08'!S5 -> 326 | E17: ='SEB Active 55'!H19 -> 214.27 | F17: ='SEB Active 80'!H19 -> 94.52 | G17: 0 | H17: 0 | I17: 0 | J17: 0 | K17: 0 | L17: 0 | M17: =SUM(E17:L17) -> 308.79 | N17: =M17-B17 -> -17.21 | O17: =N17/B17 -> -0.0528 | P17: ='2022.08'!X5 -> 0 | Q17: ='2022.08'!U5 -> 0 | R17: ='2022.08'!W5 -> 0 | S17: ='2022.08'!V5 -> 0.1
A18: ='2022.09'!Q2 -> 2022.09 | B18: =B17+'2022.09'!Q5 -> 336 | C18: ='2022.09'!R5 -> 0 | D18: =D17+'2022.09'!S5 -> 336 | E18: ='SEB Active 55'!H20 -> 208.51 | F18: ='SEB Active 80'!H20 -> 86.13 | G18: 0 | H18: 0 | I18: 0 | J18: 0 | K18: 0 | L18: 0 | M18: =SUM(E18:L18) -> 294.64 | N18: =M18-B18 -> -41.36 | O18: =N18/B18 -> -0.1231 | P18: ='2022.09'!X5 -> 0 | Q18: ='2022.09'!U5 -> 0 | R18: ='2022.09'!W5 -> 0 | S18: ='2022.09'!V5 -> 0.11
A19: ='2022.10'!Q2 -> 2022.1 | B19: =B18+'2022.10'!Q5 -> 346 | C19: ='2022.10'!R5 -> 0 | D19: =D18+'2022.10'!S5 -> 346 | E19: ='SEB Active 55'!H21 -> 224.92 | F19: ='SEB Active 80'!H21 -> 89.63 | G19: 0 | H19: 0 | I19: 0 | J19: 0 | K19: 0 | L19: 0 | M19: =SUM(E19:L19) -> 314.55 | N19: =M19-B19 -> -31.45 | O19: =N19/B19 -> -0.0909 | P19: ='2022.10'!X5 -> 0 | Q19: ='2022.10'!U5 -> 0 | R19: ='2022.10'!W5 -> 0 | S19: ='2022.10'!V5 -> 0.1
A20: ='2022.11'!Q2 -> 2022.11 | B20: =B19+'2022.11'!Q5 -> 356 | C20: ='2022.11'!R5 -> 0 | D20: =D19+'2022.11'!S5 -> 356 | E20: ='SEB Active 55'!H22 -> 239.94 | F20: ='SEB Active 80'!H22 -> 92.16 | G20: 0 | H20: 0 | I20: 0 | J20: 0 | K20: 0 | L20: 0 | M20: =SUM(E20:L20) -> 332.1 | N20: =M20-B20 -> -23.9 | O20: =N20/B20 -> -0.0671 | P20: ='2022.11'!X5 -> 0 | Q20: ='2022.11'!U5 -> 0 | R20: ='2022.11'!W5 -> 0 | S20: ='2022.11'!V5 -> 0.11
A21: ='2022.12'!Q2 -> 2022.12 | B21: =B20+'2022.12'!Q5 -> 366 | C21: ='2022.12'!R5 -> 0 | D21: =D20+'2022.12'!S5 -> 366 | E21: ='SEB Active 55'!H23 -> 245.93 | F21: ='SEB Active 80'!H23 -> 90.27 | G21: 0 | H21: 0 | I21: 0 | J21: 0 | K21: 0 | L21: 0 | M21: =SUM(E21:L21) -> 336.2 | N21: =M21-B21 -> -29.8 | O21: =N21/B21 -> -0.0814 | P21: ='2022.12'!X5 -> 0 | Q21: ='2022.12'!U5 -> 0 | R21: ='2022.12'!W5 -> 0 | S21: ='2022.12'!V5 -> 0.11
A22: ='2023.01'!Q2 -> 2023.01 | B22: =B21+'2023.01'!Q5 -> 376 | C22: ='2023.01'!R5 -> 0 | D22: =D21+'2023.01'!S5 -> 376 | E22: ='SEB Active 55'!H24 -> 265.53 | F22: ='SEB Active 80'!H24 -> 94.55 | G22: 0 | H22: 0 | I22: 0 | J22: 0 | K22: 0 | L22: 0 | M22: =SUM(E22:L22) -> 360.08 | N22: =M22-B22 -> -15.92 | O22: =N22/B22 -> -0.0423 | P22: ='2023.01'!X5 -> 0 | Q22: ='2023.01'!U5 -> 0 | R22: ='2023.01'!W5 -> 0 | S22: ='2023.01'!V5 -> 0.12
A23: ='2023.02'!Q2 -> 2023.02 | B23: =B22+'2023.02'!Q5 -> 386 | C23: ='2023.02'!R5 -> 0 | D23: =D22+'2023.02'!S5 -> 386 | E23: ='SEB Active 55'!H25 -> 274.08 | F23: ='SEB Active 80'!H25 -> 94.68 | G23: 0 | H23: 0 | I23: 0 | J23: 0 | K23: 0 | L23: 0 | M23: =SUM(E23:L23) -> 368.76 | N23: =M23-B23 -> -17.24 | O23: =N23/B23 -> -0.0447 | P23: ='2023.02'!X5 -> 0 | Q23: ='2023.02'!U5 -> 0 | R23: ='2023.02'!W5 -> 0 | S23: ='2023.02'!V5 -> 0.12
A24: ='2023.03'!Q2 -> 2023.03 | B24: =B23+'2023.03'!Q5 -> 396 | C24: ='2023.03'!R5 -> 0 | D24: =D23+'2023.03'!S5 -> 396 | E24: ='SEB Active 55'!H26 -> 281.24 | F24: ='SEB Active 80'!H26 -> 92.95 | G24: 0 | H24: 0 | I24: 0 | J24: 0 | K24: 0 | L24: 0 | M24: =SUM(E24:L24) -> 374.19 | N24: =M24-B24 -> -21.81 | O24: =N24/B24 -> -0.0551 | P24: ='2023.03'!X5 -> 0 | Q24: ='2023.03'!U5 -> 0 | R24: ='2023.03'!W5 -> 0 | S24: ='2023.03'!V5 -> 0.12
A25: ='2023.04'!Q2 -> 2023.04 | B25: =B24+'2023.04'!Q5 -> 406 | C25: ='2023.04'!R5 -> 0 | D25: =D24+'2023.04'!S5 -> 406 | E25: ='SEB Active 55'!H27 -> 293.06 | F25: ='SEB Active 80'!H27 -> 93.7 | G25: 0 | H25: 0 | I25: 0 | J25: 0 | K25: 0 | L25: 0 | M25: =SUM(E25:L25) -> 386.76 | N25: =M25-B25 -> -19.24 | O25: =N25/B25 -> -0.0474 | P25: ='2023.04'!X5 -> 0 | Q25: ='2023.04'!U5 -> 0 | R25: ='2023.04'!W5 -> 0 | S25: ='2023.04'!V5 -> 0.13
A26: ='2023.05'!Q2 -> 2023.05 | B26: =B25+'2023.05'!Q5 -> 416 | C26: ='2023.05'!R5 -> 0 | D26: =D25+'2023.05'!S5 -> 416 | E26: ='SEB Active 55'!H28 -> 306 | F26: ='SEB Active 80'!H28 -> 95.04 | G26: 0 | H26: 0 | I26: 0 | J26: 0 | K26: 0 | L26: 0 | M26: =SUM(E26:L26) -> 401.04 | N26: =M26-B26 -> -14.96 | O26: =N26/B26 -> -0.036 | P26: ='2023.05'!X5 -> 0 | Q26: ='2023.05'!U5 -> 0 | R26: ='2023.05'!W5 -> 0 | S26: ='2023.05'!V5 -> 0.13
A27: ='2023.06'!Q2 -> 2023.06 | B27: =B26+'2023.06'!Q5 -> 426 | C27: ='2023.06'!R5 -> 0 | D27: =D26+'2023.06'!S5 -> 426 | E27: ='SEB Active 55'!H29 -> 317.57 | F27: ='SEB Active 80'!H29 -> 95.88 | G27: 0 | H27: 0 | I27: 0 | J27: 0 | K27: 0 | L27: 0 | M27: =SUM(E27:L27) -> 413.45 | N27: =M27-B27 -> -12.55 | O27: =N27/B27 -> -0.0295 | P27: ='2023.06'!X5 -> 0 | Q27: ='2023.06'!U5 -> 0 | R27: ='2023.06'!W5 -> 0 | S27: ='2023.06'!V5 -> 0.13
A28: ='2023.07'!Q2 -> 2023.07 | B28: =B27+'2023.07'!Q5 -> 436 | C28: ='2023.07'!R5 -> 0 | D28: =D27+'2023.07'!S5 -> 436 | E28: ='SEB Active 55'!H30 -> 332.8 | F28: ='SEB Active 80'!H30 -> 97.72 | G28: 0 | H28: 0 | I28: 0 | J28: 0 | K28: 0 | L28: 0 | M28: =SUM(E28:L28) -> 430.52 | N28: =M28-B28 -> -5.48 | O28: =N28/B28 -> -0.0126 | P28: ='2023.07'!X5 -> 0 | Q28: ='2023.07'!U5 -> 0 | R28: ='2023.07'!W5 -> 0 | S28: ='2023.07'!V5 -> 0.14
A29: ='2023.08'!Q2 -> 2023.08 | B29: =B28+'2023.08'!Q5 -> 446 | C29: ='2023.08'!R5 -> 0 | D29: =D28+'2023.08'!S5 -> 446 | E29: ='SEB Active 55'!H31 -> 339.38 | F29: ='SEB Active 80'!H31 -> 96.3 | G29: 0 | H29: 0 | I29: 0 | J29: 0 | K29: 0 | L29: 0 | M29: =SUM(E29:L29) -> 435.68 | N29: =M29-B29 -> -10.32 | O29: =N29/B29 -> -0.0231 | P29: ='2023.08'!X5 -> 0 | Q29: ='2023.08'!U5 -> 0 | R29: ='2023.08'!W5 -> 0 | S29: ='2023.08'!V5 -> 0.14
A30: ='2023.09'!Q2 -> 2023.09 | B30: =B29+'2023.09'!Q5 -> 456 | C30: ='2023.09'!R5 -> 0 | D30: =D29+'2023.09'!S5 -> 456 | E30: ='SEB Active 55'!H32 -> 344.22 | F30: ='SEB Active 80'!H32 -> 94.78 | G30: 0 | H30: 0 | I30: 0 | J30: 0 | K30: 0 | L30: 0 | M30: =SUM(E30:L30) -> 439 | N30: =M30-B30 -> -17 | O30: =N30/B30 -> -0.0373 | P30: ='2023.09'!X5 -> 0 | Q30: ='2023.09'!U5 -> 0 | R30: ='2023.09'!W5 -> 0 | S30: ='2023.09'!V5 -> 0.15
A31: ='2023.10'!Q2 -> 2023.1 | B31: =B30+'2023.10'!Q5 -> 466 | C31: ='2023.10'!R5 -> 0 | D31: =D30+'2023.10'!S5 -> 466 | E31: ='SEB Active 55'!H33 -> 344.15 | F31: ='SEB Active 80'!H33 -> 90.9 | G31: 0 | H31: 0 | I31: 0 | J31: 0 | K31: 0 | L31: 0 | M31: =SUM(E31:L31) -> 435.05 | N31: =M31-B31 -> -30.95 | O31: =N31/B31 -> -0.0664 | P31: ='2023.10'!X5 -> 0 | Q31: ='2023.10'!U5 -> 0 | R31: ='2023.10'!W5 -> 0 | S31: ='2023.10'!V5 -> 0.15
A32: ='2023.11'!Q2 -> 2023.11 | B32: =B31+'2023.11'!Q5 -> 476 | C32: ='2023.11'!R5 -> 0 | D32: =D31+'2023.11'!S5 -> 476 | E32: ='SEB Active 55'!H34 -> 375.17 | F32: ='SEB Active 80'!H34 -> 97.88 | G32: 0 | H32: 0 | I32: 0 | J32: 0 | K32: 0 | L32: 0 | M32: =SUM(E32:L32) -> 473.05 | N32: =M32-B32 -> -2.95 | O32: =N32/B32 -> -0.0062 | P32: ='2023.11'!X5 -> 0 | Q32: ='2023.11'!U5 -> 0 | R32: ='2023.11'!W5 -> 0 | S32: ='2023.11'!V5 -> 0.15
A33: ='2023.12'!Q2 -> 2023.12 | B33: =B32+'2023.12'!Q5 -> 486 | C33: ='2023.12'!R5 -> 0 | D33: =D32+'2023.12'!S5 -> 486 | E33: ='SEB Active 55'!H35 -> 401.01 | F33: ='SEB Active 80'!H35 -> 102.86 | G33: 0 | H33: 0 | I33: 0 | J33: 0 | K33: 0 | L33: 0 | M33: =SUM(E33:L33) -> 503.87 | N33: =M33-B33 -> 17.87 | O33: =N33/B33 -> 0.0368 | P33: ='2023.12'!X5 -> 0 | Q33: ='2023.12'!U5 -> 0 | R33: ='2023.12'!W5 -> 0 | S33: ='2023.12'!V5 -> 0.16
A34: ='2024.01'!Q2 -> 2024.01 | B34: =B33+'2024.01'!Q5 -> 524.94 | C34: ='2024.01'!R5 -> 0 | D34: =D33+'2024.01'!S5 -> 524.94 | E34: ='SEB Active 55'!H36 -> 416.97 | F34: ='SEB Active 80'!H36 -> 114.77 | G34: ='SEB Artificial Intelligence Fun'!AN5 -> 19.1 | H34: 0 | I34: 0 | J34: 0 | K34: 0 | L34: 0 | M34: =SUM(E34:L34) -> 550.84 | N34: =M34-B34 -> 25.9 | O34: =N34/B34 -> 0.0493 | P34: ='2024.01'!X5 -> 0 | Q34: ='2024.01'!U5 -> 0 | R34: ='2024.01'!W5 -> 0 | S34: ='2024.01'!V5 -> 0.18
A35: ='2024.02'!Q2 -> 2024.02 | B35: =B34+'2024.02'!Q5 -> 549.94 | C35: ='2024.02'!R5 -> 0 | D35: =D34+'2024.02'!S5 -> 549.94 | E35: ='SEB Active 55'!H37 -> 440.74 | F35: ='SEB Active 80'!H37 -> 128.23 | G35: ='SEB Artificial Intelligence Fun'!AN6 -> 19.99 | H35: 0 | I35: 0 | J35: 0 | K35: 0 | L35: 0 | M35: =SUM(E35:L35) -> 588.96 | N35: =M35-B35 -> 39.02 | O35: =N35/B35 -> 0.071 | P35: ='2024.02'!X5 -> 0 | Q35: ='2024.02'!U5 -> 0 | R35: ='2024.02'!W5 -> 0 | S35: ='2024.02'!V5 -> 0.18
A36: ='2024.03'!Q2 -> 2024.03 | B36: =B35+'2024.03'!Q5 -> 564.94 | C36: ='2024.03'!R5 -> 0 | D36: =D35+'2024.03'!S5 -> 564.94 | E36: ='SEB Active 55'!H38 -> 466.86 | F36: ='SEB Active 80'!H38 -> 132.08 | G36: ='SEB Artificial Intelligence Fun'!AN7 -> 20.8 | H36: 0 | I36: 0 | J36: 0 | K36: 0 | L36: 0 | M36: =SUM(E36:L36) -> 619.74 | N36: =M36-B36 -> 54.8 | O36: =N36/B36 -> 0.097 | P36: ='2024.03'!X5 -> 0 | Q36: ='2024.03'!U5 -> 0 | R36: ='2024.03'!W5 -> 0 | S36: ='2024.03'!V5 -> 0.2
A37: ='2024.04'!Q2 -> 2024.04 | B37: =B36+'2024.04'!Q5 -> 589.94 | C37: ='2024.04'!R5 -> 0 | D37: =D36+'2024.04'!S5 -> 589.94 | E37: ='SEB Active 55'!H39 -> 475.3 | F37: ='SEB Active 80'!H39 -> 139.88 | G37: ='SEB Artificial Intelligence Fun'!AN8 -> 20.16 | H37: 0 | I37: 0 | J37: 0 | K37: 0 | L37: 0 | M37: =SUM(E37:L37) -> 635.34 | N37: =M37-B37 -> 45.4 | O37: =N37/B37 -> 0.077 | P37: ='2024.04'!X5 -> 0 | Q37: ='2024.04'!U5 -> 0 | R37: ='2024.04'!W5 -> 0 | S37: ='2024.04'!V5 -> 0.22
A38: ='2024.05'!Q2 -> 2024.05 | B38: =B37+'2024.05'!Q5 -> 643.92 | C38: ='2024.05'!R5 -> 0 | D38: =D37+'2024.05'!S5 -> 643.92 | E38: ='SEB Active 55'!H40 -> 500.88 | F38: ='SEB Active 80'!H40 -> 163.98 | G38: ='SEB Artificial Intelligence Fun'!AN9 -> 39.51 | H38: 0 | I38: 0 | J38: 0 | K38: 0 | L38: 0 | M38: =SUM(E38:L38) -> 704.37 | N38: =M38-B38 -> 60.45 | O38: =N38/B38 -> 0.0939 | P38: ='2024.05'!X5 -> 0 | Q38: ='2024.05'!U5 -> 0 | R38: ='2024.05'!W5 -> 0 | S38: ='2024.05'!V5 -> 0.22
A39: ='2024.06'!Q2 -> 2024.06 | B39: =B38+'2024.06'!Q5 -> 658.92 | C39: ='2024.06'!R5 -> 0 | D39: =D38+'2024.06'!S5 -> 658.92 | E39: ='SEB Active 55'!H41 -> 525.42 | F39: ='SEB Active 80'!H41 -> 167.45 | G39: ='SEB Artificial Intelligence Fun'!AN10 -> 44.41 | H39: 0 | I39: 0 | J39: 0 | K39: 0 | L39: 0 | M39: =SUM(E39:L39) -> 737.28 | N39: =M39-B39 -> 78.36 | O39: =N39/B39 -> 0.1189 | P39: ='2024.06'!X5 -> 0 | Q39: ='2024.06'!U5 -> 0 | R39: ='2024.06'!W5 -> 0 | S39: ='2024.06'!V5 -> 0.23
A40: ='2024.07'!Q2 -> 2024.07 | B40: =B39+'2024.07'!Q5 -> 693.92 | C40: ='2024.07'!R5 -> 0 | D40: =D39+'2024.07'!S5 -> 693.92 | E40: ='SEB Active 55'!H42 -> 538 | F40: ='SEB Active 80'!H42 -> 185.76 | G40: ='SEB Artificial Intelligence Fun'!AN11 -> 40.99 | H40: 0 | I40: 0 | J40: 0 | K40: 0 | L40: 0 | M40: =SUM(E40:L40) -> 764.75 | N40: =M40-B40 -> 70.83 | O40: =N40/B40 -> 0.1021 | P40: ='2024.07'!X5 -> 0 | Q40: ='2024.07'!U5 -> 0 | R40: ='2024.07'!W5 -> 0 | S40: ='2024.07'!V5 -> 0.25
A41: ='2024.08'!Q2 -> 2024.08 | B41: =B40+'2024.08'!Q5 -> 718.92 | C41: ='2024.08'!R5 -> 0 | D41: =D40+'2024.08'!S5 -> 718.92 | E41: ='SEB Active 55'!H43 -> 562.58 | F41: ='SEB Active 80'!H43 -> 199.35 | G41: ='SEB Artificial Intelligence Fun'!AN12 -> 41.45 | H41: 0 | I41: 0 | J41: 0 | K41: 0 | L41: 0 | M41: =SUM(E41:L41) -> 803.38 | N41: =M41-B41 -> 84.46 | O41: =N41/B41 -> 0.1175 | P41: ='2024.08'!X5 -> 0 | Q41: ='2024.08'!U5 -> 0 | R41: ='2024.08'!W5 -> 0 | S41: ='2024.08'!V5 -> 0.26
A42: ='2024.09'!Q2 -> 2024.09 | B42: =B41+'2024.09'!Q5 -> 733.92 | C42: ='2024.09'!R5 -> 0 | D42: =D41+'2024.09'!S5 -> 733.92 | E42: ='SEB Active 55'!H44 -> 585.61 | F42: ='SEB Active 80'!H44 -> 202.35 | G42: ='SEB Artificial Intelligence Fun'!AN13 -> 42.97 | H42: 0 | I42: 0 | J42: 0 | K42: 0 | L42: 0 | M42: =SUM(E42:L42) -> 830.93 | N42: =M42-B42 -> 97.01 | O42: =N42/B42 -> 0.1322 | P42: ='2024.09'!X5 -> 0 | Q42: ='2024.09'!U5 -> 0 | R42: ='2024.09'!W5 -> 0 | S42: ='2024.09'!V5 -> 0.26
A43: ='2024.10'!Q2 -> 2024.1 | B43: =B42+'2024.10'!Q5 -> 768.92 | C43: ='2024.10'!R5 -> 0 | D43: =D42+'2024.10'!S5 -> 768.92 | E43: ='SEB Active 55'!H45 -> 599.42 | F43: ='SEB Active 80'!H45 -> 222.03 | G43: ='SEB Artificial Intelligence Fun'!AN14 -> 45.3 | H43: 0 | I43: 0 | J43: 0 | K43: 0 | L43: 0 | M43: =SUM(E43:L43) -> 866.75 | N43: =M43-B43 -> 97.83 | O43: =N43/B43 -> 0.1272 | P43: ='2024.10'!X5 -> 0 | Q43: ='2024.10'!U5 -> 0 | R43: ='2024.10'!W5 -> 0 | S43: ='2024.10'!V5 -> 0.28
A44: ='2024.11'!Q2 -> 2024.11 | B44: =B43+'2024.11'!Q5 -> 813.92 | C44: ='2024.11'!R5 -> 0 | D44: =D43+'2024.11'!S5 -> 813.92 | E44: ='SEB Active 55'!H46 -> 622.88 | F44: ='SEB Active 80'!H46 -> 236.03 | G44: ='SEB Artificial Intelligence Fun'!AN15 -> 46.69 | H44: ='SEB Global High Yield Fund'!H5 -> 19.99 | I44: 0 | J44: 0 | K44: 0 | L44: 0 | M44: =SUM(E44:L44) -> 925.59 | N44: =M44-B44 -> 111.67 | O44: =N44/B44 -> 0.1372 | P44: ='2024.11'!X5 -> 0 | Q44: ='2024.11'!U5 -> 0 | R44: ='2024.11'!W5 -> 0 | S44: ='2024.11'!V5 -> 0.3
A45: ='2024.12'!Q2 -> 2024.12 | B45: =B44+'2024.12'!Q5 -> 828.92 | C45: ='2024.12'!R5 -> 0 | D45: =D44+'2024.12'!S5 -> 828.92 | E45: ='SEB Active 55'!H47 -> 634.95 | F45: ='SEB Active 80'!H47 -> 235.02 | G45: ='SEB Artificial Intelligence Fun'!AN16 -> 49.47 | H45: ='SEB Global High Yield Fund'!H6 -> 19.98 | I45: 0 | J45: 0 | K45: 0 | L45: 0 | M45: =SUM(E45:L45) -> 939.42 | N45: =M45-B45 -> 110.5 | O45: =N45/B45 -> 0.1333 | P45: ='2024.12'!X5 -> 0 | Q45: ='2024.12'!U5 -> 0 | R45: ='2024.12'!W5 -> 0 | S45: ='2024.12'!V5 -> 0.31
A46: ='2025.01'!Q2 -> 2025.01 | B46: =B45+'2025.01'!Q5 -> 883.92 | C46: ='2025.01'!R5 -> 0 | D46: =D45+'2025.01'!S5 -> 883.92 | E46: ='SEB Active 55'!H48 -> 667.56 | F46: ='SEB Active 80'!H48 -> 264.04 | G46: ='SEB Artificial Intelligence Fun'!AN17 -> 49.81 | H46: ='SEB Global High Yield Fund'!H7 -> 20.19 | I46: ='SEB Global Exposure fund UD'!H5 -> 21.04 | J46: 0 | K46: 0 | L46: 0 | M46: =SUM(E46:L46) -> 1022.64 | N46: =M46-B46 -> 138.72 | O46: =N46/B46 -> 0.1569 | P46: ='2025.01'!X5 -> 0 | Q46: ='2025.01'!U5 -> 0 | R46: ='2025.01'!W5 -> 0 | S46: ='2025.01'!V5 -> 0.33
A47: ='2025.02'!Q2 -> 2025.02 | B47: =B46+'2025.02'!Q5 -> 908.92 | C47: ='2025.02'!R5 -> 0 | D47: =D46+'2025.02'!S5 -> 908.92 | E47: ='SEB Active 55'!H49 -> 689.88 | F47: ='SEB Active 80'!H49 -> 267.59 | G47: ='SEB Artificial Intelligence Fun'!AN18 -> 46.26 | H47: ='SEB Global High Yield Fund'!H8 -> 20.31 | I47: ='SEB Global Exposure fund UD'!H6 -> 30.52 | J47: 0 | K47: 0 | L47: 0 | M47: =SUM(E47:L47) -> 1054.56 | N47: =M47-B47 -> 145.64 | O47: =N47/B47 -> 0.1602 | P47: ='2025.02'!X5 -> 0 | Q47: ='2025.02'!U5 -> 0 | R47: ='2025.02'!W5 -> 0 | S47: ='2025.02'!V5 -> 0.36
A48: ='2025.03'!Q2 -> 2025.03 | B48: =B47+'2025.03'!Q5 -> 998.92 | C48: ='2025.03'!R5 -> 0 | D48: =D47+'2025.03'!S5 -> 998.92 | E48: ='SEB Active 55'!H50 -> 679.21 | F48: ='SEB Active 80'!H50 -> 278.04 | G48: ='SEB Artificial Intelligence Fun'!AN19 -> 41.08 | H48: ='SEB Global High Yield Fund'!H9 -> 20.14 | I48: ='SEB Global Exposure fund UD'!H7 -> 28.24 | J48: ='SEB Europe Exposure Fund UC'!H5 -> 49.19 | K48: 0 | L48: 0 | M48: =SUM(E48:L48) -> 1095.9 | N48: =M48-B48 -> 96.98 | O48: =N48/B48 -> 0.0971 | P48: ='2025.03'!X5 -> 0 | Q48: ='2025.03'!U5 -> 0 | R48: ='2025.03'!W5 -> 0 | S48: ='2025.03'!V5 -> 0.37
A49: ='2025.04'!Q2 -> 2025.04 | B49: =B48+'2025.04'!Q5 -> 1038.92 | C49: ='2025.04'!R5 -> 0 | D49: =D48+'2025.04'!S5 -> 1038.92 | E49: ='SEB Active 55'!H51 -> 681.78 | F49: ='SEB Active 80'!H51 -> 266.63 | G49: ='SEB Artificial Intelligence Fun'!AN20 -> 40.61 | H49: ='SEB Global High Yield Fund'!H10 -> 20.21 | I49: ='SEB Global Exposure fund UD'!H8 -> 26.95 | J49: ='SEB Europe Exposure Fund UC'!H6 -> 48.06 | K49: ='SEB US Exposure Fund UD'!H5 -> 20.68 | L49: 0 | M49: =SUM(E49:L49) -> 1104.92 | N49: =M49-B49 -> 66 | O49: =N49/B49 -> 0.0635 | P49: ='2025.04'!X5 -> 0 | Q49: ='2025.04'!U5 -> 0 | R49: ='2025.04'!W5 -> 0 | S49: ='2025.04'!V5 -> 0.36
A50: ='2025.05'!Q2 -> 2025.05 | B50: =B49+'2025.05'!Q5 -> 1098.92 | C50: ='2025.05'!R5 -> 0 | D50: =D49+'2025.05'!S5 -> 1098.92 | E50: ='SEB Active 55'!H52 -> 729.07 | F50: ='SEB Active 80'!H52 -> 313.15 | G50: ='SEB Artificial Intelligence Fun'!AN21 -> 44.41 | H50: ='SEB Global High Yield Fund'!H11 -> 20.4 | I50: ='SEB Global Exposure fund UD'!H9 -> 27.23 | J50: ='SEB Europe Exposure Fund UC'!H7 -> 50.58 | K50: ='SEB US Exposure Fund UD'!H6 -> 21.67 | L50: ='SEB Europe Exposure Fund UD'!H5 -> 9.84 | M50: =SUM(E50:L50) -> 1216.35 | N50: =M50-B50 -> 117.43 | O50: =N50/B50 -> 0.1069 | P50: ='2025.05'!X5 -> 0 | Q50: ='2025.05'!U5 -> 0 | R50: ='2025.05'!W5 -> 0 | S50: ='2025.05'!V5 -> 0.36
A51: ='2025.06'!Q2 -> 2025.06 | B51: =B50+'2025.06'!Q5 -> 1118.92 | C51: ='2025.06'!R5 -> 0 | D51: =D50+'2025.06'!S5 -> 1118.92 | E51: ='SEB Active 55'!H53 -> 744.55 | F51: ='SEB Active 80'!H53 -> 308.7 | G51: ='SEB Artificial Intelligence Fun'!AN22 -> 44.01 | H51: ='SEB Global High Yield Fund'!H12 -> 20.65 | I51: ='SEB Global Exposure fund UD'!H10 -> 28.2 | J51: ='SEB Europe Exposure Fund UC'!H8 -> 49.3 | K51: ='SEB US Exposure Fund UD'!H7 -> 22.39 | L51: ='SEB Europe Exposure Fund UD'!H6 -> 9.95 | M51: =SUM(E51:L51) -> 1227.75 | N51: =M51-B51 -> 108.83 | O51: =N51/B51 -> 0.0973 | P51: ='2025.06'!X5 -> 0 | Q51: ='2025.06'!U5 -> 0 | R51: ='2025.06'!W5 -> 0 | S51: ='2025.06'!V5 -> 0.41
A52: ='2025.07'!Q2 -> 2025.07 | B52: =B51+'2025.07'!Q5 -> 1178.92 | C52: ='2025.07'!R5 -> 0 | D52: =D51+'2025.07'!S5 -> 1178.92 | E52: ='SEB Active 55'!H54 -> 781.84 | F52: ='SEB Active 80'!H54 -> 359.15 | G52: ='SEB Artificial Intelligence Fun'!AN23 -> 47.24 | H52: ='SEB Global High Yield Fund'!H13 -> 20.8 | I52: ='SEB Global Exposure fund UD'!H11 -> 29.53 | J52: ='SEB Europe Exposure Fund UC'!H9 -> 50.37 | K52: ='SEB US Exposure Fund UD'!H8 -> 23.64 | L52: ='SEB Europe Exposure Fund UD'!H7 -> 10.16 | M52: =SUM(E52:L52) -> 1322.73 | N52: =M52-B52 -> 143.81 | O52: =N52/B52 -> 0.122 | P52: ='2025.07'!X5 -> 0 | Q52: ='2025.07'!U5 -> 0 | R52: ='2025.07'!W5 -> 0 | S52: ='2025.07'!V5 -> 0.44
A53: ='2025.08'!Q2 -> 2025.08 | B53: =B52+'2025.08'!Q5 -> 1218.92 | C53: ='2025.08'!R5 -> 0 | D53: =D52+'2025.08'!S5 -> 1218.92 | E53: ='SEB Active 55'!H55 -> 804.4 | F53: ='SEB Active 80'!H55 -> 379.94 | G53: ='SEB Artificial Intelligence Fun'!AN24 -> 46.44 | H53: ='SEB Global High Yield Fund'!H14 -> 20.92 | I53: ='SEB Global Exposure fund UD'!H12 -> 29.95 | J53: ='SEB Europe Exposure Fund UC'!H10 -> 50.91 | K53: ='SEB US Exposure Fund UD'!H9 -> 23.93 | L53: ='SEB Europe Exposure Fund UD'!H8 -> 10.27 | M53: =SUM(E53:L53) -> 1366.76 | N53: =M53-B53 -> 147.84 | O53: =N53/B53 -> 0.1213 | P53: ='2025.08'!X5 -> 0 | Q53: ='2025.08'!U5 -> 0 | R53: ='2025.08'!W5 -> 0 | S53: ='2025.08'!V5 -> 0.46
A54: ='2025.09'!Q2 -> 2025.09 | B54: =B53+'2025.09'!Q5 -> 1238.92 | C54: ='2025.09'!R5 -> 0 | D54: =D53+'2025.09'!S5 -> 1238.92 | E54: ='SEB Active 55'!H56 -> 826.34 | F54: ='SEB Active 80'!H56 -> 380.47 | G54: ='SEB Artificial Intelligence Fun'!AN25 -> 47.44 | H54: ='SEB Global High Yield Fund'!H15 -> 21.01 | I54: ='SEB Global Exposure fund UD'!H13 -> 30.44 | J54: ='SEB Europe Exposure Fund UC'!H11 -> 50.71 | K54: ='SEB US Exposure Fund UD'!H10 -> 24.38 | L54: ='SEB Europe Exposure Fund UD'!H9 -> 10.23 | M54: =SUM(E54:L54) -> 1391.02 | N54: =M54-B54 -> 152.1 | O54: =N54/B54 -> 0.1228 | P54: ='2025.09'!X5 -> 0 | Q54: ='2025.09'!U5 -> 0 | R54: ='2025.09'!W5 -> 0 | S54: ='2025.09'!V5 -> 0.48
A55: ='2025.10'!Q2 -> 2025.1 | B55: =B54+'2025.10'!Q5 -> 1298.92 | C55: ='2025.10'!R5 -> 0 | D55: =D54+'2025.10'!S5 -> 1298.92 | E55: ='SEB Active 55'!H57 -> 874.18 | F55: ='SEB Active 80'!H57 -> 438.6 | G55: ='SEB Artificial Intelligence Fun'!AN26 -> 51.47 | H55: ='SEB Global High Yield Fund'!H16 -> 21.13 | I55: ='SEB Global Exposure fund UD'!H14 -> 31.79 | J55: ='SEB Europe Exposure Fund UC'!H12 -> 52.72 | K55: ='SEB US Exposure Fund UD'!H11 -> 25.45 | L55: ='SEB Europe Exposure Fund UD'!H10 -> 10.64 | M55: =SUM(E55:L55) -> 1505.98 | N55: =M55-B55 -> 207.06 | O55: =N55/B55 -> 0.1594 | P55: ='2025.10'!X5 -> 0 | Q55: ='2025.10'!U5 -> 0 | R55: ='2025.10'!W5 -> 0 | S55: ='2025.10'!V5 -> 0.49
A56: ='2025.11'!Q2 -> 2025.11 | B56: =B55+'2025.11'!Q5-'SEB Artificial Intelligence Fun'!P5-'SEB Global High Yield Fund'!P5-'SEB Global Exposure fund UD'!P5-'SEB Europe Exposure Fund UC'!P5-'SEB US Exposure Fund UD'!P5-'SEB Europe Exposure Fund UD'!P5 -> 1151 | C56: ='2025.11'!R5 -> 186.82 | D56: =D55+'2025.11'!S5 -> 1318.92 | E56: ='SEB Active 55'!H58 -> 887.48 | F56: ='SEB Active 80'!H58 -> 434.36 | G56: 0 | H56: 0 | I56: 0 | J56: 0 | K56: 0 | L56: 0 | M56: =SUM(E56:L56) -> 1321.84 | N56: =M56-B56 -> 170.84 | O56: =N56/B56 -> 0.1484 | P56: ='2025.11'!X5 -> 0 | Q56: ='2025.11'!U5 -> 0 | R56: ='2025.11'!W5 -> 0 | S56: ='2025.11'!V5 -> 0.51
A57: ='2025.12'!Q2 -> 2025.12 | B57: =B56+'2025.12'!Q5 -> 1191 | C57: ='2025.12'!R5 -> 0 | D57: =D56+'2025.12'!S5-'SEB Artificial Intelligence Fun'!P5-'SEB Global High Yield Fund'!P5-'SEB Global Exposure fund UD'!P5-'SEB Europe Exposure Fund UC'!P5-'SEB US Exposure Fund UD'!P5-'SEB Europe Exposure Fund UD'!P5 -> 1191 | E57: ='SEB Active 55'!H59 -> 918.94 | F57: ='SEB Active 80'!H59 -> 462.33 | G57: 0 | H57: 0 | I57: 0 | J57: 0 | K57: 0 | L57: 0 | M57: =SUM(E57:L57) -> 1381.27 | N57: =M57-B57 -> 190.27 | O57: =N57/B57 -> 0.1598 | P57: ='2025.12'!X5 -> 0 | Q57: ='2025.12'!U5 -> 0 | R57: ='2025.12'!W5 -> 0 | S57: ='2025.12'!V5 -> 0.49
A58: ='2026.01'!Q2 -> 2026.01 | B58: =B57+'2026.01'!Q5 -> 1251 | C58: ='2026.01'!R5 -> 0 | D58: =D57+'2026.01'!S5-'SEB Artificial Intelligence Fun'!P6-'SEB Global High Yield Fund'!P6-'SEB Global Exposure fund UD'!P6-'SEB Europe Exposure Fund UC'!P6-'SEB US Exposure Fund UD'!P6-'SEB Europe Exposure Fund UD'!P6 -> 1251 | E58: ='SEB Active 55'!H60 -> 959.87 | F58: ='SEB Active 80'!H60 -> 515.06 | G58: 0 | H58: 0 | I58: 0 | J58: 0 | K58: 0 | L58: 0 | M58: =SUM(E58:L58) -> 1474.93 | N58: =M58-B58 -> 223.93 | O58: =N58/B58 -> 0.179 | P58: ='2026.01'!X5 -> 0 | Q58: ='2026.01'!U5 -> 0 | R58: ='2026.01'!W5 -> 0 | S58: ='2026.01'!V5 -> 0.48
A59: ='2026.02'!Q2 -> 2026.02 | B59: =B58+'2026.02'!Q5 -> 1271 | C59: ='2026.02'!R5 -> 0 | D59: =D58+'2026.02'!S5-'SEB Artificial Intelligence Fun'!P7-'SEB Global High Yield Fund'!P7-'SEB Global Exposure fund UD'!P7-'SEB Europe Exposure Fund UC'!P7-'SEB US Exposure Fund UD'!P7-'SEB Europe Exposure Fund UD'!P7 -> 1271 | E59: ='SEB Active 55'!H61 -> 991.59 | F59: ='SEB Active 80'!H61 -> 522.06 | G59: 0 | H59: 0 | I59: 0 | J59: 0 | K59: 0 | L59: 0 | M59: =SUM(E59:L59) -> 1513.65 | N59: =M59-B59 -> 242.65 | O59: =N59/B59 -> 0.1909 | P59: ='2026.02'!X5 -> 0 | Q59: ='2026.02'!U5 -> 0 | R59: ='2026.02'!W5 -> 0 | S59: ='2026.02'!V5 -> 0.5
A60: ='2026.03'!Q2 -> 2026.03 | B60: =B59+'2026.03'!Q5 -> 1331 | C60: ='2026.03'!R5 -> 0 | D60: =D59+'2026.03'!S5-'SEB Artificial Intelligence Fun'!P8-'SEB Global High Yield Fund'!P8-'SEB Global Exposure fund UD'!P8-'SEB Europe Exposure Fund UC'!P8-'SEB US Exposure Fund UD'!P8-'SEB Europe Exposure Fund UD'!P8 -> 1331 | E60: ='SEB Active 55'!H62 -> 942.28 | F60: ='SEB Active 80'!H62 -> 516.61 | G60: 0 | H60: 0 | I60: 0 | J60: 0 | K60: 0 | L60: 0 | M60: =SUM(E60:L60) -> 1458.89 | N60: =M60-B60 -> 127.89 | O60: =N60/B60 -> 0.0961 | P60: ='2026.03'!X5 -> 0 | Q60: ='2026.03'!U5 -> 0 | R60: ='2026.03'!W5 -> 0 | S60: ='2026.03'!V5 -> 0.52
A61: ='2026.04'!$Q$2 -> 2026.04 | B61: =B60+'2026.04'!$Q$5 -> 1371 | C61: ='2026.04'!$R$5 -> 0 | D61: =D60+'2026.04'!S5-'SEB Artificial Intelligence Fun'!P9-'SEB Global High Yield Fund'!P9-'SEB Global Exposure fund UD'!P9-'SEB Europe Exposure Fund UC'!P9-'SEB US Exposure Fund UD'!P9-'SEB Europe Exposure Fund UD'!P9 -> 1371 | E61: ='SEB Active 55'!H63 -> 1017.3 | F61: ='SEB Active 80'!H63 -> 575.83 | G61: 0 | H61: 0 | I61: 0 | J61: 0 | K61: 0 | L61: 0 | M61: =SUM(E61:L61) -> 1593.13 | N61: =M61-B61 -> 222.13 | O61: =N61/B61 -> 0.162 | P61: ='2026.04'!$X$5 -> 0 | Q61: ='2026.04'!$U$5 -> 0 | R61: ='2026.04'!$W$5 -> 0 | S61: ='2026.04'!$V$5 -> 0.52
A62: ='2026.05'!$Q$2 -> 2026.05 | B62: =B61+'2026.05'!$Q$5 -> 1411 | C62: ='2026.05'!$R$5 -> 0 | D62: =D61+'2026.05'!$S$5 -> 1411 | E62: ='SEB Active 55'!H64 -> 1077.31 | F62: ='SEB Active 80'!H64 -> 623.11 | G62: 0 | H62: 0 | I62: 0 | J62: 0 | K62: 0 | L62: 0 | M62: =SUM(E62:L62) -> 1700.42 | N62: =M62-B62 -> 289.42 | O62: =N62/B62 -> 0.2051 | P62: ='2026.05'!$X$5 -> 0 | Q62: ='2026.05'!$U$5 -> 0 | R62: ='2026.05'!$W$5 -> 0 | S62: ='2026.05'!$V$5 -> 0.54
A63: ='2026.06'!$Q$2 -> 2026.06 | B63: =B62+'2026.06'!$Q$5 -> 1431 | C63: ='2026.06'!$R$5 -> 1742.8 | D63: =D62+'2026.06'!$S$5 -> 1431 | E63: ='SEB Active 55'!H65 -> 1112.62 | F63: ='SEB Active 80'!H65 -> 630.18 | G63: 0 | H63: 0 | I63: 0 | J63: 0 | K63: 0 | L63: 0 | M63: =SUM(E63:L63) -> 1742.8 | N63: =M63-B63 -> 311.8 | O63: =N63/B63 -> 0.2179 | P63: ='2026.06'!$X$5 -> 0 | Q63: ='2026.06'!$U$5 -> 0 | R63: ='2026.06'!$W$5 -> 0 | S63: ='2026.06'!$V$5 -> 1

Sheet SEB Active 55
A1: SESA5FE SS „SEB Active 55“ SE0016076046
A3: Data | B3: Suma, EUR | E3: Kiekis | G3: Mėnesio gale | K3: Mokesčiai | M3: Dividendai | O3: Active 55 | P3: Įnešta | Q3: Kiekis | R3: Parduota | S3: Pelnas | V3: Mokesčiai | X3: Dividendai | Y3: Vid. Kaina | AC3: Suma | AD3: Kaina | AE3: Kiekis | AF3: Pirkimas/pardavimas
B4: Įnešta | C4: Mėn. Inv. | D4: Viso Inv. | E4: Mėnesio | F4: Viso | G4: Kaina | H4: Vertė gale | I4: Pelnas | J4: % | K4: Pirkimas | L4: Pardavimas | S4: Eur. | T4: % | U4: XIRR | V4: Pirkimas | W4: Pardavimas | AF4: Data | AG4: Suma
A5: ='2021.06'!Q2 -> 2021.06 | B5: ='2021.06'!B19 -> 60 | C5: ='2021.06'!C19 -> 60 | D5: =C5 -> 60 | E5: ='2021.06'!F19 -> 0.503 | F5: =E5 -> 0.503 | G5: 119.0476 | H5: =F5*G5 -> 59.88 | I5: =H5-D5 -> -0.12 | J5: =(H5-D5)/D5 -> -0.002 | K5: ='2021.06'!D19 -> 0 | L5: ='2021.06'!J19 -> 0 | M5: ='2021.06'!O19 -> 0 | O5: Viso: | P5: =SUM(B5:B100) -> 913 | Q5: =SUM(E5:E100) -> 7.415 | R5: 1112.62 | S5: =R5-P5+X5 -> 199.62 | T5: =(R5-P5+X5)/P5 -> 0.2186 | U5: =XIRR(AG5:AG85,AF5:AF85) -> 0.0809 | V5: =SUM(K5:K100) -> 0 | W5: =SUM(L5:L100) -> 0 | X5: =SUM(M5:M100) -> 0 | Y5: {=SUMPRODUCT(IFERROR(AD5:AD200,0),IFERROR(AE5:AE200,0))/SUM(IFERROR(AE5:AE200,0))} -> 122.65 | AC5: ='2021.06'!$C$19 -> 60 | AD5: ='2021.06'!$E$19 -> 119.28 | AE5: ='2021.06'!$F$19 -> 0.503 | AF5: ='2021.06'!$A$15 -> 44363 | AG5: ='2021.06'!$B$15*-1 -> -50
A6: ='2021.07'!Q2 -> 2021.07 | B6: ='2021.07'!B19 -> 10 | C6: ='2021.07'!C19 -> 10 | D6: =D5+B6 -> 70 | E6: ='2021.07'!F19 -> 0.082 | F6: =F5+E6 -> 0.585 | G6: 121.9512 | H6: =F6*G6 -> 71.34 | I6: =H6-D6 -> 1.34 | J6: =(H6-D6)/D6 -> 0.0191 | K6: ='2021.07'!D19 -> 0 | L6: ='2021.07'!J19 -> 0 | M6: ='2021.07'!O19 -> 0 | AC6: ='2021.07'!$C$19 -> 10 | AD6: ='2021.07'!$E$19 -> 121.95 | AE6: ='2021.07'!$F$19 -> 0.082 | AF6: ='2021.06'!$A$16 -> 44365 | AG6: ='2021.06'!$B$16*-1 -> -10
A7: ='2021.08'!Q2 -> 2021.08 | B7: ='2021.08'!B19 -> 10 | C7: ='2021.08'!C19 -> 10 | D7: =D6+B7 -> 80 | E7: ='2021.08'!F19 -> 0.082 | F7: =F6+E7 -> 0.667 | G7: 121.9512 | H7: =F7*G7 -> 81.34 | I7: =H7-D7 -> 1.34 | J7: =(H7-D7)/D7 -> 0.0168 | K7: ='2021.08'!D19 -> 0 | L7: ='2021.08'!J19 -> 0 | M7: ='2021.08'!O19 -> 0 | AC7: ='2021.08'!$C$19 -> 10 | AD7: ='2021.08'!$E$19 -> 121.95 | AE7: ='2021.08'!$F$19 -> 0.082 | AF7: ='2021.07'!$A$15 -> 44393 | AG7: ='2021.07'!$B$15*-1 -> -10
A8: ='2021.09'!Q2 -> 2021.09 | B8: ='2021.09'!B19 -> 10 | C8: ='2021.09'!C19 -> 10 | D8: =D7+B8 -> 90 | E8: ='2021.09'!F19 -> 0.082 | F8: =F7+E8 -> 0.749 | G8: 121.9512 | H8: =F8*G8 -> 91.34 | I8: =H8-D8 -> 1.34 | J8: =(H8-D8)/D8 -> 0.0149 | K8: ='2021.09'!D19 -> 0 | L8: ='2021.09'!J19 -> 0 | M8: ='2021.09'!O19 -> 0 | AC8: ='2021.09'!$C$19 -> 10 | AD8: ='2021.09'!$E$19 -> 121.95 | AE8: ='2021.09'!$F$19 -> 0.082 | AF8: ='2021.08'!$A$15 -> 44426 | AG8: ='2021.08'!$B$15*-1 -> -10
A9: ='2021.10'!Q2 -> 2021.1 | B9: ='2021.10'!B19 -> 10 | C9: ='2021.10'!C19 -> 10 | D9: =D8+B9 -> 100 | E9: ='2021.10'!F19 -> 0.083 | F9: =F8+E9 -> 0.832 | G9: 120.4819 | H9: =F9*G9 -> 100.24 | I9: =H9-D9 -> 0.24 | J9: =(H9-D9)/D9 -> 0.0024 | K9: ='2021.10'!D19 -> 0 | L9: ='2021.10'!J19 -> 0 | M9: ='2021.10'!O19 -> 0 | AC9: ='2021.10'!$C$19 -> 10 | AD9: ='2021.10'!$E$19 -> 120.48 | AE9: ='2021.10'!$F$19 -> 0.083 | AF9: ='2021.09'!$A$15 -> 44456 | AG9: ='2021.09'!$B$15*-1 -> -10
A10: ='2021.11'!Q2 -> 2021.11 | B10: ='2021.11'!B19 -> 0 | C10: ='2021.11'!C19 -> 0 | D10: =D9+B10 -> 100 | E10: ='2021.11'!F19 -> 0 | F10: =F9+E10 -> 0.832 | G10: 121.2505 | H10: =F10*G10 -> 100.88 | I10: =H10-D10 -> 0.88 | J10: =(H10-D10)/D10 -> 0.0088 | K10: ='2021.11'!D19 -> 0 | L10: ='2021.11'!J19 -> 0 | M10: ='2021.11'!O19 -> 0 | AC10: ='2021.11'!$C$19 -> 0 | AD10: ='2021.11'!$E$19 -> 0.00 | AE10: ='2021.11'!$F$19 -> 0 | AF10: ='2021.10'!$A$15 -> 44487 | AG10: ='2021.10'!$B$15*-1 -> -10
A11: ='2021.12'!Q2 -> 2021.12 | B11: ='2021.12'!B19 -> 35 | C11: ='2021.12'!C19 -> 35 | D11: =D10+B11 -> 135 | E11: ='2021.12'!F19 -> 0.2874 | F11: =F10+E11 -> 1.1194 | G11: 122.9097 | H11: =F11*G11 -> 137.59 | I11: =H11-D11 -> 2.59 | J11: =(H11-D11)/D11 -> 0.0192 | K11: ='2021.12'!D19 -> 0 | L11: ='2021.12'!J19 -> 0 | M11: ='2021.12'!O19 -> 0 | AC11: ='2021.12'!$C$19 -> 35 | AD11: ='2021.12'!$E$19 -> 121.78 | AE11: ='2021.12'!$F$19 -> 0.287 | AF11: ='2021.12'!$A$15 -> 44545 | AG11: ='2021.12'!$B$15*-1 -> -10
A12: ='2022.01'!Q2 -> 2022.01 | B12: ='2022.01'!B19 -> 28 | C12: ='2022.01'!C19 -> 28 | D12: =D11+B12 -> 163 | E12: ='2022.01'!F19 -> 0.2348 | F12: =F11+E12 -> 1.3542 | G12: 115.3698 | H12: =F12*G12 -> 156.23 | I12: =H12-D12 -> -6.77 | J12: =(H12-D12)/D12 -> -0.0415 | K12: ='2022.01'!D19 -> 0 | L12: ='2022.01'!J19 -> 0 | M12: ='2022.01'!O19 -> 0 | AC12: ='2022.01'!$C$19 -> 28 | AD12: ='2022.01'!$E$19 -> 119.25 | AE12: ='2022.01'!$F$19 -> 0.235 | AF12: ='2021.12'!$A$16 -> 44546 | AG12: ='2021.12'!$B$16*-1 -> -10
A13: ='2022.02'!Q2 -> 2022.02 | B13: ='2022.02'!B19 -> 10 | C13: ='2022.02'!C19 -> 10 | D13: =D12+B13 -> 173 | E13: ='2022.02'!F19 -> 0.0865 | F13: =F12+E13 -> 1.4407 | G13: 113.221 | H13: =F13*G13 -> 163.12 | I13: =H13-D13 -> -9.88 | J13: =(H13-D13)/D13 -> -0.0571 | K13: ='2022.02'!D19 -> 0 | L13: ='2022.02'!J19 -> 0 | M13: ='2022.02'!O19 -> 0 | AC13: ='2022.02'!$C$19 -> 10 | AD13: ='2022.02'!$E$19 -> 115.61 | AE13: ='2022.02'!$F$19 -> 0.087 | AF13: ='2021.12'!$A$17 -> 44559 | AG13: ='2021.12'!$B$17*-1 -> -15
A14: ='2022.03'!Q2 -> 2022.03 | B14: ='2022.03'!B19 -> 10 | C14: ='2022.03'!C19 -> 10 | D14: =D13+B14 -> 183 | E14: ='2022.03'!F19 -> 0.0901 | F14: =F13+E14 -> 1.5308 | G14: 115.694 | H14: =F14*G14 -> 177.1 | I14: =H14-D14 -> -5.9 | J14: =(H14-D14)/D14 -> -0.0322 | K14: ='2022.03'!D19 -> 0 | L14: ='2022.03'!J19 -> 0 | M14: ='2022.03'!O19 -> 0 | AC14: ='2022.03'!$C$19 -> 10 | AD14: ='2022.03'!$E$19 -> 110.99 | AE14: ='2022.03'!$F$19 -> 0.09 | AF14: ='2022.01'!$A$15 -> 44578 | AG14: ='2022.01'!$B$15*-1 -> -10
A15: ='2022.04'!Q2 -> 2022.04 | B15: ='2022.04'!B19 -> 10 | C15: ='2022.04'!C19 -> 10 | D15: =D14+B15 -> 193 | E15: ='2022.04'!F19 -> 0.0874 | F15: =F14+E15 -> 1.6182 | G15: 111.724 | H15: =F15*G15 -> 180.79 | I15: =H15-D15 -> -12.21 | J15: =(H15-D15)/D15 -> -0.0633 | K15: ='2022.04'!D19 -> 0 | L15: ='2022.04'!J19 -> 0 | M15: ='2022.04'!O19 -> 0 | AC15: ='2022.04'!$C$19 -> 10 | AD15: ='2022.04'!$E$19 -> 114.42 | AE15: ='2022.04'!$F$19 -> 0.087 | AF15: ='2022.01'!$A$16 -> 44581 | AG15: ='2022.01'!$B$16*-1 -> -18
A16: ='2022.05'!Q2 -> 2022.05 | B16: ='2022.05'!B19 -> 10 | C16: ='2022.05'!C19 -> 10 | D16: =D15+B16 -> 203 | E16: ='2022.05'!F19 -> 0.0925 | F16: =F15+E16 -> 1.7107 | G16: 110.2858 | H16: =F16*G16 -> 188.67 | I16: =H16-D16 -> -14.33 | J16: =(H16-D16)/D16 -> -0.0706 | K16: ='2022.05'!D19 -> 0 | L16: ='2022.05'!J19 -> 0 | M16: ='2022.05'!O19 -> 0 | AC16: ='2022.05'!$C$19 -> 10 | AD16: ='2022.05'!$E$19 -> 108.11 | AE16: ='2022.05'!$F$19 -> 0.093 | AF16: ='2022.02'!$A$15 -> 44609 | AG16: ='2022.02'!$B$15*-1 -> -10
A17: ='2022.06'!Q2 -> 2022.06 | B17: ='2022.06'!B19 -> 10 | C17: ='2022.06'!C19 -> 10 | D17: =D16+B17 -> 213 | E17: ='2022.06'!F19 -> 0.0962 | F17: =F16+E17 -> 1.8069 | G17: 104.7044 | H17: =F17*G17 -> 189.19 | I17: =H17-D17 -> -23.81 | J17: =(H17-D17)/D17 -> -0.1118 | K17: ='2022.06'!D19 -> 0 | L17: ='2022.06'!J19 -> 0 | M17: ='2022.06'!O19 -> 0 | AC17: ='2022.06'!$C$19 -> 10 | AD17: ='2022.06'!$E$19 -> 103.95 | AE17: ='2022.06'!$F$19 -> 0.096 | AF17: ='2022.03'!$A$15 -> 44637 | AG17: ='2022.03'!$B$15*-1 -> -10
A18: ='2022.07'!Q2 -> 2022.07 | B18: ='2022.07'!B19 -> 10 | C18: ='2022.07'!C19 -> 10 | D18: =D17+B18 -> 223 | E18: ='2022.07'!F19 -> 0.0942 | F18: =F17+E18 -> 1.9011 | G18: 109.8231 | H18: =F18*G18 -> 208.78 | I18: =H18-D18 -> -14.22 | J18: =(H18-D18)/D18 -> -0.0638 | K18: ='2022.07'!D19 -> 0 | L18: ='2022.07'!J19 -> 0 | M18: ='2022.07'!O19 -> 0 | AC18: ='2022.07'!$C$19 -> 10 | AD18: ='2022.07'!$E$19 -> 106.16 | AE18: ='2022.07'!$F$19 -> 0.094 | AF18: ='2022.04'!$A$15 -> 44670 | AG18: ='2022.04'!$B$15*-1 -> -10
A19: ='2022.08'!Q2 -> 2022.08 | B19: ='2022.08'!B19 -> 10 | C19: ='2022.08'!C19 -> 10 | D19: =D18+B19 -> 233 | E19: ='2022.08'!F19 -> 0.0893 | F19: =F18+E19 -> 1.9904 | G19: 107.6514 | H19: =F19*G19 -> 214.27 | I19: =H19-D19 -> -18.73 | J19: =(H19-D19)/D19 -> -0.0804 | K19: ='2022.08'!D19 -> 0 | L19: ='2022.08'!J19 -> 0 | M19: ='2022.08'!O19 -> 0 | AC19: ='2022.08'!$C$19 -> 10 | AD19: ='2022.08'!$E$19 -> 111.98 | AE19: ='2022.08'!$F$19 -> 0.089 | AF19: ='2022.05'!$A$15 -> 44698 | AG19: ='2022.05'!$B$15*-1 -> -10
A20: ='2022.09'!Q2 -> 2022.09 | B20: ='2022.09'!B19 -> 10 | C20: ='2022.09'!C19 -> 10 | D20: =D19+B20 -> 243 | E20: ='2022.09'!F19 -> 0.0933 | F20: =F19+E20 -> 2.0837 | G20: 100.0686 | H20: =F20*G20 -> 208.51 | I20: =H20-D20 -> -34.49 | J20: =(H20-D20)/D20 -> -0.1419 | K20: ='2022.09'!D19 -> 0 | L20: ='2022.09'!J19 -> 0 | M20: ='2022.09'!O19 -> 0 | AC20: ='2022.09'!$C$19 -> 10 | AD20: ='2022.09'!$E$19 -> 107.18 | AE20: ='2022.09'!$F$19 -> 0.093 | AF20: ='2022.06'!$A$15 -> 44728 | AG20: ='2022.06'!$B$15*-1 -> -10
A21: ='2022.10'!Q2 -> 2022.1 | B21: ='2022.10'!B19 -> 10 | C21: ='2022.10'!C19 -> 10 | D21: =D20+B21 -> 253 | E21: ='2022.10'!F19 -> 0.1001 | F21: =F20+E21 -> 2.1838 | G21: 102.9935 | H21: =F21*G21 -> 224.92 | I21: =H21-D21 -> -28.08 | J21: =(H21-D21)/D21 -> -0.111 | K21: ='2022.10'!D19 -> 0 | L21: ='2022.10'!J19 -> 0 | M21: ='2022.10'!O19 -> 0 | AC21: ='2022.10'!$C$19 -> 10 | AD21: ='2022.10'!$E$19 -> 99.9 | AE21: ='2022.10'!$F$19 -> 0.1 | AF21: ='2022.07'!$A$15 -> 44757 | AG21: ='2022.07'!$B$15*-1 -> -10
A22: ='2022.11'!Q2 -> 2022.11 | B22: ='2022.11'!B19 -> 10 | C22: ='2022.11'!C19 -> 10 | D22: =D21+B22 -> 263 | E22: ='2022.11'!F19 -> 0.0946 | F22: =F21+E22 -> 2.2784 | G22: 105.3106 | H22: =F22*G22 -> 239.94 | I22: =H22-D22 -> -23.06 | J22: =(H22-D22)/D22 -> -0.0877 | K22: ='2022.11'!D19 -> 0 | L22: ='2022.11'!J19 -> 0 | M22: ='2022.11'!O19 -> 0 | AC22: ='2022.11'!$C$19 -> 10 | AD22: ='2022.11'!$E$19 -> 105.71 | AE22: ='2022.11'!$F$19 -> 0.095 | AF22: ='2022.08'!$A$15 -> 44790 | AG22: ='2022.08'!$B$15*-1 -> -10
A23: ='2022.12'!Q2 -> 2022.12 | B23: ='2022.12'!B19 -> 10 | C23: ='2022.12'!C19 -> 10 | D23: =D22+B23 -> 273 | E23: ='2022.12'!F19 -> 0.0935 | F23: =F22+E23 -> 2.3719 | G23: 103.6851 | H23: =F23*G23 -> 245.93 | I23: =H23-D23 -> -27.07 | J23: =(H23-D23)/D23 -> -0.0992 | K23: ='2022.12'!D19 -> 0 | L23: ='2022.12'!J19 -> 0 | M23: ='2022.12'!O19 -> 0 | AC23: ='2022.12'!$C$19 -> 10 | AD23: ='2022.12'!$E$19 -> 106.95 | AE23: ='2022.12'!$F$19 -> 0.094 | AF23: ='2022.09'!$A$15 -> 44819 | AG23: ='2022.09'!$B$15*-1 -> -10
A24: ='2023.01'!Q2 -> 2023.01 | B24: ='2023.01'!B19 -> 10 | C24: ='2023.01'!C19 -> 10 | D24: =D23+B24 -> 283 | E24: ='2023.01'!F19 -> 0.0938 | F24: =F23+E24 -> 2.4657 | G24: 107.6885 | H24: =F24*G24 -> 265.53 | I24: =H24-D24 -> -17.47 | J24: =(H24-D24)/D24 -> -0.0617 | K24: ='2023.01'!D19 -> 0 | L24: ='2023.01'!J19 -> 0 | M24: ='2023.01'!O19 -> 0 | AC24: ='2023.01'!$C$19 -> 10 | AD24: ='2023.01'!$E$19 -> 106.61 | AE24: ='2023.01'!$F$19 -> 0.094 | AF24: ='2022.10'!$A$15 -> 44851 | AG24: ='2022.10'!$B$15*-1 -> -10
A25: ='2023.02'!Q2 -> 2023.02 | B25: ='2023.02'!B19 -> 10 | C25: ='2023.02'!C19 -> 10 | D25: =D24+B25 -> 293 | E25: ='2023.02'!F19 -> 0.0919 | F25: =F24+E25 -> 2.5576 | G25: 107.1614 | H25: =F25*G25 -> 274.08 | I25: =H25-D25 -> -18.92 | J25: =(H25-D25)/D25 -> -0.0646 | K25: ='2023.02'!D19 -> 0 | L25: ='2023.02'!J19 -> 0 | M25: ='2023.02'!O19 -> 0 | AC25: ='2023.02'!$C$19 -> 10 | AD25: ='2023.02'!$E$19 -> 108.81 | AE25: ='2023.02'!$F$19 -> 0.092 | AF25: ='2022.11'!$A$15 -> 44882 | AG25: ='2022.11'!$B$15*-1 -> -10
A26: ='2023.03'!Q2 -> 2023.03 | B26: ='2023.03'!B19 -> 10 | C26: ='2023.03'!C19 -> 10 | D26: =D25+B26 -> 303 | E26: ='2023.03'!F19 -> 0.0953 | F26: =F25+E26 -> 2.6529 | G26: 106.0126 | H26: =F26*G26 -> 281.24 | I26: =H26-D26 -> -21.76 | J26: =(H26-D26)/D26 -> -0.0718 | K26: ='2023.03'!D19 -> 0 | L26: ='2023.03'!J19 -> 0 | M26: ='2023.03'!O19 -> 0 | AC26: ='2023.03'!$C$19 -> 10 | AD26: ='2023.03'!$E$19 -> 104.93 | AE26: ='2023.03'!$F$19 -> 0.095 | AF26: ='2022.12'!$A$15 -> 44910 | AG26: ='2022.12'!$B$15*-1 -> -10
A27: ='2023.04'!Q2 -> 2023.04 | B27: ='2023.04'!B19 -> 10 | C27: ='2023.04'!C19 -> 10 | D27: =D26+B27 -> 313 | E27: ='2023.04'!F19 -> 0.0936 | F27: =F26+E27 -> 2.7465 | G27: 106.7021 | H27: =F27*G27 -> 293.06 | I27: =H27-D27 -> -19.94 | J27: =(H27-D27)/D27 -> -0.0637 | K27: ='2023.04'!D19 -> 0 | L27: ='2023.04'!J19 -> 0 | M27: ='2023.04'!O19 -> 0 | AC27: ='2023.04'!$C$19 -> 10 | AD27: ='2023.04'!$E$19 -> 106.84 | AE27: ='2023.04'!$F$19 -> 0.094 | AF27: ='2023.01'!$A$15 -> 44943 | AG27: ='2023.01'!$B$15*-1 -> -10
A28: ='2023.05'!Q2 -> 2023.05 | B28: ='2023.05'!B19 -> 10 | C28: ='2023.05'!C19 -> 10 | D28: =D27+B28 -> 323 | E28: ='2023.05'!F19 -> 0.0927 | F28: =F27+E28 -> 2.8392 | G28: 107.7767 | H28: =F28*G28 -> 306 | I28: =H28-D28 -> -17 | J28: =(H28-D28)/D28 -> -0.0526 | K28: ='2023.05'!D19 -> 0 | L28: ='2023.05'!J19 -> 0 | M28: ='2023.05'!O19 -> 0 | AC28: ='2023.05'!$C$19 -> 10 | AD28: ='2023.05'!$E$19 -> 107.87 | AE28: ='2023.05'!$F$19 -> 0.093 | AF28: ='2023.02'!$A$15 -> 44974 | AG28: ='2023.02'!$B$15*-1 -> -10
A29: ='2023.06'!Q2 -> 2023.06 | B29: ='2023.06'!B19 -> 10 | C29: ='2023.06'!C19 -> 10 | D29: =D28+B29 -> 333 | E29: ='2023.06'!F19 -> 0.0912 | F29: =F28+E29 -> 2.9304 | G29: 108.3708 | H29: =F29*G29 -> 317.57 | I29: =H29-D29 -> -15.43 | J29: =(H29-D29)/D29 -> -0.0463 | K29: ='2023.06'!D19 -> 0 | L29: ='2023.06'!J19 -> 0 | M29: ='2023.06'!O19 -> 0 | AC29: ='2023.06'!$C$19 -> 10 | AD29: ='2023.06'!$E$19 -> 109.65 | AE29: ='2023.06'!$F$19 -> 0.091 | AF29: ='2023.03'!$A$15 -> 45001 | AG29: ='2023.03'!$B$15*-1 -> -10
A30: ='2023.07'!Q2 -> 2023.07 | B30: ='2023.07'!B19 -> 10 | C30: ='2023.07'!C19 -> 10 | D30: =D29+B30 -> 343 | E30: ='2023.07'!F19 -> 0.0914 | F30: =F29+E30 -> 3.0218 | G30: 110.1314 | H30: =F30*G30 -> 332.8 | I30: =H30-D30 -> -10.2 | J30: =(H30-D30)/D30 -> -0.0297 | K30: ='2023.07'!D19 -> 0 | L30: ='2023.07'!J19 -> 0 | M30: ='2023.07'!O19 -> 0 | AC30: ='2023.07'!$C$19 -> 10 | AD30: ='2023.07'!$E$19 -> 109.41 | AE30: ='2023.07'!$F$19 -> 0.091 | AF30: ='2023.04'!$A$15 -> 45033 | AG30: ='2023.04'!$B$15*-1 -> -10
A31: ='2023.08'!Q2 -> 2023.08 | B31: ='2023.08'!B19 -> 10 | C31: ='2023.08'!C19 -> 10 | D31: =D30+B31 -> 353 | E31: ='2023.08'!F19 -> 0.0922 | F31: =F30+E31 -> 3.114 | G31: 108.9837 | H31: =F31*G31 -> 339.38 | I31: =H31-D31 -> -13.62 | J31: =(H31-D31)/D31 -> -0.0386 | K31: ='2023.08'!D19 -> 0 | L31: ='2023.08'!J19 -> 0 | M31: ='2023.08'!O19 -> 0 | AC31: ='2023.08'!$C$19 -> 10 | AD31: ='2023.08'!$E$19 -> 108.46 | AE31: ='2023.08'!$F$19 -> 0.092 | AF31: ='2023.05'!$A$15 -> 45063 | AG31: ='2023.05'!$B$15*-1 -> -10
A32: ='2023.09'!Q2 -> 2023.09 | B32: ='2023.09'!B19 -> 10 | C32: ='2023.09'!C19 -> 10 | D32: =D31+B32 -> 363 | E32: ='2023.09'!F19 -> 0.092 | F32: =F31+E32 -> 3.206 | G32: 107.3659 | H32: =F32*G32 -> 344.22 | I32: =H32-D32 -> -18.78 | J32: =(H32-D32)/D32 -> -0.0517 | K32: ='2023.09'!D19 -> 0 | L32: ='2023.09'!J19 -> 0 | M32: ='2023.09'!O19 -> 0 | AC32: ='2023.09'!$C$19 -> 10 | AD32: ='2023.09'!$E$19 -> 108.7 | AE32: ='2023.09'!$F$19 -> 0.092 | AF32: ='2023.06'!$A$15 -> 45092 | AG32: ='2023.06'!$B$15*-1 -> -10
A33: ='2023.10'!Q2 -> 2023.1 | B33: ='2023.10'!B19 -> 10 | C33: ='2023.10'!C19 -> 10 | D33: =D32+B33 -> 373 | E33: ='2023.10'!F19 -> 0.0922 | F33: =F32+E33 -> 3.2982 | G33: 104.3443 | H33: =F33*G33 -> 344.15 | I33: =H33-D33 -> -28.85 | J33: =(H33-D33)/D33 -> -0.0773 | K33: ='2023.10'!D19 -> 0 | L33: ='2023.10'!J19 -> 0 | M33: ='2023.10'!O19 -> 0 | AC33: ='2023.10'!$C$19 -> 10 | AD33: ='2023.10'!$E$19 -> 108.49 | AE33: ='2023.10'!$F$19 -> 0.092 | AF33: ='2023.07'!$A$15 -> 45124 | AG33: ='2023.07'!$B$15*-1 -> -10
A34: ='2023.11'!Q2 -> 2023.11 | B34: ='2023.11'!B19 -> 10 | C34: ='2023.11'!C19 -> 10 | D34: =D33+B34 -> 383 | E34: ='2023.11'!F19 -> 0.0919 | F34: =F33+E34 -> 3.3901 | G34: 110.6673 | H34: =F34*G34 -> 375.17 | I34: =H34-D34 -> -7.83 | J34: =(H34-D34)/D34 -> -0.0204 | K34: ='2023.11'!D19 -> 0 | L34: ='2023.11'!J19 -> 0 | M34: ='2023.11'!O19 -> 0 | AC34: ='2023.11'!$C$19 -> 10 | AD34: ='2023.11'!$E$19 -> 108.81 | AE34: ='2023.11'!$F$19 -> 0.092 | AF34: ='2023.08'!$A$15 -> 45155 | AG34: ='2023.08'!$B$15*-1 -> -10
A35: ='2023.12'!Q2 -> 2023.12 | B35: ='2023.12'!B19 -> 10 | C35: ='2023.12'!C19 -> 10 | D35: =D34+B35 -> 393 | E35: ='2023.12'!F19 -> 0.0881 | F35: =F34+E35 -> 3.4782 | G35: 115.2916 | H35: =F35*G35 -> 401.01 | I35: =H35-D35 -> 8.01 | J35: =(H35-D35)/D35 -> 0.0204 | K35: ='2023.12'!D19 -> 0 | L35: ='2023.12'!J19 -> 0 | M35: ='2023.12'!O19 -> 0 | AC35: ='2023.12'!$C$19 -> 10 | AD35: ='2023.12'!$E$19 -> 113.51 | AE35: ='2023.12'!$F$19 -> 0.088 | AF35: ='2023.09'!$A$15 -> 45184 | AG35: ='2023.09'!$B$15*-1 -> -10
A36: ='2024.01'!Q2 -> 2024.01 | B36: ='2024.01'!B19 -> 10 | C36: ='2024.01'!C19 -> 10 | D36: =D35+B36 -> 403 | E36: ='2024.01'!F19 -> 0.0868 | F36: =F35+E36 -> 3.565 | G36: 116.9617 | H36: =F36*G36 -> 416.97 | I36: =H36-D36 -> 13.97 | J36: =(H36-D36)/D36 -> 0.0347 | K36: ='2024.01'!D19 -> 0 | L36: ='2024.01'!J19 -> 0 | M36: ='2024.01'!O19 -> 0 | AC36: ='2024.01'!$C$19 -> 10 | AD36: ='2024.01'!$E$19 -> 115.21 | AE36: ='2024.01'!$F$19 -> 0.087 | AF36: ='2023.10'!$A$15 -> 45216 | AG36: ='2023.10'!$B$15*-1 -> -10
A37: ='2024.02'!Q2 -> 2024.02 | B37: ='2024.02'!B19 -> 15 | C37: ='2024.02'!C19 -> 15 | D37: =D36+B37 -> 418 | E37: ='2024.02'!F19 -> 0.1276 | F37: =F36+E37 -> 3.6926 | G37: 119.3578 | H37: =F37*G37 -> 440.74 | I37: =H37-D37 -> 22.74 | J37: =(H37-D37)/D37 -> 0.0544 | K37: ='2024.02'!D19 -> 0 | L37: ='2024.02'!J19 -> 0 | M37: ='2024.02'!O19 -> 0 | AC37: ='2024.02'!$C$19 -> 15 | AD37: ='2024.02'!$E$19 -> 117.55 | AE37: ='2024.02'!$F$19 -> 0.128 | AF37: ='2023.11'!$A$15 -> 45246 | AG37: ='2023.11'!$B$15*-1 -> -10
A38: ='2024.03'!Q2 -> 2024.03 | B38: ='2024.03'!B19 -> 15 | C38: ='2024.03'!C19 -> 15 | D38: =D37+B38 -> 433 | E38: ='2024.03'!F19 -> 0.1234 | F38: =F37+E38 -> 3.816 | G38: 122.3433 | H38: =F38*G38 -> 466.86 | I38: =H38-D38 -> 33.86 | J38: =(H38-D38)/D38 -> 0.0782 | K38: ='2024.03'!D19 -> 0 | L38: ='2024.03'!J19 -> 0 | M38: ='2024.03'!O19 -> 0 | AC38: ='2024.03'!$C$19 -> 15 | AD38: ='2024.03'!$E$19 -> 121.56 | AE38: ='2024.03'!$F$19 -> 0.123 | AF38: ='2023.12'!$A$15 -> 45275 | AG38: ='2023.12'!$B$15*-1 -> -10
A39: ='2024.04'!Q2 -> 2024.04 | B39: ='2024.04'!B19 -> 15 | C39: ='2024.04'!C19 -> 15 | D39: =D38+B39 -> 448 | E39: ='2024.04'!F19 -> 0.1236 | F39: =F38+E39 -> 3.9396 | G39: 120.6469 | H39: =F39*G39 -> 475.3 | I39: =H39-D39 -> 27.3 | J39: =(H39-D39)/D39 -> 0.0609 | K39: ='2024.04'!D19 -> 0 | L39: ='2024.04'!J19 -> 0 | M39: ='2024.04'!O19 -> 0 | AC39: ='2024.04'!$C$19 -> 15 | AD39: ='2024.04'!$E$19 -> 121.36 | AE39: ='2024.04'!$F$19 -> 0.124 | AF39: ='2024.01'!$A$15 -> 45308 | AG39: ='2024.01'!$B$15*-1 -> -10
A40: ='2024.05'!Q2 -> 2024.05 | B40: ='2024.05'!B19 -> 15 | C40: ='2024.05'!C19 -> 15 | D40: =D39+B40 -> 463 | E40: ='2024.05'!F19 -> 0.1218 | F40: =F39+E40 -> 4.0614 | G40: 123.3263 | H40: =F40*G40 -> 500.88 | I40: =H40-D40 -> 37.88 | J40: =(H40-D40)/D40 -> 0.0818 | K40: ='2024.05'!D19 -> 0 | L40: ='2024.05'!J19 -> 0 | M40: ='2024.05'!O19 -> 0 | AC40: ='2024.05'!$C$19 -> 15 | AD40: ='2024.05'!$E$19 -> 123.15 | AE40: ='2024.05'!$F$19 -> 0.122 | AF40: ='2024.02'!$A$15 -> 45337 | AG40: ='2024.02'!$B$15*-1 -> -15
A41: ='2024.06'!Q2 -> 2024.06 | B41: ='2024.06'!B19 -> 15 | C41: ='2024.06'!C19 -> 15 | D41: =D40+B41 -> 478 | E41: ='2024.06'!F19 -> 0.1194 | F41: =F40+E41 -> 4.1808 | G41: 125.6736 | H41: =F41*G41 -> 525.42 | I41: =H41-D41 -> 47.42 | J41: =(H41-D41)/D41 -> 0.0992 | K41: ='2024.06'!D19 -> 0 | L41: ='2024.06'!J19 -> 0 | M41: ='2024.06'!O19 -> 0 | AC41: ='2024.06'!$C$19 -> 15 | AD41: ='2024.06'!$E$19 -> 125.63 | AE41: ='2024.06'!$F$19 -> 0.119 | AF41: ='2024.03'!$A$15 -> 45366 | AG41: ='2024.03'!$B$15*-1 -> -15
A42: ='2024.07'!Q2 -> 2024.07 | B42: ='2024.07'!B19 -> 15 | C42: ='2024.07'!C19 -> 15 | D42: =D41+B42 -> 493 | E42: ='2024.07'!F19 -> 0.1184 | F42: =F41+E42 -> 4.2992 | G42: 125.1386 | H42: =F42*G42 -> 538 | I42: =H42-D42 -> 45 | J42: =(H42-D42)/D42 -> 0.0913 | K42: ='2024.07'!D19 -> 0 | L42: ='2024.07'!J19 -> 0 | M42: ='2024.07'!O19 -> 0 | AC42: ='2024.07'!$C$19 -> 15 | AD42: ='2024.07'!$E$19 -> 126.69 | AE42: ='2024.07'!$F$19 -> 0.118 | AF42: ='2024.04'!$A$15 -> 45399 | AG42: ='2024.04'!$B$15*-1 -> -15
A43: ='2024.08'!Q2 -> 2024.08 | B43: ='2024.08'!B19 -> 15 | C43: ='2024.08'!C19 -> 15 | D43: =D42+B43 -> 508 | E43: ='2024.08'!F19 -> 0.121 | F43: =F42+E43 -> 4.4202 | G43: 127.2737 | H43: =F43*G43 -> 562.58 | I43: =H43-D43 -> 54.58 | J43: =(H43-D43)/D43 -> 0.1074 | K43: ='2024.08'!D19 -> 0 | L43: ='2024.08'!J19 -> 0 | M43: ='2024.08'!O19 -> 0 | AC43: ='2024.08'!$C$19 -> 15 | AD43: ='2024.08'!$E$19 -> 123.97 | AE43: ='2024.08'!$F$19 -> 0.121 | AF43: ='2024.05'!$A$15 -> 45428 | AG43: ='2024.05'!$B$15*-1 -> -15
A44: ='2024.09'!Q2 -> 2024.09 | B44: ='2024.09'!B19 -> 15 | C44: ='2024.09'!C19 -> 15 | D44: =D43+B44 -> 523 | E44: ='2024.09'!F19 -> 0.1181 | F44: =F43+E44 -> 4.5383 | G44: 129.0378 | H44: =F44*G44 -> 585.61 | I44: =H44-D44 -> 62.61 | J44: =(H44-D44)/D44 -> 0.1197 | K44: ='2024.09'!D19 -> 0 | L44: ='2024.09'!J19 -> 0 | M44: ='2024.09'!O19 -> 0 | AC44: ='2024.09'!$C$19 -> 15 | AD44: ='2024.09'!$E$19 -> 127.01 | AE44: ='2024.09'!$F$19 -> 0.118 | AF44: ='2024.06'!$A$15 -> 45460 | AG44: ='2024.06'!$B$15*-1 -> -15
A45: ='2024.10'!Q2 -> 2024.1 | B45: ='2024.10'!B19 -> 15 | C45: ='2024.10'!C19 -> 15 | D45: =D44+B45 -> 538 | E45: ='2024.10'!F19 -> 0.1154 | F45: =F44+E45 -> 4.6537 | G45: 128.8053 | H45: =F45*G45 -> 599.42 | I45: =H45-D45 -> 61.42 | J45: =(H45-D45)/D45 -> 0.1142 | K45: ='2024.10'!D19 -> 0 | L45: ='2024.10'!J19 -> 0 | M45: ='2024.10'!O19 -> 0 | AC45: ='2024.10'!$C$19 -> 15 | AD45: ='2024.10'!$E$19 -> 129.98 | AE45: ='2024.10'!$F$19 -> 0.115 | AF45: ='2024.07'!$A$15 -> 45490 | AG45: ='2024.07'!$B$15*-1 -> -15
A46: ='2024.11'!Q2 -> 2024.11 | B46: ='2024.11'!B19 -> 15 | C46: ='2024.11'!C19 -> 15 | D46: =D45+B46 -> 553 | E46: ='2024.11'!F19 -> 0.1155 | F46: =F45+E46 -> 4.7692 | G46: 130.6041 | H46: =F46*G46 -> 622.88 | I46: =H46-D46 -> 69.88 | J46: =(H46-D46)/D46 -> 0.1264 | K46: ='2024.11'!D19 -> 0 | L46: ='2024.11'!J19 -> 0 | M46: ='2024.11'!O19 -> 0 | AC46: ='2024.11'!$C$19 -> 15 | AD46: ='2024.11'!$E$19 -> 129.87 | AE46: ='2024.11'!$F$19 -> 0.116 | AF46: ='2024.08'!$A$15 -> 45520 | AG46: ='2024.08'!$B$15*-1 -> -15
A47: ='2024.12'!Q2 -> 2024.12 | B47: ='2024.12'!B19 -> 15 | C47: ='2024.12'!C19 -> 15 | D47: =D46+B47 -> 568 | E47: ='2024.12'!F19 -> 0.1135 | F47: =F46+E47 -> 4.8827 | G47: 130.0412 | H47: =F47*G47 -> 634.95 | I47: =H47-D47 -> 66.95 | J47: =(H47-D47)/D47 -> 0.1179 | K47: ='2024.12'!D19 -> 0 | L47: ='2024.12'!J19 -> 0 | M47: ='2024.12'!O19 -> 0 | AC47: ='2024.12'!$C$19 -> 15 | AD47: ='2024.12'!$E$19 -> 132.16 | AE47: ='2024.12'!$F$19 -> 0.114 | AF47: ='2024.09'!$A$15 -> 45552 | AG47: ='2024.09'!$B$15*-1 -> -15
A48: ='2025.01'!Q2 -> 2025.01 | B48: ='2025.01'!B19 -> 15 | C48: ='2025.01'!C19 -> 15 | D48: =D47+B48 -> 583 | E48: ='2025.01'!F19 -> 0.116 | F48: =F47+E48 -> 4.9987 | G48: 133.547 | H48: =F48*G48 -> 667.56 | I48: =H48-D48 -> 84.56 | J48: =(H48-D48)/D48 -> 0.145 | K48: ='2025.01'!D19 -> 0 | L48: ='2025.01'!J19 -> 0 | M48: ='2025.01'!O19 -> 0 | AC48: ='2025.01'!$C$19 -> 15 | AD48: ='2025.01'!$E$19 -> 129.31 | AE48: ='2025.01'!$F$19 -> 0.116 | AF48: ='2024.10'!$A$15 -> 45582 | AG48: ='2024.10'!$B$15*-1 -> -15
A49: ='2025.02'!Q2 -> 2025.02 | B49: ='2025.02'!B19 -> 15 | C49: ='2025.02'!C19 -> 15 | D49: =D48+B49 -> 598 | E49: ='2025.02'!F19 -> 0.1112 | F49: =F48+E49 -> 5.1099 | G49: 135.0092 | H49: =F49*G49 -> 689.88 | I49: =H49-D49 -> 91.88 | J49: =(H49-D49)/D49 -> 0.1536 | K49: ='2025.02'!D19 -> 0 | L49: ='2025.02'!J19 -> 0 | M49: ='2025.02'!O19 -> 0 | AC49: ='2025.02'!$C$19 -> 15 | AD49: ='2025.02'!$E$19 -> 134.89 | AE49: ='2025.02'!$F$19 -> 0.111 | AF49: ='2024.11'!$A$15 -> 45611 | AG49: ='2024.11'!$B$15*-1 -> -15
A50: ='2025.03'!Q2 -> 2025.03 | B50: ='2025.03'!B19 -> 15 | C50: ='2025.03'!C19 -> 15 | D50: =D49+B50 -> 613 | E50: ='2025.03'!F19 -> 0.1158 | F50: =F49+E50 -> 5.2257 | G50: 129.9751 | H50: =F50*G50 -> 679.21 | I50: =H50-D50 -> 66.21 | J50: =(H50-D50)/D50 -> 0.108 | K50: ='2025.03'!D19 -> 0 | L50: ='2025.03'!J19 -> 0 | M50: ='2025.03'!O19 -> 0 | AC50: ='2025.03'!$C$19 -> 15 | AD50: ='2025.03'!$E$19 -> 129.53 | AE50: ='2025.03'!$F$19 -> 0.116 | AF50: ='2024.12'!$A$15 -> 45643 | AG50: ='2024.12'!$B$15*-1 -> -15
A51: ='2025.04'!Q2 -> 2025.04 | B51: ='2025.04'!B19 -> 20 | C51: ='2025.04'!C19 -> 20 | D51: =D50+B51 -> 633 | E51: ='2025.04'!F19 -> 0.1611 | F51: =F50+E51 -> 5.3868 | G51: 126.5641 | H51: =F51*G51 -> 681.78 | I51: =H51-D51 -> 48.78 | J51: =(H51-D51)/D51 -> 0.0771 | K51: ='2025.04'!D19 -> 0 | L51: ='2025.04'!J19 -> 0 | M51: ='2025.04'!O19 -> 0 | AC51: ='2025.04'!$C$19 -> 20 | AD51: ='2025.04'!$E$19 -> 124.15 | AE51: ='2025.04'!$F$19 -> 0.161 | AF51: ='2025.01'!$A$15 -> 45673 | AG51: ='2025.01'!$B$15*-1 -> -15
A52: ='2025.05'!Q2 -> 2025.05 | B52: ='2025.05'!B19 -> 20 | C52: ='2025.05'!C19 -> 20 | D52: =D51+B52 -> 653 | E52: ='2025.05'!F19 -> 0.1522 | F52: =F51+E52 -> 5.539 | G52: 131.6247 | H52: =F52*G52 -> 729.07 | I52: =H52-D52 -> 76.07 | J52: =(H52-D52)/D52 -> 0.1165 | K52: ='2025.05'!D19 -> 0 | L52: ='2025.05'!J19 -> 0 | M52: ='2025.05'!O19 -> 0 | AC52: ='2025.05'!$C$19 -> 20 | AD52: ='2025.05'!$E$19 -> 131.41 | AE52: ='2025.05'!$F$19 -> 0.152 | AF52: ='2025.02'!$A$15 -> 45705 | AG52: ='2025.02'!$B$15*-1 -> -15
A53: ='2025.06'!Q2 -> 2025.06 | B53: ='2025.06'!B19 -> 20 | C53: ='2025.06'!C19 -> 20 | D53: =D52+B53 -> 673 | E53: ='2025.06'!F19 -> 0.1524 | F53: =F52+E53 -> 5.6914 | G53: 130.821 | H53: =F53*G53 -> 744.55 | I53: =H53-D53 -> 71.55 | J53: =(H53-D53)/D53 -> 0.1063 | K53: ='2025.06'!D19 -> 0 | L53: ='2025.06'!J19 -> 0 | M53: ='2025.06'!O19 -> 0 | AC53: ='2025.06'!$C$19 -> 20 | AD53: ='2025.06'!$E$19 -> 131.23 | AE53: ='2025.06'!$F$19 -> 0.152 | AF53: ='2025.03'!$A$15 -> 45733 | AG53: ='2025.03'!$B$15*-1 -> -15
A54: ='2025.07'!Q2 -> 2025.07 | B54: ='2025.07'!B19 -> 20 | C54: ='2025.07'!C19 -> 20 | D54: =D53+B54 -> 693 | E54: ='2025.07'!F19 -> 0.1512 | F54: =F53+E54 -> 5.8426 | G54: 133.8179 | H54: =F54*G54 -> 781.84 | I54: =H54-D54 -> 88.84 | J54: =(H54-D54)/D54 -> 0.1282 | K54: ='2025.07'!D19 -> 0 | L54: ='2025.07'!J19 -> 0 | M54: ='2025.07'!O19 -> 0 | AC54: ='2025.07'!$C$19 -> 20 | AD54: ='2025.07'!$E$19 -> 132.28 | AE54: ='2025.07'!$F$19 -> 0.151 | AF54: ='2025.04'!$A$15 -> 45764 | AG54: ='2025.04'!$B$15*-1 -> -20
A55: ='2025.08'!Q2 -> 2025.08 | B55: ='2025.08'!B19 -> 20 | C55: ='2025.08'!C19 -> 20 | D55: =D54+B55 -> 713 | E55: ='2025.08'!F19 -> 0.1499 | F55: =F54+E55 -> 5.9925 | G55: 134.2341 | H55: =F55*G55 -> 804.4 | I55: =H55-D55 -> 91.4 | J55: =(H55-D55)/D55 -> 0.1282 | K55: ='2025.08'!D19 -> 0 | L55: ='2025.08'!J19 -> 0 | M55: ='2025.08'!O19 -> 0 | AC55: ='2025.08'!$C$19 -> 20 | AD55: ='2025.08'!$E$19 -> 133.42 | AE55: ='2025.08'!$F$19 -> 0.15 | AF55: ='2025.05'!$A$15 -> 45792 | AG55: ='2025.05'!$B$15*-1 -> -20
A56: ='2025.09'!Q2 -> 2025.09 | B56: ='2025.09'!B19 -> 20 | C56: ='2025.09'!C19 -> 20 | D56: =D55+B56 -> 733 | E56: ='2025.09'!F19 -> 0.1481 | F56: =F55+E56 -> 6.1406 | G56: 134.5695 | H56: =F56*G56 -> 826.34 | I56: =H56-D56 -> 93.34 | J56: =(H56-D56)/D56 -> 0.1273 | K56: ='2025.09'!D19 -> 0 | L56: ='2025.09'!J19 -> 0 | M56: ='2025.09'!O19 -> 0 | AC56: ='2025.09'!$C$19 -> 20 | AD56: ='2025.09'!$E$19 -> 135.04 | AE56: ='2025.09'!$F$19 -> 0.148 | AF56: ='2025.06'!$A$15 -> 45825 | AG56: ='2025.06'!$B$15*-1 -> -20
A57: ='2025.10'!Q2 -> 2025.1 | B57: ='2025.10'!B19 -> 20 | C57: ='2025.10'!C19 -> 20 | D57: =D56+B57 -> 753 | E57: ='2025.10'!F19 -> 0.1476 | F57: =F56+E57 -> 6.2882 | G57: 139.0199 | H57: =F57*G57 -> 874.18 | I57: =H57-D57 -> 121.18 | J57: =(H57-D57)/D57 -> 0.1609 | K57: ='2025.10'!D19 -> 0 | L57: ='2025.10'!J19 -> 0 | M57: ='2025.10'!O19 -> 0 | AC57: ='2025.10'!$C$19 -> 20 | AD57: ='2025.10'!$E$19 -> 135.5 | AE57: ='2025.10'!$F$19 -> 0.148 | AF57: ='2025.07'!$A$15 -> 45855 | AG57: ='2025.07'!$B$15*-1 -> -20
A58: ='2025.11'!Q2 -> 2025.11 | B58: ='2025.11'!B19 -> 20 | C58: ='2025.11'!C19 -> 20 | D58: =D57+B58 -> 773 | E58: ='2025.11'!F19 -> 0.1443 | F58: =F57+E58 -> 6.4325 | G58: 137.9687 | H58: =F58*G58 -> 887.48 | I58: =H58-D58 -> 114.48 | J58: =(H58-D58)/D58 -> 0.1481 | K58: ='2025.11'!D19 -> 0 | L58: ='2025.11'!J19 -> 0 | M58: ='2025.11'!O19 -> 0 | AC58: ='2025.11'!$C$19 -> 20 | AD58: ='2025.11'!$E$19 -> 138.6 | AE58: ='2025.11'!$F$19 -> 0.144 | AF58: ='2025.08'!$A$15 -> 45887 | AG58: ='2025.08'!$B$15*-1 -> -20
A59: ='2025.12'!Q2 -> 2025.12 | B59: ='2025.12'!B19 -> 20 | C59: ='2025.12'!C19 -> 20 | D59: =D58+B59 -> 793 | E59: ='2025.12'!F19 -> 0.1446 | F59: =F58+E59 -> 6.5771 | G59: 139.7187 | H59: =F59*G59 -> 918.94 | I59: =H59-D59 -> 125.94 | J59: =(H59-D59)/D59 -> 0.1588 | K59: ='2025.12'!D19 -> 0 | L59: ='2025.12'!J19 -> 0 | M59: ='2025.12'!O19 -> 0 | AC59: ='2025.12'!$C$19 -> 20 | AD59: ='2025.12'!$E$19 -> 138.31 | AE59: ='2025.12'!$F$19 -> 0.145 | AF59: ='2025.09'!$A$15 -> 45917 | AG59: ='2025.09'!$B$15*-1 -> -20
A60: ='2026.01'!Q2 -> 2026.01 | B60: ='2026.01'!B19 -> 20 | C60: ='2026.01'!C19 -> 20 | D60: =D59+B60 -> 813 | E60: ='2026.01'!F19 -> 0.1406 | F60: =F59+E60 -> 6.7177 | G60: 142.8867 | H60: =F60*G60 -> 959.87 | I60: =H60-D60 -> 146.87 | J60: =(H60-D60)/D60 -> 0.1807 | K60: ='2026.01'!D19 -> 0 | L60: ='2026.01'!J19 -> 0 | M60: ='2026.01'!O19 -> 0 | AC60: ='2026.01'!$C$19 -> 20 | AD60: ='2026.01'!$E$19 -> 142.25 | AE60: ='2026.01'!$F$19 -> 0.141 | AF60: ='2025.10'!$A$15 -> 45946 | AG60: ='2025.10'!$B$15*-1 -> -20
A61: ='2026.02'!Q2 -> 2026.02 | B61: ='2026.02'!B19 -> 20 | C61: ='2026.02'!C19 -> 20 | D61: =D60+B61 -> 833 | E61: ='2026.02'!F19 -> 0.1401 | F61: =F60+E61 -> 6.8578 | G61: 144.5928 | H61: =F61*G61 -> 991.59 | I61: =H61-D61 -> 158.59 | J61: =(H61-D61)/D61 -> 0.1904 | K61: ='2026.02'!D19 -> 0 | L61: ='2026.02'!J19 -> 0 | M61: ='2026.02'!O19 -> 0 | AC61: ='2026.02'!$C$19 -> 20 | AD61: ='2026.02'!$E$19 -> 142.76 | AE61: ='2026.02'!$F$19 -> 0.14 | AF61: ='2025.11'!$A$15 -> 45977 | AG61: ='2025.11'!$B$15*-1 -> -20
A62: ='2026.03'!Q2 -> 2026.03 | B62: ='2026.03'!B19 -> 20 | C62: ='2026.03'!C19 -> 20 | D62: =D61+B62 -> 853 | E62: ='2026.03'!F19 -> 0.1444 | F62: =F61+E62 -> 7.0022 | G62: 134.5698 | H62: =F62*G62 -> 942.28 | I62: =H62-D62 -> 89.28 | J62: =(H62-D62)/D62 -> 0.1047 | K62: ='2026.03'!D19 -> 0 | L62: ='2026.03'!J19 -> 0 | M62: ='2026.03'!O19 -> 0 | AC62: ='2026.03'!$C$19 -> 20 | AD62: ='2026.03'!$E$19 -> 138.5 | AE62: ='2026.03'!$F$19 -> 0.144 | AF62: ='2025.12'!$A$15 -> 46008 | AG62: ='2025.12'!$B$15*-1 -> -20
A63: ='2026.04'!Q2 -> 2026.04 | B63: ='2026.04'!B19 -> 20 | C63: ='2026.04'!C19 -> 20 | D63: =D62+B63 -> 873 | E63: ='2026.04'!F19 -> 0.141 | F63: =F62+E63 -> 7.1432 | G63: 142.4155 | H63: =F63*G63 -> 1017.3 | I63: =H63-D63 -> 144.3 | J63: =(H63-D63)/D63 -> 0.1653 | K63: ='2026.04'!D19 -> 0 | L63: ='2026.04'!J19 -> 0 | M63: ='2026.04'!O19 -> 0 | AC63: ='2026.04'!$C$19 -> 20 | AD63: ='2026.04'!$E$19 -> 141.84 | AE63: ='2026.04'!$F$19 -> 0.141 | AF63: ='2026.01'!$A$15 -> 46037 | AG63: ='2026.01'!$B$15*-1 -> -20
A64: ='2026.05'!$Q$2 -> 2026.05 | B64: ='2026.05'!$B$19 -> 20 | C64: ='2026.05'!$C$19 -> 20 | D64: =D63+B64 -> 893 | E64: ='2026.05'!$F$19 -> 0.1375 | F64: =F63+E64 -> 7.2807 | G64: 147.9679 | H64: =F64*G64 -> 1077.31 | I64: =H64-D64 -> 184.31 | J64: =(H64-D64)/D64 -> 0.2064 | K64: ='2026.05'!$D$19 -> 0 | L64: ='2026.05'!$J$19 -> 0 | M64: ='2026.05'!$O$19 -> 0 | AC64: ='2026.05'!$C$19 -> 20 | AD64: ='2026.05'!$E$19 -> 145.45 | AE64: ='2026.05'!$F$19 -> 0.138 | AF64: ='2026.02'!$A$15 -> 46070 | AG64: ='2026.02'!$B$15*-1 -> -20
A65: ='2026.06'!$Q$2 -> 2026.06 | B65: ='2026.06'!$B$19 -> 20 | C65: ='2026.06'!$C$19 -> 20 | D65: =D64+B65 -> 913 | E65: ='2026.06'!$F$19 -> 0.1339 | F65: =F64+E65 -> 7.4146 | G65: 150.0577 | H65: =F65*G65 -> 1112.62 | I65: =H65-D65 -> 199.62 | J65: =(H65-D65)/D65 -> 0.2186 | K65: ='2026.06'!$D$19 -> 0 | L65: ='2026.06'!$J$19 -> 0 | M65: ='2026.06'!$O$19 -> 0 | AF65: ='2026.03'!$A$15 -> 46098 | AG65: ='2026.03'!$B$15*-1 -> -20
AF66: ='2026.04'!$A$15 -> 46128 | AG66: ='2026.04'!$B$15*-1 -> -20
AF67: ='2026.05'!$A$15 -> 46157 | AG67: ='2026.05'!$B$15*-1 -> -20
AF68: ='2026.06'!$A$15 -> 46190 | AG68: ='2026.06'!$B$15*-1 -> -20
AF69: =TODAY() -> 46227 | AG69: {=LOOKUP(2,1/(H:H>0),H:H)} -> 1112.62

Sheet SEB Active 80
A1: SESA8FE SS „SEB Active 80“ SE0016076111
A3: Data | B3: Suma, EUR | E3: Kiekis | G3: Mėnesio gale | K3: Mokesčiai | M3: Dividendai | O3: Active 80 | P3: Įnešta | Q3: Kiekis | R3: Parduota | S3: Pelnas | V3: Mokesčiai | X3: Dividendai | Y3: Vid. Kaina | AC3: Suma | AD3: Kaina | AE3: Kiekis | AF3: Pirkimas/pardavimas
B4: Įnešta | C4: Mėn. Inv. | D4: Viso Inv. | E4: Mėnesio | F4: Viso | G4: Kaina | H4: Vertė gale | I4: Pelnas | J4: % | K4: Pirkimas | L4: Pardavimas | S4: Eur. | T4: % | U4: XIRR | V4: Pirkimas | W4: Pardavimas | AF4: Data | AG4: Suma
A5: ='2021.06'!Q2 -> 2021.06 | B5: ='2021.06'!B29 -> 3 | C5: ='2021.06'!C29 -> 3 | D5: =C5 -> 3 | E5: ='2021.06'!F29 -> 0.023 | F5: =E5 -> 0.023 | G5: 130.4348 | H5: =F5*G5 -> 3 | I5: =H5-D5 -> 0 | J5: =(H5-D5)/D5 -> 0 | K5: ='2021.06'!D29 -> 0 | L5: ='2021.06'!J29 -> 0 | M5: ='2021.06'!O29 -> 0 | O5: Viso: | P5: =SUM(B5:B99) -> 534 | Q5: =SUM(E5:E99) -> 3.6583 | R5: 630.18 | S5: =R5-P5+X5 -> 96.18 | T5: =(R5-P5+X5)/P5 -> 0.1801 | U5: =XIRR(AG5:AG65,AF5:AF65) -> 0.0843 | V5: =SUM(K5:K99) -> 0 | W5: =SUM(L5:L99) -> 0 | X5: =SUM(M5:M99) -> 0 | Y5: {=SUMPRODUCT(IFERROR(AD5:AD200,0),IFERROR(AE5:AE200,0))/SUM(IFERROR(AE5:AE200,0))} -> 145.97 | AC5: ='2021.06'!$C$29 -> 3 | AD5: ='2021.06'!$E$29 -> 130.43 | AE5: ='2021.06'!$F$29 -> 0.023 | AF5: ='2021.06'!$A$25 -> 44376 | AG5: ='2021.06'!$B$25*-1 -> -3
A6: ='2021.07'!Q2 -> 2021.07 | B6: ='2021.07'!B29 -> 8 | C6: ='2021.07'!C29 -> 8 | D6: =D5+B6 -> 11 | E6: ='2021.07'!F29 -> 0.061 | F6: =F5+E6 -> 0.084 | G6: 130.4348 | H6: =F6*G6 -> 10.96 | I6: =H6-D6 -> -0.04 | J6: =(H6-D6)/D6 -> -0.0036 | K6: ='2021.07'!D29 -> 0 | L6: ='2021.07'!J29 -> 0 | M6: ='2021.07'!O29 -> 0 | AC6: ='2021.07'!$C$29 -> 8 | AD6: ='2021.07'!$E$29 -> 131.15 | AE6: ='2021.07'!$F$29 -> 0.061 | AF6: ='2021.07'!$A$25 -> 44379 | AG6: ='2021.07'!$B$25*-1 -> -5
A7: ='2021.08'!Q2 -> 2021.08 | B7: ='2021.08'!B29 -> 6 | C7: ='2021.08'!C29 -> 6 | D7: =D6+B7 -> 17 | E7: ='2021.08'!F29 -> 0.044 | F7: =F6+E7 -> 0.128 | G7: 136.3636 | H7: =F7*G7 -> 17.45 | I7: =H7-D7 -> 0.45 | J7: =(H7-D7)/D7 -> 0.0265 | K7: ='2021.08'!D29 -> 0 | L7: ='2021.08'!J29 -> 0 | M7: ='2021.08'!O29 -> 0 | AC7: ='2021.08'!$C$29 -> 6 | AD7: ='2021.08'!$E$29 -> 136.36 | AE7: ='2021.08'!$F$29 -> 0.044 | AF7: ='2021.07'!$A$26 -> 44397 | AG7: ='2021.07'!$B$26*-1 -> -3
A8: ='2021.09'!Q2 -> 2021.09 | B8: ='2021.09'!B29 -> 46 | C8: ='2021.09'!C29 -> 46 | D8: =D7+B8 -> 63 | E8: ='2021.09'!F29 -> 0.344 | F8: =F7+E8 -> 0.472 | G8: 133.3333 | H8: =F8*G8 -> 62.93 | I8: =H8-D8 -> -0.07 | J8: =(H8-D8)/D8 -> -0.0011 | K8: ='2021.09'!D29 -> 0 | L8: ='2021.09'!J29 -> 0 | M8: ='2021.09'!O29 -> 0 | AC8: ='2021.09'!$C$29 -> 46 | AD8: ='2021.09'!$E$29 -> 133.72 | AE8: ='2021.09'!$F$29 -> 0.344 | AF8: ='2021.08'!$A$25 -> 44424 | AG8: ='2021.08'!$B$25*-1 -> -3
A9: ='2021.10'!Q2 -> 2021.1 | B9: ='2021.10'!B29 -> 27 | C9: ='2021.10'!C29 -> 27 | D9: =D8+B9 -> 90 | E9: ='2021.10'!F29 -> 0.204 | F9: =F8+E9 -> 0.676 | G9: 132.3529 | H9: =F9*G9 -> 89.47 | I9: =H9-D9 -> -0.53 | J9: =(H9-D9)/D9 -> -0.0059 | K9: ='2021.10'!D29 -> 0 | L9: ='2021.10'!J29 -> 0 | M9: ='2021.10'!O29 -> 0 | AC9: ='2021.10'!$C$29 -> 27 | AD9: ='2021.10'!$E$29 -> 132.35 | AE9: ='2021.10'!$F$29 -> 0.204 | AF9: ='2021.08'!$A$26 -> 44438 | AG9: ='2021.08'!$B$26*-1 -> -3
A10: ='2021.11'!Q2 -> 2021.11 | B10: ='2021.11'!B29 -> 9 | C10: ='2021.11'!C29 -> 9 | D10: =D9+B10 -> 99 | E10: ='2021.11'!F29 -> 0.0664 | F10: =F9+E10 -> 0.7424 | G10: 133.5353 | H10: =F10*G10 -> 99.14 | I10: =H10-D10 -> 0.14 | J10: =(H10-D10)/D10 -> 0.0014 | K10: ='2021.11'!D29 -> 0 | L10: ='2021.11'!J29 -> 0 | M10: ='2021.11'!O29 -> 0 | AC10: ='2021.11'!$C$29 -> 9 | AD10: ='2021.11'!$E$29 -> 135.54 | AE10: ='2021.11'!$F$29 -> 0.066 | AF10: ='2021.09'!$A$25 -> 44448 | AG10: ='2021.09'!$B$25*-1 -> -9
A11: ='2021.12'!Q2 -> 2021.12 | B11: ='2021.12'!B29 -> 10 | C11: ='2021.12'!C29 -> 10 | D11: =D10+B11 -> 109 | E11: ='2021.12'!F29 -> 0.0749 | F11: =F10+E11 -> 0.8173 | G11: 135.8624 | H11: =F11*G11 -> 111.04 | I11: =H11-D11 -> 2.04 | J11: =(H11-D11)/D11 -> 0.0187 | K11: ='2021.12'!D29 -> 0 | L11: ='2021.12'!J29 -> 0 | M11: ='2021.12'!O29 -> 0 | AC11: ='2021.12'!$C$29 -> 10 | AD11: ='2021.12'!$E$29 -> 133.51 | AE11: ='2021.12'!$F$29 -> 0.075 | AF11: ='2021.09'!$A$26 -> 44455 | AG11: ='2021.09'!$B$26*-1 -> -19
A12: ='2022.01'!Q2 -> 2022.01 | B12: ='2022.01'!B29 -> 0 | C12: ='2022.01'!C29 -> 0 | D12: =D11+B12 -> 109 | E12: ='2022.01'!F29 -> 0 | F12: =F11+E12 -> 0.8173 | G12: 124.3419 | H12: =F12*G12 -> 101.62 | I12: =H12-D12 -> -7.38 | J12: =(H12-D12)/D12 -> -0.0677 | K12: ='2022.01'!D29 -> 0 | L12: ='2022.01'!J29 -> 0 | M12: ='2022.01'!O29 -> 0 | AC12: ='2022.01'!$C$29 -> 0 | AD12: ='2022.01'!$E$29 -> 0.00 | AE12: ='2022.01'!$F$29 -> 0 | AF12: ='2021.09'!$A$27 -> 44461 | AG12: ='2021.09'!$B$27*-1 -> -12
A13: ='2022.02'!Q2 -> 2022.02 | B13: ='2022.02'!B29 -> 0 | C13: ='2022.02'!C29 -> 0 | D13: =D12+B13 -> 109 | E13: ='2022.02'!F29 -> 0 | F13: =F12+E13 -> 0.8173 | G13: 121.7458 | H13: =F13*G13 -> 99.5 | I13: =H13-D13 -> -9.5 | J13: =(H13-D13)/D13 -> -0.0872 | K13: ='2022.02'!D29 -> 0 | L13: ='2022.02'!J29 -> 0 | M13: ='2022.02'!O29 -> 0 | AC13: ='2022.02'!$C$29 -> 0 | AD13: ='2022.02'!$E$29 -> 0.00 | AE13: ='2022.02'!$F$29 -> 0 | AF13: ='2021.09'!$A$28 -> 44466 | AG13: ='2021.09'!$B$28*-1 -> -6
A14: ='2022.03'!Q2 -> 2022.03 | B14: ='2022.03'!B29 -> 0 | C14: ='2022.03'!C29 -> 0 | D14: =D13+B14 -> 109 | E14: ='2022.03'!F29 -> 0 | F14: =F13+E14 -> 0.8173 | G14: 126.6065 | H14: =F14*G14 -> 103.48 | I14: =H14-D14 -> -5.52 | J14: =(H14-D14)/D14 -> -0.0506 | K14: ='2022.03'!D29 -> 0 | L14: ='2022.03'!J29 -> 0 | M14: ='2022.03'!O29 -> 0 | AC14: ='2022.03'!$C$29 -> 0 | AD14: ='2022.03'!$E$29 -> 0.00 | AE14: ='2022.03'!$F$29 -> 0 | AF14: ='2021.10'!$A$25 -> 44470 | AG14: ='2021.10'!$B$25*-1 -> -9
A15: ='2022.04'!Q2 -> 2022.04 | B15: ='2022.04'!B29 -> 0 | C15: ='2022.04'!C29 -> 0 | D15: =D14+B15 -> 109 | E15: ='2022.04'!F29 -> 0 | F15: =F14+E15 -> 0.8173 | G15: 120.7949 | H15: =F15*G15 -> 98.73 | I15: =H15-D15 -> -10.27 | J15: =(H15-D15)/D15 -> -0.0942 | K15: ='2022.04'!D29 -> 0 | L15: ='2022.04'!J29 -> 0 | M15: ='2022.04'!O29 -> 0 | AC15: ='2022.04'!$C$29 -> 0 | AD15: ='2022.04'!$E$29 -> 0.00 | AE15: ='2022.04'!$F$29 -> 0 | AF15: ='2021.10'!$A$26 -> 44489 | AG15: ='2021.10'!$B$26*-1 -> -18
A16: ='2022.05'!Q2 -> 2022.05 | B16: ='2022.05'!B29 -> 0 | C16: ='2022.05'!C29 -> 0 | D16: =D15+B16 -> 109 | E16: ='2022.05'!F29 -> 0 | F16: =F15+E16 -> 0.8173 | G16: 118.9531 | H16: =F16*G16 -> 97.22 | I16: =H16-D16 -> -11.78 | J16: =(H16-D16)/D16 -> -0.1081 | K16: ='2022.05'!D29 -> 0 | L16: ='2022.05'!J29 -> 0 | M16: ='2022.05'!O29 -> 0 | AC16: ='2022.05'!$C$29 -> 0 | AD16: ='2022.05'!$E$29 -> 0.00 | AE16: ='2022.05'!$F$29 -> 0 | AF16: ='2021.11'!$A$25 -> 44503 | AG16: ='2021.11'!$B$25*-1 -> -3
A17: ='2022.06'!Q2 -> 2022.06 | B17: ='2022.06'!B29 -> 0 | C17: ='2022.06'!C29 -> 0 | D17: =D16+B17 -> 109 | E17: ='2022.06'!F29 -> 0 | F17: =F16+E17 -> 0.8173 | G17: 111.2377 | H17: =F17*G17 -> 90.91 | I17: =H17-D17 -> -18.09 | J17: =(H17-D17)/D17 -> -0.166 | K17: ='2022.06'!D29 -> 0 | L17: ='2022.06'!J29 -> 0 | M17: ='2022.06'!O29 -> 0 | AC17: ='2022.06'!$C$29 -> 0 | AD17: ='2022.06'!$E$29 -> 0.00 | AE17: ='2022.06'!$F$29 -> 0 | AF17: ='2021.11'!$A$26 -> 44529 | AG17: ='2021.11'!$B$26*-1 -> -6
A18: ='2022.07'!Q2 -> 2022.07 | B18: ='2022.07'!B29 -> 0 | C18: ='2022.07'!C29 -> 0 | D18: =D17+B18 -> 109 | E18: ='2022.07'!F29 -> 0 | F18: =F17+E18 -> 0.8173 | G18: 118.109 | H18: =F18*G18 -> 96.53 | I18: =H18-D18 -> -12.47 | J18: =(H18-D18)/D18 -> -0.1144 | K18: ='2022.07'!D29 -> 0 | L18: ='2022.07'!J29 -> 0 | M18: ='2022.07'!O29 -> 0 | AC18: ='2022.07'!$C$29 -> 0 | AD18: ='2022.07'!$E$29 -> 0.00 | AE18: ='2022.07'!$F$29 -> 0 | AF18: ='2021.12'!$A$25 -> 44545 | AG18: ='2021.12'!$B$25*-1 -> -10
A19: ='2022.08'!Q2 -> 2022.08 | B19: ='2022.08'!B29 -> 0 | C19: ='2022.08'!C29 -> 0 | D19: =D18+B19 -> 109 | E19: ='2022.08'!F29 -> 0 | F19: =F18+E19 -> 0.8173 | G19: 115.6462 | H19: =F19*G19 -> 94.52 | I19: =H19-D19 -> -14.48 | J19: =(H19-D19)/D19 -> -0.1328 | K19: ='2022.08'!D29 -> 0 | L19: ='2022.08'!J29 -> 0 | M19: ='2022.08'!O29 -> 0 | AC19: ='2022.08'!$C$29 -> 0 | AD19: ='2022.08'!$E$29 -> 0.00 | AE19: ='2022.08'!$F$29 -> 0 | AF19: ='2024.01'!$A$25 -> 45322 | AG19: ='2024.01'!$B$25*-1 -> -10
A20: ='2022.09'!Q2 -> 2022.09 | B20: ='2022.09'!B29 -> 0 | C20: ='2022.09'!C29 -> 0 | D20: =D19+B20 -> 109 | E20: ='2022.09'!F29 -> 0 | F20: =F19+E20 -> 0.8173 | G20: 105.3827 | H20: =F20*G20 -> 86.13 | I20: =H20-D20 -> -22.87 | J20: =(H20-D20)/D20 -> -0.2098 | K20: ='2022.09'!D29 -> 0 | L20: ='2022.09'!J29 -> 0 | M20: ='2022.09'!O29 -> 0 | AC20: ='2022.09'!$C$29 -> 0 | AD20: ='2022.09'!$E$29 -> 0.00 | AE20: ='2022.09'!$F$29 -> 0 | AF20: ='2024.02'!$A$25 -> 45351 | AG20: ='2024.02'!$B$25*-1 -> -10
A21: ='2022.10'!Q2 -> 2022.1 | B21: ='2022.10'!B29 -> 0 | C21: ='2022.10'!C29 -> 0 | D21: =D20+B21 -> 109 | E21: ='2022.10'!F29 -> 0 | F21: =F20+E21 -> 0.8173 | G21: 109.6615 | H21: =F21*G21 -> 89.63 | I21: =H21-D21 -> -19.37 | J21: =(H21-D21)/D21 -> -0.1777 | K21: ='2022.10'!D29 -> 0 | L21: ='2022.10'!J29 -> 0 | M21: ='2022.10'!O29 -> 0 | AC21: ='2022.10'!$C$29 -> 0 | AD21: ='2022.10'!$E$29 -> 0.00 | AE21: ='2022.10'!$F$29 -> 0 | AF21: ='2024.04'!$A$25 -> 45384 | AG21: ='2024.04'!$B$25*-1 -> -10
A22: ='2022.11'!Q2 -> 2022.11 | B22: ='2022.11'!B29 -> 0 | C22: ='2022.11'!C29 -> 0 | D22: =D21+B22 -> 109 | E22: ='2022.11'!F29 -> 0 | F22: =F21+E22 -> 0.8173 | G22: 112.7624 | H22: =F22*G22 -> 92.16 | I22: =H22-D22 -> -16.84 | J22: =(H22-D22)/D22 -> -0.1545 | K22: ='2022.11'!D29 -> 0 | L22: ='2022.11'!J29 -> 0 | M22: ='2022.11'!O29 -> 0 | AC22: ='2022.11'!$C$29 -> 0 | AD22: ='2022.11'!$E$29 -> 0.00 | AE22: ='2022.11'!$F$29 -> 0 | AF22: ='2024.05'!$A$25 -> 45414 | AG22: ='2024.05'!$B$25*-1 -> -10
A23: ='2022.12'!Q2 -> 2022.12 | B23: ='2022.12'!B29 -> 0 | C23: ='2022.12'!C29 -> 0 | D23: =D22+B23 -> 109 | E23: ='2022.12'!F29 -> 0 | F23: =F22+E23 -> 0.8173 | G23: 110.4483 | H23: =F23*G23 -> 90.27 | I23: =H23-D23 -> -18.73 | J23: =(H23-D23)/D23 -> -0.1718 | K23: ='2022.12'!D29 -> 0 | L23: ='2022.12'!J29 -> 0 | M23: ='2022.12'!O29 -> 0 | AC23: ='2022.12'!$C$29 -> 0 | AD23: ='2022.12'!$E$29 -> 0.00 | AE23: ='2022.12'!$F$29 -> 0 | AF23: ='2024.05'!$A$26 -> 45442 | AG23: ='2024.05'!$B$26*-1 -> -10
A24: ='2023.01'!Q2 -> 2023.01 | B24: ='2023.01'!B29 -> 0 | C24: ='2023.01'!C29 -> 0 | D24: =D23+B24 -> 109 | E24: ='2023.01'!F29 -> 0 | F24: =F23+E24 -> 0.8173 | G24: 115.6853 | H24: =F24*G24 -> 94.55 | I24: =H24-D24 -> -14.45 | J24: =(H24-D24)/D24 -> -0.1326 | K24: ='2023.01'!D29 -> 0 | L24: ='2023.01'!J29 -> 0 | M24: ='2023.01'!O29 -> 0 | AC24: ='2023.01'!$C$29 -> 0 | AD24: ='2023.01'!$E$29 -> 0.00 | AE24: ='2023.01'!$F$29 -> 0 | AF24: ='2024.07'!$A$25 -> 45474 | AG24: ='2024.07'!$B$25*-1 -> -10
A25: ='2023.02'!Q2 -> 2023.02 | B25: ='2023.02'!B29 -> 0 | C25: ='2023.02'!C29 -> 0 | D25: =D24+B25 -> 109 | E25: ='2023.02'!F29 -> 0 | F25: =F24+E25 -> 0.8173 | G25: 115.8505 | H25: =F25*G25 -> 94.68 | I25: =H25-D25 -> -14.32 | J25: =(H25-D25)/D25 -> -0.1314 | K25: ='2023.02'!D29 -> 0 | L25: ='2023.02'!J29 -> 0 | M25: ='2023.02'!O29 -> 0 | AC25: ='2023.02'!$C$29 -> 0 | AD25: ='2023.02'!$E$29 -> 0.00 | AE25: ='2023.02'!$F$29 -> 0 | AF25: ='2024.07'!$A$26 -> 45504 | AG25: ='2024.07'!$B$26*-1 -> -10
A26: ='2023.03'!Q2 -> 2023.03 | B26: ='2023.03'!B29 -> 0 | C26: ='2023.03'!C29 -> 0 | D26: =D25+B26 -> 109 | E26: ='2023.03'!F29 -> 0 | F26: =F25+E26 -> 0.8173 | G26: 113.7257 | H26: =F26*G26 -> 92.95 | I26: =H26-D26 -> -16.05 | J26: =(H26-D26)/D26 -> -0.1472 | K26: ='2023.03'!D29 -> 0 | L26: ='2023.03'!J29 -> 0 | M26: ='2023.03'!O29 -> 0 | AC26: ='2023.03'!$C$29 -> 0 | AD26: ='2023.03'!$E$29 -> 0.00 | AE26: ='2023.03'!$F$29 -> 0 | AF26: ='2024.08'!$A$25 -> 45533 | AG26: ='2024.08'!$B$25*-1 -> -10
A27: ='2023.04'!Q2 -> 2023.04 | B27: ='2023.04'!B29 -> 0 | C27: ='2023.04'!C29 -> 0 | D27: =D26+B27 -> 109 | E27: ='2023.04'!F29 -> 0 | F27: =F26+E27 -> 0.8173 | G27: 114.6463 | H27: =F27*G27 -> 93.7 | I27: =H27-D27 -> -15.3 | J27: =(H27-D27)/D27 -> -0.1404 | K27: ='2023.04'!D29 -> 0 | L27: ='2023.04'!J29 -> 0 | M27: ='2023.04'!O29 -> 0 | AC27: ='2023.04'!$C$29 -> 0 | AD27: ='2023.04'!$E$29 -> 0.00 | AE27: ='2023.04'!$F$29 -> 0 | AF27: ='2024.10'!$A$25 -> 45566 | AG27: ='2024.10'!$B$25*-1 -> -10
A28: ='2023.05'!Q2 -> 2023.05 | B28: ='2023.05'!B29 -> 0 | C28: ='2023.05'!C29 -> 0 | D28: =D27+B28 -> 109 | E28: ='2023.05'!F29 -> 0 | F28: =F27+E28 -> 0.8173 | G28: 116.2896 | H28: =F28*G28 -> 95.04 | I28: =H28-D28 -> -13.96 | J28: =(H28-D28)/D28 -> -0.1281 | K28: ='2023.05'!D29 -> 0 | L28: ='2023.05'!J29 -> 0 | M28: ='2023.05'!O29 -> 0 | AC28: ='2023.05'!$C$29 -> 0 | AD28: ='2023.05'!$E$29 -> 0.00 | AE28: ='2023.05'!$F$29 -> 0 | AF28: ='2024.10'!$A$26 -> 45596 | AG28: ='2024.10'!$B$26*-1 -> -10
A29: ='2023.06'!Q2 -> 2023.06 | B29: ='2023.06'!B29 -> 0 | C29: ='2023.06'!C29 -> 0 | D29: =D28+B29 -> 109 | E29: ='2023.06'!F29 -> 0 | F29: =F28+E29 -> 0.8173 | G29: 117.3088 | H29: =F29*G29 -> 95.88 | I29: =H29-D29 -> -13.12 | J29: =(H29-D29)/D29 -> -0.1204 | K29: ='2023.06'!D29 -> 0 | L29: ='2023.06'!J29 -> 0 | M29: ='2023.06'!O29 -> 0 | AC29: ='2023.06'!$C$29 -> 0 | AD29: ='2023.06'!$E$29 -> 0.00 | AE29: ='2023.06'!$F$29 -> 0 | AF29: ='2024.11'!$A$25 -> 45625 | AG29: ='2024.11'!$B$25*-1 -> -10
A30: ='2023.07'!Q2 -> 2023.07 | B30: ='2023.07'!B29 -> 0 | C30: ='2023.07'!C29 -> 0 | D30: =D29+B30 -> 109 | E30: ='2023.07'!F29 -> 0 | F30: =F29+E30 -> 0.8173 | G30: 119.5659 | H30: =F30*G30 -> 97.72 | I30: =H30-D30 -> -11.28 | J30: =(H30-D30)/D30 -> -0.1035 | K30: ='2023.07'!D29 -> 0 | L30: ='2023.07'!J29 -> 0 | M30: ='2023.07'!O29 -> 0 | AC30: ='2023.07'!$C$29 -> 0 | AD30: ='2023.07'!$E$29 -> 0.00 | AE30: ='2023.07'!$F$29 -> 0 | AF30: ='2025.01'!$A$25 -> 45660 | AG30: ='2025.01'!$B$25*-1 -> -10
A31: ='2023.08'!Q2 -> 2023.08 | B31: ='2023.08'!B29 -> 0 | C31: ='2023.08'!C29 -> 0 | D31: =D30+B31 -> 109 | E31: ='2023.08'!F29 -> 0 | F31: =F30+E31 -> 0.8173 | G31: 117.8245 | H31: =F31*G31 -> 96.3 | I31: =H31-D31 -> -12.7 | J31: =(H31-D31)/D31 -> -0.1165 | K31: ='2023.08'!D29 -> 0 | L31: ='2023.08'!J29 -> 0 | M31: ='2023.08'!O29 -> 0 | AC31: ='2023.08'!$C$29 -> 0 | AD31: ='2023.08'!$E$29 -> 0.00 | AE31: ='2023.08'!$F$29 -> 0 | AF31: ='2025.01'!$A$26 -> 45687 | AG31: ='2025.01'!$B$26*-1 -> -10
A32: ='2023.09'!Q2 -> 2023.09 | B32: ='2023.09'!B29 -> 0 | C32: ='2023.09'!C29 -> 0 | D32: =D31+B32 -> 109 | E32: ='2023.09'!F29 -> 0 | F32: =F31+E32 -> 0.8173 | G32: 115.9676 | H32: =F32*G32 -> 94.78 | I32: =H32-D32 -> -14.22 | J32: =(H32-D32)/D32 -> -0.1305 | K32: ='2023.09'!D29 -> 0 | L32: ='2023.09'!J29 -> 0 | M32: ='2023.09'!O29 -> 0 | AC32: ='2023.09'!$C$29 -> 0 | AD32: ='2023.09'!$E$29 -> 0.00 | AE32: ='2023.09'!$F$29 -> 0 | AF32: ='2025.03'!$A$25 -> 45719 | AG32: ='2025.03'!$B$25*-1 -> -10
A33: ='2023.10'!Q2 -> 2023.1 | B33: ='2023.10'!B29 -> 0 | C33: ='2023.10'!C29 -> 0 | D33: =D32+B33 -> 109 | E33: ='2023.10'!F29 -> 0 | F33: =F32+E33 -> 0.8173 | G33: 111.2227 | H33: =F33*G33 -> 90.9 | I33: =H33-D33 -> -18.1 | J33: =(H33-D33)/D33 -> -0.1661 | K33: ='2023.10'!D29 -> 0 | L33: ='2023.10'!J29 -> 0 | M33: ='2023.10'!O29 -> 0 | AC33: ='2023.10'!$C$29 -> 0 | AD33: ='2023.10'!$E$29 -> 0.00 | AE33: ='2023.10'!$F$29 -> 0 | AF33: ='2025.03'!$A$26 -> 45747 | AG33: ='2025.03'!$B$26*-1 -> -15
A34: ='2023.11'!Q2 -> 2023.11 | B34: ='2023.11'!B29 -> 0 | C34: ='2023.11'!C29 -> 0 | D34: =D33+B34 -> 109 | E34: ='2023.11'!F29 -> 0 | F34: =F33+E34 -> 0.8173 | G34: 119.7561 | H34: =F34*G34 -> 97.88 | I34: =H34-D34 -> -11.12 | J34: =(H34-D34)/D34 -> -0.102 | K34: ='2023.11'!D29 -> 0 | L34: ='2023.11'!J29 -> 0 | M34: ='2023.11'!O29 -> 0 | AC34: ='2023.11'!$C$29 -> 0 | AD34: ='2023.11'!$E$29 -> 0.00 | AE34: ='2023.11'!$F$29 -> 0 | AF34: ='2025.05'!$A$25 -> 45779 | AG34: ='2025.05'!$B$25*-1 -> -15
A35: ='2023.12'!Q2 -> 2023.12 | B35: ='2023.12'!B29 -> 0 | C35: ='2023.12'!C29 -> 0 | D35: =D34+B35 -> 109 | E35: ='2023.12'!F29 -> 0 | F35: =F34+E35 -> 0.8173 | G35: 125.855 | H35: =F35*G35 -> 102.86 | I35: =H35-D35 -> -6.14 | J35: =(H35-D35)/D35 -> -0.0563 | K35: ='2023.12'!D29 -> 0 | L35: ='2023.12'!J29 -> 0 | M35: ='2023.12'!O29 -> 0 | AC35: ='2023.12'!$C$29 -> 0 | AD35: ='2023.12'!$E$29 -> 0.00 | AE35: ='2023.12'!$F$29 -> 0 | AF35: ='2025.05'!$A$26 -> 45807 | AG35: ='2025.05'!$B$26*-1 -> -15
A36: ='2024.01'!Q2 -> 2024.01 | B36: ='2024.01'!B29 -> 10 | C36: ='2024.01'!C29 -> 10 | D36: =D35+B36 -> 119 | E36: ='2024.01'!F29 -> 0.078 | F36: =F35+E36 -> 0.8953 | G36: 128.1957 | H36: =F36*G36 -> 114.77 | I36: =H36-D36 -> -4.23 | J36: =(H36-D36)/D36 -> -0.0355 | K36: ='2024.01'!D29 -> 0 | L36: ='2024.01'!J29 -> 0 | M36: ='2024.01'!O29 -> 0 | AC36: ='2024.01'!$C$29 -> 10 | AD36: ='2024.01'!$E$29 -> 128.21 | AE36: ='2024.01'!$F$29 -> 0.078 | AF36: ='2025.07'!$A$25 -> 45839 | AG36: ='2025.07'!$B$25*-1 -> -20
A37: ='2024.02'!Q2 -> 2024.02 | B37: ='2024.02'!B29 -> 10 | C37: ='2024.02'!C29 -> 10 | D37: =D36+B37 -> 129 | E37: ='2024.02'!F29 -> 0.0757 | F37: =F36+E37 -> 0.971 | G37: 132.0575 | H37: =F37*G37 -> 128.23 | I37: =H37-D37 -> -0.77 | J37: =(H37-D37)/D37 -> -0.006 | K37: ='2024.02'!D29 -> 0 | L37: ='2024.02'!J29 -> 0 | M37: ='2024.02'!O29 -> 0 | AC37: ='2024.02'!$C$29 -> 10 | AD37: ='2024.02'!$E$29 -> 132.1 | AE37: ='2024.02'!$F$29 -> 0.076 | AF37: ='2025.07'!$A$26 -> 45869 | AG37: ='2025.07'!$B$26*-1 -> -20
A38: ='2024.03'!Q2 -> 2024.03 | B38: ='2024.03'!B29 -> 0 | C38: ='2024.03'!C29 -> 0 | D38: =D37+B38 -> 129 | E38: ='2024.03'!F29 -> 0 | F38: =F37+E38 -> 0.971 | G38: 136.0219 | H38: =F38*G38 -> 132.08 | I38: =H38-D38 -> 3.08 | J38: =(H38-D38)/D38 -> 0.0239 | K38: ='2024.03'!D29 -> 0 | L38: ='2024.03'!J29 -> 0 | M38: ='2024.03'!O29 -> 0 | AC38: ='2024.03'!$C$29 -> 0 | AD38: ='2024.03'!$E$29 -> 0.00 | AE38: ='2024.03'!$F$29 -> 0 | AF38: ='2025.08'!$A$25 -> 45898 | AG38: ='2025.08'!$B$25*-1 -> -20
A39: ='2024.04'!Q2 -> 2024.04 | B39: ='2024.04'!B29 -> 10 | C39: ='2024.04'!C29 -> 10 | D39: =D38+B39 -> 139 | E39: ='2024.04'!F29 -> 0.0735 | F39: =F38+E39 -> 1.0445 | G39: 133.9217 | H39: =F39*G39 -> 139.88 | I39: =H39-D39 -> 0.88 | J39: =(H39-D39)/D39 -> 0.0063 | K39: ='2024.04'!D29 -> 0 | L39: ='2024.04'!J29 -> 0 | M39: ='2024.04'!O29 -> 0 | AC39: ='2024.04'!$C$29 -> 10 | AD39: ='2024.04'!$E$29 -> 136.05 | AE39: ='2024.04'!$F$29 -> 0.074 | AF39: ='2025.10'!$A$25 -> 45931 | AG39: ='2025.10'!$B$25*-1 -> -20
A40: ='2024.05'!Q2 -> 2024.05 | B40: ='2024.05'!B29 -> 20 | C40: ='2024.05'!C29 -> 20 | D40: =D39+B40 -> 159 | E40: ='2024.05'!F29 -> 0.1469 | F40: =F39+E40 -> 1.1914 | G40: 137.6376 | H40: =F40*G40 -> 163.98 | I40: =H40-D40 -> 4.98 | J40: =(H40-D40)/D40 -> 0.0313 | K40: ='2024.05'!D29 -> 0 | L40: ='2024.05'!J29 -> 0 | M40: ='2024.05'!O29 -> 0 | AC40: ='2024.05'!$C$29 -> 20 | AD40: ='2024.05'!$E$29 -> 136.15 | AE40: ='2024.05'!$F$29 -> 0.147 | AF40: ='2025.10'!$A$26 -> 45960 | AG40: ='2025.10'!$B$26*-1 -> -20
A41: ='2024.06'!Q2 -> 2024.06 | B41: ='2024.06'!B29 -> 0 | C41: ='2024.06'!C29 -> 0 | D41: =D40+B41 -> 159 | E41: ='2024.06'!F29 -> 0 | F41: =F40+E41 -> 1.1914 | G41: 140.5487 | H41: =F41*G41 -> 167.45 | I41: =H41-D41 -> 8.45 | J41: =(H41-D41)/D41 -> 0.0531 | K41: ='2024.06'!D29 -> 0 | L41: ='2024.06'!J29 -> 0 | M41: ='2024.06'!O29 -> 0 | AC41: ='2024.06'!$C$29 -> 0 | AD41: ='2024.06'!$E$29 -> 0.00 | AE41: ='2024.06'!$F$29 -> 0 | AF41: ='2025.12'!$A$25 -> 45992 | AG41: ='2025.12'!$B$25*-1 -> -20
A42: ='2024.07'!Q2 -> 2024.07 | B42: ='2024.07'!B29 -> 20 | C42: ='2024.07'!C29 -> 20 | D42: =D41+B42 -> 179 | E42: ='2024.07'!F29 -> 0.143 | F42: =F41+E42 -> 1.3344 | G42: 139.2123 | H42: =F42*G42 -> 185.76 | I42: =H42-D42 -> 6.76 | J42: =(H42-D42)/D42 -> 0.0378 | K42: ='2024.07'!D29 -> 0 | L42: ='2024.07'!J29 -> 0 | M42: ='2024.07'!O29 -> 0 | AC42: ='2024.07'!$C$29 -> 20 | AD42: ='2024.07'!$E$29 -> 139.86 | AE42: ='2024.07'!$F$29 -> 0.143 | AF42: ='2026.01'!$A$25 -> 46027 | AG42: ='2026.01'!$B$25*-1 -> -20
A43: ='2024.08'!Q2 -> 2024.08 | B43: ='2024.08'!B29 -> 10 | C43: ='2024.08'!C29 -> 10 | D43: =D42+B43 -> 189 | E43: ='2024.08'!F29 -> 0.071 | F43: =F42+E43 -> 1.4054 | G43: 141.8447 | H43: =F43*G43 -> 199.35 | I43: =H43-D43 -> 10.35 | J43: =(H43-D43)/D43 -> 0.0548 | K43: ='2024.08'!D29 -> 0 | L43: ='2024.08'!J29 -> 0 | M43: ='2024.08'!O29 -> 0 | AC43: ='2024.08'!$C$29 -> 10 | AD43: ='2024.08'!$E$29 -> 140.85 | AE43: ='2024.08'!$F$29 -> 0.071 | AF43: ='2026.01'!$A$26 -> 46051 | AG43: ='2026.01'!$B$26*-1 -> -20
A44: ='2024.09'!Q2 -> 2024.09 | B44: ='2024.09'!B29 -> 0 | C44: ='2024.09'!C29 -> 0 | D44: =D43+B44 -> 189 | E44: ='2024.09'!F29 -> 0 | F44: =F43+E44 -> 1.4054 | G44: 143.9821 | H44: =F44*G44 -> 202.35 | I44: =H44-D44 -> 13.35 | J44: =(H44-D44)/D44 -> 0.0706 | K44: ='2024.09'!D29 -> 0 | L44: ='2024.09'!J29 -> 0 | M44: ='2024.09'!O29 -> 0 | AC44: ='2024.09'!$C$29 -> 0 | AD44: ='2024.09'!$E$29 -> 0.00 | AE44: ='2024.09'!$F$29 -> 0 | AF44: ='2026.03'!$A$25 -> 46084 | AG44: ='2026.03'!$B$25*-1 -> -20
A45: ='2024.10'!Q2 -> 2024.1 | B45: ='2024.10'!B29 -> 20 | C45: ='2024.10'!C29 -> 20 | D45: =D44+B45 -> 209 | E45: ='2024.10'!F29 -> 0.1383 | F45: =F44+E45 -> 1.5437 | G45: 143.8317 | H45: =F45*G45 -> 222.03 | I45: =H45-D45 -> 13.03 | J45: =(H45-D45)/D45 -> 0.0623 | K45: ='2024.10'!D29 -> 0 | L45: ='2024.10'!J29 -> 0 | M45: ='2024.10'!O29 -> 0 | AC45: ='2024.10'!$C$29 -> 20 | AD45: ='2024.10'!$E$29 -> 144.61 | AE45: ='2024.10'!$F$29 -> 0.138 | AF45: ='2026.03'!$A$26 -> 46112 | AG45: ='2026.03'!$B$26*-1 -> -20
A46: ='2024.11'!Q2 -> 2024.11 | B46: ='2024.11'!B29 -> 10 | C46: ='2024.11'!C29 -> 10 | D46: =D45+B46 -> 219 | E46: ='2024.11'!F29 -> 0.0684 | F46: =F45+E46 -> 1.6121 | G46: 146.4106 | H46: =F46*G46 -> 236.03 | I46: =H46-D46 -> 17.03 | J46: =(H46-D46)/D46 -> 0.0778 | K46: ='2024.11'!D29 -> 0 | L46: ='2024.11'!J29 -> 0 | M46: ='2024.11'!O29 -> 0 | AC46: ='2024.11'!$C$29 -> 10 | AD46: ='2024.11'!$E$29 -> 146.2 | AE46: ='2024.11'!$F$29 -> 0.068 | AF46: ='2026.04'!$A$25 -> 46142 | AG46: ='2026.04'!$B$25*-1 -> -20
A47: ='2024.12'!Q2 -> 2024.12 | B47: ='2024.12'!B29 -> 0 | C47: ='2024.12'!C29 -> 0 | D47: =D46+B47 -> 219 | E47: ='2024.12'!F29 -> 0 | F47: =F46+E47 -> 1.6121 | G47: 145.7821 | H47: =F47*G47 -> 235.02 | I47: =H47-D47 -> 16.02 | J47: =(H47-D47)/D47 -> 0.0732 | K47: ='2024.12'!D29 -> 0 | L47: ='2024.12'!J29 -> 0 | M47: ='2024.12'!O29 -> 0 | AC47: ='2024.12'!$C$29 -> 0 | AD47: ='2024.12'!$E$29 -> 0.00 | AE47: ='2024.12'!$F$29 -> 0 | AF47: ='2026.05'!$A$25 -> 46171 | AG47: ='2026.05'!$B$25*-1 -> -20
A48: ='2025.01'!Q2 -> 2025.01 | B48: ='2025.01'!B29 -> 20 | C48: ='2025.01'!C29 -> 20 | D48: =D47+B48 -> 239 | E48: ='2025.01'!F29 -> 0.1355 | F48: =F47+E48 -> 1.7476 | G48: 151.0874 | H48: =F48*G48 -> 264.04 | I48: =H48-D48 -> 25.04 | J48: =(H48-D48)/D48 -> 0.1048 | K48: ='2025.01'!D29 -> 0 | L48: ='2025.01'!J29 -> 0 | M48: ='2025.01'!O29 -> 0 | AC48: ='2025.01'!$C$29 -> 20 | AD48: ='2025.01'!$E$29 -> 147.6 | AE48: ='2025.01'!$F$29 -> 0.136
A49: ='2025.02'!Q2 -> 2025.02 | B49: ='2025.02'!B29 -> 0 | C49: ='2025.02'!C29 -> 0 | D49: =D48+B49 -> 239 | E49: ='2025.02'!F29 -> 0 | F49: =F48+E49 -> 1.7476 | G49: 153.1167 | H49: =F49*G49 -> 267.59 | I49: =H49-D49 -> 28.59 | J49: =(H49-D49)/D49 -> 0.1196 | K49: ='2025.02'!D29 -> 0 | L49: ='2025.02'!J29 -> 0 | M49: ='2025.02'!O29 -> 0 | AC49: ='2025.02'!$C$29 -> 0 | AD49: ='2025.02'!$E$29 -> 0.00 | AE49: ='2025.02'!$F$29 -> 0
A50: ='2025.03'!Q2 -> 2025.03 | B50: ='2025.03'!B29 -> 25 | C50: ='2025.03'!C29 -> 25 | D50: =D49+B50 -> 264 | E50: ='2025.03'!F29 -> 0.1675 | F50: =F49+E50 -> 1.9151 | G50: 145.1853 | H50: =F50*G50 -> 278.04 | I50: =H50-D50 -> 14.04 | J50: =(H50-D50)/D50 -> 0.0532 | K50: ='2025.03'!D29 -> 0 | L50: ='2025.03'!J29 -> 0 | M50: ='2025.03'!O29 -> 0 | AC50: ='2025.03'!$C$29 -> 25 | AD50: ='2025.03'!$E$29 -> 149.25 | AE50: ='2025.03'!$F$29 -> 0.168
A51: ='2025.04'!Q2 -> 2025.04 | B51: ='2025.04'!B29 -> 0 | C51: ='2025.04'!C29 -> 0 | D51: =D50+B51 -> 264 | E51: ='2025.04'!F29 -> 0 | F51: =F50+E51 -> 1.9151 | G51: 139.227 | H51: =F51*G51 -> 266.63 | I51: =H51-D51 -> 2.63 | J51: =(H51-D51)/D51 -> 0.01 | K51: ='2025.04'!D29 -> 0 | L51: ='2025.04'!J29 -> 0 | M51: ='2025.04'!O29 -> 0 | AC51: ='2025.04'!$C$29 -> 0 | AD51: ='2025.04'!$E$29 -> 0.00 | AE51: ='2025.04'!$F$29 -> 0
A52: ='2025.05'!Q2 -> 2025.05 | B52: ='2025.05'!B29 -> 30 | C52: ='2025.05'!C29 -> 30 | D52: =D51+B52 -> 294 | E52: ='2025.05'!F29 -> 0.2099 | F52: =F51+E52 -> 2.125 | G52: 147.3631 | H52: =F52*G52 -> 313.15 | I52: =H52-D52 -> 19.15 | J52: =(H52-D52)/D52 -> 0.0651 | K52: ='2025.05'!D29 -> 0 | L52: ='2025.05'!J29 -> 0 | M52: ='2025.05'!O29 -> 0 | AC52: ='2025.05'!$C$29 -> 30 | AD52: ='2025.05'!$E$29 -> 142.93 | AE52: ='2025.05'!$F$29 -> 0.21
A53: ='2025.06'!Q2 -> 2025.06 | B53: ='2025.06'!B29 -> 0 | C53: ='2025.06'!C29 -> 0 | D53: =D52+B53 -> 294 | E53: ='2025.06'!F29 -> 0 | F53: =F52+E53 -> 2.125 | G53: 145.2723 | H53: =F53*G53 -> 308.7 | I53: =H53-D53 -> 14.7 | J53: =(H53-D53)/D53 -> 0.05 | K53: ='2025.06'!D29 -> 0 | L53: ='2025.06'!J29 -> 0 | M53: ='2025.06'!O29 -> 0 | AC53: ='2025.06'!$C$29 -> 0 | AD53: ='2025.06'!$E$29 -> 0.00 | AE53: ='2025.06'!$F$29 -> 0
A54: ='2025.07'!Q2 -> 2025.07 | B54: ='2025.07'!B29 -> 40 | C54: ='2025.07'!C29 -> 40 | D54: =D53+B54 -> 334 | E54: ='2025.07'!F29 -> 0.2696 | F54: =F53+E54 -> 2.3946 | G54: 149.9817 | H54: =F54*G54 -> 359.15 | I54: =H54-D54 -> 25.15 | J54: =(H54-D54)/D54 -> 0.0753 | K54: ='2025.07'!D29 -> 0 | L54: ='2025.07'!J29 -> 0 | M54: ='2025.07'!O29 -> 0 | AC54: ='2025.07'!$C$29 -> 40 | AD54: ='2025.07'!$E$29 -> 148.37 | AE54: ='2025.07'!$F$29 -> 0.27
A55: ='2025.08'!Q2 -> 2025.08 | B55: ='2025.08'!B29 -> 20 | C55: ='2025.08'!C29 -> 20 | D55: =D54+B55 -> 354 | E55: ='2025.08'!F29 -> 0.1331 | F55: =F54+E55 -> 2.5277 | G55: 150.3124 | H55: =F55*G55 -> 379.94 | I55: =H55-D55 -> 25.94 | J55: =(H55-D55)/D55 -> 0.0733 | K55: ='2025.08'!D29 -> 0 | L55: ='2025.08'!J29 -> 0 | M55: ='2025.08'!O29 -> 0 | AC55: ='2025.08'!$C$29 -> 20 | AD55: ='2025.08'!$E$29 -> 150.26 | AE55: ='2025.08'!$F$29 -> 0.133
A56: ='2025.09'!Q2 -> 2025.09 | B56: ='2025.09'!B29 -> 0 | C56: ='2025.09'!C29 -> 0 | D56: =D55+B56 -> 354 | E56: ='2025.09'!F29 -> 0 | F56: =F55+E56 -> 2.5277 | G56: 150.5197 | H56: =F56*G56 -> 380.47 | I56: =H56-D56 -> 26.47 | J56: =(H56-D56)/D56 -> 0.0748 | K56: ='2025.09'!D29 -> 0 | L56: ='2025.09'!J29 -> 0 | M56: ='2025.09'!O29 -> 0 | AC56: ='2025.09'!$C$29 -> 0 | AD56: ='2025.09'!$E$29 -> 0.00 | AE56: ='2025.09'!$F$29 -> 0
A57: ='2025.10'!Q2 -> 2025.1 | B57: ='2025.10'!B29 -> 40 | C57: ='2025.10'!C29 -> 40 | D57: =D56+B57 -> 394 | E57: ='2025.10'!F29 -> 0.26 | F57: =F56+E57 -> 2.7877 | G57: 157.3341 | H57: =F57*G57 -> 438.6 | I57: =H57-D57 -> 44.6 | J57: =(H57-D57)/D57 -> 0.1132 | K57: ='2025.10'!D29 -> 0 | L57: ='2025.10'!J29 -> 0 | M57: ='2025.10'!O29 -> 0 | AC57: ='2025.10'!$C$29 -> 40 | AD57: ='2025.10'!$E$29 -> 153.85 | AE57: ='2025.10'!$F$29 -> 0.26
A58: ='2025.11'!Q2 -> 2025.11 | B58: ='2025.11'!B29 -> 0 | C58: ='2025.11'!C29 -> 0 | D58: =D57+B58 -> 394 | E58: ='2025.11'!F29 -> 0 | F58: =F57+E58 -> 2.7877 | G58: 155.8114 | H58: =F58*G58 -> 434.36 | I58: =H58-D58 -> 40.36 | J58: =(H58-D58)/D58 -> 0.1024 | K58: ='2025.11'!D29 -> 0 | L58: ='2025.11'!J29 -> 0 | M58: ='2025.11'!O29 -> 0 | AC58: ='2025.11'!$C$29 -> 0 | AD58: ='2025.11'!$E$29 -> 0.00 | AE58: ='2025.11'!$F$29 -> 0
A59: ='2025.12'!Q2 -> 2025.12 | B59: ='2025.12'!B29 -> 20 | C59: ='2025.12'!C29 -> 20 | D59: =D58+B59 -> 414 | E59: ='2025.12'!F29 -> 0.1284 | F59: =F58+E59 -> 2.9161 | G59: 158.5456 | H59: =F59*G59 -> 462.33 | I59: =H59-D59 -> 48.33 | J59: =(H59-D59)/D59 -> 0.1167 | K59: ='2025.12'!D29 -> 0 | L59: ='2025.12'!J29 -> 0 | M59: ='2025.12'!O29 -> 0 | AC59: ='2025.12'!$C$29 -> 20 | AD59: ='2025.12'!$E$29 -> 155.76 | AE59: ='2025.12'!$F$29 -> 0.128
A60: ='2026.01'!Q2 -> 2026.01 | B60: ='2026.01'!B29 -> 40 | C60: ='2026.01'!C29 -> 40 | D60: =D59+B60 -> 454 | E60: ='2026.01'!F29 -> 0.2482 | F60: =F59+E60 -> 3.1643 | G60: 162.772 | H60: =F60*G60 -> 515.06 | I60: =H60-D60 -> 61.06 | J60: =(H60-D60)/D60 -> 0.1345 | K60: ='2026.01'!D29 -> 0 | L60: ='2026.01'!J29 -> 0 | M60: ='2026.01'!O29 -> 0 | AC60: ='2026.01'!$C$29 -> 40 | AD60: ='2026.01'!$E$29 -> 161.16 | AE60: ='2026.01'!$F$29 -> 0.248
A61: ='2026.02'!Q2 -> 2026.02 | B61: ='2026.02'!B29 -> 0 | C61: ='2026.02'!C29 -> 0 | D61: =D60+B61 -> 454 | E61: ='2026.02'!F29 -> 0 | F61: =F60+E61 -> 3.1643 | G61: 164.9843 | H61: =F61*G61 -> 522.06 | I61: =H61-D61 -> 68.06 | J61: =(H61-D61)/D61 -> 0.1499 | K61: ='2026.02'!D29 -> 0 | L61: ='2026.02'!J29 -> 0 | M61: ='2026.02'!O29 -> 0 | AC61: ='2026.02'!$C$29 -> 0 | AD61: ='2026.02'!$E$29 -> 0.00 | AE61: ='2026.02'!$F$29 -> 0
A62: ='2026.03'!Q2 -> 2026.03 | B62: ='2026.03'!B29 -> 40 | C62: ='2026.03'!C29 -> 40 | D62: =D61+B62 -> 494 | E62: ='2026.03'!F29 -> 0.2545 | F62: =F61+E62 -> 3.4188 | G62: 151.1097 | H62: =F62*G62 -> 516.61 | I62: =H62-D62 -> 22.61 | J62: =(H62-D62)/D62 -> 0.0458 | K62: ='2026.03'!D29 -> 0 | L62: ='2026.03'!J29 -> 0 | M62: ='2026.03'!O29 -> 0 | AC62: ='2026.03'!$C$29 -> 40 | AD62: ='2026.03'!$E$29 -> 157.17 | AE62: ='2026.03'!$F$29 -> 0.255
A63: ='2026.04'!Q2 -> 2026.04 | B63: ='2026.04'!$B$29 -> 20 | C63: ='2026.04'!$C$29 -> 20 | D63: =D62+B63 -> 514 | E63: ='2026.04'!$F$29 -> 0.1228 | F63: =F62+E63 -> 3.5416 | G63: 162.5891 | H63: =F63*G63 -> 575.83 | I63: =H63-D63 -> 61.83 | J63: =(H63-D63)/D63 -> 0.1203 | K63: ='2026.04'!$D$29 -> 0 | L63: ='2026.04'!$J$29 -> 0 | M63: ='2026.04'!$O$29 -> 0 | AC63: ='2026.04'!$C$29 -> 20 | AD63: ='2026.04'!$E$29 -> 162.87 | AE63: ='2026.04'!$F$29 -> 0.123
A64: ='2026.05'!$Q$2 -> 2026.05 | B64: ='2026.05'!$B$29 -> 20 | C64: ='2026.05'!$C$29 -> 20 | D64: =D63+B64 -> 534 | E64: ='2026.05'!$F$29 -> 0.1167 | F64: =F63+E64 -> 3.6583 | G64: 170.3272 | H64: =F64*G64 -> 623.11 | I64: =H64-D64 -> 89.11 | J64: =(H64-D64)/D64 -> 0.1669 | K64: ='2026.05'!$D$29 -> 0 | L64: ='2026.05'!$J$29 -> 0 | M64: ='2026.05'!$O$29 -> 0 | AC64: ='2026.05'!$C$29 -> 20 | AD64: ='2026.05'!$E$29 -> 171.38 | AE64: ='2026.05'!$F$29 -> 0.117
A65: ='2026.06'!$Q$2 -> 2026.06 | B65: ='2026.06'!$B$29 -> 0 | C65: ='2026.06'!$C$29 -> 0 | D65: =D64+B65 -> 534 | E65: ='2026.06'!$F$29 -> 0 | F65: =F64+E65 -> 3.6583 | G65: 172.2605 | H65: =F65*G65 -> 630.18 | I65: =H65-D65 -> 96.18 | J65: =(H65-D65)/D65 -> 0.1801 | K65: ='2026.05'!$D$29 -> 0 | L65: ='2026.05'!$J$29 -> 0 | M65: ='2026.05'!$O$29 -> 0 | AF65: 46252 | AG65: =R5 -> 630.18

Sheet SEB Artificial Intelligence Fun
A1: SESTUDI LX „SEB Artificial Intelligence Fund" LU2249630257
A3: Data | B3: Suma, EUR | E3: Kiekis | G3: Mėnesio gale | K3: Mokesčiai | M3: Dividendai | O3: Artificial | P3: Įnešta | Q3: Kiekis | R3: Parduota | S3: Pelnas | V3: Mokesčiai | X3: Dividendai | Y3: Vid. Kaina | AC3: Suma | AD3: Kaina | AE3: Kiekis | AF3: Pirkimas/pardavimas | AJ3: Valiutos keitimas
B4: Įnešta | C4: Mėn. Inv. | D4: Viso Inv. | E4: Mėnesio | F4: Viso | G4: Kaina | H4: Vertė gale | I4: Pelnas | J4: % | K4: Pirkimas | L4: Pardavimas | S4: Eur. | T4: % | U4: XIRR | V4: Pirkimas | W4: Pardavimas | AF4: Data | AG4: Suma | AJ4: Kursas | AK4: Suma, EUR | AL4: Viso suma | AM4: Kursas | AN4: Vertė gale | AO4: %
A5: ='2024.01'!Q2 -> 2024.01 | B5: ='2024.01'!B39 -> 18.94 | C5: ='2024.01'!C39 -> 18.94 | D5: =B5 -> 18.94 | E5: ='2024.01'!F39 -> 0.19 | F5: =E5 -> 0.19 | G5: 106.242 | H5: =F5*G5 -> 20.19 | I5: =H5-D5 -> 1.25 | J5: =(H5-D5)/D5 -> 0.066 | K5: ='2024.01'!D39 -> 0 | L5: ='2024.01'!J39 -> 0 | M5: ='2024.01'!O39 -> 0 | O5: Viso: | P5: =SUM(B5:B69) -> 37.92 | Q5: =SUM(E5:E69) -> 0.371 | R5: 45.63 | S5: =R5-P5+X5 -> 7.71 | T5: =(R5-P5+X5)/P5 -> 0.2033 | U5: =XIRR(AG5:AG65,AF5:AF65) -> 0.1163 | V5: =SUM(K5:K69) -> 0 | W5: =SUM(L5:L69) -> 0 | X5: =SUM(M5:M69) -> 0 | Y5: {=SUMPRODUCT(IFERROR(AD5:AD200,0),IFERROR(AE5:AE200,0))/SUM(IFERROR(AE5:AE200,0))} -> 109.89 | AC5: ='2024.01'!$C$39 -> 18.94 | AD5: ='2024.01'!$E$39 -> 105.26 | AE5: ='2024.01'!$F$39 -> 0.19 | AF5: ='2024.01'!$A$25 -> 45322 | AG5: ='2024.01'!$B$39*-1 -> -18.94 | AJ5: 1.0562 | AK5: =B5/AJ5 -> 17.93 | AL5: =AK5 -> 17.93 | AM5: 1.0573 | AN5: =H5/AM5 -> 19.1 | AO5: =(AN5-AL5)*100/AL5 -> 6.53
A6: ='2024.02'!Q2 -> 2024.02 | B6: ='2024.02'!B39 -> 0 | C6: ='2024.02'!C39 -> 0 | D6: =D5+B6 -> 18.94 | E6: ='2024.02'!F39 -> 0 | F6: =F5+E6 -> 0.19 | G6: 111.016 | H6: =F6*G6 -> 21.09 | I6: =H6-D6 -> 2.15 | J6: =(H6-D6)/D6 -> 0.1135 | K6: ='2024.02'!D39 -> 0 | L6: ='2024.02'!J39 -> 0 | M6: ='2024.02'!O39 -> 0 | AC6: ='2024.02'!$C$39 -> 0 | AD6: ='2024.02'!$E$39 -> 0.00 | AE6: ='2024.02'!$F$39 -> 0 | AF6: ='2024.05'!$A$25 -> 45414 | AG6: ='2024.05'!$B$39*-1 -> -18.98 | AK6: 0 | AL6: =AL5+AK6 -> 17.93 | AM6: 1.0549 | AN6: =H6/AM6 -> 19.99 | AO6: =(AN6-AL6)*100/AL6 -> 11.49
A7: ='2024.03'!Q2 -> 2024.03 | B7: ='2024.03'!B39 -> 0 | C7: ='2024.03'!C39 -> 0 | D7: =D6+B7 -> 18.94 | E7: ='2024.03'!F39 -> 0 | F7: =F6+E7 -> 0.19 | G7: 114.927 | H7: =F7*G7 -> 21.84 | I7: =H7-D7 -> 2.9 | J7: =(H7-D7)/D7 -> 0.1531 | K7: ='2024.03'!D39 -> 0 | L7: ='2024.03'!J39 -> 0 | M7: ='2024.03'!O39 -> 0 | AC7: ='2024.03'!$C$39 -> 0 | AD7: ='2024.03'!$E$39 -> 0.00 | AE7: ='2024.03'!$F$39 -> 0 | AK7: 0 | AL7: =AL6+AK7 -> 17.93 | AM7: 1.0498 | AN7: =H7/AM7 -> 20.8 | AO7: =(AN7-AL7)*100/AL7 -> 16.01
A8: ='2024.04'!Q2 -> 2024.04 | B8: ='2024.04'!B39 -> 0 | C8: ='2024.04'!C39 -> 0 | D8: =D7+B8 -> 18.94 | E8: ='2024.04'!F39 -> 0 | F8: =F7+E8 -> 0.19 | G8: 110.498 | H8: =F8*G8 -> 20.99 | I8: =H8-D8 -> 2.05 | J8: =(H8-D8)/D8 -> 0.1082 | K8: ='2024.04'!D39 -> 0 | L8: ='2024.04'!J39 -> 0 | M8: ='2024.04'!O39 -> 0 | AC8: ='2024.04'!$C$39 -> 0 | AD8: ='2024.04'!$E$39 -> 0.00 | AE8: ='2024.04'!$F$39 -> 0 | AK8: 0 | AL8: =AL7+AK8 -> 17.93 | AM8: 1.0412 | AN8: =H8/AM8 -> 20.16 | AO8: =(AN8-AL8)*100/AL8 -> 12.44
A9: ='2024.05'!Q2 -> 2024.05 | B9: ='2024.05'!B39 -> 18.98 | C9: ='2024.05'!C39 -> 18.98 | D9: =D8+B9 -> 37.92 | E9: ='2024.05'!F39 -> 0.174 | F9: =F8+E9 -> 0.364 | G9: 114.82 | H9: =F9*G9 -> 41.79 | I9: =H9-D9 -> 3.87 | J9: =(H9-D9)/D9 -> 0.1021 | K9: ='2024.05'!D39 -> 0 | L9: ='2024.05'!J39 -> 0 | M9: ='2024.05'!O39 -> 0 | AC9: ='2024.05'!$C$39 -> 18.98 | AD9: ='2024.05'!$E$39 -> 114.94 | AE9: ='2024.05'!$F$39 -> 0.174 | AJ9: 1.0535 | AK9: =B9/AJ9 -> 18.02 | AL9: =AL8+AK9 -> 35.95 | AM9: 1.0577 | AN9: =H9/AM9 -> 39.51 | AO9: =(AN9-AL9)*100/AL9 -> 9.9
A10: ='2024.06'!Q2 -> 2024.06 | B10: ='2024.06'!B39 -> 0 | C10: ='2024.06'!C39 -> 0 | D10: =D9+B10 -> 37.92 | E10: ='2024.06'!D39+'2024.06'!O35 -> 0.003 | F10: =F9+E10 -> 0.367 | G10: 125.885 | H10: =F10*G10 -> 46.2 | I10: =H10-D10 -> 8.28 | J10: =(H10-D10)/D10 -> 0.2184 | K10: ='2024.06'!D39 -> 0 | L10: ='2024.06'!J39 -> 0 | M10: ='2024.06'!O39 -> 0 | AC10: ='2024.06'!$C$39 -> 0 | AD10: ='2024.06'!$E$39 -> 0.00 | AE10: ='2024.06'!$F$39 -> 0 | AK10: 0 | AL10: =AL9+AK10 -> 35.95 | AM10: 1.0404 | AN10: =H10/AM10 -> 44.41 | AO10: =(AN10-AL10)*100/AL10 -> 23.53
A11: ='2024.07'!Q2 -> 2024.07 | B11: ='2024.07'!B39 -> 0 | C11: ='2024.07'!C39 -> 0 | D11: =D10+B11 -> 37.92 | E11: ='2024.07'!F39 -> 0 | F11: =F10+E11 -> 0.367 | G11: 117.775 | H11: =F11*G11 -> 43.22 | I11: =H11-D11 -> 5.3 | J11: =(H11-D11)/D11 -> 0.1398 | K11: ='2024.07'!D39 -> 0 | L11: ='2024.07'!J39 -> 0 | M11: ='2024.07'!O39 -> 0 | AC11: ='2024.07'!$C$39 -> 0 | AD11: ='2024.07'!$E$39 -> 0.00 | AE11: ='2024.07'!$F$39 -> 0 | AK11: 0 | AL11: =AL10+AK11 -> 35.95 | AM11: 1.0543 | AN11: =H11/AM11 -> 40.99 | AO11: =(AN11-AL11)*100/AL11 -> 14.02
A12: ='2024.08'!Q2 -> 2024.08 | B12: ='2024.08'!B39 -> 0 | C12: ='2024.08'!C39 -> 0 | D12: =D11+B12 -> 37.92 | E12: ='2024.08'!F39 -> 0 | F12: =F11+E12 -> 0.367 | G12: 121.56 | H12: =F12*G12 -> 44.61 | I12: =H12-D12 -> 6.69 | J12: =(H12-D12)/D12 -> 0.1764 | K12: ='2024.08'!D39 -> 0 | L12: ='2024.08'!J39 -> 0 | M12: ='2024.08'!O39 -> 0 | AC12: ='2024.08'!$C$39 -> 0 | AD12: ='2024.08'!$E$39 -> 0.00 | AE12: ='2024.08'!$F$39 -> 0 | AK12: 0 | AL12: =AL11+AK12 -> 35.95 | AM12: 1.0762 | AN12: =H12/AM12 -> 41.45 | AO12: =(AN12-AL12)*100/AL12 -> 15.3
A13: ='2024.09'!Q2 -> 2024.09 | B13: ='2024.09'!B39 -> 0 | C13: ='2024.09'!C39 -> 0 | D13: =D12+B13 -> 37.92 | E13: ='2024.09'!F39 -> 0 | F13: =F12+E13 -> 0.367 | G13: 127.174 | H13: =F13*G13 -> 46.67 | I13: =H13-D13 -> 8.75 | J13: =(H13-D13)/D13 -> 0.2307 | K13: ='2024.09'!D39 -> 0 | L13: ='2024.09'!J39 -> 0 | M13: ='2024.09'!O39 -> 0 | AC13: ='2024.09'!$C$39 -> 0 | AD13: ='2024.09'!$E$39 -> 0.00 | AE13: ='2024.09'!$F$39 -> 0 | AK13: 0 | AL13: =AL12+AK13 -> 35.95 | AM13: 1.0861 | AN13: =H13/AM13 -> 42.97 | AO13: =(AN13-AL13)*100/AL13 -> 19.53
A14: ='2024.10'!Q2 -> 2024.1 | B14: ='2024.10'!B39 -> 0 | C14: ='2024.10'!C39 -> 0 | D14: =D13+B14 -> 37.92 | E14: ='2024.10'!D39 -> 0 | F14: =F13+E14 -> 0.367 | G14: 130.377 | H14: =F14*G14 -> 47.85 | I14: =H14-D14 -> 9.93 | J14: =(H14-D14)/D14 -> 0.2619 | K14: ='2024.10'!D39 -> 0 | L14: ='2024.10'!J39 -> 0 | M14: ='2024.10'!O39 -> 0 | AC14: ='2024.10'!$C$39 -> 0 | AD14: ='2024.10'!$E$39 -> 0.00 | AE14: ='2024.10'!$F$39 -> 0 | AK14: 0 | AL14: =AL13+AK14 -> 35.95 | AM14: 1.0563 | AN14: =H14/AM14 -> 45.3 | AO14: =(AN14-AL14)*100/AL14 -> 26.01
A15: ='2024.11'!Q2 -> 2024.11 | B15: ='2024.11'!B39 -> 0 | C15: ='2024.11'!C39 -> 0 | D15: =D14+B15 -> 37.92 | E15: ='2024.11'!F39 -> 0 | F15: =F14+E15 -> 0.367 | G15: 130.641 | H15: =F15*G15 -> 47.95 | I15: =H15-D15 -> 10.03 | J15: =(H15-D15)/D15 -> 0.2645 | K15: ='2024.11'!D39 -> 0 | L15: ='2024.11'!J39 -> 0 | M15: ='2024.11'!O39 -> 0 | AC15: ='2024.11'!$C$39 -> 0 | AD15: ='2024.11'!$E$39 -> 0.00 | AE15: ='2024.11'!$F$39 -> 0 | AK15: 0 | AL15: =AL14+AK15 -> 35.95 | AM15: 1.0269 | AN15: =H15/AM15 -> 46.69 | AO15: =(AN15-AL15)*100/AL15 -> 29.87
A16: ='2024.12'!Q2 -> 2024.12 | B16: ='2024.12'!B39 -> 0 | C16: ='2024.12'!C39 -> 0 | D16: =D15+B16 -> 37.92 | E16: ='2024.12'!F39 -> 0 | F16: =F15+E16 -> 0.367 | G16: 136.173 | H16: =F16*G16 -> 49.98 | I16: =H16-D16 -> 12.06 | J16: =(H16-D16)/D16 -> 0.318 | K16: ='2024.12'!D39 -> 0 | L16: ='2024.12'!J39 -> 0 | M16: ='2024.12'!O39 -> 0 | AC16: ='2024.12'!$C$39 -> 0 | AD16: ='2024.12'!$E$39 -> 0.00 | AE16: ='2024.12'!$F$39 -> 0 | AK16: 0 | AL16: =AL15+AK16 -> 35.95 | AM16: 1.0104 | AN16: =H16/AM16 -> 49.47 | AO16: =(AN16-AL16)*100/AL16 -> 37.61
A17: ='2025.01'!Q2 -> 2025.01 | B17: ='2025.01'!B39 -> 0 | C17: ='2025.01'!C39 -> 0 | D17: =D16+B17 -> 37.92 | E17: ='2025.01'!F39 -> 0 | F17: =F16+E17 -> 0.367 | G17: 137.074 | H17: =F17*G17 -> 50.31 | I17: =H17-D17 -> 12.39 | J17: =(H17-D17)/D17 -> 0.3267 | K17: ='2025.01'!D39 -> 0 | L17: ='2025.01'!J39 -> 0 | M17: ='2025.01'!O39 -> 0 | AC17: ='2025.01'!$C$39 -> 0 | AD17: ='2025.01'!$E$39 -> 0.00 | AE17: ='2025.01'!$F$39 -> 0 | AK17: 0 | AL17: =AL16+AK17 -> 35.95 | AM17: 1.01 | AN17: =H17/AM17 -> 49.81 | AO17: =(AN17-AL17)*100/AL17 -> 38.55
A18: ='2025.02'!Q2 -> 2025.02 | B18: ='2025.02'!B39 -> 0 | C18: ='2025.02'!C39 -> 0 | D18: =D17+B18 -> 37.92 | E18: ='2025.02'!D35 -> 0 | F18: =F17+E18 -> 0.367 | G18: 127.603 | H18: =F18*G18 -> 46.83 | I18: =H18-D18 -> 8.91 | J18: =(H18-D18)/D18 -> 0.235 | K18: ='2025.02'!D39 -> 0 | L18: ='2025.02'!J39 -> 0 | M18: ='2025.02'!O39 -> 0 | AC18: ='2025.02'!$C$39 -> 0 | AD18: ='2025.02'!$E$39 -> 0.00 | AE18: ='2025.02'!$F$39 -> 0 | AK18: 0 | AL18: =AL17+AK18 -> 35.95 | AM18: 1.0123 | AN18: =H18/AM18 -> 46.26 | AO18: =(AN18-AL18)*100/AL18 -> 28.68
A19: ='2025.03'!Q2 -> 2025.03 | B19: ='2025.03'!B39 -> 0 | C19: ='2025.03'!C39 -> 0 | D19: =D18+B19 -> 37.92 | E19: ='2025.03'!F39 -> 0 | F19: =F18+E19 -> 0.367 | G19: 117.657 | H19: =F19*G19 -> 43.18 | I19: =H19-D19 -> 5.26 | J19: =(H19-D19)/D19 -> 0.1387 | K19: ='2025.03'!D39 -> 0 | L19: ='2025.03'!J39 -> 0 | M19: ='2025.03'!O39 -> 0 | AC19: ='2025.03'!$C$39 -> 0 | AD19: ='2025.03'!$E$39 -> 0.00 | AE19: ='2025.03'!$F$39 -> 0 | AK19: 0 | AL19: =AL18+AK19 -> 35.95 | AM19: 1.051 | AN19: =H19/AM19 -> 41.08 | AO19: =(AN19-AL19)*100/AL19 -> 14.27
A20: ='2025.04'!Q2 -> 2025.04 | B20: ='2025.04'!B39 -> 0 | C20: ='2025.04'!C39 -> 0 | D20: =D19+B20 -> 37.92 | E20: ='2025.04'!F39 -> 0 | F20: =F19+E20 -> 0.367 | G20: 122.41 | H20: =F20*G20 -> 44.92 | I20: =H20-D20 -> 7 | J20: =(H20-D20)/D20 -> 0.1846 | K20: ='2025.04'!D39 -> 0 | L20: ='2025.04'!J39 -> 0 | M20: ='2025.04'!O39 -> 0 | AC20: ='2025.04'!$C$39 -> 0 | AD20: ='2025.04'!$E$39 -> 0.00 | AE20: ='2025.04'!$F$39 -> 0 | AK20: 0 | AL20: =AL19+AK20 -> 35.95 | AM20: 1.1061 | AN20: =H20/AM20 -> 40.61 | AO20: =(AN20-AL20)*100/AL20 -> 12.96
A21: ='2025.05'!Q2 -> 2025.05 | B21: ='2025.05'!B39 -> 0 | C21: ='2025.05'!C39 -> 0 | D21: =D20+B21 -> 37.92 | E21: ='2025.05'!F39 -> 0 | F21: =F20+E21 -> 0.367 | G21: 133.588 | H21: =F21*G21 -> 49.03 | I21: =H21-D21 -> 11.11 | J21: =(H21-D21)/D21 -> 0.293 | K21: ='2025.05'!D39 -> 0 | L21: ='2025.05'!J39 -> 0 | M21: ='2025.05'!O39 -> 0 | AC21: ='2025.05'!$C$39 -> 0 | AD21: ='2025.05'!$E$39 -> 0.00 | AE21: ='2025.05'!$F$39 -> 0 | AK21: 0 | AL21: =AL20+AK21 -> 35.95 | AM21: 1.1041 | AN21: =H21/AM21 -> 44.41 | AO21: =(AN21-AL21)*100/AL21 -> 23.53
A22: ='2025.06'!Q2 -> 2025.06 | B22: ='2025.06'!B39 -> 0 | C22: ='2025.06'!C39 -> 0 | D22: =D21+B22 -> 37.92 | E22: ='2025.06'!F39+'2025.06'!O35 -> 0.004 | F22: =F21+E22 -> 0.371 | G22: 142.799 | H22: =F22*G22 -> 52.98 | I22: =H22-D22 -> 15.06 | J22: =(H22-D22)/D22 -> 0.3972 | K22: ='2025.06'!D39 -> 0 | L22: ='2025.06'!J39 -> 0 | M22: ='2025.06'!O39 -> 0 | AC22: ='2025.06'!$C$39 -> 0 | AD22: ='2025.06'!$E$39 -> 0.00 | AE22: ='2025.06'!$F$39 -> 0 | AK22: 0 | AL22: =AL21+AK22 -> 35.95 | AM22: 1.2038 | AN22: =H22/AM22 -> 44.01 | AO22: =(AN22-AL22)*100/AL22 -> 22.42
A23: ='2025.07'!Q2 -> 2025.07 | B23: ='2025.07'!B39 -> 0 | C23: ='2025.07'!C39 -> 0 | D23: =D22+B23 -> 37.92 | E23: ='2025.07'!F39 -> 0 | F23: =F22+E23 -> 0.371 | G23: 149.327 | H23: =F23*G23 -> 55.4 | I23: =H23-D23 -> 17.48 | J23: =(H23-D23)/D23 -> 0.461 | K23: ='2025.07'!D39 -> 0 | L23: ='2025.07'!J39 -> 0 | M23: ='2025.07'!O39 -> 0 | AC23: ='2025.07'!$C$39 -> 0 | AD23: ='2025.07'!$E$39 -> 0.00 | AE23: ='2025.07'!$F$39 -> 0 | AK23: 0 | AL23: =AL22+AK23 -> 35.95 | AM23: 1.1727 | AN23: =H23/AM23 -> 47.24 | AO23: =(AN23-AL23)*100/AL23 -> 31.4
A24: ='2025.08'!Q2 -> 2025.08 | B24: ='2025.08'!B39 -> 0 | C24: ='2025.08'!C39 -> 0 | D24: =D23+B24 -> 37.92 | E24: ='2025.08'!F39 -> 0 | F24: =F23+E24 -> 0.371 | G24: 145.919 | H24: =F24*G24 -> 54.14 | I24: =H24-D24 -> 16.22 | J24: =(H24-D24)/D24 -> 0.4277 | K24: ='2025.08'!D39 -> 0 | L24: ='2025.08'!J39 -> 0 | M24: ='2025.08'!O39 -> 0 | AC24: ='2025.08'!$C$39 -> 0 | AD24: ='2025.08'!$E$39 -> 0.00 | AE24: ='2025.08'!$F$39 -> 0 | AK24: 0 | AL24: =AL23+AK24 -> 35.95 | AM24: 1.1658 | AN24: =H24/AM24 -> 46.44 | AO24: =(AN24-AL24)*100/AL24 -> 29.18
A25: ='2025.09'!Q2 -> 2025.09 | B25: ='2025.09'!B39 -> 0 | C25: ='2025.09'!C39 -> 0 | D25: =D24+B25 -> 37.92 | E25: ='2025.09'!F39 -> 0 | F25: =F24+E25 -> 0.371 | G25: 150.13 | H25: =F25*G25 -> 55.7 | I25: =H25-D25 -> 17.78 | J25: =(H25-D25)/D25 -> 0.4689 | K25: ='2025.09'!D39 -> 0 | L25: ='2025.09'!J39 -> 0 | M25: ='2025.09'!O39 -> 0 | AC25: ='2025.09'!$C$39 -> 0 | AD25: ='2025.09'!$E$39 -> 0.00 | AE25: ='2025.09'!$F$39 -> 0 | AK25: 0 | AL25: =AL24+AK25 -> 35.95 | AM25: 1.1741 | AN25: =H25/AM25 -> 47.44 | AO25: =(AN25-AL25)*100/AL25 -> 31.96
A26: ='2025.10'!Q2 -> 2025.1 | B26: ='2025.10'!B39 -> 0 | C26: ='2025.10'!C39 -> 0 | D26: =D25+B26 -> 37.92 | E26: ='2025.10'!F39 -> 0 | F26: =F25+E26 -> 0.371 | G26: 160.237 | H26: =F26*G26 -> 59.45 | I26: =H26-D26 -> 21.53 | J26: =(H26-D26)/D26 -> 0.5678 | K26: ='2025.10'!D39 -> 0 | L26: ='2025.10'!J39 -> 0 | M26: ='2025.10'!O39 -> 0 | AC26: ='2025.10'!$C$39 -> 0 | AD26: ='2025.10'!$E$39 -> 0.00 | AE26: ='2025.10'!$F$39 -> 0 | AK26: 0 | AL26: =AL25+AK26 -> 35.95 | AM26: 1.155 | AN26: =H26/AM26 -> 51.47 | AO26: =(AN26-AL26)*100/AL26 -> 43.17
A27: ='2025.11'!Q2 -> 2025.11 | B27: ='2025.11'!B39 -> 0 | C27: ='2025.11'!C39 -> 0 | D27: =D26+B27 -> 37.92 | E27: ='2025.11'!F39 -> 0 | F27: =F26+E27 -> 0.371 | G27: 145.667 | H27: =F27*G27 -> 54.04 | I27: =H27-D27 -> 16.12 | J27: =(H27-D27)/D27 -> 0.4251 | K27: ='2025.11'!D39 -> 0 | L27: ='2025.11'!J39 -> 0 | M27: ='2025.11'!O39 -> 0 | AC27: ='2025.11'!$C$39 -> 0 | AD27: ='2025.11'!$E$39 -> 0.00 | AE27: ='2025.11'!$F$39 -> 0 | AF27: 45982 | AG27: =R5 -> 45.63 | AK27: 0 | AL27: =AL26+AK27 -> 35.95 | AM27: 1.1843 | AN27: =H27/AM27 -> 45.63 | AO27: =(AN27-AL27)*100/AL27 -> 26.93

Sheet SEB Global High Yield Fund
A1: SEHYUCE LX „SEB Global High Yield Fund" LY1791749010
A3: Data | B3: Suma, EUR | E3: Kiekis | G3: Mėnesio gale | K3: Mokesčiai | M3: Dividendai | O3: Global | P3: Įnešta | Q3: Kiekis | R3: Parduota | S3: Pelnas | V3: Mokesčiai | X3: Dividendai | Y3: Vid. Kaina | AC3: Suma | AD3: Kaina | AE3: Kiekis | AF3: Pirkimas/pardavimas
B4: Įnešta | C4: Mėn. Inv. | D4: Viso Inv. | E4: Mėnesio | F4: Viso | G4: Kaina | H4: Vertė gale | I4: Pelnas | J4: % | K4: Pirkimas | L4: Pardavimas | S4: Eur. | T4: % | U4: XIRR | V4: Pirkimas | W4: Pardavimas | AF4: Data | AG4: Suma
A5: ='2024.11'!Q2 -> 2024.11 | B5: ='2024.11'!B49 -> 20 | C5: ='2024.11'!C49 -> 20 | D5: =B5 -> 20 | E5: ='2024.11'!F49 -> 0.018 | F5: =E5 -> 0.018 | G5: 1110.609 | H5: =F5*G5 -> 19.99 | I5: =H5-D5 -> -0.01 | J5: =(H5-D5)/D5 -> -0.0005 | K5: ='2024.11'!D49 -> 0 | L5: ='2024.11'!J49 -> 0 | M5: ='2024.11'!O49 -> 0 | O5: Viso: | P5: =SUM(B5:B42) -> 20 | Q5: =SUM(E5:E42) -> 0.018 | R5: 21.1 | S5: =R5-P5+X5 -> 1.1 | T5: =(R5-P5+X5)/P5 -> 0.055 | U5: =XIRR(AG5:AG65,AF5:AF65) -> 0.0552 | V5: =SUM(K5:K42) -> 0 | W5: =SUM(L5:L42) -> 0 | X5: =SUM(M5:M42) -> 0 | Y5: {=SUMPRODUCT(IFERROR(AD5:AD200,0),IFERROR(AE5:AE200,0))/SUM(IFERROR(AE5:AE200,0))} -> 1111.11 | AC5: ='2024.11'!$C$49 -> 20 | AD5: ='2024.11'!$E$49 -> 1111.11 | AE5: ='2024.11'!$F$49 -> 0.018 | AF5: ='2024.11'!$A$45 -> 45614 | AG5: ='2024.11'!$B$45*-1 -> -20
A6: ='2024.12'!Q2 -> 2024.12 | B6: ='2024.12'!B49 -> 0 | C6: ='2024.12'!C49 -> 0 | D6: =D5+B6 -> 20 | E6: ='2024.12'!F49 -> 0 | F6: =F5+E6 -> 0.018 | G6: 1110.242 | H6: =F6*G6 -> 19.98 | I6: =H6-D6 -> -0.02 | J6: =(H6-D6)/D6 -> -0.001 | K6: ='2024.12'!D49 -> 0 | L6: ='2024.12'!J49 -> 0 | M6: ='2024.12'!O49 -> 0 | AC6: ='2024.12'!$C$49 -> 0 | AD6: ='2024.12'!$E$49 -> 0.00 | AE6: ='2024.12'!$F$49 -> 0
A7: ='2025.01'!Q2 -> 2025.01 | B7: ='2025.01'!B49 -> 0 | C7: ='2025.01'!C49 -> 0 | D7: =D6+B7 -> 20 | E7: ='2025.01'!F49 -> 0 | F7: =F6+E7 -> 0.018 | G7: 1121.548 | H7: =F7*G7 -> 20.19 | I7: =H7-D7 -> 0.19 | J7: =(H7-D7)/D7 -> 0.0095 | K7: ='2025.01'!D49 -> 0 | L7: ='2025.01'!J49 -> 0 | M7: ='2025.01'!O49 -> 0 | AC7: ='2025.01'!$C$49 -> 0 | AD7: ='2025.01'!$E$49 -> 0.00 | AE7: ='2025.01'!$F$49 -> 0
A8: ='2025.02'!Q2 -> 2025.02 | B8: ='2025.02'!B49 -> 0 | C8: ='2025.02'!C49 -> 0 | D8: =D7+B8 -> 20 | E8: ='2025.02'!F49 -> 0 | F8: =F7+E8 -> 0.018 | G8: 1128.577 | H8: =F8*G8 -> 20.31 | I8: =H8-D8 -> 0.31 | J8: =(H8-D8)/D8 -> 0.0155 | K8: ='2025.02'!D49 -> 0 | L8: ='2025.03'!J49 -> 0 | M8: ='2025.02'!O49 -> 0 | AC8: ='2025.02'!$C$49 -> 0 | AD8: ='2025.02'!$E$49 -> 0.00 | AE8: ='2025.02'!$F$49 -> 0
A9: ='2025.03'!Q2 -> 2025.03 | B9: ='2025.03'!B49 -> 0 | C9: ='2025.03'!C49 -> 0 | D9: =D8+B9 -> 20 | E9: ='2025.03'!F49 -> 0 | F9: =F8+E9 -> 0.018 | G9: 1118.974 | H9: =F9*G9 -> 20.14 | I9: =H9-D9 -> 0.14 | J9: =(H9-D9)/D9 -> 0.007 | K9: ='2025.03'!D49 -> 0 | L9: ='2025.03'!J49 -> 0 | M9: ='2025.03'!O49 -> 0 | AC9: ='2025.03'!$C$49 -> 0 | AD9: ='2025.03'!$E$49 -> 0.00 | AE9: ='2025.03'!$F$49 -> 0
A10: ='2025.04'!Q2 -> 2025.04 | B10: ='2025.04'!B49 -> 0 | C10: ='2025.04'!C49 -> 0 | D10: =D9+B10 -> 20 | E10: ='2025.04'!F49 -> 0 | F10: =F9+E10 -> 0.018 | G10: 1123.033 | H10: =F10*G10 -> 20.21 | I10: =H10-D10 -> 0.21 | J10: =(H10-D10)/D10 -> 0.0105 | K10: ='2025.04'!D49 -> 0 | L10: ='2025.04'!J49 -> 0 | M10: ='2025.04'!O49 -> 0 | AC10: ='2025.04'!$C$49 -> 0 | AD10: ='2025.04'!$E$49 -> 0.00 | AE10: ='2025.04'!$F$49 -> 0
A11: ='2025.05'!Q2 -> 2025.05 | B11: ='2025.05'!B49 -> 0 | C11: ='2025.05'!C49 -> 0 | D11: =D10+B11 -> 20 | E11: ='2025.05'!F49 -> 0 | F11: =F10+E11 -> 0.018 | G11: 1133.532 | H11: =F11*G11 -> 20.4 | I11: =H11-D11 -> 0.4 | J11: =(H11-D11)/D11 -> 0.02 | K11: ='2025.05'!D49 -> 0 | L11: ='2025.05'!J49 -> 0 | M11: ='2025.05'!O49 -> 0 | AC11: ='2025.05'!$C$49 -> 0 | AD11: ='2025.05'!$E$49 -> 0.00 | AE11: ='2025.05'!$F$49 -> 0
A12: ='2025.06'!Q2 -> 2025.06 | B12: ='2025.06'!B49 -> 0 | C12: ='2025.06'!C49 -> 0 | D12: =D11+B12 -> 20 | E12: ='2025.06'!F49 -> 0 | F12: =F11+E12 -> 0.018 | G12: 1147.257 | H12: =F12*G12 -> 20.65 | I12: =H12-D12 -> 0.65 | J12: =(H12-D12)/D12 -> 0.0325 | K12: ='2025.06'!D49 -> 0 | L12: ='2025.06'!J49 -> 0 | M12: ='2025.06'!O49 -> 0 | AC12: ='2025.06'!$C$49 -> 0 | AD12: ='2025.06'!$E$49 -> 0.00 | AE12: ='2025.06'!$F$49 -> 0
A13: ='2025.07'!Q2 -> 2025.07 | B13: ='2025.07'!B49 -> 0 | C13: ='2025.07'!C49 -> 0 | D13: =D12+B13 -> 20 | E13: ='2025.07'!F49 -> 0 | F13: =F12+E13 -> 0.018 | G13: 1155.331 | H13: =F13*G13 -> 20.8 | I13: =H13-D13 -> 0.8 | J13: =(H13-D13)/D13 -> 0.04 | K13: ='2025.07'!D49 -> 0 | L13: ='2025.07'!J49 -> 0 | M13: ='2025.07'!O49 -> 0 | AC13: ='2025.07'!$C$49 -> 0 | AD13: ='2025.07'!$E$49 -> 0.00 | AE13: ='2025.07'!$F$49 -> 0
A14: ='2025.08'!Q2 -> 2025.08 | B14: ='2025.08'!B49 -> 0 | C14: ='2025.08'!C49 -> 0 | D14: =D13+B14 -> 20 | E14: ='2025.08'!F49 -> 0 | F14: =F13+E14 -> 0.018 | G14: 1162.254 | H14: =F14*G14 -> 20.92 | I14: =H14-D14 -> 0.92 | J14: =(H14-D14)/D14 -> 0.046 | K14: ='2025.08'!D49 -> 0 | L14: ='2025.08'!J49 -> 0 | M14: ='2025.08'!O49 -> 0 | AC14: ='2025.08'!$C$49 -> 0 | AD14: ='2025.08'!$E$49 -> 0.00 | AE14: ='2025.08'!$F$49 -> 0
A15: ='2025.09'!Q2 -> 2025.09 | B15: ='2025.09'!B49 -> 0 | C15: ='2025.09'!C49 -> 0 | D15: =D14+B15 -> 20 | E15: ='2025.09'!F49 -> 0 | F15: =F14+E15 -> 0.018 | G15: 1167.074 | H15: =F15*G15 -> 21.01 | I15: =H15-D15 -> 1.01 | J15: =(H15-D15)/D15 -> 0.0505 | K15: ='2025.09'!D49 -> 0 | L15: ='2025.09'!J49 -> 0 | M15: ='2025.09'!O49 -> 0 | AC15: ='2025.09'!$C$49 -> 0 | AD15: ='2025.09'!$E$49 -> 0.00 | AE15: ='2025.09'!$F$49 -> 0
A16: ='2025.10'!Q2 -> 2025.1 | B16: ='2025.10'!B49 -> 0 | C16: ='2025.10'!C49 -> 0 | D16: =D15+B16 -> 20 | E16: ='2025.10'!F49 -> 0 | F16: =F15+E16 -> 0.018 | G16: 1173.674 | H16: =F16*G16 -> 21.13 | I16: =H16-D16 -> 1.13 | J16: =(H16-D16)/D16 -> 0.0565 | K16: ='2025.10'!D49 -> 0 | L16: ='2025.10'!J49 -> 0 | M16: ='2025.10'!O49 -> 0 | AC16: ='2025.10'!$C$49 -> 0 | AD16: ='2025.10'!$E$49 -> 0.00 | AE16: ='2025.10'!$F$49 -> 0
A17: ='2025.11'!Q2 -> 2025.11 | B17: ='2025.11'!B49 -> 0 | C17: ='2025.11'!C49 -> 0 | D17: =D16+B17 -> 20 | E17: ='2025.11'!F49 -> 0 | F17: =F16+E17 -> 0.018 | G17: 1172.381 | H17: =F17*G17 -> 21.1 | I17: =H17-D17 -> 1.1 | J17: =(H17-D17)/D17 -> 0.055 | K17: ='2025.10'!D50 -> 0 | L17: ='2025.10'!J50 -> 0 | M17: ='2025.10'!O50 -> 0 | AC17: ='2025.11'!$C$49 -> 0 | AD17: ='2025.11'!$E$49 -> 0.00 | AE17: ='2025.11'!$F$49 -> 0 | AF17: 45978 | AG17: =R5 -> 21.1

Sheet SEB Global Exposure fund UD
A1: SEBGEUD "SEB Global Exposure fund" UD-mok. LU2625197160
A3: Data | B3: Suma, EUR | E3: Kiekis | G3: Mėnesio gale | K3: Mokesčiai | M3: Dividendai | O3: Global | P3: Įnešta | Q3: Kiekis | R3: Parduota | S3: Pelnas | V3: Mokesčiai | X3: Dividendai | Y3: Vid. Kaina | AC3: Suma | AD3: Kaina | AE3: Kiekis | AF3: Pirkimas/pardavimas
B4: Įnešta | C4: Mėn. Inv. | D4: Viso Inv. | E4: Mėnesio | F4: Viso | G4: Kaina | H4: Vertė gale | I4: Pelnas | J4: % | K4: Pirkimas | L4: Pardavimas | S4: Eur. | T4: % | U4: XIRR | V4: Pirkimas | W4: Pardavimas | AF4: Data | AG4: Suma
A5: ='2025.01'!Q2 -> 2025.01 | B5: ='2025.01'!B59 -> 20 | C5: ='2025.01'!C59 -> 20 | D5: =B5 -> 20 | E5: ='2025.01'!F59 -> 0.15 | F5: =E5 -> 0.15 | G5: 140.276 | H5: =F5*G5 -> 21.04 | I5: =H5-D5 -> 1.04 | J5: =(H5-D5)/D5 -> 0.052 | K5: ='2025.01'!D59 -> 0 | L5: ='2025.01'!J59 -> 0 | M5: ='2025.01'!O59 -> 0 | O5: Viso: | P5: =SUM(B5:B15) -> 30 | Q5: =SUM(E5:E15) -> 0.229 | R5: 31.26 | S5: =R5-P5+X5 -> 1.26 | T5: =(R5-P5+X5)/P5 -> 0.042 | U5: =XIRR(AG5:AG65,AF5:AF65) -> 0.0507 | V5: =SUM(K5:K15) -> 0 | W5: =SUM(L5:L15) -> 0 | X5: =SUM(M5:M15) -> 0 | Y5: {=SUMPRODUCT(IFERROR(AD5:AD200,0),IFERROR(AE5:AE200,0))/SUM(IFERROR(AE5:AE200,0))} -> 135.13 | AC5: ='2025.01'!$C$59 -> 20 | AD5: ='2025.01'!$E$59 -> 133.33 | AE5: ='2025.01'!$F$59 -> 0.15 | AF5: ='2025.01'!$A$55 -> 45659 | AG5: ='2025.01'!$B$55*-1 -> -20
A6: ='2025.02'!Q2 -> 2025.02 | B6: ='2025.02'!B59 -> 10 | C6: ='2025.02'!C59 -> 10 | D6: =D5+B6 -> 30 | E6: ='2025.02'!F59 -> 0.072 | F6: =F5+E6 -> 0.222 | G6: 137.489 | H6: =F6*G6 -> 30.52 | I6: =H6-D6 -> 0.52 | J6: =(H6-D6)/D6 -> 0.0173 | K6: ='2025.02'!D59 -> 0 | L6: ='2025.02'!J59 -> 0 | M6: ='2025.02'!O59 -> 0 | AC6: ='2025.02'!$C$59 -> 10 | AD6: ='2025.02'!$E$59 -> 138.89 | AE6: ='2025.02'!$F$59 -> 0.072 | AF6: ='2025.02'!$A$55 -> 45709 | AG6: ='2025.02'!$B$55*-1 -> -10
A7: ='2025.03'!Q2 -> 2025.03 | B7: ='2025.03'!B59 -> 0 | C7: ='2025.03'!C59 -> 0 | D7: =D6+B7 -> 30 | E7: ='2025.03'!F59 -> 0 | F7: =F6+E7 -> 0.222 | G7: 127.217 | H7: =F7*G7 -> 28.24 | I7: =H7-D7 -> -1.76 | J7: =(H7-D7)/D7 -> -0.0587 | K7: ='2025.03'!D59 -> 0 | L7: ='2025.03'!J59 -> 0 | M7: ='2025.03'!O59 -> 0 | AC7: ='2025.03'!$C$59 -> 0 | AD7: ='2025.03'!$E$59 -> 0.00 | AE7: ='2025.03'!$F$59 -> 0
A8: ='2025.04'!Q2 -> 2025.04 | B8: ='2025.04'!B59 -> 0 | C8: ='2025.04'!C59 -> 0 | D8: =D7+B8 -> 30 | E8: ='2025.04'!F59 -> 0 | F8: =F7+E8 -> 0.222 | G8: 121.389 | H8: =F8*G8 -> 26.95 | I8: =H8-D8 -> -3.05 | J8: =(H8-D8)/D8 -> -0.1017 | K8: ='2025.04'!D59 -> 0 | L8: ='2025.04'!J59 -> 0 | M8: ='2025.04'!O59 -> 0 | AC8: ='2025.04'!$C$59 -> 0 | AD8: ='2025.04'!$E$59 -> 0.00 | AE8: ='2025.04'!$F$59 -> 0
A9: ='2025.05'!Q2 -> 2025.05 | B9: ='2025.05'!B59 -> 0 | C9: ='2025.05'!C59 -> 0 | D9: =D8+B9 -> 30 | E9: ='2025.05'!F59 -> 0 | F9: =F8+E9 -> 0.222 | G9: 122.663 | H9: =F9*G9 -> 27.23 | I9: =H9-D9 -> -2.77 | J9: =(H9-D9)/D9 -> -0.0923 | K9: ='2025.05'!D59 -> 0 | L9: ='2025.05'!J59 -> 0 | M9: ='2025.05'!O59 -> 0 | AC9: ='2025.05'!$C$59 -> 0 | AD9: ='2025.05'!$E$59 -> 0.00 | AE9: ='2025.05'!$F$59 -> 0
A10: ='2025.06'!Q2 -> 2025.06 | B10: ='2025.06'!B59 -> 0 | C10: ='2025.06'!C59 -> 0 | D10: =D9+B10 -> 30 | E10: ='2025.06'!F59+'2025.06'!O55 -> 0.007 | F10: =F9+E10 -> 0.229 | G10: 123.142 | H10: =F10*G10 -> 28.2 | I10: =H10-D10 -> -1.8 | J10: =(H10-D10)/D10 -> -0.06 | K10: ='2025.06'!D59 -> 0 | L10: ='2025.06'!J59 -> 0 | M10: ='2025.06'!O59 -> 0 | AC10: ='2025.06'!$C$59 -> 0 | AD10: ='2025.06'!$E$59 -> 0.00 | AE10: ='2025.06'!$F$59 -> 0
A11: ='2025.07'!Q2 -> 2025.07 | B11: ='2025.07'!B59 -> 0 | C11: ='2025.07'!C59 -> 0 | D11: =D10+B11 -> 30 | E11: ='2025.07'!F59 -> 0 | F11: =F10+E11 -> 0.229 | G11: 128.973 | H11: =F11*G11 -> 29.53 | I11: =H11-D11 -> -0.47 | J11: =(H11-D11)/D11 -> -0.0157 | K11: ='2025.07'!D59 -> 0 | L11: ='2025.07'!J59 -> 0 | M11: ='2025.07'!O59 -> 0 | AC11: ='2025.07'!$C$59 -> 0 | AD11: ='2025.07'!$E$59 -> 0.00 | AE11: ='2025.07'!$F$59 -> 0
A12: ='2025.08'!Q2 -> 2025.08 | B12: ='2025.08'!B59 -> 0 | C12: ='2025.08'!C59 -> 0 | D12: =D11+B12 -> 30 | E12: ='2025.08'!F59 -> 0 | F12: =F11+E12 -> 0.229 | G12: 130.775 | H12: =F12*G12 -> 29.95 | I12: =H12-D12 -> -0.05 | J12: =(H12-D12)/D12 -> -0.0017 | K12: ='2025.08'!D59 -> 0 | L12: ='2025.08'!J59 -> 0 | M12: ='2025.08'!O59 -> 0 | AC12: ='2025.08'!$C$59 -> 0 | AD12: ='2025.08'!$E$59 -> 0.00 | AE12: ='2025.08'!$F$59 -> 0
A13: ='2025.09'!Q2 -> 2025.09 | B13: ='2025.09'!B59 -> 0 | C13: ='2025.09'!C59 -> 0 | D13: =D12+B13 -> 30 | E13: ='2025.09'!F59 -> 0 | F13: =F12+E13 -> 0.229 | G13: 132.906 | H13: =F13*G13 -> 30.44 | I13: =H13-D13 -> 0.44 | J13: =(H13-D13)/D13 -> 0.0147 | K13: ='2025.09'!D59 -> 0 | L13: ='2025.09'!J59 -> 0 | M13: ='2025.09'!O59 -> 0 | AC13: ='2025.09'!$C$59 -> 0 | AD13: ='2025.09'!$E$59 -> 0.00 | AE13: ='2025.09'!$F$59 -> 0
A14: ='2025.10'!Q2 -> 2025.1 | B14: ='2025.10'!B59 -> 0 | C14: ='2025.10'!C59 -> 0 | D14: =D13+B14 -> 30 | E14: ='2025.10'!F59 -> 0 | F14: =F13+E14 -> 0.229 | G14: 138.825 | H14: =F14*G14 -> 31.79 | I14: =H14-D14 -> 1.79 | J14: =(H14-D14)/D14 -> 0.0597 | K14: ='2025.10'!D59 -> 0 | L14: ='2025.10'!J59 -> 0 | M14: ='2025.10'!O59 -> 0 | AC14: ='2025.10'!$C$59 -> 0 | AD14: ='2025.10'!$E$59 -> 0.00 | AE14: ='2025.10'!$F$59 -> 0
A15: ='2025.11'!Q2 -> 2025.11 | B15: ='2025.11'!B59 -> 0 | C15: ='2025.11'!C59 -> 0 | D15: =D14+B15 -> 30 | E15: ='2025.11'!F59 -> 0 | F15: =F14+E15 -> 0.229 | G15: 136.499 | H15: =F15*G15 -> 31.26 | I15: =H15-D15 -> 1.26 | J15: =(H15-D15)/D15 -> 0.042 | K15: ='2025.11'!D59 -> 0 | L15: ='2025.11'!J59 -> 0 | M15: ='2025.11'!O59 -> 0 | AC15: ='2025.11'!$C$59 -> 0 | AD15: ='2025.11'!$E$59 -> 0.00 | AE15: ='2025.11'!$F$59 -> 0 | AF15: 45979 | AG15: =R5 -> 31.26

Sheet SEB Europe Exposure Fund UC
A1: SEBEEUD "SEB Europe Exposure fund" LU2625195974
A3: Data | B3: Suma, EUR | E3: Kiekis | G3: Mėnesio gale | K3: Mokesčiai | M3: Dividendai | O3: Europe | P3: Įnešta | Q3: Kiekis | R3: Parduota | S3: Pelnas | V3: Mokesčiai | X3: Dividendai | Y3: Vid. Kaina | AC3: Suma | AD3: Kaina | AE3: Kiekis | AF3: Pirkimas/pardavimas
B4: Įnešta | C4: Mėn. Inv. | D4: Viso Inv. | E4: Mėnesio | F4: Viso | G4: Kaina | H4: Vertė gale | I4: Pelnas | J4: % | K4: Pirkimas | L4: Pardavimas | S4: Eur. | T4: % | U4: XIRR | V4: Pirkimas | W4: Pardavimas | AF4: Data | AG4: Suma
A5: ='2025.03'!Q2 -> 2025.03 | B5: ='2025.03'!B69 -> 50 | C5: ='2025.03'!C69 -> 50 | D5: =B5 -> 50 | E5: ='2025.03'!F69 -> 0.391 | F5: =E5 -> 0.391 | G5: 125.816 | H5: =F5*G5 -> 49.19 | I5: =H5-D5 -> -0.81 | J5: =(H5-D5)/D5 -> -0.0162 | K5: ='2025.03'!D69 -> 0 | L5: ='2025.03'!J69 -> 0 | M5: ='2025.03'!O69 -> 0 | O5: Viso: | P5: =SUM(B5:B13) -> 50 | Q5: =SUM(E5:E13) -> 0.391 | R5: 53.24 | S5: =R5-P5+X5 -> 3.24 | T5: =(R5-P5+X5)/P5 -> 0.0648 | U5: =XIRR(AG5:AG65,AF5:AF65) -> 0.1015 | V5: =SUM(K5:K13) -> 0 | W5: =SUM(L5:L13) -> 0 | X5: =SUM(M5:M13) -> 0 | Y5: {=SUMPRODUCT(IFERROR(AD5:AD200,0),IFERROR(AE5:AE200,0))/SUM(IFERROR(AE5:AE200,0))} -> 127.88 | AC5: ='2025.03'!$C$69 -> 50 | AD5: ='2025.03'!$E$69 -> 127.88 | AE5: ='2025.03'!$F$69 -> 0.391 | AF5: ='2025.03'!$A$65 -> 45741 | AG5: ='2025.03'!$B$65*-1 -> -50
A6: ='2025.04'!Q2 -> 2025.04 | B6: ='2025.04'!B69 -> 0 | C6: ='2025.04'!C69 -> 0 | D6: =D5+B6 -> 50 | E6: ='2025.04'!F69 -> 0 | F6: =F5+E6 -> 0.391 | G6: 122.913 | H6: =F6*G6 -> 48.06 | I6: =H6-D6 -> -1.94 | J6: =(H6-D6)/D6 -> -0.0388 | K6: ='2025.04'!D69 -> 0 | L6: ='2025.04'!J69 -> 0 | M6: ='2025.04'!O69 -> 0 | AC6: ='2025.04'!$C$69 -> 0 | AD6: ='2025.04'!$E$69 -> 0.00 | AE6: ='2025.04'!$F$69 -> 0
A7: ='2025.05'!Q2 -> 2025.05 | B7: ='2025.05'!B69 -> 0 | C7: ='2025.05'!C69 -> 0 | D7: =D6+B7 -> 50 | E7: ='2025.05'!F69 -> 0 | F7: =F6+E7 -> 0.391 | G7: 129.372 | H7: =F7*G7 -> 50.58 | I7: =H7-D7 -> 0.58 | J7: =(H7-D7)/D7 -> 0.0116 | K7: ='2025.05'!D69 -> 0 | L7: ='2025.05'!J69 -> 0 | M7: ='2025.05'!O69 -> 0 | AC7: ='2025.05'!$C$69 -> 0 | AD7: ='2025.05'!$E$69 -> 0.00 | AE7: ='2025.05'!$F$69 -> 0
A8: ='2025.06'!Q2 -> 2025.06 | B8: ='2025.06'!B69 -> 0 | C8: ='2025.06'!C69 -> 0 | D8: =D7+B8 -> 50 | E8: ='2025.06'!F69 -> 0 | F8: =F7+E8 -> 0.391 | G8: 126.086 | H8: =F8*G8 -> 49.3 | I8: =H8-D8 -> -0.7 | J8: =(H8-D8)/D8 -> -0.014 | K8: ='2025.06'!D69 -> 0 | L8: ='2025.06'!J69 -> 0 | M8: ='2025.06'!O69 -> 0 | AC8: ='2025.06'!$C$69 -> 0 | AD8: ='2025.06'!$E$69 -> 0.00 | AE8: ='2025.06'!$F$69 -> 0
A9: ='2025.07'!Q2 -> 2025.07 | B9: ='2025.07'!B69 -> 0 | C9: ='2025.07'!C69 -> 0 | D9: =D8+B9 -> 50 | E9: ='2025.07'!F69 -> 0 | F9: =F8+E9 -> 0.391 | G9: 128.824 | H9: =F9*G9 -> 50.37 | I9: =H9-D9 -> 0.37 | J9: =(H9-D9)/D9 -> 0.0074 | K9: ='2025.07'!D69 -> 0 | L9: ='2025.07'!J69 -> 0 | M9: ='2025.07'!O69 -> 0 | AC9: ='2025.07'!$C$69 -> 0 | AD9: ='2025.07'!$E$69 -> 0.00 | AE9: ='2025.07'!$F$69 -> 0
A10: ='2025.08'!Q2 -> 2025.08 | B10: ='2025.08'!B69 -> 0 | C10: ='2025.08'!C69 -> 0 | D10: =D9+B10 -> 50 | E10: ='2025.08'!F69 -> 0 | F10: =F9+E10 -> 0.391 | G10: 130.194 | H10: =F10*G10 -> 50.91 | I10: =H10-D10 -> 0.91 | J10: =(H10-D10)/D10 -> 0.0182 | K10: ='2025.08'!D69 -> 0 | L10: ='2025.08'!J69 -> 0 | M10: ='2025.08'!O69 -> 0 | AC10: ='2025.08'!$C$69 -> 0 | AD10: ='2025.08'!$E$69 -> 0.00 | AE10: ='2025.08'!$F$69 -> 0
A11: ='2025.09'!Q2 -> 2025.09 | B11: ='2025.09'!B69 -> 0 | C11: ='2025.09'!C69 -> 0 | D11: =D10+B11 -> 50 | E11: ='2025.09'!F69 -> 0 | F11: =F10+E11 -> 0.391 | G11: 129.7 | H11: =F11*G11 -> 50.71 | I11: =H11-D11 -> 0.71 | J11: =(H11-D11)/D11 -> 0.0142 | K11: ='2025.09'!D69 -> 0 | L11: ='2025.09'!J69 -> 0 | M11: ='2025.09'!O69 -> 0 | AC11: ='2025.09'!$C$69 -> 0 | AD11: ='2025.09'!$E$69 -> 0.00 | AE11: ='2025.09'!$F$69 -> 0
A12: ='2025.10'!Q2 -> 2025.1 | B12: ='2025.10'!B69 -> 0 | C12: ='2025.10'!C69 -> 0 | D12: =D11+B12 -> 50 | E12: ='2025.10'!F69 -> 0 | F12: =F11+E12 -> 0.391 | G12: 134.83 | H12: =F12*G12 -> 52.72 | I12: =H12-D12 -> 2.72 | J12: =(H12-D12)/D12 -> 0.0544 | K12: ='2025.10'!D69 -> 0 | L12: ='2025.10'!J69 -> 0 | M12: ='2025.10'!O69 -> 0 | AC12: ='2025.10'!$C$69 -> 0 | AD12: ='2025.10'!$E$69 -> 0.00 | AE12: ='2025.10'!$F$69 -> 0
A13: ='2025.11'!Q2 -> 2025.11 | B13: ='2025.11'!B69 -> 0 | C13: ='2025.11'!C69 -> 0 | D13: =D12+B13 -> 50 | E13: ='2025.11'!F69 -> 0 | F13: =F12+E13 -> 0.391 | G13: 136.17 | H13: =F13*G13 -> 53.24 | I13: =H13-D13 -> 3.24 | J13: =(H13-D13)/D13 -> 0.0648 | K13: ='2025.11'!D69 -> 0 | L13: ='2025.11'!J69 -> 0 | M13: ='2025.11'!O69 -> 0 | AC13: ='2025.11'!$C$69 -> 0 | AD13: ='2025.11'!$E$69 -> 0.00 | AE13: ='2025.11'!$F$69 -> 0 | AF13: 45978 | AG13: =R5 -> 53.24

Sheet SEB US Exposure Fund UD
A1: SE3UUDE "SEB US Exposure fund" UD-mok. LU2625197327
A3: Data | B3: Suma, EUR | E3: Kiekis | G3: Mėnesio gale | K3: Mokesčiai | M3: Dividendai | O3: Europe | P3: Įnešta | Q3: Kiekis | R3: Parduota | S3: Pelnas | V3: Mokesčiai | X3: Dividendai | Y3: Vid. Kaina | AC3: Suma | AD3: Kaina | AE3: Kiekis | AF3: Pirkimas/pardavimas
B4: Įnešta | C4: Mėn. Inv. | D4: Viso Inv. | E4: Mėnesio | F4: Viso | G4: Kaina | H4: Vertė gale | I4: Pelnas | J4: % | K4: Pirkimas | L4: Pardavimas | S4: Eur. | T4: % | U4: XIRR | V4: Pirkimas | W4: Pardavimas | AF4: Data | AG4: Suma
A5: ='2025.04'!Q2 -> 2025.04 | B5: ='2025.04'!B79 -> 20 | C5: ='2025.04'!C79 -> 20 | D5: =B5 -> 20 | E5: ='2025.04'!F79 -> 0.172 | F5: =E5 -> 0.172 | G5: 120.238 | H5: =F5*G5 -> 20.68 | I5: =H5-D5 -> 0.68 | J5: =(H5-D5)/D5 -> 0.034 | K5: ='2025.04'!D79 -> 0 | L5: ='2025.04'!J79 -> 0 | M5: ='2025.04'!O79 -> 0 | O5: Viso: | P5: =SUM(B5:B12) -> 20 | Q5: =SUM(E5:E12) -> 0.176 | R5: 24.86 | S5: =R5-P5+X5 -> 4.86 | T5: =(R5-P5+X5)/P5 -> 0.243 | U5: =XIRR(AG5:AG65,AF5:AF65) -> 0.4702 | V5: =SUM(K5:K12) -> 0 | W5: =SUM(L5:L12) -> 0 | X5: =SUM(M5:M12) -> 0 | Y5: {=SUMPRODUCT(IFERROR(AD5:AD200,0),IFERROR(AE5:AE200,0))/SUM(IFERROR(AE5:AE200,0))} -> 116.28 | AC5: ='2025.04'!$C$79 -> 20 | AD5: ='2025.04'!$E$79 -> 116.28 | AE5: ='2025.04'!$F$79 -> 0.172 | AF5: ='2025.04'!$A$75 -> 45772 | AG5: ='2025.04'!$B$75*-1 -> -20
A6: ='2025.05'!Q2 -> 2025.05 | B6: ='2025.05'!B79 -> 0 | C6: ='2025.05'!C79 -> 0 | D6: =D5+B6 -> 20 | E6: ='2025.05'!F79 -> 0 | F6: =F5+E6 -> 0.172 | G6: 125.993 | H6: =F6*G6 -> 21.67 | I6: =H6-D6 -> 1.67 | J6: =(H6-D6)/D6 -> 0.0835 | K6: ='2025.05'!D79 -> 0 | L6: ='2025.05'!J79 -> 0 | M6: ='2025.05'!O79 -> 0 | AC6: ='2025.05'!$C$79 -> 0 | AD6: ='2025.05'!$E$79 -> 0.00 | AE6: ='2025.05'!$F$79 -> 0
A7: ='2025.06'!Q2 -> 2025.06 | B7: ='2025.06'!B79 -> 0 | C7: ='2025.06'!C79 -> 0 | D7: =D6+B7 -> 20 | E7: ='2025.06'!F79+'2025.06'!O35 -> 0.004 | F7: =F6+E7 -> 0.176 | G7: 127.189 | H7: =F7*G7 -> 22.39 | I7: =H7-D7 -> 2.39 | J7: =(H7-D7)/D7 -> 0.1195 | K7: ='2025.06'!D79 -> 0 | L7: ='2025.06'!J79 -> 0 | M7: ='2025.06'!O79 -> 0 | AC7: ='2025.06'!$C$79 -> 0 | AD7: ='2025.06'!$E$79 -> 0.00 | AE7: ='2025.06'!$F$79 -> 0
A8: ='2025.07'!Q2 -> 2025.07 | B8: ='2025.07'!B79 -> 0 | C8: ='2025.07'!C79 -> 0 | D8: =D7+B8 -> 20 | E8: ='2025.07'!F79 -> 0 | F8: =F7+E8 -> 0.176 | G8: 134.321 | H8: =F8*G8 -> 23.64 | I8: =H8-D8 -> 3.64 | J8: =(H8-D8)/D8 -> 0.182 | K8: ='2025.07'!D79 -> 0 | L8: ='2025.07'!J79 -> 0 | M8: ='2025.07'!O79 -> 0 | AC8: ='2025.07'!$C$79 -> 0 | AD8: ='2025.07'!$E$79 -> 0.00 | AE8: ='2025.07'!$F$79 -> 0
A9: ='2025.08'!Q2 -> 2025.08 | B9: ='2025.08'!B79 -> 0 | C9: ='2025.08'!C79 -> 0 | D9: =D8+B9 -> 20 | E9: ='2025.08'!F79 -> 0 | F9: =F8+E9 -> 0.176 | G9: 135.985 | H9: =F9*G9 -> 23.93 | I9: =H9-D9 -> 3.93 | J9: =(H9-D9)/D9 -> 0.1965 | K9: ='2025.08'!D79 -> 0 | L9: ='2025.08'!J79 -> 0 | M9: ='2025.08'!O79 -> 0 | AC9: ='2025.08'!$C$79 -> 0 | AD9: ='2025.08'!$E$79 -> 0.00 | AE9: ='2025.08'!$F$79 -> 0
A10: ='2025.09'!Q2 -> 2025.09 | B10: ='2025.09'!B79 -> 0 | C10: ='2025.09'!C79 -> 0 | D10: =D9+B10 -> 20 | E10: ='2025.09'!F79 -> 0 | F10: =F9+E10 -> 0.176 | G10: 138.511 | H10: =F10*G10 -> 24.38 | I10: =H10-D10 -> 4.38 | J10: =(H10-D10)/D10 -> 0.219 | K10: ='2025.09'!D79 -> 0 | L10: ='2025.09'!J79 -> 0 | M10: ='2025.09'!O79 -> 0 | AC10: ='2025.09'!$C$79 -> 0 | AD10: ='2025.09'!$E$79 -> 0.00 | AE10: ='2025.09'!$F$79 -> 0
A11: ='2025.10'!Q2 -> 2025.1 | B11: ='2025.10'!B79 -> 0 | C11: ='2025.10'!C79 -> 0 | D11: =D10+B11 -> 20 | E11: ='2025.10'!F79 -> 0 | F11: =F10+E11 -> 0.176 | G11: 144.612 | H11: =F11*G11 -> 25.45 | I11: =H11-D11 -> 5.45 | J11: =(H11-D11)/D11 -> 0.2725 | K11: ='2025.10'!D79 -> 0 | L11: ='2025.10'!J79 -> 0 | M11: ='2025.10'!O79 -> 0 | AC11: ='2025.10'!$C$79 -> 0 | AD11: ='2025.10'!$E$79 -> 0.00 | AE11: ='2025.10'!$F$79 -> 0
A12: ='2025.11'!Q2 -> 2025.11 | B12: ='2025.11'!B79 -> 0 | C12: ='2025.11'!C79 -> 0 | D12: =D11+B12 -> 20 | E12: ='2025.11'!F79 -> 0 | F12: =F11+E12 -> 0.176 | G12: 141.227 | H12: =F12*G12 -> 24.86 | I12: =H12-D12 -> 4.86 | J12: =(H12-D12)/D12 -> 0.243 | K12: ='2025.10'!D80 -> 0 | L12: ='2025.10'!J80 -> 0 | M12: ='2025.10'!O80 -> 0 | AC12: ='2025.11'!$C$79 -> 0 | AD12: ='2025.11'!$E$79 -> 0.00 | AE12: ='2025.11'!$F$79 -> 0 | AF12: 45978 | AG12: =R5 -> 24.86

Sheet SEB Europe Exposure Fund UD
A1: SEBEUDI "SEB Europe Exposure Fund" UD-mok. LU2625196196
A3: Data | B3: Suma, EUR | E3: Kiekis | G3: Mėnesio gale | K3: Mokesčiai | M3: Dividendai | O3: Europe | P3: Įnešta | Q3: Kiekis | R3: Parduota | S3: Pelnas | V3: Mokesčiai | X3: Dividendai | Y3: Vid. Kaina | AC3: Suma | AD3: Kaina | AE3: Kiekis | AF3: Pirkimas/pardavimas
B4: Įnešta | C4: Mėn. Inv. | D4: Viso Inv. | E4: Mėnesio | F4: Viso | G4: Kaina | H4: Vertė gale | I4: Pelnas | J4: % | K4: Pirkimas | L4: Pardavimas | S4: Eur. | T4: % | U4: XIRR | V4: Pirkimas | W4: Pardavimas | AF4: Data | AG4: Suma
A5: ='2025.05'!Q2 -> 2025.05 | B5: ='2025.05'!B89 -> 10 | C5: ='2025.05'!C89 -> 10 | D5: =B5 -> 10 | E5: ='2025.05'!F89 -> 0.081 | F5: =E5 -> 0.081 | G5: 121.49 | H5: =F5*G5 -> 9.84 | I5: =H5-D5 -> -0.16 | J5: =(H5-D5)/D5 -> -0.016 | K5: ='2025.05'!D89 -> 0 | L5: ='2025.05'!J89 -> 0 | M5: ='2025.05'!O89 -> 0 | O5: Viso: | P5: =SUM(B5:B32) -> 10 | Q5: =SUM(E5:E32) -> 0.084 | R5: 10.73 | S5: =R5-P5+X5 -> 0.73 | T5: =(R5-P5+X5)/P5 -> 0.073 | U5: =XIRR(AG5:AG65,AF5:AF65) -> 0.1527 | V5: =SUM(K5:K32) -> 0 | W5: =SUM(L5:L32) -> 0 | X5: =SUM(M5:M32) -> 0 | Y5: {=SUMPRODUCT(IFERROR(AD5:AD200,0),IFERROR(AE5:AE200,0))/SUM(IFERROR(AE5:AE200,0))} -> 123.46 | AC5: ='2025.05'!$C$89 -> 10 | AD5: ='2025.05'!$E$89 -> 123.46 | AE5: ='2025.05'!$F$89 -> 0.081 | AF5: ='2025.05'!$A$85 -> 45793 | AG5: ='2025.05'!$B$85*-1 -> -10
A6: ='2025.06'!Q2 -> 2025.06 | B6: ='2025.06'!B89 -> 0 | C6: ='2025.06'!C89 -> 0 | D6: =D5+B6 -> 10 | E6: ='2025.06'!F89+'2025.06'!O85 -> 0.003 | F6: =F5+E6 -> 0.084 | G6: 118.405 | H6: =F6*G6 -> 9.95 | I6: =H6-D6 -> -0.05 | J6: =(H6-D6)/D6 -> -0.005 | K6: ='2025.06'!D89 -> 0 | L6: ='2025.06'!J89 -> 0 | M6: ='2025.06'!O89 -> 0 | AC6: ='2025.06'!$C$89 -> 0 | AD6: ='2025.06'!$E$89 -> 0.00 | AE6: ='2025.06'!$F$89 -> 0
A7: ='2025.07'!Q2 -> 2025.07 | B7: ='2025.07'!B89 -> 0 | C7: ='2025.07'!C89 -> 0 | D7: =D6+B7 -> 10 | E7: ='2025.07'!F89 -> 0 | F7: =F6+E7 -> 0.084 | G7: 120.976 | H7: =F7*G7 -> 10.16 | I7: =H7-D7 -> 0.16 | J7: =(H7-D7)/D7 -> 0.016 | K7: ='2025.07'!D89 -> 0 | L7: ='2025.07'!J89 -> 0 | M7: ='2025.07'!O89 -> 0 | AC7: ='2025.07'!$C$89 -> 0 | AD7: ='2025.07'!$E$89 -> 0.00 | AE7: ='2025.07'!$F$89 -> 0
A8: ='2025.08'!Q2 -> 2025.08 | B8: ='2025.08'!B89 -> 0 | C8: ='2025.08'!C89 -> 0 | D8: =D7+B8 -> 10 | E8: ='2025.08'!F89 -> 0 | F8: =F7+E8 -> 0.084 | G8: 122.263 | H8: =F8*G8 -> 10.27 | I8: =H8-D8 -> 0.27 | J8: =(H8-D8)/D8 -> 0.027 | K8: ='2025.08'!D89 -> 0 | L8: ='2025.08'!J89 -> 0 | M8: ='2025.08'!O89 -> 0 | AC8: ='2025.08'!$C$89 -> 0 | AD8: ='2025.08'!$E$89 -> 0.00 | AE8: ='2025.08'!$F$89 -> 0
A9: ='2025.09'!Q2 -> 2025.09 | B9: ='2025.09'!B89 -> 0 | C9: ='2025.09'!C89 -> 0 | D9: =D8+B9 -> 10 | E9: ='2025.09'!F89 -> 0 | F9: =F8+E9 -> 0.084 | G9: 121.799 | H9: =F9*G9 -> 10.23 | I9: =H9-D9 -> 0.23 | J9: =(H9-D9)/D9 -> 0.023 | K9: ='2025.09'!D89 -> 0 | L9: ='2025.09'!J89 -> 0 | M9: ='2025.09'!O89 -> 0 | AC9: ='2025.09'!$C$89 -> 0 | AD9: ='2025.09'!$E$89 -> 0.00 | AE9: ='2025.09'!$F$89 -> 0
A10: ='2025.10'!Q2 -> 2025.1 | B10: ='2025.10'!B89 -> 0 | C10: ='2025.10'!C89 -> 0 | D10: =D9+B10 -> 10 | E10: ='2025.10'!F89 -> 0 | F10: =F9+E10 -> 0.084 | G10: 126.616 | H10: =F10*G10 -> 10.64 | I10: =H10-D10 -> 0.64 | J10: =(H10-D10)/D10 -> 0.064 | K10: ='2025.10'!D89 -> 0 | L10: ='2025.10'!J89 -> 0 | M10: ='2025.10'!O89 -> 0 | AC10: ='2025.10'!$C$89 -> 0 | AD10: ='2025.10'!$E$89 -> 0.00 | AE10: ='2025.10'!$F$89 -> 0
A11: ='2025.11'!Q2 -> 2025.11 | B11: ='2025.11'!B89 -> 0 | C11: ='2025.11'!C89 -> 0 | D11: =D10+B11 -> 10 | E11: ='2025.11'!F89 -> 0 | F11: =F10+E11 -> 0.084 | G11: 127.756 | H11: =F11*G11 -> 10.73 | I11: =H11-D11 -> 0.73 | J11: =(H11-D11)/D11 -> 0.073 | K11: ='2025.11'!D89 -> 0 | L11: ='2025.11'!J89 -> 0 | M11: ='2025.11'!O89 -> 0 | AC11: ='2025.11'!$C$89 -> 0 | AD11: ='2025.11'!$E$89 -> 0.00 | AE11: ='2025.11'!$F$89 -> 0 | AF11: 45974 | AG11: =R5 -> 10.73

Sheet 2026.06
Q2: 2026.06
Q3: Įnešta | R3: Išvesta | S3: Investuota | T3: Parduota | U3: Mokesčiai | X3: Dividendai
U4: Pirkimas | V4: Saugojimas | W4: Pardavimas
Q5: =(B19+B29+B39+B49+B59+B69+B79+B89+B99+B109) -> 20 | R5: =T5 -> 1742.8 | S5: =(C19+C29+C39+C49+C59+C69+C79+C89+C99+C109) -> 20 | T5: =(I19+I29+I39+I49+I59+I69+I79+I89+I99+I109)-W5 -> 1742.8 | U5: =D19+D29+D39+D49+D59+D69+D79+D89+D99+D109 -> 0 | V5: 1 | W5: =J19+J29+J39+J49+J59+J69+J79+J89+J99+J109 -> 0 | X5: =O19+O29+O39+O49+O59+O69+O79+O89+O99+O109 -> 0
A12: SESA5FE SS „SEB Active 55“ SE0016076046
A13: Pirkimas | H13: Pardavimas | N13: Dividendai
A14: Data | B14: Suma, EUR | C14: Invest. | D14: Mokestis | E14: Kaina | F14: Kiekis | H14: Data | I14: Suma,EUR | J14: Mokestis | K14: Kaina | L14: Kiekis | N14: Data | O14: Suma,EUR
A15: 46190 | B15: 20 | C15: 20 | D15: =B15-C15 -> 0 | E15: 149.3652 | F15: =C15/E15 -> 0.1339 | H15: 46198 | I15: 1112.62 | J15: 0 | K15: 150.0577 | L15: =I15/K15 -> 7.4146
A19: Viso: | B19: =SUM(B15:B18) -> 20 | C19: =SUM(C15:C18) -> 20 | D19: =SUM(D15:D18) -> 0 | E19: =IF(B19>0,SUMPRODUCT(E15:E18,F15:F18)/SUM(F15:F18),"0.00") -> 149.3652 | F19: =SUM(F15:F18) -> 0.1339 | H19: Viso: | I19: =SUM(I15:I18) -> 1112.62 | J19: =SUM(J15:J18) -> 0 | L19: =SUM(L15:L18) -> 7.4146 | N19: Viso: | O19: =SUM(O15:O18) -> 0
A22: SESA8FE SS „SEB Active 80“ SE0016076111
A23: Pirkimas | H23: Pardavimas | N23: Dividendai
A24: Data | B24: Suma, EUR | C24: Invest. | D24: Mokestis | E24: Kaina | F24: Kiekis | H24: Data | I24: Suma,EUR | J24: Mokestis | K24: Kaina | L24: Kiekis | N24: Data | O24: Suma,EUR
H25: 46191 | I25: 630.18 | J25: 0 | K25: 172.2605 | L25: =I25/K25 -> 3.6583
A29: Viso: | B29: =SUM(B25:B28) -> 0 | C29: =SUM(C25:C28) -> 0 | D29: =SUM(D25:D28) -> 0 | E29: =IF(B29>0,SUMPRODUCT(E25:E28,F25:F28)/SUM(F25:F28),"0.00") -> 0.00 | F29: =SUM(F25:F28) -> 0 | H29: Viso: | I29: =SUM(I25:I28) -> 630.18 | J29: =SUM(J25:J28) -> 0 | L29: =SUM(L25:L28) -> 3.6583 | N29: Viso: | O29: =SUM(O25:O28) -> 0
A32: SESTUDI LX „SEB Artificial Intelligence Fund" LU2249630257
A33: Pirkimas | H33: Pardavimas | N33: Dividendai
A34: Data | B34: Suma, USD | C34: Invest. | D34: Kursas | E34: Kaina | F34: Kiekis | H34: Data | I34: Suma,EUR | J34: Mokestis | K34: Kaina | L34: Kiekis | N34: Data | O34: Suma, vnt.
A39: Eur. | B39: =SUM(B35:B38) -> 0 | C39: =SUM(C35:C38) -> 0 | D39: =SUM(D35:D38) -> 0 | E39: =IF(B39>0,SUMPRODUCT(E35:E38,F35:F38)/SUM(F35:F38),"0.00") -> 0.00 | F39: =SUM(F35:F38) -> 0 | H39: Viso: | I39: =SUM(I35:I38) -> 0 | J39: =SUM(J35:J38) -> 0 | L39: =SUM(L35:L38) -> 0 | N39: Viso:
A42: SEHYUCE LX „SEB Global High Yield Fund" LY1791749010
A43: Pirkimas | H43: Pardavimas | N43: Dividendai
A44: Data | B44: Suma, EUR | C44: Invest. | D44: Mokestis | E44: Kaina | F44: Kiekis | H44: Data | I44: Suma,EUR | J44: Mokestis | K44: Kaina | L44: Kiekis | N44: Data | O44: Suma,EUR
A49: Viso: | B49: =SUM(B45:B48) -> 0 | C49: =SUM(C45:C48) -> 0 | D49: =SUM(D45:D48) -> 0 | E49: =IF(B49>0,SUMPRODUCT(E45:E48,F45:F48)/SUM(F45:F48),"0.00") -> 0.00 | F49: =SUM(F45:F48) -> 0 | H49: Viso: | I49: =SUM(I45:I48) -> 0 | J49: =SUM(J45:J48) -> 0 | L49: =SUM(L45:L48) -> 0 | N49: Viso: | O49: =SUM(O45:O48) -> 0
A52: SEBGEUD "SEB Global Exposure fund" UD-mok. LU2625197160
A53: Pirkimas | H53: Pardavimas | N53: Dividendai
A54: Data | B54: Suma, EUR | C54: Invest. | D54: Mokestis | E54: Kaina | F54: Kiekis | H54: Data | I54: Suma,EUR | J54: Mokestis | K54: Kaina | L54: Kiekis | N54: Data | O54: Suma, vnt.
A59: Viso: | B59: =SUM(B55:B58) -> 0 | C59: =SUM(C55:C58) -> 0 | D59: =SUM(D55:D58) -> 0 | E59: =IF(B59>0,SUMPRODUCT(E55:E58,F55:F58)/SUM(F55:F58),"0.00") -> 0.00 | F59: =SUM(F55:F58) -> 0 | H59: Viso: | I59: =SUM(I55:I58) -> 0 | J59: =SUM(J55:J58) -> 0 | L59: =SUM(L55:L58) -> 0 | N59: Viso:
A62: SEBEEUD "SEB Europe Exposure fund" LU2625195974
A63: Pirkimas | H63: Pardavimas | N63: Dividendai
A64: Data | B64: Suma, EUR | C64: Invest. | D64: Mokestis | E64: Kaina | F64: Kiekis | H64: Data | I64: Suma,EUR | J64: Mokestis | K64: Kaina | L64: Kiekis | N64: Data | O64: Suma,EUR
A69: Viso: | B69: =SUM(B65:B68) -> 0 | C69: =SUM(C65:C68) -> 0 | D69: =SUM(D65:D68) -> 0 | E69: =IF(B69>0,SUMPRODUCT(E65:E68,F65:F68)/SUM(F65:F68),"0.00") -> 0.00 | F69: =SUM(F65:F68) -> 0 | H69: Viso: | I69: =SUM(I65:I68) -> 0 | J69: =SUM(J65:J68) -> 0 | L69: =SUM(L65:L68) -> 0 | N69: Viso: | O69: =SUM(O65:O68) -> 0
A72: SE3UUDE "SEB US Exposure fund" UD-mok. LU2625197327
A73: Pirkimas | H73: Pardavimas | N73: Dividendai
A74: Data | B74: Suma, EUR | C74: Invest. | D74: Mokestis | E74: Kaina | F74: Kiekis | H74: Data | I74: Suma,EUR | J74: Mokestis | K74: Kaina | L74: Kiekis | N74: Data | O74: Suma, vnt.
A79: Viso: | B79: =SUM(B75:B78) -> 0 | C79: =SUM(C75:C78) -> 0 | D79: =SUM(D75:D78) -> 0 | E79: =IF(B79>0,SUMPRODUCT(E75:E78,F75:F78)/SUM(F75:F78),"0.00") -> 0.00 | F79: =SUM(F75:F78) -> 0 | H79: Viso: | I79: =SUM(I75:I78) -> 0 | J79: =SUM(J75:J78) -> 0 | L79: =SUM(L75:L78) -> 0 | N79: Viso:
A82: SEBEUDI "SEB Europe Exposure Fund" UD-mok. LU2625196196
A83: Pirkimas | H83: Pardavimas | N83: Dividendai
A84: Data | B84: Suma, EUR | C84: Invest. | D84: Mokestis | E84: Kaina | F84: Kiekis | H84: Data | I84: Suma,EUR | J84: Mokestis | K84: Kaina | L84: Kiekis | N84: Data | O84: Suma, vnt.
A89: Viso: | B89: =SUM(B85:B88) -> 0 | C89: =SUM(C85:C88) -> 0 | D89: =SUM(D85:D88) -> 0 | E89: =IF(B89>0,SUMPRODUCT(E85:E88,F85:F88)/SUM(F85:F88),"0.00") -> 0.00 | F89: =SUM(F85:F88) -> 0 | H89: Viso: | I89: =SUM(I85:I88) -> 0 | J89: =SUM(J85:J88) -> 0 | L89: =SUM(L85:L88) -> 0 | N89: Viso:

Sheet 2026.05
Q2: 2026.05
Q3: Įnešta | R3: Išvesta | S3: Investuota | T3: Parduota | U3: Mokesčiai | X3: Dividendai
U4: Pirkimas | V4: Saugojimas | W4: Pardavimas
Q5: =(B19+B29+B39+B49+B59+B69+B79+B89+B99+B109) -> 40 | R5: =T5 -> 0 | S5: =(C19+C29+C39+C49+C59+C69+C79+C89+C99+C109) -> 40 | T5: =(I19+I29+I39+I49+I59+I69+I79+I89+I99+I109)-W5 -> 0 | U5: =D19+D29+D39+D49+D59+D69+D79+D89+D99+D109 -> 0 | V5: 0.54 | W5: =J19+J29+J39+J49+J59+J69+J79+J89+J99+J109 -> 0 | X5: =O19+O29+O39+O49+O59+O69+O79+O89+O99+O109 -> 0
A12: SESA5FE SS „SEB Active 55“ SE0016076046
A13: Pirkimas | H13: Pardavimas | N13: Dividendai
A14: Data | B14: Suma, EUR | C14: Invest. | D14: Mokestis | E14: Kaina | F14: Kiekis | H14: Data | I14: Suma,EUR | J14: Mokestis | K14: Kaina | L14: Kiekis | N14: Data | O14: Suma,EUR
A15: 46157 | B15: 20 | C15: 20 | D15: =B15-C15 -> 0 | E15: 145.45454 | F15: =C15/E15 -> 0.1375
A19: Viso: | B19: =SUM(B15:B18) -> 20 | C19: =SUM(C15:C18) -> 20 | D19: =SUM(D15:D18) -> 0 | E19: =IF(B19>0,SUMPRODUCT(E15:E18,F15:F18)/SUM(F15:F18),"0.00") -> 145.45454 | F19: =SUM(F15:F18) -> 0.1375 | H19: Viso: | I19: =SUM(I15:I18) -> 0 | J19: =SUM(J15:J18) -> 0 | L19: =SUM(L15:L18) -> 0 | N19: Viso: | O19: =SUM(O15:O18) -> 0
A22: SESA8FE SS „SEB Active 80“ SE0016076111
A23: Pirkimas | H23: Pardavimas | N23: Dividendai
A24: Data | B24: Suma, EUR | C24: Invest. | D24: Mokestis | E24: Kaina | F24: Kiekis | H24: Data | I24: Suma,EUR | J24: Mokestis | K24: Kaina | L24: Kiekis | N24: Data | O24: Suma,EUR
A25: 46171 | B25: 20 | C25: 20 | D25: =B25-C25 -> 0 | E25: 171.37961 | F25: =C25/E25 -> 0.1167
A29: Viso: | B29: =SUM(B25:B28) -> 20 | C29: =SUM(C25:C28) -> 20 | D29: =SUM(D25:D28) -> 0 | E29: =IF(B29>0,SUMPRODUCT(E25:E28,F25:F28)/SUM(F25:F28),"0.00") -> 171.37961 | F29: =SUM(F25:F28) -> 0.1167 | H29: Viso: | I29: =SUM(I25:I28) -> 0 | J29: =SUM(J25:J28) -> 0 | L29: =SUM(L25:L28) -> 0 | N29: Viso: | O29: =SUM(O25:O28) -> 0
A32: SESTUDI LX „SEB Artificial Intelligence Fund" LU2249630257
A33: Pirkimas | H33: Pardavimas | N33: Dividendai
A34: Data | B34: Suma, USD | C34: Invest. | D34: Kursas | E34: Kaina | F34: Kiekis | H34: Data | I34: Suma,EUR | J34: Mokestis | K34: Kaina | L34: Kiekis | N34: Data | O34: Suma, vnt.
A39: Eur. | B39: =SUM(B35:B38) -> 0 | C39: =SUM(C35:C38) -> 0 | D39: =SUM(D35:D38) -> 0 | E39: =IF(B39>0,SUMPRODUCT(E35:E38,F35:F38)/SUM(F35:F38),"0.00") -> 0.00 | F39: =SUM(F35:F38) -> 0 | H39: Viso: | I39: =SUM(I35:I38) -> 0 | J39: =SUM(J35:J38) -> 0 | L39: =SUM(L35:L38) -> 0 | N39: Viso:
A42: SEHYUCE LX „SEB Global High Yield Fund" LY1791749010
A43: Pirkimas | H43: Pardavimas | N43: Dividendai
A44: Data | B44: Suma, EUR | C44: Invest. | D44: Mokestis | E44: Kaina | F44: Kiekis | H44: Data | I44: Suma,EUR | J44: Mokestis | K44: Kaina | L44: Kiekis | N44: Data | O44: Suma,EUR
A49: Viso: | B49: =SUM(B45:B48) -> 0 | C49: =SUM(C45:C48) -> 0 | D49: =SUM(D45:D48) -> 0 | E49: =IF(B49>0,SUMPRODUCT(E45:E48,F45:F48)/SUM(F45:F48),"0.00") -> 0.00 | F49: =SUM(F45:F48) -> 0 | H49: Viso: | I49: =SUM(I45:I48) -> 0 | J49: =SUM(J45:J48) -> 0 | L49: =SUM(L45:L48) -> 0 | N49: Viso: | O49: =SUM(O45:O48) -> 0
A52: SEBGEUD "SEB Global Exposure fund" UD-mok. LU2625197160
A53: Pirkimas | H53: Pardavimas | N53: Dividendai
A54: Data | B54: Suma, EUR | C54: Invest. | D54: Mokestis | E54: Kaina | F54: Kiekis | H54: Data | I54: Suma,EUR | J54: Mokestis | K54: Kaina | L54: Kiekis | N54: Data | O54: Suma, vnt.
A59: Viso: | B59: =SUM(B55:B58) -> 0 | C59: =SUM(C55:C58) -> 0 | D59: =SUM(D55:D58) -> 0 | E59: =IF(B59>0,SUMPRODUCT(E55:E58,F55:F58)/SUM(F55:F58),"0.00") -> 0.00 | F59: =SUM(F55:F58) -> 0 | H59: Viso: | I59: =SUM(I55:I58) -> 0 | J59: =SUM(J55:J58) -> 0 | L59: =SUM(L55:L58) -> 0 | N59: Viso:
A62: SEBEEUD "SEB Europe Exposure fund" LU2625195974
A63: Pirkimas | H63: Pardavimas | N63: Dividendai
A64: Data | B64: Suma, EUR | C64: Invest. | D64: Mokestis | E64: Kaina | F64: Kiekis | H64: Data | I64: Suma,EUR | J64: Mokestis | K64: Kaina | L64: Kiekis | N64: Data | O64: Suma,EUR
A69: Viso: | B69: =SUM(B65:B68) -> 0 | C69: =SUM(C65:C68) -> 0 | D69: =SUM(D65:D68) -> 0 | E69: =IF(B69>0,SUMPRODUCT(E65:E68,F65:F68)/SUM(F65:F68),"0.00") -> 0.00 | F69: =SUM(F65:F68) -> 0 | H69: Viso: | I69: =SUM(I65:I68) -> 0 | J69: =SUM(J65:J68) -> 0 | L69: =SUM(L65:L68) -> 0 | N69: Viso: | O69: =SUM(O65:O68) -> 0
A72: SE3UUDE "SEB US Exposure fund" UD-mok. LU2625197327
A73: Pirkimas | H73: Pardavimas | N73: Dividendai
A74: Data | B74: Suma, EUR | C74: Invest. | D74: Mokestis | E74: Kaina | F74: Kiekis | H74: Data | I74: Suma,EUR | J74: Mokestis | K74: Kaina | L74: Kiekis | N74: Data | O74: Suma, vnt.
A79: Viso: | B79: =SUM(B75:B78) -> 0 | C79: =SUM(C75:C78) -> 0 | D79: =SUM(D75:D78) -> 0 | E79: =IF(B79>0,SUMPRODUCT(E75:E78,F75:F78)/SUM(F75:F78),"0.00") -> 0.00 | F79: =SUM(F75:F78) -> 0 | H79: Viso: | I79: =SUM(I75:I78) -> 0 | J79: =SUM(J75:J78) -> 0 | L79: =SUM(L75:L78) -> 0 | N79: Viso:
A82: SEBEUDI "SEB Europe Exposure Fund" UD-mok. LU2625196196
A83: Pirkimas | H83: Pardavimas | N83: Dividendai
A84: Data | B84: Suma, EUR | C84: Invest. | D84: Mokestis | E84: Kaina | F84: Kiekis | H84: Data | I84: Suma,EUR | J84: Mokestis | K84: Kaina | L84: Kiekis | N84: Data | O84: Suma, vnt.
A89: Viso: | B89: =SUM(B85:B88) -> 0 | C89: =SUM(C85:C88) -> 0 | D89: =SUM(D85:D88) -> 0 | E89: =IF(B89>0,SUMPRODUCT(E85:E88,F85:F88)/SUM(F85:F88),"0.00") -> 0.00 | F89: =SUM(F85:F88) -> 0 | H89: Viso: | I89: =SUM(I85:I88) -> 0 | J89: =SUM(J85:J88) -> 0 | L89: =SUM(L85:L88) -> 0 | N89: Viso:

Sheet 2026.04
Q2: 2026.04
Q3: Įnešta | R3: Išvesta | S3: Investuota | T3: Parduota | U3: Mokesčiai | X3: Dividendai
U4: Pirkimas | V4: Saugojimas | W4: Pardavimas
Q5: =(B19+B29+B39+B49+B59+B69+B79+B89+B99+B109) -> 40 | R5: =T5 -> 0 | S5: =(C19+C29+C39+C49+C59+C69+C79+C89+C99+C109) -> 40 | T5: =(I19+I29+I39+I49+I59+I69+I79+I89+I99+I109)-W5 -> 0 | U5: =D19+D29+D39+D49+D59+D69+D79+D89+D99+D109 -> 0 | V5: 0.52 | W5: =J19+J29+J39+J49+J59+J69+J79+J89+J99+J109 -> 0 | X5: =O19+O29+O39+O49+O59+O69+O79+O89+O99+O109 -> 0
A12: SESA5FE SS „SEB Active 55“ SE0016076046
A13: Pirkimas | H13: Pardavimas | N13: Dividendai
A14: Data | B14: Suma, EUR | C14: Invest. | D14: Mokestis | E14: Kaina | F14: Kiekis | H14: Data | I14: Suma,EUR | J14: Mokestis | K14: Kaina | L14: Kiekis | N14: Data | O14: Suma,EUR
A15: 46128 | B15: 20 | C15: 20 | D15: =B15-C15 -> 0 | E15: 141.84397 | F15: =C15/E15 -> 0.141
A19: Viso: | B19: =SUM(B15:B18) -> 20 | C19: =SUM(C15:C18) -> 20 | D19: =SUM(D15:D18) -> 0 | E19: =IF(B19>0,SUMPRODUCT(E15:E18,F15:F18)/SUM(F15:F18),"0.00") -> 141.84397 | F19: =SUM(F15:F18) -> 0.141 | H19: Viso: | I19: =SUM(I15:I18) -> 0 | J19: =SUM(J15:J18) -> 0 | L19: =SUM(L15:L18) -> 0 | N19: Viso: | O19: =SUM(O15:O18) -> 0
A22: SESA8FE SS „SEB Active 80“ SE0016076111
A23: Pirkimas | H23: Pardavimas | N23: Dividendai
A24: Data | B24: Suma, EUR | C24: Invest. | D24: Mokestis | E24: Kaina | F24: Kiekis | H24: Data | I24: Suma,EUR | J24: Mokestis | K24: Kaina | L24: Kiekis | N24: Data | O24: Suma,EUR
A25: 46142 | B25: 20 | C25: 20 | D25: =B25-C25 -> 0 | E25: 162.86645 | F25: =C25/E25 -> 0.1228
A29: Viso: | B29: =SUM(B25:B28) -> 20 | C29: =SUM(C25:C28) -> 20 | D29: =SUM(D25:D28) -> 0 | E29: =IF(B29>0,SUMPRODUCT(E25:E28,F25:F28)/SUM(F25:F28),"0.00") -> 162.86645 | F29: =SUM(F25:F28) -> 0.1228 | H29: Viso: | I29: =SUM(I25:I28) -> 0 | J29: =SUM(J25:J28) -> 0 | L29: =SUM(L25:L28) -> 0 | N29: Viso: | O29: =SUM(O25:O28) -> 0
A32: SESTUDI LX „SEB Artificial Intelligence Fund" LU2249630257
A33: Pirkimas | H33: Pardavimas | N33: Dividendai
A34: Data | B34: Suma, USD | C34: Invest. | D34: Kursas | E34: Kaina | F34: Kiekis | H34: Data | I34: Suma,EUR | J34: Mokestis | K34: Kaina | L34: Kiekis | N34: Data | O34: Suma, vnt.
A39: Eur. | B39: =SUM(B35:B38) -> 0 | C39: =SUM(C35:C38) -> 0 | D39: =SUM(D35:D38) -> 0 | E39: =IF(B39>0,SUMPRODUCT(E35:E38,F35:F38)/SUM(F35:F38),"0.00") -> 0.00 | F39: =SUM(F35:F38) -> 0 | H39: Viso: | I39: =SUM(I35:I38) -> 0 | J39: =SUM(J35:J38) -> 0 | L39: =SUM(L35:L38) -> 0 | N39: Viso:
A42: SEHYUCE LX „SEB Global High Yield Fund" LY1791749010
A43: Pirkimas | H43: Pardavimas | N43: Dividendai
A44: Data | B44: Suma, EUR | C44: Invest. | D44: Mokestis | E44: Kaina | F44: Kiekis | H44: Data | I44: Suma,EUR | J44: Mokestis | K44: Kaina | L44: Kiekis | N44: Data | O44: Suma,EUR
A49: Viso: | B49: =SUM(B45:B48) -> 0 | C49: =SUM(C45:C48) -> 0 | D49: =SUM(D45:D48) -> 0 | E49: =IF(B49>0,SUMPRODUCT(E45:E48,F45:F48)/SUM(F45:F48),"0.00") -> 0.00 | F49: =SUM(F45:F48) -> 0 | H49: Viso: | I49: =SUM(I45:I48) -> 0 | J49: =SUM(J45:J48) -> 0 | L49: =SUM(L45:L48) -> 0 | N49: Viso: | O49: =SUM(O45:O48) -> 0
A52: SEBGEUD "SEB Global Exposure fund" UD-mok. LU2625197160
A53: Pirkimas | H53: Pardavimas | N53: Dividendai
A54: Data | B54: Suma, EUR | C54: Invest. | D54: Mokestis | E54: Kaina | F54: Kiekis | H54: Data | I54: Suma,EUR | J54: Mokestis | K54: Kaina | L54: Kiekis | N54: Data | O54: Suma, vnt.
A59: Viso: | B59: =SUM(B55:B58) -> 0 | C59: =SUM(C55:C58) -> 0 | D59: =SUM(D55:D58) -> 0 | E59: =IF(B59>0,SUMPRODUCT(E55:E58,F55:F58)/SUM(F55:F58),"0.00") -> 0.00 | F59: =SUM(F55:F58) -> 0 | H59: Viso: | I59: =SUM(I55:I58) -> 0 | J59: =SUM(J55:J58) -> 0 | L59: =SUM(L55:L58) -> 0 | N59: Viso:
A62: SEBEEUD "SEB Europe Exposure fund" LU2625195974
A63: Pirkimas | H63: Pardavimas | N63: Dividendai
A64: Data | B64: Suma, EUR | C64: Invest. | D64: Mokestis | E64: Kaina | F64: Kiekis | H64: Data | I64: Suma,EUR | J64: Mokestis | K64: Kaina | L64: Kiekis | N64: Data | O64: Suma,EUR
A69: Viso: | B69: =SUM(B65:B68) -> 0 | C69: =SUM(C65:C68) -> 0 | D69: =SUM(D65:D68) -> 0 | E69: =IF(B69>0,SUMPRODUCT(E65:E68,F65:F68)/SUM(F65:F68),"0.00") -> 0.00 | F69: =SUM(F65:F68) -> 0 | H69: Viso: | I69: =SUM(I65:I68) -> 0 | J69: =SUM(J65:J68) -> 0 | L69: =SUM(L65:L68) -> 0 | N69: Viso: | O69: =SUM(O65:O68) -> 0
A72: SE3UUDE "SEB US Exposure fund" UD-mok. LU2625197327
A73: Pirkimas | H73: Pardavimas | N73: Dividendai
A74: Data | B74: Suma, EUR | C74: Invest. | D74: Mokestis | E74: Kaina | F74: Kiekis | H74: Data | I74: Suma,EUR | J74: Mokestis | K74: Kaina | L74: Kiekis | N74: Data | O74: Suma, vnt.
A79: Viso: | B79: =SUM(B75:B78) -> 0 | C79: =SUM(C75:C78) -> 0 | D79: =SUM(D75:D78) -> 0 | E79: =IF(B79>0,SUMPRODUCT(E75:E78,F75:F78)/SUM(F75:F78),"0.00") -> 0.00 | F79: =SUM(F75:F78) -> 0 | H79: Viso: | I79: =SUM(I75:I78) -> 0 | J79: =SUM(J75:J78) -> 0 | L79: =SUM(L75:L78) -> 0 | N79: Viso:
A82: SEBEUDI "SEB Europe Exposure Fund" UD-mok. LU2625196196
A83: Pirkimas | H83: Pardavimas | N83: Dividendai
A84: Data | B84: Suma, EUR | C84: Invest. | D84: Mokestis | E84: Kaina | F84: Kiekis | H84: Data | I84: Suma,EUR | J84: Mokestis | K84: Kaina | L84: Kiekis | N84: Data | O84: Suma, vnt.
A89: Viso: | B89: =SUM(B85:B88) -> 0 | C89: =SUM(C85:C88) -> 0 | D89: =SUM(D85:D88) -> 0 | E89: =IF(B89>0,SUMPRODUCT(E85:E88,F85:F88)/SUM(F85:F88),"0.00") -> 0.00 | F89: =SUM(F85:F88) -> 0 | H89: Viso: | I89: =SUM(I85:I88) -> 0 | J89: =SUM(J85:J88) -> 0 | L89: =SUM(L85:L88) -> 0 | N89: Viso:

Sheet 2026.03
Q2: 2026.03
Q3: Įnešta | R3: Išvesta | S3: Investuota | T3: Parduota | U3: Mokesčiai | X3: Dividendai
U4: Pirkimas | V4: Saugojimas | W4: Pardavimas
Q5: =(B19+B29+B39+B49+B59+B69+B79+B89+B99+B109) -> 60 | R5: =T5 -> 0 | S5: =(C19+C29+C39+C49+C59+C69+C79+C89+C99+C109) -> 60 | T5: =(I19+I29+I39+I49+I59+I69+I79+I89+I99+I109)-W5 -> 0 | U5: =D19+D29+D39+D49+D59+D69+D79+D89+D99+D109 -> 0 | V5: 0.52 | W5: =J19+J29+J39+J49+J59+J69+J79+J89+J99+J109 -> 0 | X5: =O19+O29+O39+O49+O59+O69+O79+O89+O99+O109 -> 0
A12: SESA5FE SS „SEB Active 55“ SE0016076046
A13: Pirkimas | H13: Pardavimas | N13: Dividendai
A14: Data | B14: Suma, EUR | C14: Invest. | D14: Mokestis | E14: Kaina | F14: Kiekis | H14: Data | I14: Suma,EUR | J14: Mokestis | K14: Kaina | L14: Kiekis | N14: Data | O14: Suma,EUR
A15: 46098 | B15: 20 | C15: 20 | D15: =B15-C15 -> 0 | E15: 138.50415 | F15: =C15/E15 -> 0.1444
A19: Viso: | B19: =SUM(B15:B18) -> 20 | C19: =SUM(C15:C18) -> 20 | D19: =SUM(D15:D18) -> 0 | E19: =IF(B19>0,SUMPRODUCT(E15:E18,F15:F18)/SUM(F15:F18),"0.00") -> 138.50415 | F19: =SUM(F15:F18) -> 0.1444 | H19: Viso: | I19: =SUM(I15:I18) -> 0 | J19: =SUM(J15:J18) -> 0 | L19: =SUM(L15:L18) -> 0 | N19: Viso: | O19: =SUM(O15:O18) -> 0
A22: SESA8FE SS „SEB Active 80“ SE0016076111
A23: Pirkimas | H23: Pardavimas | N23: Dividendai
A24: Data | B24: Suma, EUR | C24: Invest. | D24: Mokestis | E24: Kaina | F24: Kiekis | H24: Data | I24: Suma,EUR | J24: Mokestis | K24: Kaina | L24: Kiekis | N24: Data | O24: Suma,EUR
A25: 46084 | B25: 20 | C25: 20 | D25: =B25-C25 -> 0 | E25: 164.33854 | F25: =C25/E25 -> 0.1217
A26: 46112 | B26: 20 | C26: 20 | D26: =B26-C26 -> 0 | E26: 150.60241 | F26: =C26/E26 -> 0.1328
A29: Viso: | B29: =SUM(B25:B28) -> 40 | C29: =SUM(C25:C28) -> 40 | D29: =SUM(D25:D28) -> 0 | E29: =IF(B29>0,SUMPRODUCT(E25:E28,F25:F28)/SUM(F25:F28),"0.00") -> 157.17092 | F29: =SUM(F25:F28) -> 0.2545 | H29: Viso: | I29: =SUM(I25:I28) -> 0 | J29: =SUM(J25:J28) -> 0 | L29: =SUM(L25:L28) -> 0 | N29: Viso: | O29: =SUM(O25:O28) -> 0
A32: SESTUDI LX „SEB Artificial Intelligence Fund" LU2249630257
A33: Pirkimas | H33: Pardavimas | N33: Dividendai
A34: Data | B34: Suma, USD | C34: Invest. | D34: Kursas | E34: Kaina | F34: Kiekis | H34: Data | I34: Suma,EUR | J34: Mokestis | K34: Kaina | L34: Kiekis | N34: Data | O34: Suma, vnt.
A39: Eur. | B39: =SUM(B35:B38) -> 0 | C39: =SUM(C35:C38) -> 0 | D39: =SUM(D35:D38) -> 0 | E39: =IF(B39>0,SUMPRODUCT(E35:E38,F35:F38)/SUM(F35:F38),"0.00") -> 0.00 | F39: =SUM(F35:F38) -> 0 | H39: Viso: | I39: =SUM(I35:I38) -> 0 | J39: =SUM(J35:J38) -> 0 | L39: =SUM(L35:L38) -> 0 | N39: Viso:
A42: SEHYUCE LX „SEB Global High Yield Fund" LY1791749010
A43: Pirkimas | H43: Pardavimas | N43: Dividendai
A44: Data | B44: Suma, EUR | C44: Invest. | D44: Mokestis | E44: Kaina | F44: Kiekis | H44: Data | I44: Suma,EUR | J44: Mokestis | K44: Kaina | L44: Kiekis | N44: Data | O44: Suma,EUR
A49: Viso: | B49: =SUM(B45:B48) -> 0 | C49: =SUM(C45:C48) -> 0 | D49: =SUM(D45:D48) -> 0 | E49: =IF(B49>0,SUMPRODUCT(E45:E48,F45:F48)/SUM(F45:F48),"0.00") -> 0.00 | F49: =SUM(F45:F48) -> 0 | H49: Viso: | I49: =SUM(I45:I48) -> 0 | J49: =SUM(J45:J48) -> 0 | L49: =SUM(L45:L48) -> 0 | N49: Viso: | O49: =SUM(O45:O48) -> 0
A52: SEBGEUD "SEB Global Exposure fund" UD-mok. LU2625197160
A53: Pirkimas | H53: Pardavimas | N53: Dividendai
A54: Data | B54: Suma, EUR | C54: Invest. | D54: Mokestis | E54: Kaina | F54: Kiekis | H54: Data | I54: Suma,EUR | J54: Mokestis | K54: Kaina | L54: Kiekis | N54: Data | O54: Suma, vnt.
A59: Viso: | B59: =SUM(B55:B58) -> 0 | C59: =SUM(C55:C58) -> 0 | D59: =SUM(D55:D58) -> 0 | E59: =IF(B59>0,SUMPRODUCT(E55:E58,F55:F58)/SUM(F55:F58),"0.00") -> 0.00 | F59: =SUM(F55:F58) -> 0 | H59: Viso: | I59: =SUM(I55:I58) -> 0 | J59: =SUM(J55:J58) -> 0 | L59: =SUM(L55:L58) -> 0 | N59: Viso:
A62: SEBEEUD "SEB Europe Exposure fund" LU2625195974
A63: Pirkimas | H63: Pardavimas | N63: Dividendai
A64: Data | B64: Suma, EUR | C64: Invest. | D64: Mokestis | E64: Kaina | F64: Kiekis | H64: Data | I64: Suma,EUR | J64: Mokestis | K64: Kaina | L64: Kiekis | N64: Data | O64: Suma,EUR
A69: Viso: | B69: =SUM(B65:B68) -> 0 | C69: =SUM(C65:C68) -> 0 | D69: =SUM(D65:D68) -> 0 | E69: =IF(B69>0,SUMPRODUCT(E65:E68,F65:F68)/SUM(F65:F68),"0.00") -> 0.00 | F69: =SUM(F65:F68) -> 0 | H69: Viso: | I69: =SUM(I65:I68) -> 0 | J69: =SUM(J65:J68) -> 0 | L69: =SUM(L65:L68) -> 0 | N69: Viso: | O69: =SUM(O65:O68) -> 0
A72: SE3UUDE "SEB US Exposure fund" UD-mok. LU2625197327
A73: Pirkimas | H73: Pardavimas | N73: Dividendai
A74: Data | B74: Suma, EUR | C74: Invest. | D74: Mokestis | E74: Kaina | F74: Kiekis | H74: Data | I74: Suma,EUR | J74: Mokestis | K74: Kaina | L74: Kiekis | N74: Data | O74: Suma, vnt.
A79: Viso: | B79: =SUM(B75:B78) -> 0 | C79: =SUM(C75:C78) -> 0 | D79: =SUM(D75:D78) -> 0 | E79: =IF(B79>0,SUMPRODUCT(E75:E78,F75:F78)/SUM(F75:F78),"0.00") -> 0.00 | F79: =SUM(F75:F78) -> 0 | H79: Viso: | I79: =SUM(I75:I78) -> 0 | J79: =SUM(J75:J78) -> 0 | L79: =SUM(L75:L78) -> 0 | N79: Viso:
A82: SEBEUDI "SEB Europe Exposure Fund" UD-mok. LU2625196196
A83: Pirkimas | H83: Pardavimas | N83: Dividendai
A84: Data | B84: Suma, EUR | C84: Invest. | D84: Mokestis | E84: Kaina | F84: Kiekis | H84: Data | I84: Suma,EUR | J84: Mokestis | K84: Kaina | L84: Kiekis | N84: Data | O84: Suma, vnt.
A89: Viso: | B89: =SUM(B85:B88) -> 0 | C89: =SUM(C85:C88) -> 0 | D89: =SUM(D85:D88) -> 0 | E89: =IF(B89>0,SUMPRODUCT(E85:E88,F85:F88)/SUM(F85:F88),"0.00") -> 0.00 | F89: =SUM(F85:F88) -> 0 | H89: Viso: | I89: =SUM(I85:I88) -> 0 | J89: =SUM(J85:J88) -> 0 | L89: =SUM(L85:L88) -> 0 | N89: Viso:

Sheet 2026.02
Q2: 2026.02
Q3: Įnešta | R3: Išvesta | S3: Investuota | T3: Parduota | U3: Mokesčiai | X3: Dividendai
U4: Pirkimas | V4: Saugojimas | W4: Pardavimas
Q5: =(B19+B29+B39+B49+B59+B69+B79+B89+B99+B109) -> 20 | R5: =T5 -> 0 | S5: =(C19+C29+C39+C49+C59+C69+C79+C89+C99+C109) -> 20 | T5: =(I19+I29+I39+I49+I59+I69+I79+I89+I99+I109)-W5 -> 0 | U5: =D19+D29+D39+D49+D59+D69+D79+D89+D99+D109 -> 0 | V5: 0.5 | W5: =J19+J29+J39+J49+J59+J69+J79+J89+J99+J109 -> 0 | X5: =O19+O29+O39+O49+O59+O69+O79+O89+O99+O109 -> 0
A12: SESA5FE SS „SEB Active 55“ SE0016076046
A13: Pirkimas | H13: Pardavimas | N13: Dividendai
A14: Data | B14: Suma, EUR | C14: Invest. | D14: Mokestis | E14: Kaina | F14: Kiekis | H14: Data | I14: Suma,EUR | J14: Mokestis | K14: Kaina | L14: Kiekis | N14: Data | O14: Suma,EUR
A15: 46070 | B15: 20 | C15: 20 | D15: =B15-C15 -> 0 | E15: 142.75518 | F15: =C15/E15 -> 0.1401
A19: Viso: | B19: =SUM(B15:B18) -> 20 | C19: =SUM(C15:C18) -> 20 | D19: =SUM(D15:D18) -> 0 | E19: =IF(B19>0,SUMPRODUCT(E15:E18,F15:F18)/SUM(F15:F18),"0.00") -> 142.75518 | F19: =SUM(F15:F18) -> 0.1401 | H19: Viso: | I19: =SUM(I15:I18) -> 0 | J19: =SUM(J15:J18) -> 0 | L19: =SUM(L15:L18) -> 0 | N19: Viso: | O19: =SUM(O15:O18) -> 0
A22: SESA8FE SS „SEB Active 80“ SE0016076111
A23: Pirkimas | H23: Pardavimas | N23: Dividendai
A24: Data | B24: Suma, EUR | C24: Invest. | D24: Mokestis | E24: Kaina | F24: Kiekis | H24: Data | I24: Suma,EUR | J24: Mokestis | K24: Kaina | L24: Kiekis | N24: Data | O24: Suma,EUR
A29: Viso: | B29: =SUM(B25:B28) -> 0 | C29: =SUM(C25:C28) -> 0 | D29: =SUM(D25:D28) -> 0 | E29: =IF(B29>0,SUMPRODUCT(E25:E28,F25:F28)/SUM(F25:F28),"0.00") -> 0.00 | F29: =SUM(F25:F28) -> 0 | H29: Viso: | I29: =SUM(I25:I28) -> 0 | J29: =SUM(J25:J28) -> 0 | L29: =SUM(L25:L28) -> 0 | N29: Viso: | O29: =SUM(O25:O28) -> 0
A32: SESTUDI LX „SEB Artificial Intelligence Fund" LU2249630257
A33: Pirkimas | H33: Pardavimas | N33: Dividendai
A34: Data | B34: Suma, USD | C34: Invest. | D34: Kursas | E34: Kaina | F34: Kiekis | H34: Data | I34: Suma,EUR | J34: Mokestis | K34: Kaina | L34: Kiekis | N34: Data | O34: Suma, vnt.
A39: Eur. | B39: =SUM(B35:B38) -> 0 | C39: =SUM(C35:C38) -> 0 | D39: =SUM(D35:D38) -> 0 | E39: =IF(B39>0,SUMPRODUCT(E35:E38,F35:F38)/SUM(F35:F38),"0.00") -> 0.00 | F39: =SUM(F35:F38) -> 0 | H39: Viso: | I39: =SUM(I35:I38) -> 0 | J39: =SUM(J35:J38) -> 0 | L39: =SUM(L35:L38) -> 0 | N39: Viso:
A42: SEHYUCE LX „SEB Global High Yield Fund" LY1791749010
A43: Pirkimas | H43: Pardavimas | N43: Dividendai
A44: Data | B44: Suma, EUR | C44: Invest. | D44: Mokestis | E44: Kaina | F44: Kiekis | H44: Data | I44: Suma,EUR | J44: Mokestis | K44: Kaina | L44: Kiekis | N44: Data | O44: Suma,EUR
A49: Viso: | B49: =SUM(B45:B48) -> 0 | C49: =SUM(C45:C48) -> 0 | D49: =SUM(D45:D48) -> 0 | E49: =IF(B49>0,SUMPRODUCT(E45:E48,F45:F48)/SUM(F45:F48),"0.00") -> 0.00 | F49: =SUM(F45:F48) -> 0 | H49: Viso: | I49: =SUM(I45:I48) -> 0 | J49: =SUM(J45:J48) -> 0 | L49: =SUM(L45:L48) -> 0 | N49: Viso: | O49: =SUM(O45:O48) -> 0
A52: SEBGEUD "SEB Global Exposure fund" UD-mok. LU2625197160
A53: Pirkimas | H53: Pardavimas | N53: Dividendai
A54: Data | B54: Suma, EUR | C54: Invest. | D54: Mokestis | E54: Kaina | F54: Kiekis | H54: Data | I54: Suma,EUR | J54: Mokestis | K54: Kaina | L54: Kiekis | N54: Data | O54: Suma, vnt.
A59: Viso: | B59: =SUM(B55:B58) -> 0 | C59: =SUM(C55:C58) -> 0 | D59: =SUM(D55:D58) -> 0 | E59: =IF(B59>0,SUMPRODUCT(E55:E58,F55:F58)/SUM(F55:F58),"0.00") -> 0.00 | F59: =SUM(F55:F58) -> 0 | H59: Viso: | I59: =SUM(I55:I58) -> 0 | J59: =SUM(J55:J58) -> 0 | L59: =SUM(L55:L58) -> 0 | N59: Viso:
A62: SEBEEUD "SEB Europe Exposure fund" LU2625195974
A63: Pirkimas | H63: Pardavimas | N63: Dividendai
A64: Data | B64: Suma, EUR | C64: Invest. | D64: Mokestis | E64: Kaina | F64: Kiekis | H64: Data | I64: Suma,EUR | J64: Mokestis | K64: Kaina | L64: Kiekis | N64: Data | O64: Suma,EUR
A69: Viso: | B69: =SUM(B65:B68) -> 0 | C69: =SUM(C65:C68) -> 0 | D69: =SUM(D65:D68) -> 0 | E69: =IF(B69>0,SUMPRODUCT(E65:E68,F65:F68)/SUM(F65:F68),"0.00") -> 0.00 | F69: =SUM(F65:F68) -> 0 | H69: Viso: | I69: =SUM(I65:I68) -> 0 | J69: =SUM(J65:J68) -> 0 | L69: =SUM(L65:L68) -> 0 | N69: Viso: | O69: =SUM(O65:O68) -> 0
A72: SE3UUDE "SEB US Exposure fund" UD-mok. LU2625197327
A73: Pirkimas | H73: Pardavimas | N73: Dividendai
A74: Data | B74: Suma, EUR | C74: Invest. | D74: Mokestis | E74: Kaina | F74: Kiekis | H74: Data | I74: Suma,EUR | J74: Mokestis | K74: Kaina | L74: Kiekis | N74: Data | O74: Suma, vnt.
A79: Viso: | B79: =SUM(B75:B78) -> 0 | C79: =SUM(C75:C78) -> 0 | D79: =SUM(D75:D78) -> 0 | E79: =IF(B79>0,SUMPRODUCT(E75:E78,F75:F78)/SUM(F75:F78),"0.00") -> 0.00 | F79: =SUM(F75:F78) -> 0 | H79: Viso: | I79: =SUM(I75:I78) -> 0 | J79: =SUM(J75:J78) -> 0 | L79: =SUM(L75:L78) -> 0 | N79: Viso:
A82: SEBEUDI "SEB Europe Exposure Fund" UD-mok. LU2625196196
A83: Pirkimas | H83: Pardavimas | N83: Dividendai
A84: Data | B84: Suma, EUR | C84: Invest. | D84: Mokestis | E84: Kaina | F84: Kiekis | H84: Data | I84: Suma,EUR | J84: Mokestis | K84: Kaina | L84: Kiekis | N84: Data | O84: Suma, vnt.
A89: Viso: | B89: =SUM(B85:B88) -> 0 | C89: =SUM(C85:C88) -> 0 | D89: =SUM(D85:D88) -> 0 | E89: =IF(B89>0,SUMPRODUCT(E85:E88,F85:F88)/SUM(F85:F88),"0.00") -> 0.00 | F89: =SUM(F85:F88) -> 0 | H89: Viso: | I89: =SUM(I85:I88) -> 0 | J89: =SUM(J85:J88) -> 0 | L89: =SUM(L85:L88) -> 0 | N89: Viso:

Sheet 2026.01
Q2: 2026.01
Q3: Įnešta | R3: Išvesta | S3: Investuota | T3: Parduota | U3: Mokesčiai | X3: Dividendai
U4: Pirkimas | V4: Saugojimas | W4: Pardavimas
Q5: =(B19+B29+B39+B49+B59+B69+B79+B89+B99+B109) -> 60 | R5: =T5 -> 0 | S5: =(C19+C29+C39+C49+C59+C69+C79+C89+C99+C109) -> 60 | T5: =(I19+I29+I39+I49+I59+I69+I79+I89+I99+I109)-W5 -> 0 | U5: =D19+D29+D39+D49+D59+D69+D79+D89+D99+D109 -> 0 | V5: 0.48 | W5: =J19+J29+J39+J49+J59+J69+J79+J89+J99+J109 -> 0 | X5: =O19+O29+O39+O49+O59+O69+O79+O89+O99+O109 -> 0
A12: SESA5FE SS „SEB Active 55“ SE0016076046
A13: Pirkimas | H13: Pardavimas | N13: Dividendai
A14: Data | B14: Suma, EUR | C14: Invest. | D14: Mokestis | E14: Kaina | F14: Kiekis | H14: Data | I14: Suma,EUR | J14: Mokestis | K14: Kaina | L14: Kiekis | N14: Data | O14: Suma,EUR
A15: 46037 | B15: 20 | C15: 20 | D15: =B15-C15 -> 0 | E15: 142.24751 | F15: =C15/E15 -> 0.1406
A19: Viso: | B19: =SUM(B15:B18) -> 20 | C19: =SUM(C15:C18) -> 20 | D19: =SUM(D15:D18) -> 0 | E19: =IF(B19>0,SUMPRODUCT(E15:E18,F15:F18)/SUM(F15:F18),"0.00") -> 142.24751 | F19: =SUM(F15:F18) -> 0.1406 | H19: Viso: | I19: =SUM(I15:I18) -> 0 | J19: =SUM(J15:J18) -> 0 | L19: =SUM(L15:L18) -> 0 | N19: Viso: | O19: =SUM(O15:O18) -> 0
A22: SESA8FE SS „SEB Active 80“ SE0016076111
A23: Pirkimas | H23: Pardavimas | N23: Dividendai
A24: Data | B24: Suma, EUR | C24: Invest. | D24: Mokestis | E24: Kaina | F24: Kiekis | H24: Data | I24: Suma,EUR | J24: Mokestis | K24: Kaina | L24: Kiekis | N24: Data | O24: Suma,EUR
A25: 46027 | B25: 20 | C25: 20 | D25: 0 | E25: 159.10899 | F25: =C25/E25 -> 0.1257
A26: 46051 | B26: 20 | C26: 20 | D26: 0 | E26: 163.26531 | F26: =C26/E26 -> 0.1225
A29: Viso: | B29: =SUM(B25:B28) -> 40 | C29: =SUM(C25:C28) -> 40 | D29: =SUM(D25:D28) -> 0 | E29: =IF(B29>0,SUMPRODUCT(E25:E28,F25:F28)/SUM(F25:F28),"0.00") -> 161.16035 | F29: =SUM(F25:F28) -> 0.2482 | H29: Viso: | I29: =SUM(I25:I28) -> 0 | J29: =SUM(J25:J28) -> 0 | L29: =SUM(L25:L28) -> 0 | N29: Viso: | O29: =SUM(O25:O28) -> 0
A32: SESTUDI LX „SEB Artificial Intelligence Fund" LU2249630257
A33: Pirkimas | H33: Pardavimas | N33: Dividendai
A34: Data | B34: Suma, USD | C34: Invest. | D34: Kursas | E34: Kaina | F34: Kiekis | H34: Data | I34: Suma,EUR | J34: Mokestis | K34: Kaina | L34: Kiekis | N34: Data | O34: Suma, vnt.
A39: Eur. | B39: =SUM(B35:B38) -> 0 | C39: =SUM(C35:C38) -> 0 | D39: =SUM(D35:D38) -> 0 | E39: =IF(B39>0,SUMPRODUCT(E35:E38,F35:F38)/SUM(F35:F38),"0.00") -> 0.00 | F39: =SUM(F35:F38) -> 0 | H39: Viso: | I39: =SUM(I35:I38) -> 0 | J39: =SUM(J35:J38) -> 0 | L39: =SUM(L35:L38) -> 0 | N39: Viso:
A42: SEHYUCE LX „SEB Global High Yield Fund" LY1791749010
A43: Pirkimas | H43: Pardavimas | N43: Dividendai
A44: Data | B44: Suma, EUR | C44: Invest. | D44: Mokestis | E44: Kaina | F44: Kiekis | H44: Data | I44: Suma,EUR | J44: Mokestis | K44: Kaina | L44: Kiekis | N44: Data | O44: Suma,EUR
A49: Viso: | B49: =SUM(B45:B48) -> 0 | C49: =SUM(C45:C48) -> 0 | D49: =SUM(D45:D48) -> 0 | E49: =IF(B49>0,SUMPRODUCT(E45:E48,F45:F48)/SUM(F45:F48),"0.00") -> 0.00 | F49: =SUM(F45:F48) -> 0 | H49: Viso: | I49: =SUM(I45:I48) -> 0 | J49: =SUM(J45:J48) -> 0 | L49: =SUM(L45:L48) -> 0 | N49: Viso: | O49: =SUM(O45:O48) -> 0
A52: SEBGEUD "SEB Global Exposure fund" UD-mok. LU2625197160
A53: Pirkimas | H53: Pardavimas | N53: Dividendai
A54: Data | B54: Suma, EUR | C54: Invest. | D54: Mokestis | E54: Kaina | F54: Kiekis | H54: Data | I54: Suma,EUR | J54: Mokestis | K54: Kaina | L54: Kiekis | N54: Data | O54: Suma, vnt.
A59: Viso: | B59: =SUM(B55:B58) -> 0 | C59: =SUM(C55:C58) -> 0 | D59: =SUM(D55:D58) -> 0 | E59: =IF(B59>0,SUMPRODUCT(E55:E58,F55:F58)/SUM(F55:F58),"0.00") -> 0.00 | F59: =SUM(F55:F58) -> 0 | H59: Viso: | I59: =SUM(I55:I58) -> 0 | J59: =SUM(J55:J58) -> 0 | L59: =SUM(L55:L58) -> 0 | N59: Viso:
A62: SEBEEUD "SEB Europe Exposure fund" LU2625195974
A63: Pirkimas | H63: Pardavimas | N63: Dividendai
A64: Data | B64: Suma, EUR | C64: Invest. | D64: Mokestis | E64: Kaina | F64: Kiekis | H64: Data | I64: Suma,EUR | J64: Mokestis | K64: Kaina | L64: Kiekis | N64: Data | O64: Suma,EUR
A69: Viso: | B69: =SUM(B65:B68) -> 0 | C69: =SUM(C65:C68) -> 0 | D69: =SUM(D65:D68) -> 0 | E69: =IF(B69>0,SUMPRODUCT(E65:E68,F65:F68)/SUM(F65:F68),"0.00") -> 0.00 | F69: =SUM(F65:F68) -> 0 | H69: Viso: | I69: =SUM(I65:I68) -> 0 | J69: =SUM(J65:J68) -> 0 | L69: =SUM(L65:L68) -> 0 | N69: Viso: | O69: =SUM(O65:O68) -> 0
A72: SE3UUDE "SEB US Exposure fund" UD-mok. LU2625197327
A73: Pirkimas | H73: Pardavimas | N73: Dividendai
A74: Data | B74: Suma, EUR | C74: Invest. | D74: Mokestis | E74: Kaina | F74: Kiekis | H74: Data | I74: Suma,EUR | J74: Mokestis | K74: Kaina | L74: Kiekis | N74: Data | O74: Suma, vnt.
A79: Viso: | B79: =SUM(B75:B78) -> 0 | C79: =SUM(C75:C78) -> 0 | D79: =SUM(D75:D78) -> 0 | E79: =IF(B79>0,SUMPRODUCT(E75:E78,F75:F78)/SUM(F75:F78),"0.00") -> 0.00 | F79: =SUM(F75:F78) -> 0 | H79: Viso: | I79: =SUM(I75:I78) -> 0 | J79: =SUM(J75:J78) -> 0 | L79: =SUM(L75:L78) -> 0 | N79: Viso:
A82: SEBEUDI "SEB Europe Exposure Fund" UD-mok. LU2625196196
A83: Pirkimas | H83: Pardavimas | N83: Dividendai
A84: Data | B84: Suma, EUR | C84: Invest. | D84: Mokestis | E84: Kaina | F84: Kiekis | H84: Data | I84: Suma,EUR | J84: Mokestis | K84: Kaina | L84: Kiekis | N84: Data | O84: Suma, vnt.
A89: Viso: | B89: =SUM(B85:B88) -> 0 | C89: =SUM(C85:C88) -> 0 | D89: =SUM(D85:D88) -> 0 | E89: =IF(B89>0,SUMPRODUCT(E85:E88,F85:F88)/SUM(F85:F88),"0.00") -> 0.00 | F89: =SUM(F85:F88) -> 0 | H89: Viso: | I89: =SUM(I85:I88) -> 0 | J89: =SUM(J85:J88) -> 0 | L89: =SUM(L85:L88) -> 0 | N89: Viso:

Sheet 2025.12
Q2: 2025.12
Q3: Įnešta | R3: Išvesta | S3: Investuota | T3: Parduota | U3: Mokesčiai | X3: Dividendai
U4: Pirkimas | V4: Saugojimas | W4: Pardavimas
Q5: =(B19+B29+B39+B49+B59+B69+B79+B89+B99+B109) -> 40 | R5: =T5 -> 0 | S5: =(C19+C29+C39+C49+C59+C69+C79+C89+C99+C109) -> 40 | T5: =(I19+I29+I39+I49+I59+I69+I79+I89+I99+I109)-W5 -> 0 | U5: =D19+D29+D39+D49+D59+D69+D79+D89+D99+D109 -> 0 | V5: 0.49 | W5: =J19+J29+J39+J49+J59+J69+J79+J89+J99+J109 -> 0 | X5: =O19+O29+O39+O49+O59+O69+O79+O89+O99+O109 -> 0
A12: SESA5FE SS „SEB Active 55“ SE0016076046
A13: Pirkimas | H13: Pardavimas | N13: Dividendai
A14: Data | B14: Suma, EUR | C14: Invest. | D14: Mokestis | E14: Kaina | F14: Kiekis | H14: Data | I14: Suma,EUR | J14: Mokestis | K14: Kaina | L14: Kiekis | N14: Data | O14: Suma,EUR
A15: 46008 | B15: 20 | C15: 20 | D15: =B15-C15 -> 0 | E15: 138.31259 | F15: =C15/E15 -> 0.1446
A19: Viso: | B19: =SUM(B15:B18) -> 20 | C19: =SUM(C15:C18) -> 20 | D19: =SUM(D15:D18) -> 0 | E19: =IF(B19>0,SUMPRODUCT(E15:E18,F15:F18)/SUM(F15:F18),"0.00") -> 138.31259 | F19: =SUM(F15:F18) -> 0.1446 | H19: Viso: | I19: =SUM(I15:I18) -> 0 | J19: =SUM(J15:J18) -> 0 | L19: =SUM(L15:L18) -> 0 | N19: Viso: | O19: =SUM(O15:O18) -> 0
A22: SESA8FE SS „SEB Active 80“ SE0016076111
A23: Pirkimas | H23: Pardavimas | N23: Dividendai
A24: Data | B24: Suma, EUR | C24: Invest. | D24: Mokestis | E24: Kaina | F24: Kiekis | H24: Data | I24: Suma,EUR | J24: Mokestis | K24: Kaina | L24: Kiekis | N24: Data | O24: Suma,EUR
A25: 45992 | B25: 20 | C25: 20 | D25: 0 | E25: 155.76324 | F25: =C25/E25 -> 0.1284
A29: Viso: | B29: =SUM(B25:B28) -> 20 | C29: =SUM(C25:C28) -> 20 | D29: =SUM(D25:D28) -> 0 | E29: =IF(B29>0,SUMPRODUCT(E25:E28,F25:F28)/SUM(F25:F28),"0.00") -> 155.76324 | F29: =SUM(F25:F28) -> 0.1284 | H29: Viso: | I29: =SUM(I25:I28) -> 0 | J29: =SUM(J25:J28) -> 0 | L29: =SUM(L25:L28) -> 0 | N29: Viso: | O29: =SUM(O25:O28) -> 0
A32: SESTUDI LX „SEB Artificial Intelligence Fund" LU2249630257
A33: Pirkimas | H33: Pardavimas | N33: Dividendai
A34: Data | B34: Suma, USD | C34: Invest. | D34: Kursas | E34: Kaina | F34: Kiekis | H34: Data | I34: Suma,EUR | J34: Mokestis | K34: Kaina | L34: Kiekis | N34: Data | O34: Suma, vnt.
A39: Eur. | B39: =SUM(B35:B38) -> 0 | C39: =SUM(C35:C38) -> 0 | D39: =SUM(D35:D38) -> 0 | E39: =IF(B39>0,SUMPRODUCT(E35:E38,F35:F38)/SUM(F35:F38),"0.00") -> 0.00 | F39: =SUM(F35:F38) -> 0 | H39: Viso: | I39: =SUM(I35:I38) -> 0 | J39: =SUM(J35:J38) -> 0 | L39: =SUM(L35:L38) -> 0 | N39: Viso:
A42: SEHYUCE LX „SEB Global High Yield Fund" LY1791749010
A43: Pirkimas | H43: Pardavimas | N43: Dividendai
A44: Data | B44: Suma, EUR | C44: Invest. | D44: Mokestis | E44: Kaina | F44: Kiekis | H44: Data | I44: Suma,EUR | J44: Mokestis | K44: Kaina | L44: Kiekis | N44: Data | O44: Suma,EUR
A49: Viso: | B49: =SUM(B45:B48) -> 0 | C49: =SUM(C45:C48) -> 0 | D49: =SUM(D45:D48) -> 0 | E49: =IF(B49>0,SUMPRODUCT(E45:E48,F45:F48)/SUM(F45:F48),"0.00") -> 0.00 | F49: =SUM(F45:F48) -> 0 | H49: Viso: | I49: =SUM(I45:I48) -> 0 | J49: =SUM(J45:J48) -> 0 | L49: =SUM(L45:L48) -> 0 | N49: Viso: | O49: =SUM(O45:O48) -> 0
A52: SEBGEUD "SEB Global Exposure fund" UD-mok. LU2625197160
A53: Pirkimas | H53: Pardavimas | N53: Dividendai
A54: Data | B54: Suma, EUR | C54: Invest. | D54: Mokestis | E54: Kaina | F54: Kiekis | H54: Data | I54: Suma,EUR | J54: Mokestis | K54: Kaina | L54: Kiekis | N54: Data | O54: Suma, vnt.
A59: Viso: | B59: =SUM(B55:B58) -> 0 | C59: =SUM(C55:C58) -> 0 | D59: =SUM(D55:D58) -> 0 | E59: =IF(B59>0,SUMPRODUCT(E55:E58,F55:F58)/SUM(F55:F58),"0.00") -> 0.00 | F59: =SUM(F55:F58) -> 0 | H59: Viso: | I59: =SUM(I55:I58) -> 0 | J59: =SUM(J55:J58) -> 0 | L59: =SUM(L55:L58) -> 0 | N59: Viso:
A62: SEBEEUD "SEB Europe Exposure fund" LU2625195974
A63: Pirkimas | H63: Pardavimas | N63: Dividendai
A64: Data | B64: Suma, EUR | C64: Invest. | D64: Mokestis | E64: Kaina | F64: Kiekis | H64: Data | I64: Suma,EUR | J64: Mokestis | K64: Kaina | L64: Kiekis | N64: Data | O64: Suma,EUR
A69: Viso: | B69: =SUM(B65:B68) -> 0 | C69: =SUM(C65:C68) -> 0 | D69: =SUM(D65:D68) -> 0 | E69: =IF(B69>0,SUMPRODUCT(E65:E68,F65:F68)/SUM(F65:F68),"0.00") -> 0.00 | F69: =SUM(F65:F68) -> 0 | H69: Viso: | I69: =SUM(I65:I68) -> 0 | J69: =SUM(J65:J68) -> 0 | L69: =SUM(L65:L68) -> 0 | N69: Viso: | O69: =SUM(O65:O68) -> 0
A72: SE3UUDE "SEB US Exposure fund" UD-mok. LU2625197327
A73: Pirkimas | H73: Pardavimas | N73: Dividendai
A74: Data | B74: Suma, EUR | C74: Invest. | D74: Mokestis | E74: Kaina | F74: Kiekis | H74: Data | I74: Suma,EUR | J74: Mokestis | K74: Kaina | L74: Kiekis | N74: Data | O74: Suma, vnt.
A79: Viso: | B79: =SUM(B75:B78) -> 0 | C79: =SUM(C75:C78) -> 0 | D79: =SUM(D75:D78) -> 0 | E79: =IF(B79>0,SUMPRODUCT(E75:E78,F75:F78)/SUM(F75:F78),"0.00") -> 0.00 | F79: =SUM(F75:F78) -> 0 | H79: Viso: | I79: =SUM(I75:I78) -> 0 | J79: =SUM(J75:J78) -> 0 | L79: =SUM(L75:L78) -> 0 | N79: Viso:
A82: SEBEUDI "SEB Europe Exposure Fund" UD-mok. LU2625196196
A83: Pirkimas | H83: Pardavimas | N83: Dividendai
A84: Data | B84: Suma, EUR | C84: Invest. | D84: Mokestis | E84: Kaina | F84: Kiekis | H84: Data | I84: Suma,EUR | J84: Mokestis | K84: Kaina | L84: Kiekis | N84: Data | O84: Suma, vnt.
A89: Viso: | B89: =SUM(B85:B88) -> 0 | C89: =SUM(C85:C88) -> 0 | D89: =SUM(D85:D88) -> 0 | E89: =IF(B89>0,SUMPRODUCT(E85:E88,F85:F88)/SUM(F85:F88),"0.00") -> 0.00 | F89: =SUM(F85:F88) -> 0 | H89: Viso: | I89: =SUM(I85:I88) -> 0 | J89: =SUM(J85:J88) -> 0 | L89: =SUM(L85:L88) -> 0 | N89: Viso:

Sheet 2025.11
Q2: 2025.11
Q3: Įnešta | R3: Išvesta | S3: Investuota | T3: Parduota | U3: Mokesčiai | X3: Dividendai
U4: Pirkimas | V4: Saugojimas | W4: Pardavimas
Q5: =(B19+B29+B39+B49+B59+B69+B79+B89+B99+B109) -> 20 | R5: =T5 -> 186.82 | S5: =(C19+C29+C39+C49+C59+C69+C79+C89+C99+C109) -> 20 | T5: =(I19+I29+I39+I49+I59+I69+I79+I89+I99+I109)-W5 -> 186.82 | U5: =D19+D29+D39+D49+D59+D69+D79+D89+D99+D109 -> 0 | V5: 0.51 | W5: =J19+J29+J39+J49+J59+J69+J79+J89+J99+J109 -> 0 | X5: =O19+O29+O39+O49+O59+O69+O79+O89+O99+O109 -> 0
A12: SESA5FE SS „SEB Active 55“ SE0016076046
A13: Pirkimas | H13: Pardavimas | N13: Dividendai
A14: Data | B14: Suma, EUR | C14: Invest. | D14: Mokestis | E14: Kaina | F14: Kiekis | H14: Data | I14: Suma,EUR | J14: Mokestis | K14: Kaina | L14: Kiekis | N14: Data | O14: Suma,EUR
A15: 45977 | B15: 20 | C15: 20 | D15: =B15-C15 -> 0 | E15: 138.60014 | F15: =C15/E15 -> 0.1443
A19: Viso: | B19: =SUM(B15:B18) -> 20 | C19: =SUM(C15:C18) -> 20 | D19: =SUM(D15:D18) -> 0 | E19: =IF(B19>0,SUMPRODUCT(E15:E18,F15:F18)/SUM(F15:F18),"0.00") -> 138.60014 | F19: =SUM(F15:F18) -> 0.1443 | H19: Viso: | I19: =SUM(I15:I18) -> 0 | J19: =SUM(J15:J18) -> 0 | L19: =SUM(L15:L18) -> 0 | N19: Viso: | O19: =SUM(O15:O18) -> 0
A22: SESA8FE SS „SEB Active 80“ SE0016076111
A23: Pirkimas | H23: Pardavimas | N23: Dividendai
A24: Data | B24: Suma, EUR | C24: Invest. | D24: Mokestis | E24: Kaina | F24: Kiekis | H24: Data | I24: Suma,EUR | J24: Mokestis | K24: Kaina | L24: Kiekis | N24: Data | O24: Suma,EUR
A29: Viso: | B29: =SUM(B25:B28) -> 0 | C29: =SUM(C25:C28) -> 0 | D29: =SUM(D25:D28) -> 0 | E29: =IF(B29>0,SUMPRODUCT(E25:E28,F25:F28)/SUM(F25:F28),"0.00") -> 0.00 | F29: =SUM(F25:F28) -> 0 | H29: Viso: | I29: =SUM(I25:I28) -> 0 | J29: =SUM(J25:J28) -> 0 | L29: =SUM(L25:L28) -> 0 | N29: Viso: | O29: =SUM(O25:O28) -> 0
A32: SESTUDI LX „SEB Artificial Intelligence Fund" LU2249630257
A33: Pirkimas | H33: Pardavimas | N33: Dividendai
A34: Data | B34: Suma, USD | C34: Invest. | D34: Kursas | E34: Kaina | F34: Kiekis | H34: Data | I34: Suma,USD | J34: Kursas | K34: Kaina | L34: Kiekis | N34: Data | O34: Suma, vnt.
H35: 45982 | I35: 54.04 | J35: 1.1843 | K35: 145.667 | L35: =I35/K35 -> 0.371
A39: Eur. | B39: =SUM(B35:B38) -> 0 | C39: =SUM(C35:C38) -> 0 | D39: =SUM(D35:D38) -> 0 | E39: =IF(B39>0,SUMPRODUCT(E35:E38,F35:F38)/SUM(F35:F38),"0.00") -> 0.00 | F39: =SUM(F35:F38) -> 0 | H39: Viso: | I39: =SUM(I35:I38)/J35 -> 45.63 | L39: =SUM(L35:L38) -> 0.371 | N39: Viso:
A42: SEHYUCE LX „SEB Global High Yield Fund" LY1791749010
A43: Pirkimas | H43: Pardavimas | N43: Dividendai
A44: Data | B44: Suma, EUR | C44: Invest. | D44: Mokestis | E44: Kaina | F44: Kiekis | H44: Data | I44: Suma,EUR | J44: Mokestis | K44: Kaina | L44: Kiekis | N44: Data | O44: Suma,EUR
H45: 45978 | I45: 21.1 | J45: 0 | K45: 1172.381 | L45: =I45/K45 -> 0.018
A49: Viso: | B49: =SUM(B45:B48) -> 0 | C49: =SUM(C45:C48) -> 0 | D49: =SUM(D45:D48) -> 0 | E49: =IF(B49>0,SUMPRODUCT(E45:E48,F45:F48)/SUM(F45:F48),"0.00") -> 0.00 | F49: =SUM(F45:F48) -> 0 | H49: Viso: | I49: =SUM(I45:I48) -> 21.1 | J49: =SUM(J45:J48) -> 0 | L49: =SUM(L45:L48) -> 0.018 | N49: Viso: | O49: =SUM(O45:O48) -> 0
A52: SEBGEUD "SEB Global Exposure fund" UD-mok. LU2625197160
A53: Pirkimas | H53: Pardavimas | N53: Dividendai
A54: Data | B54: Suma, EUR | C54: Invest. | D54: Mokestis | E54: Kaina | F54: Kiekis | H54: Data | I54: Suma,EUR | J54: Mokestis | K54: Kaina | L54: Kiekis | N54: Data | O54: Suma, vnt.
H55: 45979 | I55: 31.26 | J55: 0 | K55: 136.499 | L55: =I55/K55 -> 0.229
A59: Viso: | B59: =SUM(B55:B58) -> 0 | C59: =SUM(C55:C58) -> 0 | D59: =SUM(D55:D58) -> 0 | E59: =IF(B59>0,SUMPRODUCT(E55:E58,F55:F58)/SUM(F55:F58),"0.00") -> 0.00 | F59: =SUM(F55:F58) -> 0 | H59: Viso: | I59: =SUM(I55:I58) -> 31.26 | J59: =SUM(J55:J58) -> 0 | L59: =SUM(L55:L58) -> 0.229 | N59: Viso:
A62: SEBEEUD "SEB Europe Exposure fund" LU2625195974
A63: Pirkimas | H63: Pardavimas | N63: Dividendai
A64: Data | B64: Suma, EUR | C64: Invest. | D64: Mokestis | E64: Kaina | F64: Kiekis | H64: Data | I64: Suma,EUR | J64: Mokestis | K64: Kaina | L64: Kiekis | N64: Data | O64: Suma,EUR
H65: 45978 | I65: 53.24 | J65: 0 | K65: 136.17 | L65: =I65/K65 -> 0.391
A69: Viso: | B69: =SUM(B65:B68) -> 0 | C69: =SUM(C65:C68) -> 0 | D69: =SUM(D65:D68) -> 0 | E69: =IF(B69>0,SUMPRODUCT(E65:E68,F65:F68)/SUM(F65:F68),"0.00") -> 0.00 | F69: =SUM(F65:F68) -> 0 | H69: Viso: | I69: =SUM(I65:I68) -> 53.24 | J69: =SUM(J65:J68) -> 0 | L69: =SUM(L65:L68) -> 0.391 | N69: Viso: | O69: =SUM(O65:O68) -> 0
A72: SE3UUDE "SEB US Exposure fund" UD-mok. LU2625197327
A73: Pirkimas | H73: Pardavimas | N73: Dividendai
A74: Data | B74: Suma, EUR | C74: Invest. | D74: Mokestis | E74: Kaina | F74: Kiekis | H74: Data | I74: Suma,EUR | J74: Mokestis | K74: Kaina | L74: Kiekis | N74: Data | O74: Suma, vnt.
H75: 45978 | I75: 24.86 | J75: 0 | K75: 141.227 | L75: =I75/K75 -> 0.176
A79: Viso: | B79: =SUM(B75:B78) -> 0 | C79: =SUM(C75:C78) -> 0 | D79: =SUM(D75:D78) -> 0 | E79: =IF(B79>0,SUMPRODUCT(E75:E78,F75:F78)/SUM(F75:F78),"0.00") -> 0.00 | F79: =SUM(F75:F78) -> 0 | H79: Viso: | I79: =SUM(I75:I78) -> 24.86 | J79: =SUM(J75:J78) -> 0 | L79: =SUM(L75:L78) -> 0.176 | N79: Viso:
A82: SEBEUDI "SEB Europe Exposure Fund" UD-mok. LU2625196196
A83: Pirkimas | H83: Pardavimas | N83: Dividendai
A84: Data | B84: Suma, EUR | C84: Invest. | D84: Mokestis | E84: Kaina | F84: Kiekis | H84: Data | I84: Suma,EUR | J84: Mokestis | K84: Kaina | L84: Kiekis | N84: Data | O84: Suma, vnt.
H85: 45974 | I85: 10.73 | J85: 0 | K85: 127.756 | L85: =I85/K85 -> 0.084
A89: Viso: | B89: =SUM(B85:B88) -> 0 | C89: =SUM(C85:C88) -> 0 | D89: =SUM(D85:D88) -> 0 | E89: =IF(B89>0,SUMPRODUCT(E85:E88,F85:F88)/SUM(F85:F88),"0.00") -> 0.00 | F89: =SUM(F85:F88) -> 0 | H89: Viso: | I89: =SUM(I85:I88) -> 10.73 | J89: =SUM(J85:J88) -> 0 | L89: =SUM(L85:L88) -> 0.084 | N89: Viso:

Sheet 2025.10
Q2: 2025.1
Q3: Įnešta | R3: Išvesta | S3: Investuota | T3: Parduota | U3: Mokesčiai | X3: Dividendai
U4: Pirkimas | V4: Saugojimas | W4: Pardavimas
Q5: =(B19+B29+B39+B49+B59+B69+B79+B89+B99+B109)-T5 -> 60 | R5: 0 | S5: =(C19+C29+C39+C49+C59+C69+C79+C89+C99+C109)-T5 -> 60 | T5: =(I19+I29+I39+I49+I59+I69+I79+I89+I99+I109)-W5 -> 0 | U5: =D19+D29+D39+D49+D59+D69+D79+D89+D99+D109 -> 0 | V5: 0.49 | W5: =J19+J29+J39+J49+J59+J69+J79+J89+J99+J109 -> 0 | X5: =O19+O29+O39+O49+O59+O69+O79+O89+O99+O109 -> 0
A12: SESA5FE SS „SEB Active 55“ SE0016076046
A13: Pirkimas | H13: Pardavimas | N13: Dividendai
A14: Data | B14: Suma, EUR | C14: Invest. | D14: Mokestis | E14: Kaina | F14: Kiekis | H14: Data | I14: Suma,EUR | J14: Mokestis | K14: Kaina | L14: Kiekis | N14: Data | O14: Suma,EUR
A15: 45946 | B15: 20 | C15: 20 | D15: =B15-C15 -> 0 | E15: 135.50135 | F15: =C15/E15 -> 0.1476
A19: Viso: | B19: =SUM(B15:B18) -> 20 | C19: =SUM(C15:C18) -> 20 | D19: =SUM(D15:D18) -> 0 | E19: =IF(B19>0,SUMPRODUCT(E15:E18,F15:F18)/SUM(F15:F18),"0.00") -> 135.50135 | F19: =SUM(F15:F18) -> 0.1476 | H19: Viso: | I19: =SUM(I15:I18) -> 0 | J19: =SUM(J15:J18) -> 0 | L19: =SUM(L15:L18) -> 0 | N19: Viso: | O19: =SUM(O15:O18) -> 0
A22: SESA8FE SS „SEB Active 80“ SE0016076111
A23: Pirkimas | H23: Pardavimas | N23: Dividendai
A24: Data | B24: Suma, EUR | C24: Invest. | D24: Mokestis | E24: Kaina | F24: Kiekis | H24: Data | I24: Suma,EUR | J24: Mokestis | K24: Kaina | L24: Kiekis | N24: Data | O24: Suma,EUR
A25: 45931 | B25: 20 | C25: 20 | D25: =B25-C25 -> 0 | E25: 150.82956 | F25: =C25/E25 -> 0.1326
A26: 45960 | B26: 20 | C26: 20 | D26: =B26-C26 -> 0 | E26: 156.98587 | F26: =C26/E26 -> 0.1274
A29: Viso: | B29: =SUM(B25:B28) -> 40 | C29: =SUM(C25:C28) -> 40 | D29: =SUM(D25:D28) -> 0 | E29: =IF(B29>0,SUMPRODUCT(E25:E28,F25:F28)/SUM(F25:F28),"0.00") -> 153.84615 | F29: =SUM(F25:F28) -> 0.26 | H29: Viso: | I29: =SUM(I25:I28) -> 0 | J29: =SUM(J25:J28) -> 0 | L29: =SUM(L25:L28) -> 0 | N29: Viso: | O29: =SUM(O25:O28) -> 0
A32: SESTUDI LX „SEB Artificial Intelligence Fund" LU2249630257
A33: Pirkimas | H33: Pardavimas | N33: Dividendai
A34: Data | B34: Suma, USD | C34: Invest. | D34: Kursas | E34: Kaina | F34: Kiekis | H34: Data | I34: Suma,EUR | J34: Mokestis | K34: Kaina | L34: Kiekis | N34: Data | O34: Suma, vnt.
A39: Eur. | B39: =SUM(B35:B38) -> 0 | C39: =SUM(C35:C38) -> 0 | D39: =SUM(D35:D38) -> 0 | E39: =IF(B39>0,SUMPRODUCT(E35:E38,F35:F38)/SUM(F35:F38),"0.00") -> 0.00 | F39: =SUM(F35:F38) -> 0 | H39: Viso: | I39: =SUM(I35:I38) -> 0 | J39: =SUM(J35:J38) -> 0 | L39: =SUM(L35:L38) -> 0 | N39: Viso:
A42: SEHYUCE LX „SEB Global High Yield Fund" LY1791749010
A43: Pirkimas | H43: Pardavimas | N43: Dividendai
A44: Data | B44: Suma, EUR | C44: Invest. | D44: Mokestis | E44: Kaina | F44: Kiekis | H44: Data | I44: Suma,EUR | J44: Mokestis | K44: Kaina | L44: Kiekis | N44: Data | O44: Suma,EUR
A49: Viso: | B49: =SUM(B45:B48) -> 0 | C49: =SUM(C45:C48) -> 0 | D49: =SUM(D45:D48) -> 0 | E49: =IF(B49>0,SUMPRODUCT(E45:E48,F45:F48)/SUM(F45:F48),"0.00") -> 0.00 | F49: =SUM(F45:F48) -> 0 | H49: Viso: | I49: =SUM(I45:I48) -> 0 | J49: =SUM(J45:J48) -> 0 | L49: =SUM(L45:L48) -> 0 | N49: Viso: | O49: =SUM(O45:O48) -> 0
A52: SEBGEUD "SEB Global Exposure fund" UD-mok. LU2625197160
A53: Pirkimas | H53: Pardavimas | N53: Dividendai
A54: Data | B54: Suma, EUR | C54: Invest. | D54: Mokestis | E54: Kaina | F54: Kiekis | H54: Data | I54: Suma,EUR | J54: Mokestis | K54: Kaina | L54: Kiekis | N54: Data | O54: Suma, vnt.
A59: Viso: | B59: =SUM(B55:B58) -> 0 | C59: =SUM(C55:C58) -> 0 | D59: =SUM(D55:D58) -> 0 | E59: =IF(B59>0,SUMPRODUCT(E55:E58,F55:F58)/SUM(F55:F58),"0.00") -> 0.00 | F59: =SUM(F55:F58) -> 0 | H59: Viso: | I59: =SUM(I55:I58) -> 0 | J59: =SUM(J55:J58) -> 0 | L59: =SUM(L55:L58) -> 0 | N59: Viso:
A62: SEBEEUD "SEB Europe Exposure fund" LU2625195974
A63: Pirkimas | H63: Pardavimas | N63: Dividendai
A64: Data | B64: Suma, EUR | C64: Invest. | D64: Mokestis | E64: Kaina | F64: Kiekis | H64: Data | I64: Suma,EUR | J64: Mokestis | K64: Kaina | L64: Kiekis | N64: Data | O64: Suma,EUR
A69: Viso: | B69: =SUM(B65:B68) -> 0 | C69: =SUM(C65:C68) -> 0 | D69: =SUM(D65:D68) -> 0 | E69: =IF(B69>0,SUMPRODUCT(E65:E68,F65:F68)/SUM(F65:F68),"0.00") -> 0.00 | F69: =SUM(F65:F68) -> 0 | H69: Viso: | I69: =SUM(I65:I68) -> 0 | J69: =SUM(J65:J68) -> 0 | L69: =SUM(L65:L68) -> 0 | N69: Viso: | O69: =SUM(O65:O68) -> 0
A72: SE3UUDE "SEB US Exposure fund" UD-mok. LU2625197327
A73: Pirkimas | H73: Pardavimas | N73: Dividendai
A74: Data | B74: Suma, EUR | C74: Invest. | D74: Mokestis | E74: Kaina | F74: Kiekis | H74: Data | I74: Suma,EUR | J74: Mokestis | K74: Kaina | L74: Kiekis | N74: Data | O74: Suma, vnt.
A79: Viso: | B79: =SUM(B75:B78) -> 0 | C79: =SUM(C75:C78) -> 0 | D79: =SUM(D75:D78) -> 0 | E79: =IF(B79>0,SUMPRODUCT(E75:E78,F75:F78)/SUM(F75:F78),"0.00") -> 0.00 | F79: =SUM(F75:F78) -> 0 | H79: Viso: | I79: =SUM(I75:I78) -> 0 | J79: =SUM(J75:J78) -> 0 | L79: =SUM(L75:L78) -> 0 | N79: Viso:
A82: SEBEUDI "SEB Europe Exposure Fund" UD-mok. LU2625196196
A83: Pirkimas | H83: Pardavimas | N83: Dividendai
A84: Data | B84: Suma, EUR | C84: Invest. | D84: Mokestis | E84: Kaina | F84: Kiekis | H84: Data | I84: Suma,EUR | J84: Mokestis | K84: Kaina | L84: Kiekis | N84: Data | O84: Suma, vnt.
A89: Viso: | B89: =SUM(B85:B88) -> 0 | C89: =SUM(C85:C88) -> 0 | D89: =SUM(D85:D88) -> 0 | E89: =IF(B89>0,SUMPRODUCT(E85:E88,F85:F88)/SUM(F85:F88),"0.00") -> 0.00 | F89: =SUM(F85:F88) -> 0 | H89: Viso: | I89: =SUM(I85:I88) -> 0 | J89: =SUM(J85:J88) -> 0 | L89: =SUM(L85:L88) -> 0 | N89: Viso:

Sheet 2025.09
Q2: 2025.09
Q3: Įnešta | R3: Išvesta | S3: Investuota | T3: Parduota | U3: Mokesčiai | X3: Dividendai
U4: Pirkimas | V4: Saugojimas | W4: Pardavimas
Q5: =(B19+B29+B39+B49+B59+B69+B79+B89+B99+B109)-T5 -> 20 | R5: 0 | S5: =(C19+C29+C39+C49+C59+C69+C79+C89+C99+C109)-T5 -> 20 | T5: =(I19+I29+I39+I49+I59+I69+I79+I89+I99+I109)-W5 -> 0 | U5: =D19+D29+D39+D49+D59+D69+D79+D89+D99+D109 -> 0 | V5: 0.48 | W5: =J19+J29+J39+J49+J59+J69+J79+J89+J99+J109 -> 0 | X5: =O19+O29+O39+O49+O59+O69+O79+O89+O99+O109 -> 0
A12: SESA5FE SS „SEB Active 55“ SE0016076046
A13: Pirkimas | H13: Pardavimas | N13: Dividendai
A14: Data | B14: Suma, EUR | C14: Invest. | D14: Mokestis | E14: Kaina | F14: Kiekis | H14: Data | I14: Suma,EUR | J14: Mokestis | K14: Kaina | L14: Kiekis | N14: Data | O14: Suma,EUR
A15: 45917 | B15: 20 | C15: 20 | D15: =B15-C15 -> 0 | E15: 135.04389 | F15: =C15/E15 -> 0.1481
A19: Viso: | B19: =SUM(B15:B18) -> 20 | C19: =SUM(C15:C18) -> 20 | D19: =SUM(D15:D18) -> 0 | E19: =IF(B19>0,SUMPRODUCT(E15:E18,F15:F18)/SUM(F15:F18),"0.00") -> 135.04389 | F19: =SUM(F15:F18) -> 0.1481 | H19: Viso: | I19: =SUM(I15:I18) -> 0 | J19: =SUM(J15:J18) -> 0 | L19: =SUM(L15:L18) -> 0 | N19: Viso: | O19: =SUM(O15:O18) -> 0
A22: SESA8FE SS „SEB Active 80“ SE0016076111
A23: Pirkimas | H23: Pardavimas | N23: Dividendai
A24: Data | B24: Suma, EUR | C24: Invest. | D24: Mokestis | E24: Kaina | F24: Kiekis | H24: Data | I24: Suma,EUR | J24: Mokestis | K24: Kaina | L24: Kiekis | N24: Data | O24: Suma,EUR
A29: Viso: | B29: =SUM(B25:B28) -> 0 | C29: =SUM(C25:C28) -> 0 | D29: =SUM(D25:D28) -> 0 | E29: =IF(B29>0,SUMPRODUCT(E25:E28,F25:F28)/SUM(F25:F28),"0.00") -> 0.00 | F29: =SUM(F25:F28) -> 0 | H29: Viso: | I29: =SUM(I25:I28) -> 0 | J29: =SUM(J25:J28) -> 0 | L29: =SUM(L25:L28) -> 0 | N29: Viso: | O29: =SUM(O25:O28) -> 0
A32: SESTUDI LX „SEB Artificial Intelligence Fund" LU2249630257
A33: Pirkimas | H33: Pardavimas | N33: Dividendai
A34: Data | B34: Suma, USD | C34: Invest. | D34: Kursas | E34: Kaina | F34: Kiekis | H34: Data | I34: Suma,EUR | J34: Mokestis | K34: Kaina | L34: Kiekis | N34: Data | O34: Suma, vnt.
A39: Eur. | B39: =SUM(B35:B38) -> 0 | C39: =SUM(C35:C38) -> 0 | D39: =SUM(D35:D38) -> 0 | E39: =IF(B39>0,SUMPRODUCT(E35:E38,F35:F38)/SUM(F35:F38),"0.00") -> 0.00 | F39: =SUM(F35:F38) -> 0 | H39: Viso: | I39: =SUM(I35:I38) -> 0 | J39: =SUM(J35:J38) -> 0 | L39: =SUM(L35:L38) -> 0 | N39: Viso:
A42: SEHYUCE LX „SEB Global High Yield Fund" LY1791749010
A43: Pirkimas | H43: Pardavimas | N43: Dividendai
A44: Data | B44: Suma, EUR | C44: Invest. | D44: Mokestis | E44: Kaina | F44: Kiekis | H44: Data | I44: Suma,EUR | J44: Mokestis | K44: Kaina | L44: Kiekis | N44: Data | O44: Suma,EUR
A49: Viso: | B49: =SUM(B45:B48) -> 0 | C49: =SUM(C45:C48) -> 0 | D49: =SUM(D45:D48) -> 0 | E49: =IF(B49>0,SUMPRODUCT(E45:E48,F45:F48)/SUM(F45:F48),"0.00") -> 0.00 | F49: =SUM(F45:F48) -> 0 | H49: Viso: | I49: =SUM(I45:I48) -> 0 | J49: =SUM(J45:J48) -> 0 | L49: =SUM(L45:L48) -> 0 | N49: Viso: | O49: =SUM(O45:O48) -> 0
A52: SEBGEUD "SEB Global Exposure fund" UD-mok. LU2625197160
A53: Pirkimas | H53: Pardavimas | N53: Dividendai
A54: Data | B54: Suma, EUR | C54: Invest. | D54: Mokestis | E54: Kaina | F54: Kiekis | H54: Data | I54: Suma,EUR | J54: Mokestis | K54: Kaina | L54: Kiekis | N54: Data | O54: Suma, vnt.
A59: Viso: | B59: =SUM(B55:B58) -> 0 | C59: =SUM(C55:C58) -> 0 | D59: =SUM(D55:D58) -> 0 | E59: =IF(B59>0,SUMPRODUCT(E55:E58,F55:F58)/SUM(F55:F58),"0.00") -> 0.00 | F59: =SUM(F55:F58) -> 0 | H59: Viso: | I59: =SUM(I55:I58) -> 0 | J59: =SUM(J55:J58) -> 0 | L59: =SUM(L55:L58) -> 0 | N59: Viso:
A62: SEBEEUD "SEB Europe Exposure fund" LU2625195974
A63: Pirkimas | H63: Pardavimas | N63: Dividendai
A64: Data | B64: Suma, EUR | C64: Invest. | D64: Mokestis | E64: Kaina | F64: Kiekis | H64: Data | I64: Suma,EUR | J64: Mokestis | K64: Kaina | L64: Kiekis | N64: Data | O64: Suma,EUR
A69: Viso: | B69: =SUM(B65:B68) -> 0 | C69: =SUM(C65:C68) -> 0 | D69: =SUM(D65:D68) -> 0 | E69: =IF(B69>0,SUMPRODUCT(E65:E68,F65:F68)/SUM(F65:F68),"0.00") -> 0.00 | F69: =SUM(F65:F68) -> 0 | H69: Viso: | I69: =SUM(I65:I68) -> 0 | J69: =SUM(J65:J68) -> 0 | L69: =SUM(L65:L68) -> 0 | N69: Viso: | O69: =SUM(O65:O68) -> 0
A72: SE3UUDE "SEB US Exposure fund" UD-mok. LU2625197327
A73: Pirkimas | H73: Pardavimas | N73: Dividendai
A74: Data | B74: Suma, EUR | C74: Invest. | D74: Mokestis | E74: Kaina | F74: Kiekis | H74: Data | I74: Suma,EUR | J74: Mokestis | K74: Kaina | L74: Kiekis | N74: Data | O74: Suma, vnt.
A79: Viso: | B79: =SUM(B75:B78) -> 0 | C79: =SUM(C75:C78) -> 0 | D79: =SUM(D75:D78) -> 0 | E79: =IF(B79>0,SUMPRODUCT(E75:E78,F75:F78)/SUM(F75:F78),"0.00") -> 0.00 | F79: =SUM(F75:F78) -> 0 | H79: Viso: | I79: =SUM(I75:I78) -> 0 | J79: =SUM(J75:J78) -> 0 | L79: =SUM(L75:L78) -> 0 | N79: Viso:
A82: SEBEUDI "SEB Europe Exposure Fund" UD-mok. LU2625196196
A83: Pirkimas | H83: Pardavimas | N83: Dividendai
A84: Data | B84: Suma, EUR | C84: Invest. | D84: Mokestis | E84: Kaina | F84: Kiekis | H84: Data | I84: Suma,EUR | J84: Mokestis | K84: Kaina | L84: Kiekis | N84: Data | O84: Suma, vnt.
A89: Viso: | B89: =SUM(B85:B88) -> 0 | C89: =SUM(C85:C88) -> 0 | D89: =SUM(D85:D88) -> 0 | E89: =IF(B89>0,SUMPRODUCT(E85:E88,F85:F88)/SUM(F85:F88),"0.00") -> 0.00 | F89: =SUM(F85:F88) -> 0 | H89: Viso: | I89: =SUM(I85:I88) -> 0 | J89: =SUM(J85:J88) -> 0 | L89: =SUM(L85:L88) -> 0 | N89: Viso:

Sheet 2025.08
Q2: 2025.08
Q3: Įnešta | R3: Išvesta | S3: Investuota | T3: Parduota | U3: Mokesčiai | X3: Dividendai
U4: Pirkimas | V4: Saugojimas | W4: Pardavimas
Q5: =(B19+B29+B39+B49+B59+B69+B79+B89+B99+B109)-T5 -> 40 | R5: 0 | S5: =(C19+C29+C39+C49+C59+C69+C79+C89+C99+C109)-T5 -> 40 | T5: =(I19+I29+I39+I49+I59+I69+I79+I89+I99+I109)-W5 -> 0 | U5: =D19+D29+D39+D49+D59+D69+D79+D89+D99+D109 -> 0 | V5: 0.46 | W5: =J19+J29+J39+J49+J59+J69+J79+J89+J99+J109 -> 0 | X5: =O19+O29+O39+O49+O59+O69+O79+O89+O99+O109 -> 0
A12: SESA5FE SS „SEB Active 55“ SE0016076046
A13: Pirkimas | H13: Pardavimas | N13: Dividendai
A14: Data | B14: Suma, EUR | C14: Invest. | D14: Mokestis | E14: Kaina | F14: Kiekis | H14: Data | I14: Suma,EUR | J14: Mokestis | K14: Kaina | L14: Kiekis | N14: Data | O14: Suma,EUR
A15: 45887 | B15: 20 | C15: 20 | D15: =B15-C15 -> 0 | E15: 133.42228 | F15: =C15/E15 -> 0.1499
A19: Viso: | B19: =SUM(B15:B18) -> 20 | C19: =SUM(C15:C18) -> 20 | D19: =SUM(D15:D18) -> 0 | E19: =IF(B19>0,SUMPRODUCT(E15:E18,F15:F18)/SUM(F15:F18),"0.00") -> 133.42228 | F19: =SUM(F15:F18) -> 0.1499 | H19: Viso: | I19: =SUM(I15:I18) -> 0 | J19: =SUM(J15:J18) -> 0 | L19: =SUM(L15:L18) -> 0 | N19: Viso: | O19: =SUM(O15:O18) -> 0
A22: SESA8FE SS „SEB Active 80“ SE0016076111
A23: Pirkimas | H23: Pardavimas | N23: Dividendai
A24: Data | B24: Suma, EUR | C24: Invest. | D24: Mokestis | E24: Kaina | F24: Kiekis | H24: Data | I24: Suma,EUR | J24: Mokestis | K24: Kaina | L24: Kiekis | N24: Data | O24: Suma,EUR
A25: 45898 | B25: 20 | C25: 20 | D25: =B25-C25 -> 0 | E25: 150.26296 | F25: =C25/E25 -> 0.1331
A29: Viso: | B29: =SUM(B25:B28) -> 20 | C29: =SUM(C25:C28) -> 20 | D29: =SUM(D25:D28) -> 0 | E29: =IF(B29>0,SUMPRODUCT(E25:E28,F25:F28)/SUM(F25:F28),"0.00") -> 150.26296 | F29: =SUM(F25:F28) -> 0.1331 | H29: Viso: | I29: =SUM(I25:I28) -> 0 | J29: =SUM(J25:J28) -> 0 | L29: =SUM(L25:L28) -> 0 | N29: Viso: | O29: =SUM(O25:O28) -> 0
A32: SESTUDI LX „SEB Artificial Intelligence Fund" LU2249630257
A33: Pirkimas | H33: Pardavimas | N33: Dividendai
A34: Data | B34: Suma, USD | C34: Invest. | D34: Kursas | E34: Kaina | F34: Kiekis | H34: Data | I34: Suma,EUR | J34: Mokestis | K34: Kaina | L34: Kiekis | N34: Data | O34: Suma, vnt.
A39: Eur. | B39: =SUM(B35:B38) -> 0 | C39: =SUM(C35:C38) -> 0 | D39: =SUM(D35:D38) -> 0 | E39: =IF(B39>0,SUMPRODUCT(E35:E38,F35:F38)/SUM(F35:F38),"0.00") -> 0.00 | F39: =SUM(F35:F38) -> 0 | H39: Viso: | I39: =SUM(I35:I38) -> 0 | J39: =SUM(J35:J38) -> 0 | L39: =SUM(L35:L38) -> 0 | N39: Viso:
A42: SEHYUCE LX „SEB Global High Yield Fund" LY1791749010
A43: Pirkimas | H43: Pardavimas | N43: Dividendai
A44: Data | B44: Suma, EUR | C44: Invest. | D44: Mokestis | E44: Kaina | F44: Kiekis | H44: Data | I44: Suma,EUR | J44: Mokestis | K44: Kaina | L44: Kiekis | N44: Data | O44: Suma,EUR
A49: Viso: | B49: =SUM(B45:B48) -> 0 | C49: =SUM(C45:C48) -> 0 | D49: =SUM(D45:D48) -> 0 | E49: =IF(B49>0,SUMPRODUCT(E45:E48,F45:F48)/SUM(F45:F48),"0.00") -> 0.00 | F49: =SUM(F45:F48) -> 0 | H49: Viso: | I49: =SUM(I45:I48) -> 0 | J49: =SUM(J45:J48) -> 0 | L49: =SUM(L45:L48) -> 0 | N49: Viso: | O49: =SUM(O45:O48) -> 0
A52: SEBGEUD "SEB Global Exposure fund" UD-mok. LU2625197160
A53: Pirkimas | H53: Pardavimas | N53: Dividendai
A54: Data | B54: Suma, EUR | C54: Invest. | D54: Mokestis | E54: Kaina | F54: Kiekis | H54: Data | I54: Suma,EUR | J54: Mokestis | K54: Kaina | L54: Kiekis | N54: Data | O54: Suma, vnt.
A59: Viso: | B59: =SUM(B55:B58) -> 0 | C59: =SUM(C55:C58) -> 0 | D59: =SUM(D55:D58) -> 0 | E59: =IF(B59>0,SUMPRODUCT(E55:E58,F55:F58)/SUM(F55:F58),"0.00") -> 0.00 | F59: =SUM(F55:F58) -> 0 | H59: Viso: | I59: =SUM(I55:I58) -> 0 | J59: =SUM(J55:J58) -> 0 | L59: =SUM(L55:L58) -> 0 | N59: Viso:
A62: SEBEEUD "SEB Europe Exposure fund" LU2625195974
A63: Pirkimas | H63: Pardavimas | N63: Dividendai
A64: Data | B64: Suma, EUR | C64: Invest. | D64: Mokestis | E64: Kaina | F64: Kiekis | H64: Data | I64: Suma,EUR | J64: Mokestis | K64: Kaina | L64: Kiekis | N64: Data | O64: Suma,EUR
A69: Viso: | B69: =SUM(B65:B68) -> 0 | C69: =SUM(C65:C68) -> 0 | D69: =SUM(D65:D68) -> 0 | E69: =IF(B69>0,SUMPRODUCT(E65:E68,F65:F68)/SUM(F65:F68),"0.00") -> 0.00 | F69: =SUM(F65:F68) -> 0 | H69: Viso: | I69: =SUM(I65:I68) -> 0 | J69: =SUM(J65:J68) -> 0 | L69: =SUM(L65:L68) -> 0 | N69: Viso: | O69: =SUM(O65:O68) -> 0
A72: SE3UUDE "SEB US Exposure fund" UD-mok. LU2625197327
A73: Pirkimas | H73: Pardavimas | N73: Dividendai
A74: Data | B74: Suma, EUR | C74: Invest. | D74: Mokestis | E74: Kaina | F74: Kiekis | H74: Data | I74: Suma,EUR | J74: Mokestis | K74: Kaina | L74: Kiekis | N74: Data | O74: Suma, vnt.
A79: Viso: | B79: =SUM(B75:B78) -> 0 | C79: =SUM(C75:C78) -> 0 | D79: =SUM(D75:D78) -> 0 | E79: =IF(B79>0,SUMPRODUCT(E75:E78,F75:F78)/SUM(F75:F78),"0.00") -> 0.00 | F79: =SUM(F75:F78) -> 0 | H79: Viso: | I79: =SUM(I75:I78) -> 0 | J79: =SUM(J75:J78) -> 0 | L79: =SUM(L75:L78) -> 0 | N79: Viso:
A82: SEBEUDI "SEB Europe Exposure Fund" UD-mok. LU2625196196
A83: Pirkimas | H83: Pardavimas | N83: Dividendai
A84: Data | B84: Suma, EUR | C84: Invest. | D84: Mokestis | E84: Kaina | F84: Kiekis | H84: Data | I84: Suma,EUR | J84: Mokestis | K84: Kaina | L84: Kiekis | N84: Data | O84: Suma, vnt.
A89: Viso: | B89: =SUM(B85:B88) -> 0 | C89: =SUM(C85:C88) -> 0 | D89: =SUM(D85:D88) -> 0 | E89: =IF(B89>0,SUMPRODUCT(E85:E88,F85:F88)/SUM(F85:F88),"0.00") -> 0.00 | F89: =SUM(F85:F88) -> 0 | H89: Viso: | I89: =SUM(I85:I88) -> 0 | J89: =SUM(J85:J88) -> 0 | L89: =SUM(L85:L88) -> 0 | N89: Viso:

Sheet 2025.07
Q2: 2025.07
Q3: Įnešta | R3: Išvesta | S3: Investuota | T3: Parduota | U3: Mokesčiai | X3: Dividendai
U4: Pirkimas | V4: Saugojimas | W4: Pardavimas
Q5: =(B19+B29+B39+B49+B59+B69+B79+B89+B99+B109)-T5 -> 60 | R5: 0 | S5: =(C19+C29+C39+C49+C59+C69+C79+C89+C99+C109)-T5 -> 60 | T5: =(I19+I29+I39+I49+I59+I69+I79+I89+I99+I109)-W5 -> 0 | U5: =D19+D29+D39+D49+D59+D69+D79+D89+D99+D109 -> 0 | V5: 0.44 | W5: =J19+J29+J39+J49+J59+J69+J79+J89+J99+J109 -> 0 | X5: =O19+O29+O39+O49+O59+O69+O79+O89+O99+O109 -> 0
A12: SESA5FE SS „SEB Active 55“ SE0016076046
A13: Pirkimas | H13: Pardavimas | N13: Dividendai
A14: Data | B14: Suma, EUR | C14: Invest. | D14: Mokestis | E14: Kaina | F14: Kiekis | H14: Data | I14: Suma,EUR | J14: Mokestis | K14: Kaina | L14: Kiekis | N14: Data | O14: Suma,EUR
A15: 45855 | B15: 20 | C15: 20 | D15: =B15-C15 -> 0 | E15: 132.27513 | F15: =C15/E15 -> 0.1512
A19: Viso: | B19: =SUM(B15:B18) -> 20 | C19: =SUM(C15:C18) -> 20 | D19: =SUM(D15:D18) -> 0 | E19: =IF(B19>0,SUMPRODUCT(E15:E18,F15:F18)/SUM(F15:F18),"0.00") -> 132.27513 | F19: =SUM(F15:F18) -> 0.1512 | H19: Viso: | I19: =SUM(I15:I18) -> 0 | J19: =SUM(J15:J18) -> 0 | L19: =SUM(L15:L18) -> 0 | N19: Viso: | O19: =SUM(O15:O18) -> 0
A22: SESA8FE SS „SEB Active 80“ SE0016076111
A23: Pirkimas | H23: Pardavimas | N23: Dividendai
A24: Data | B24: Suma, EUR | C24: Invest. | D24: Mokestis | E24: Kaina | F24: Kiekis | H24: Data | I24: Suma,EUR | J24: Mokestis | K24: Kaina | L24: Kiekis | N24: Data | O24: Suma,EUR
A25: 45839 | B25: 20 | C25: 20 | D25: =B25-C25 -> 0 | E25: 146.73514 | F25: =C25/E25 -> 0.1363
A26: 45869 | B26: 20 | C26: 20 | D26: =B26-C26 -> 0 | E26: 150.03751 | F26: =C26/E26 -> 0.1333
A29: Viso: | B29: =SUM(B25:B28) -> 40 | C29: =SUM(C25:C28) -> 40 | D29: =SUM(D25:D28) -> 0 | E29: =IF(B29>0,SUMPRODUCT(E25:E28,F25:F28)/SUM(F25:F28),"0.00") -> 148.36795 | F29: =SUM(F25:F28) -> 0.2696 | H29: Viso: | I29: =SUM(I25:I28) -> 0 | J29: =SUM(J25:J28) -> 0 | L29: =SUM(L25:L28) -> 0 | N29: Viso: | O29: =SUM(O25:O28) -> 0
A32: SESTUDI LX „SEB Artificial Intelligence Fund" LU2249630257
A33: Pirkimas | H33: Pardavimas | N33: Dividendai
A34: Data | B34: Suma, USD | C34: Invest. | D34: Kursas | E34: Kaina | F34: Kiekis | H34: Data | I34: Suma,EUR | J34: Mokestis | K34: Kaina | L34: Kiekis | N34: Data | O34: Suma, vnt.
A39: Eur. | B39: =SUM(B35:B38) -> 0 | C39: =SUM(C35:C38) -> 0 | D39: =SUM(D35:D38) -> 0 | E39: =IF(B39>0,SUMPRODUCT(E35:E38,F35:F38)/SUM(F35:F38),"0.00") -> 0.00 | F39: =SUM(F35:F38) -> 0 | H39: Viso: | I39: =SUM(I35:I38) -> 0 | J39: =SUM(J35:J38) -> 0 | L39: =SUM(L35:L38) -> 0 | N39: Viso:
A42: SEHYUCE LX „SEB Global High Yield Fund" LY1791749010
A43: Pirkimas | H43: Pardavimas | N43: Dividendai
A44: Data | B44: Suma, EUR | C44: Invest. | D44: Mokestis | E44: Kaina | F44: Kiekis | H44: Data | I44: Suma,EUR | J44: Mokestis | K44: Kaina | L44: Kiekis | N44: Data | O44: Suma,EUR
A49: Viso: | B49: =SUM(B45:B48) -> 0 | C49: =SUM(C45:C48) -> 0 | D49: =SUM(D45:D48) -> 0 | E49: =IF(B49>0,SUMPRODUCT(E45:E48,F45:F48)/SUM(F45:F48),"0.00") -> 0.00 | F49: =SUM(F45:F48) -> 0 | H49: Viso: | I49: =SUM(I45:I48) -> 0 | J49: =SUM(J45:J48) -> 0 | L49: =SUM(L45:L48) -> 0 | N49: Viso: | O49: =SUM(O45:O48) -> 0
A52: SEBGEUD "SEB Global Exposure fund" UD-mok. LU2625197160
A53: Pirkimas | H53: Pardavimas | N53: Dividendai
A54: Data | B54: Suma, EUR | C54: Invest. | D54: Mokestis | E54: Kaina | F54: Kiekis | H54: Data | I54: Suma,EUR | J54: Mokestis | K54: Kaina | L54: Kiekis | N54: Data | O54: Suma, vnt.
A59: Viso: | B59: =SUM(B55:B58) -> 0 | C59: =SUM(C55:C58) -> 0 | D59: =SUM(D55:D58) -> 0 | E59: =IF(B59>0,SUMPRODUCT(E55:E58,F55:F58)/SUM(F55:F58),"0.00") -> 0.00 | F59: =SUM(F55:F58) -> 0 | H59: Viso: | I59: =SUM(I55:I58) -> 0 | J59: =SUM(J55:J58) -> 0 | L59: =SUM(L55:L58) -> 0 | N59: Viso:
A62: SEBEEUD "SEB Europe Exposure fund" LU2625195974
A63: Pirkimas | H63: Pardavimas | N63: Dividendai
A64: Data | B64: Suma, EUR | C64: Invest. | D64: Mokestis | E64: Kaina | F64: Kiekis | H64: Data | I64: Suma,EUR | J64: Mokestis | K64: Kaina | L64: Kiekis | N64: Data | O64: Suma,EUR
A69: Viso: | B69: =SUM(B65:B68) -> 0 | C69: =SUM(C65:C68) -> 0 | D69: =SUM(D65:D68) -> 0 | E69: =IF(B69>0,SUMPRODUCT(E65:E68,F65:F68)/SUM(F65:F68),"0.00") -> 0.00 | F69: =SUM(F65:F68) -> 0 | H69: Viso: | I69: =SUM(I65:I68) -> 0 | J69: =SUM(J65:J68) -> 0 | L69: =SUM(L65:L68) -> 0 | N69: Viso: | O69: =SUM(O65:O68) -> 0
A72: SE3UUDE "SEB US Exposure fund" UD-mok. LU2625197327
A73: Pirkimas | H73: Pardavimas | N73: Dividendai
A74: Data | B74: Suma, EUR | C74: Invest. | D74: Mokestis | E74: Kaina | F74: Kiekis | H74: Data | I74: Suma,EUR | J74: Mokestis | K74: Kaina | L74: Kiekis | N74: Data | O74: Suma, vnt.
A79: Viso: | B79: =SUM(B75:B78) -> 0 | C79: =SUM(C75:C78) -> 0 | D79: =SUM(D75:D78) -> 0 | E79: =IF(B79>0,SUMPRODUCT(E75:E78,F75:F78)/SUM(F75:F78),"0.00") -> 0.00 | F79: =SUM(F75:F78) -> 0 | H79: Viso: | I79: =SUM(I75:I78) -> 0 | J79: =SUM(J75:J78) -> 0 | L79: =SUM(L75:L78) -> 0 | N79: Viso:
A82: SEBEUDI "SEB Europe Exposure Fund" UD-mok. LU2625196196
A83: Pirkimas | H83: Pardavimas | N83: Dividendai
A84: Data | B84: Suma, EUR | C84: Invest. | D84: Mokestis | E84: Kaina | F84: Kiekis | H84: Data | I84: Suma,EUR | J84: Mokestis | K84: Kaina | L84: Kiekis | N84: Data | O84: Suma, vnt.
A89: Viso: | B89: =SUM(B85:B88) -> 0 | C89: =SUM(C85:C88) -> 0 | D89: =SUM(D85:D88) -> 0 | E89: =IF(B89>0,SUMPRODUCT(E85:E88,F85:F88)/SUM(F85:F88),"0.00") -> 0.00 | F89: =SUM(F85:F88) -> 0 | H89: Viso: | I89: =SUM(I85:I88) -> 0 | J89: =SUM(J85:J88) -> 0 | L89: =SUM(L85:L88) -> 0 | N89: Viso:

Sheet 2025.06
Q2: 2025.06
Q3: Įnešta | R3: Išvesta | S3: Investuota | T3: Parduota | U3: Mokesčiai | X3: Dividendai
U4: Pirkimas | V4: Saugojimas | W4: Pardavimas
