Workbook

Sheet Apžvalga
B1: Inešta | C1: Investuota | D1: NTF | E1: NAF | F1: Vertė | G1: Pelnas | H1: % | I1: Mokestis | M1: XIRR | AS1: XIRR
A2: ='2024.01'!A1 -> 2024.01 | B2: ='2024.01'!H4 -> 100 | C2: ='2024.01'!I4 -> 98 | D2: ='Nextury Technology'!I2 -> 96.26 | E2: 0 | F2: =SUM(D2:E2) -> 96.26 | G2: =F2-B2 -> -3.74 | H2: =G2/B2 -> -0.0374 | I2: ='2024.01'!J4 -> 2 | M2: =XIRR(_xlfn.VSTACK('Nextury Technology'!AB2:AB200,'Nextury Asia'!AB2:AB200),_xlfn.VSTACK('Nextury Technology'!AA2:AA200,'Nextury Asia'!AA2:AA200)) -> 0.1861 | AS2: =XIRR(_xlfn.VSTACK('Nextury Technology'!AB2:AB200,'Nextury Asia'!AB2:AB200),_xlfn.VSTACK('Nextury Technology'!AA2:AA200,'Nextury Asia'!AA2:AA200)) -> 0.1861
A3: ='2024.02'!A1 -> 2024.02 | B3: =B2+'2024.02'!H4 -> 100 | C3: =C2+'2024.02'!I4 -> 98 | D3: ='Nextury Technology'!I3 -> 105.49 | E3: 0 | F3: =SUM(D3:E3) -> 105.49 | G3: =F3-B3 -> 5.49 | H3: =G3/B3 -> 0.0549 | I3: ='2024.02'!J4 -> 0
A4: ='2024.03'!A1 -> 2024.03 | B4: =B3+'2024.03'!H4 -> 100 | C4: =C3+'2024.03'!I4 -> 98 | D4: ='Nextury Technology'!I4 -> 106.16 | E4: 0 | F4: =SUM(D4:E4) -> 106.16 | G4: =F4-B4 -> 6.16 | H4: =G4/B4 -> 0.0616 | I4: ='2024.03'!J4 -> 0
A5: ='2024.04'!A1 -> 2024.04 | B5: =B4+'2024.04'!H4 -> 100 | C5: =C4+'2024.04'!I4 -> 98 | D5: ='Nextury Technology'!I5 -> 104.32 | E5: 0 | F5: =SUM(D5:E5) -> 104.32 | G5: =F5-B5 -> 4.32 | H5: =G5/B5 -> 0.0432 | I5: ='2024.04'!J4 -> 0
A6: ='2024.05'!A1 -> 2024.05 | B6: =B5+'2024.05'!H4 -> 150 | C6: =C5+'2024.05'!I4 -> 147 | D6: ='Nextury Technology'!I6 -> 110.88 | E6: ='Nextury Asia'!I2 -> 47.58 | F6: =SUM(D6:E6) -> 158.46 | G6: =F6-B6 -> 8.46 | H6: =G6/B6 -> 0.0564 | I6: ='2024.05'!J4 -> 1
A7: ='2024.06'!A1 -> 2024.06 | B7: =B6+'2024.06'!H4 -> 150 | C7: =C6+'2024.06'!I4 -> 147 | D7: ='Nextury Technology'!I7 -> 119.85 | E7: ='Nextury Asia'!I3 -> 49.86 | F7: =SUM(D7:E7) -> 169.71 | G7: =F7-B7 -> 19.71 | H7: =G7/B7 -> 0.1314 | I7: ='2024.06'!J4 -> 0
A8: ='2024.07'!A1 -> 2024.07 | B8: =B7+'2024.07'!H4 -> 200 | C8: =C7+'2024.07'!I4 -> 196.01 | D8: ='Nextury Technology'!I8 -> 166.15 | E8: ='Nextury Asia'!I4 -> 49.61 | F8: =SUM(D8:E8) -> 215.76 | G8: =F8-B8 -> 15.76 | H8: =G8/B8 -> 0.0788 | I8: ='2024.07'!J4 -> 0.99
A9: ='2024.08'!A1 -> 2024.08 | B9: =B8+'2024.08'!H4 -> 200 | C9: =C8+'2024.08'!I4 -> 196.01 | D9: ='Nextury Technology'!I9 -> 161.97 | E9: ='Nextury Asia'!I5 -> 49.27 | F9: =SUM(D9:E9) -> 211.24 | G9: =F9-B9 -> 11.24 | H9: =G9/B9 -> 0.0562 | I9: ='2024.08'!J4 -> 0
A10: ='2024.09'!A1 -> 2024.09 | B10: =B9+'2024.09'!H4 -> 200 | C10: =C9+'2024.09'!I4 -> 196.01 | D10: ='Nextury Technology'!I10 -> 170.69 | E10: ='Nextury Asia'!I6 -> 52.37 | F10: =SUM(D10:E10) -> 223.06 | G10: =F10-B10 -> 23.06 | H10: =G10/B10 -> 0.1153 | I10: ='2024.09'!J4 -> 0
A11: ='2024.10'!A1 -> 2024.10 | B11: =B10+'2024.10'!H4 -> 200 | C11: =C10+'2024.10'!I4 -> 196.01 | D11: ='Nextury Technology'!I11 -> 183.26 | E11: ='Nextury Asia'!I7 -> 51.51 | F11: =SUM(D11:E11) -> 234.77 | G11: =F11-B11 -> 34.77 | H11: =G11/B11 -> 0.1739 | I11: ='2024.10'!J4 -> 0
A12: ='2024.11'!A1 -> 2024.11 | B12: =B11+'2024.11'!H4 -> 250 | C12: =C11+'2024.11'!I4 -> 245.01 | D12: ='Nextury Technology'!I12 -> 244.44 | E12: ='Nextury Asia'!I8 -> 49.3 | F12: =SUM(D12:E12) -> 293.74 | G12: =F12-B12 -> 43.74 | H12: =G12/B12 -> 0.175 | I12: ='2024.11'!J4 -> 1
A13: ='2024.12'!A1 -> 2024.12 | B13: =B12+'2024.12'!H4 -> 300 | C13: =C12+'2024.12'!I4 -> 294.02 | D13: ='Nextury Technology'!I13 -> 302.66 | E13: ='Nextury Asia'!I9 -> 49.34 | F13: =SUM(D13:E13) -> 352 | G13: =F13-B13 -> 52 | H13: =G13/B13 -> 0.1733 | I13: ='2024.12'!J4 -> 0.99
A14: ='2025.01'!A1 -> 2025.01 | B14: =B13+'2025.01'!H4 -> 300 | C14: =C13+'2025.01'!I4 -> 294.02 | D14: ='Nextury Technology'!I14 -> 310.36 | E14: ='Nextury Asia'!I10 -> 51.8 | F14: =SUM(D14:E14) -> 362.16 | G14: =F14-B14 -> 62.16 | H14: =G14/B14 -> 0.2072 | I14: ='2025.01'!J4 -> 0
A15: ='2025.02'!A1 -> 2025.02 | B15: =B14+'2025.02'!H4 -> 300 | C15: =C14+'2025.02'!I4 -> 294.02 | D15: ='Nextury Technology'!I15 -> 283.39 | E15: ='Nextury Asia'!I11 -> 55.18 | F15: =SUM(D15:E15) -> 338.57 | G15: =F15-B15 -> 38.57 | H15: =G15/B15 -> 0.1286 | I15: ='2025.02'!J4 -> 0
A16: ='2025.03'!A1 -> 2025.03 | B16: =B15+'2025.03'!H4 -> 350 | C16: =C15+'2025.03'!I4 -> 343.01 | D16: ='Nextury Technology'!I16 -> 295.34 | E16: ='Nextury Asia'!I12 -> 54.29 | F16: =SUM(D16:E16) -> 349.63 | G16: =F16-B16 -> -0.37 | H16: =G16/B16 -> -0.0011 | I16: ='2025.03'!J4 -> 1.01
A17: ='2025.04'!A1 -> 2025.04 | B17: =B16+'2025.04'!H4 -> 350 | C17: =C16+'2025.04'!I4 -> 343.01 | D17: ='Nextury Technology'!I17 -> 282.39 | E17: ='Nextury Asia'!I13 -> 50.38 | F17: =SUM(D17:E17) -> 332.77 | G17: =F17-B17 -> -17.23 | H17: =G17/B17 -> -0.0492 | I17: ='2025.04'!J4 -> 0
A18: ='2025.05'!A1 -> 2025.05 | B18: =B17+'2025.05'!H4 -> 350 | C18: =C17+'2025.05'!I4 -> 343.01 | D18: ='Nextury Technology'!I18 -> 322.02 | E18: ='Nextury Asia'!I14 -> 51.78 | F18: =SUM(D18:E18) -> 373.8 | G18: =F18-B18 -> 23.8 | H18: =G18/B18 -> 0.068 | I18: ='2025.05'!J4 -> 0
A19: ='2025.06'!A1 -> 2025.06 | B19: =B18+'2025.06'!H4 -> 350 | C19: =C18+'2025.06'!I4 -> 343.01 | D19: ='Nextury Technology'!I19 -> 328.71 | E19: ='Nextury Asia'!I15 -> 52.51 | F19: =SUM(D19:E19) -> 381.22 | G19: =F19-B19 -> 31.22 | H19: =G19/B19 -> 0.0892 | I19: ='2025.06'!J4 -> 0
A20: ='2025.07'!A1 -> 2025.07 | B20: =B19+'2025.07'!H4 -> 350 | C20: =C19+'2025.07'!I4 -> 343.01 | D20: ='Nextury Technology'!I20 -> 351.46 | E20: ='Nextury Asia'!I16 -> 55.97 | F20: =SUM(D20:E20) -> 407.43 | G20: =F20-B20 -> 57.43 | H20: =G20/B20 -> 0.1641 | I20: ='2025.07'!J4 -> 0
A21: ='2025.08'!A1 -> 2025.08 | B21: =B20+'2025.08'!H4 -> 350 | C21: =C20+'2025.08'!I4 -> 343.01 | D21: ='Nextury Technology'!I21 -> 354.55 | E21: ='Nextury Asia'!I17 -> 57.63 | F21: =SUM(D21:E21) -> 412.18 | G21: =F21-B21 -> 62.18 | H21: =G21/B21 -> 0.1777 | I21: ='2025.08'!J4 -> 0
A22: ='2025.09'!A1 -> 2025.09 | B22: =B21+'2025.09'!H4 -> 350 | C22: =C21+'2025.09'!I4 -> 343.01 | D22: ='Nextury Technology'!I22 -> 382.14 | E22: ='Nextury Asia'!I18 -> 66.18 | F22: =SUM(D22:E22) -> 448.32 | G22: =F22-B22 -> 98.32 | H22: =G22/B22 -> 0.2809 | I22: ='2025.09'!J4 -> 0
A23: ='2025.10'!A1 -> 2025.10 | B23: =B22+'2025.10'!H4 -> 350 | C23: =C22+'2025.10'!I4 -> 343.01 | D23: ='Nextury Technology'!I23 -> 400.49 | E23: ='Nextury Asia'!I19 -> 67.32 | F23: =SUM(D23:E23) -> 467.81 | G23: =F23-B23 -> 117.81 | H23: =G23/B23 -> 0.3366 | I23: ='2025.10'!J4 -> 0
A24: ='2025.11'!A1 -> 2025.11 | B24: =B23+'2025.11'!H4 -> 350 | C24: =C23+'2025.11'!I4 -> 343.01 | D24: ='Nextury Technology'!I24 -> 393.27 | E24: ='Nextury Asia'!I20 -> 64.84 | F24: =SUM(D24:E24) -> 458.11 | G24: =F24-B24 -> 108.11 | H24: =G24/B24 -> 0.3089 | I24: ='2025.11'!J4 -> 0
A25: ='2025.12'!A1 -> 2025.12 | B25: =B24+'2025.12'!H4 -> 350 | C25: =C24+'2025.12'!I4 -> 343.01 | D25: ='Nextury Technology'!I25 -> 389.55 | E25: ='Nextury Asia'!I21 -> 65.59 | F25: =SUM(D25:E25) -> 455.14 | G25: =F25-B25 -> 105.14 | H25: =G25/B25 -> 0.3004 | I25: ='2025.12'!J4 -> 0
A26: ='2026.01'!A1 -> 2026.01 | B26: =B25+'2026.01'!H4 -> 350 | C26: =C25+'2026.01'!I4 -> 343.01 | D26: ='Nextury Technology'!I26 -> 383.86 | E26: ='Nextury Asia'!I22 -> 70.19 | F26: =SUM(D26:E26) -> 454.05 | G26: =F26-B26 -> 104.05 | H26: =G26/B26 -> 0.2973 | I26: ='2026.01'!J4 -> 0
A27: ='2026.02'!A1 -> 2026.02 | B27: =B26+'2026.02'!H4 -> 350 | C27: =C26+'2026.02'!I4 -> 343.01 | D27: ='Nextury Technology'!I27 -> 362.98 | E27: ='Nextury Asia'!I23 -> 72.33 | F27: =SUM(D27:E27) -> 435.31 | G27: =F27-B27 -> 85.31 | H27: =G27/B27 -> 0.2437 | I27: ='2026.02'!J4 -> 0
A28: ='2026.03'!A1 -> 2026.03 | B28: =B27+'2026.03'!H4 -> 350 | C28: =C27+'2026.03'!I4 -> 343.01 | D28: ='Nextury Technology'!I28 -> 353.3 | E28: ='Nextury Asia'!I24 -> 66.88 | F28: =SUM(D28:E28) -> 420.18 | G28: =F28-B28 -> 70.18 | H28: =G28/B28 -> 0.2005 | I28: ='2026.03'!J4 -> 0
A29: ='2026.04'!$A$1 -> 2026.04 | B29: =B28+'2026.04'!$H$4 -> 350 | C29: =C28+'2026.04'!$I$4 -> 343.01 | D29: ='Nextury Technology'!I29 -> 404.2 | E29: ='Nextury Asia'!I25 -> 74.58 | F29: =SUM(D29:E29) -> 478.78 | G29: =F29-B29 -> 128.78 | H29: =G29/B29 -> 0.3679 | I29: ='2026.04'!$J$4 -> 0
A30: ='2026.05'!$A$1 -> 2026.05 | B30: =B29+'2026.05'!$H$4 -> 350 | C30: =C29+'2026.05'!$I$4 -> 343.01 | D30: ='Nextury Technology'!I30 -> 429.38 | E30: ='Nextury Asia'!I26 -> 83.58 | F30: =SUM(D30:E30) -> 512.96 | G30: =F30-B30 -> 162.96 | H30: =G30/B30 -> 0.4656 | I30: ='2026.05'!$J$4 -> 0
A31: ='2026.06'!$A$1 -> 2026.06 | B31: =B30+'2026.06'!$H$4 -> 350 | C31: =C30+'2026.06'!$I$4 -> 343.01 | D31: ='Nextury Technology'!I31 -> 394.42 | E31: ='Nextury Asia'!I27 -> 81.21 | F31: =SUM(D31:E31) -> 475.63 | G31: =F31-B31 -> 125.63 | H31: =G31/B31 -> 0.3589 | I31: ='2026.06'!$J$4 -> 0
A32: ='2026.07'!$A$1 -> 2026.07 | B32: =B31+'2026.07'!$H$4 -> 350 | C32: =C31+'2026.07'!$I$4 -> 343.01 | D32: ='Nextury Technology'!I32 -> 392.99 | E32: ='Nextury Asia'!I28 -> 78.63 | F32: =SUM(D32:E32) -> 471.62 | G32: =F32-B32 -> 121.62 | H32: =G32/B32 -> 0.3475 | I32: ='2026.07'!$J$4 -> 0
A33: ='2026.08'!$A$1 -> 2026.08 | B33: =B32+'2026.08'!$H$4 -> 350 | C33: =C32+'2026.08'!$I$4 -> 343.01 | D33: ='Nextury Technology'!I33 -> 408.25 | E33: ='Nextury Asia'!I29 -> 79.05 | F33: =SUM(D33:E33) -> 487.3 | G33: =F33-B33 -> 137.3 | H33: =G33/B33 -> 0.3923 | I33: ='2026.08'!$J$4 -> 0
A34: ='2026.09'!$A$1 -> 2026.09 | B34: =B33+'2026.09'!$H$4 -> 350 | C34: =C33+'2026.09'!$I$4 -> 343.01 | D34: ='Nextury Technology'!I34 -> 427.83 | E34: ='Nextury Asia'!I30 -> 78.62 | F34: =SUM(D34:E34) -> 506.45 | G34: =F34-B34 -> 156.45 | H34: =G34/B34 -> 0.447 | I34: ='2026.09'!$J$4 -> 0

Sheet Nextury Technology
A1: NTF | B1: Suma, EUR | C1: Suma viso | D1: Investuota | E1: Suma viso | F1: Kiekis | G1: Viso kiekis | H1: Kaina gale | I1: Vertė gale | J1: Pelnas | K1: % | L1: Pelnas viso | M1: % Inves. | Z1: XIRR | AA1: Data | AB1: Įnešta
A2: ='2024.01'!A1 -> 2024.01 | B2: ='2024.01'!B9 -> 100 | C2: =B2 -> 100 | D2: ='2024.01'!C9 -> 98 | E2: =D2 -> 98 | F2: ='2024.01'!F9 -> 0.3951 | G2: =F2 -> 0.3951 | H2: 243.6441 | I2: =G2*H2 -> 96.26 | J2: =I2-E2 -> -1.74 | K2: =J2/E2 -> -0.0178 | L2: =I2-C2 -> -3.74 | M2: =L2/C2 -> -0.0374 | Z2: =XIRR(AB2:AB200,AA2:AA200) -> 0.181 | AA2: ='2024.01'!$A$4 -> 45317 | AB2: ='2024.01'!$B$4*-1 -> -100
A3: ='2024.02'!A1 -> 2024.02 | B3: ='2024.02'!B9 -> 0 | C3: =C2+B3 -> 100 | D3: ='2024.02'!C9 -> 0 | E3: =E2+D3 -> 98 | F3: ='2024.02'!F9 -> 0 | G3: =G2+F3 -> 0.3951 | H3: 266.9964 | I3: =G3*H3 -> 105.49 | J3: =I3-E3 -> 7.49 | K3: =J3/E3 -> 0.0764 | L3: =I3-C3 -> 5.49 | M3: =L3/C3 -> 0.0549 | AA3: ='2024.07'!$A$4 -> 45502 | AB3: ='2024.07'!$B$4*-1 -> -50
A4: ='2024.03'!A1 -> 2024.03 | B4: ='2024.03'!B9 -> 0 | C4: =C3+B4 -> 100 | D4: ='2024.03'!C9 -> 0 | E4: =E3+D4 -> 98 | F4: ='2024.03'!F9 -> 0 | G4: =G3+F4 -> 0.3951 | H4: 268.6962 | I4: =G4*H4 -> 106.16 | J4: =I4-E4 -> 8.16 | K4: =J4/E4 -> 0.0833 | L4: =I4-C4 -> 6.16 | M4: =L4/C4 -> 0.0616 | AA4: ='2024.11'!$A$4 -> 45618 | AB4: ='2024.11'!$B$4*-1 -> -50
A5: ='2024.04'!A1 -> 2024.04 | B5: ='2024.04'!B9 -> 0 | C5: =C4+B5 -> 100 | D5: ='2024.04'!C9 -> 0 | E5: =E4+D5 -> 98 | F5: ='2024.04'!F9 -> 0 | G5: =G4+F5 -> 0.3951 | H5: 264.0426 | I5: =G5*H5 -> 104.32 | J5: =I5-E5 -> 6.32 | K5: =J5/E5 -> 0.0645 | L5: =I5-C5 -> 4.32 | M5: =L5/C5 -> 0.0432 | AA5: ='2024.12'!$A$4 -> 45646 | AB5: ='2024.12'!$B$4*-1 -> -50
A6: ='2024.05'!A1 -> 2024.05 | B6: ='2024.05'!B9 -> 0 | C6: =C5+B6 -> 100 | D6: ='2024.05'!C9 -> 0 | E6: =E5+D6 -> 98 | F6: ='2024.05'!F9 -> 0 | G6: =G5+F6 -> 0.3951 | H6: 280.6284 | I6: =G6*H6 -> 110.88 | J6: =I6-E6 -> 12.88 | K6: =J6/E6 -> 0.1314 | L6: =I6-C6 -> 10.88 | M6: =L6/C6 -> 0.1088 | AA6: ='2025.03'!$A$4 -> 45733 | AB6: ='2025.03'!$B$4*-1 -> -50
A7: ='2024.06'!A1 -> 2024.06 | B7: ='2024.06'!B9 -> 0 | C7: =C6+B7 -> 100 | D7: ='2024.06'!C9 -> 0 | E7: =E6+D7 -> 98 | F7: ='2024.06'!F9 -> 0 | G7: =G6+F7 -> 0.3951 | H7: 303.34 | I7: =G7*H7 -> 119.85 | J7: =I7-E7 -> 21.85 | K7: =J7/E7 -> 0.223 | L7: =I7-C7 -> 19.85 | M7: =L7/C7 -> 0.1985
A8: ='2024.07'!A1 -> 2024.07 | B8: ='2024.07'!B9 -> 50 | C8: =C7+B8 -> 150 | D8: ='2024.07'!C9 -> 49.01 | E8: =E7+D8 -> 147.01 | F8: ='2024.07'!F9 -> 0.1693 | G8: =G7+F8 -> 0.5644 | H8: 294.3775 | I8: =G8*H8 -> 166.15 | J8: =I8-E8 -> 19.14 | K8: =J8/E8 -> 0.1302 | L8: =I8-C8 -> 16.15 | M8: =L8/C8 -> 0.1077
A9: ='2024.08'!A1 -> 2024.08 | B9: ='2024.08'!B9 -> 0 | C9: =C8+B9 -> 150 | D9: ='2024.08'!C9 -> 0 | E9: =E8+D9 -> 147.01 | F9: ='2024.08'!F9 -> 0 | G9: =G8+F9 -> 0.5644 | H9: 286.9698 | I9: =G9*H9 -> 161.97 | J9: =I9-E9 -> 14.96 | K9: =J9/E9 -> 0.1018 | L9: =I9-C9 -> 11.97 | M9: =L9/C9 -> 0.0798
A10: ='2024.09'!A1 -> 2024.09 | B10: ='2024.09'!B9 -> 0 | C10: =C9+B10 -> 150 | D10: ='2024.09'!C9 -> 0 | E10: =E9+D10 -> 147.01 | F10: ='2024.09'!F9 -> 0 | G10: =G9+F10 -> 0.5644 | H10: 302.4235 | I10: =G10*H10 -> 170.69 | J10: =I10-E10 -> 23.68 | K10: =J10/E10 -> 0.1611 | L10: =I10-C10 -> 20.69 | M10: =L10/C10 -> 0.1379
A11: ='2024.10'!A1 -> 2024.10 | B11: ='2024.10'!B9 -> 0 | C11: =C10+B11 -> 150 | D11: ='2024.10'!C9 -> 0 | E11: =E10+D11 -> 147.01 | F11: ='2024.10'!F9 -> 0 | G11: =G10+F11 -> 0.5644 | H11: 324.7026 | I11: =G11*H11 -> 183.26 | J11: =I11-E11 -> 36.25 | K11: =J11/E11 -> 0.2466 | L11: =I11-C11 -> 33.26 | M11: =L11/C11 -> 0.2217
A12: ='2024.11'!A1 -> 2024.11 | B12: ='2024.11'!B9 -> 50 | C12: =C11+B12 -> 200 | D12: ='2024.11'!C9 -> 49 | E12: =E11+D12 -> 196.01 | F12: ='2024.11'!F9 -> 0.1438 | G12: =G11+F12 -> 0.7082 | H12: 345.1507 | I12: =G12*H12 -> 244.44 | J12: =I12-E12 -> 48.43 | K12: =J12/E12 -> 0.2471 | L12: =I12-C12 -> 44.44 | M12: =L12/C12 -> 0.2222
A13: ='2024.12'!A1 -> 2024.12 | B13: ='2024.12'!B9 -> 50 | C13: =C12+B13 -> 250 | D13: ='2024.12'!C9 -> 49.01 | E13: =E12+D13 -> 245.02 | F13: ='2024.12'!F9 -> 0.1331 | G13: =G12+F13 -> 0.8413 | H13: 359.7562 | I13: =G13*H13 -> 302.66 | J13: =I13-E13 -> 57.64 | K13: =J13/E13 -> 0.2352 | L13: =I13-C13 -> 52.66 | M13: =L13/C13 -> 0.2106
A14: ='2025.01'!A1 -> 2025.01 | B14: ='2025.01'!B9 -> 0 | C14: =C13+B14 -> 250 | D14: ='2025.01'!C9 -> 0 | E14: =E13+D14 -> 245.02 | F14: ='2025.01'!F9 -> 0 | G14: =G13+F14 -> 0.8413 | H14: 368.9004 | I14: =G14*H14 -> 310.36 | J14: =I14-E14 -> 65.34 | K14: =J14/E14 -> 0.2667 | L14: =I14-C14 -> 60.36 | M14: =L14/C14 -> 0.2414
A15: ='2025.02'!A1 -> 2025.02 | B15: ='2025.02'!B9 -> 0 | C15: =C14+B15 -> 250 | D15: ='2025.02'!C9 -> 0 | E15: =E14+D15 -> 245.02 | F15: ='2025.02'!F9 -> 0 | G15: =G14+F15 -> 0.8413 | H15: 336.8508 | I15: =G15*H15 -> 283.39 | J15: =I15-E15 -> 38.37 | K15: =J15/E15 -> 0.1566 | L15: =I15-C15 -> 33.39 | M15: =L15/C15 -> 0.1336
A16: ='2025.03'!A1 -> 2025.03 | B16: ='2025.03'!B9 -> 50 | C16: =C15+B16 -> 300 | D16: ='2025.03'!C9 -> 48.99 | E16: =E15+D16 -> 294.01 | F16: ='2025.03'!F9 -> 0.1645 | G16: =G15+F16 -> 1.0058 | H16: 293.6358 | I16: =G16*H16 -> 295.34 | J16: =I16-E16 -> 1.33 | K16: =J16/E16 -> 0.0045 | L16: =I16-C16 -> -4.66 | M16: =L16/C16 -> -0.0155
A17: ='2025.04'!A1 -> 2025.04 | B17: ='2025.04'!B9 -> 0 | C17: =C16+B17 -> 300 | D17: ='2025.04'!C9 -> 0 | E17: =E16+D17 -> 294.01 | F17: ='2025.04'!F9 -> 0 | G17: =G16+F17 -> 1.0058 | H17: 280.7592 | I17: =G17*H17 -> 282.39 | J17: =I17-E17 -> -11.62 | K17: =J17/E17 -> -0.0395 | L17: =I17-C17 -> -17.61 | M17: =L17/C17 -> -0.0587
A18: ='2025.05'!A1 -> 2025.05 | B18: ='2025.05'!B9 -> 0 | C18: =C17+B18 -> 300 | D18: ='2025.05'!C9 -> 0 | E18: =E17+D18 -> 294.01 | F18: ='2025.05'!F9 -> 0 | G18: =G17+F18 -> 1.0058 | H18: 320.1599 | I18: =G18*H18 -> 322.02 | J18: =I18-E18 -> 28.01 | K18: =J18/E18 -> 0.0953 | L18: =I18-C18 -> 22.02 | M18: =L18/C18 -> 0.0734
A19: ='2025.06'!A1 -> 2025.06 | B19: ='2025.06'!B9 -> 0 | C19: =C18+B19 -> 300 | D19: ='2025.06'!C9 -> 0 | E19: =E18+D19 -> 294.01 | F19: ='2025.06'!F9 -> 0 | G19: =G18+F19 -> 1.0058 | H19: 326.8139 | I19: =G19*H19 -> 328.71 | J19: =I19-E19 -> 34.7 | K19: =J19/E19 -> 0.118 | L19: =I19-C19 -> 28.71 | M19: =L19/C19 -> 0.0957
A20: ='2025.07'!A1 -> 2025.07 | B20: ='2025.07'!B9 -> 0 | C20: =C19+B20 -> 300 | D20: ='2025.07'!C9 -> 0 | E20: =E19+D20 -> 294.01 | F20: ='2025.07'!F9 -> 0 | G20: =G19+F20 -> 1.0058 | H20: 349.4359 | I20: =G20*H20 -> 351.46 | J20: =I20-E20 -> 57.45 | K20: =J20/E20 -> 0.1954 | L20: =I20-C20 -> 51.46 | M20: =L20/C20 -> 0.1715
A21: ='2025.08'!A1 -> 2025.08 | B21: ='2025.08'!B9 -> 0 | C21: =C20+B21 -> 300 | D21: ='2025.09'!C9 -> 0 | E21: =E20+D21 -> 294.01 | F21: ='2025.08'!F9 -> 0 | G21: =G20+F21 -> 1.0058 | H21: 352.5073 | I21: =G21*H21 -> 354.55 | J21: =I21-E21 -> 60.54 | K21: =J21/E21 -> 0.2059 | L21: =I21-C21 -> 54.55 | M21: =L21/C21 -> 0.1818
A22: ='2025.09'!A1 -> 2025.09 | B22: ='2025.09'!B9 -> 0 | C22: =C21+B22 -> 300 | D22: ='2025.09'!C9 -> 0 | E22: =E21+D22 -> 294.01 | F22: ='2025.09'!F9 -> 0 | G22: =G21+F22 -> 1.0058 | H22: 379.9357 | I22: =G22*H22 -> 382.14 | J22: =I22-E22 -> 88.13 | K22: =J22/E22 -> 0.2998 | L22: =I22-C22 -> 82.14 | M22: =L22/C22 -> 0.2738
A23: ='2025.10'!A1 -> 2025.10 | B23: ='2025.10'!B9 -> 0 | C23: =C22+B23 -> 300 | D23: ='2025.10'!C9 -> 0 | E23: =E22+D23 -> 294.01 | F23: ='2025.10'!F9 -> 0 | G23: =G22+F23 -> 1.0058 | H23: 398.1767 | I23: =G23*H23 -> 400.49 | J23: =I23-E23 -> 106.48 | K23: =J23/E23 -> 0.3622 | L23: =I23-C23 -> 100.49 | M23: =L23/C23 -> 0.335
A24: ='2025.11'!A1 -> 2025.11 | B24: ='2025.11'!B9 -> 0 | C24: =C23+B24 -> 300 | D24: ='2025.11'!C9 -> 0 | E24: =E23+D24 -> 294.01 | F24: ='2025.11'!F9 -> 0 | G24: =G23+F24 -> 1.0058 | H24: 390.9977 | I24: =G24*H24 -> 393.27 | J24: =I24-E24 -> 99.26 | K24: =J24/E24 -> 0.3376 | L24: =I24-C24 -> 93.27 | M24: =L24/C24 -> 0.3109
A25: ='2025.12'!A1 -> 2025.12 | B25: ='2025.12'!B9 -> 0 | C25: =C24+B25 -> 300 | D25: ='2025.12'!C9 -> 0 | E25: =E24+D25 -> 294.01 | F25: ='2025.12'!F9 -> 0 | G25: =G24+F25 -> 1.0058 | H25: 387.3056 | I25: =G25*H25 -> 389.55 | J25: =I25-E25 -> 95.54 | K25: =J25/E25 -> 0.325 | L25: =I25-C25 -> 89.55 | M25: =L25/C25 -> 0.2985
A26: ='2026.01'!A1 -> 2026.01 | B26: ='2026.01'!B9 -> 0 | C26: =C25+B26 -> 300 | D26: ='2026.01'!C9 -> 0 | E26: =E25+D26 -> 294.01 | F26: ='2026.01'!F9 -> 0 | G26: =G25+F26 -> 1.0058 | H26: 381.6443 | I26: =G26*H26 -> 383.86 | J26: =I26-E26 -> 89.85 | K26: =J26/E26 -> 0.3056 | L26: =I26-C26 -> 83.86 | M26: =L26/C26 -> 0.2795
A27: ='2026.02'!A1 -> 2026.02 | B27: ='2026.02'!B9 -> 0 | C27: =C26+B27 -> 300 | D27: ='2026.02'!C9 -> 0 | E27: =E26+D27 -> 294.01 | F27: ='2026.02'!F9 -> 0 | G27: =G26+F27 -> 1.0058 | H27: 360.8884 | I27: =G27*H27 -> 362.98 | J27: =I27-E27 -> 68.97 | K27: =J27/E27 -> 0.2346 | L27: =I27-C27 -> 62.98 | M27: =L27/C27 -> 0.2099
A28: ='2026.03'!A1 -> 2026.03 | B28: ='2026.03'!B9 -> 0 | C28: =C27+B28 -> 300 | D28: ='2026.03'!C9 -> 0 | E28: =E27+D28 -> 294.01 | F28: ='2026.03'!F9 -> 0 | G28: =G27+F28 -> 1.0058 | H28: 351.2592 | I28: =G28*H28 -> 353.3 | J28: =I28-E28 -> 59.29 | K28: =J28/E28 -> 0.2017 | L28: =I28-C28 -> 53.3 | M28: =L28/C28 -> 0.1777
A29: ='2026.04'!$A$1 -> 2026.04 | B29: ='2026.04'!$B$9 -> 0 | C29: =C28+B29 -> 300 | D29: ='2026.04'!$C$9 -> 0 | E29: =E28+D29 -> 294.01 | F29: ='2026.04'!$F$9 -> 0 | G29: =G28+F29 -> 1.0058 | H29: 401.8658 | I29: =G29*H29 -> 404.2 | J29: =I29-E29 -> 110.19 | K29: =J29/E29 -> 0.3748 | L29: =I29-C29 -> 104.2 | M29: =L29/C29 -> 0.3473
A30: ='2026.05'!$A$1 -> 2026.05 | B30: ='2026.05'!$B$9 -> 0 | C30: =C29+B30 -> 300 | D30: ='2026.05'!$C$9 -> 0 | E30: =E29+D30 -> 294.01 | F30: ='2026.05'!$F$9 -> 0 | G30: =G29+F30 -> 1.0058 | H30: 426.9074 | I30: =G30*H30 -> 429.38 | J30: =I30-E30 -> 135.37 | K30: =J30/E30 -> 0.4604 | L30: =I30-C30 -> 129.38 | M30: =L30/C30 -> 0.4313
A31: ='2026.06'!$A$1 -> 2026.06 | B31: ='2026.06'!$B$9 -> 0 | C31: =C30+B31 -> 300 | D31: ='2026.06'!$C$9 -> 0 | E31: =E30+D31 -> 294.01 | F31: ='2026.06'!$F$9 -> 0 | G31: =G30+F31 -> 1.0058 | H31: 392.1498 | I31: =G31*H31 -> 394.42 | J31: =I31-E31 -> 100.41 | K31: =J31/E31 -> 0.3415 | L31: =I31-C31 -> 94.42 | M31: =L31/C31 -> 0.3147
A32: ='2026.07'!$A$1 -> 2026.07 | B32: ='2026.07'!$B$9 -> 0 | C32: =C31+B32 -> 300 | D32: ='2026.07'!$C$9 -> 0 | E32: =E31+D32 -> 294.01 | F32: ='2026.07'!$F$9 -> 0 | G32: =G31+F32 -> 1.0058 | H32: 390.72 | I32: =G32*H32 -> 392.99 | J32: =I32-E32 -> 98.98 | K32: =J32/E32 -> 0.3367 | L32: =I32-C32 -> 92.99 | M32: =L32/C32 -> 0.31
A33: ='2026.08'!$A$1 -> 2026.08 | B33: ='2026.08'!$B$9 -> 0 | C33: =C32+B33 -> 300 | D33: ='2026.08'!$C$9 -> 0 | E33: =E32+D33 -> 294.01 | F33: ='2026.08'!$F$9 -> 0 | G33: =G32+F33 -> 1.0058 | H33: 405.9 | I33: =G33*H33 -> 408.25 | J33: =I33-E33 -> 114.24 | K33: =J33/E33 -> 0.3886 | L33: =I33-C33 -> 108.25 | M33: =L33/C33 -> 0.3608
A34: ='2026.09'!$A$1 -> 2026.09 | B34: ='2026.09'!$B$9 -> 0 | C34: =C33+B34 -> 300 | D34: ='2026.09'!$C$9 -> 0 | E34: =E33+D34 -> 294.01 | F34: ='2026.09'!$F$9 -> 0 | G34: =G33+F34 -> 1.0058 | H34: 425.358 | I34: =G34*H34 -> 427.83 | J34: =I34-E34 -> 133.82 | K34: =J34/E34 -> 0.4552 | L34: =I34-C34 -> 127.83 | M34: =L34/C34 -> 0.4261
AA200: =TODAY() -> 46295 | AB200: {=LOOKUP(2,1/(I:I>0),I:I)} -> 427.83

Sheet Nextury Asia
A1: NAF | B1: Suma, EUR | C1: Suma viso | D1: Investuota | E1: Suma viso | F1: Kiekis | G1: Viso kiekis | H1: Kaina gale | I1: Vertė gale | J1: Pelnas | K1: % | L1: Pelnas viso | M1: % Inves. | Z1: XIRR | AA1: Data | AB1: Įnešta
A2: ='2024.05'!A1 -> 2024.05 | B2: ='2024.05'!B18 -> 50 | C2: =B2 -> 50 | D2: ='2024.05'!C18 -> 49 | E2: =D2 -> 49 | F2: ='2024.05'!F18 -> 0.5081 | G2: =F2 -> 0.5081 | H2: 93.65 | I2: =G2*H2 -> 47.58 | J2: =I2-E2 -> -1.42 | K2: =J2/E2 -> -0.029 | L2: =I2-C2 -> -2.42 | M2: =L2/C2 -> -0.0484 | Z2: =XIRR(AB2:AB200,AA2:AA200) -> 0.2129 | AA2: ='2024.05'!$A$13 -> 45439 | AB2: ='2024.05'!$B$13*-1 -> -50
A3: ='2024.06'!A1 -> 2024.06 | B3: ='2024.06'!B18 -> 0 | C3: =C2+B3 -> 50 | D3: ='2024.06'!C18 -> 0 | E3: =E2+D3 -> 49 | F3: ='2024.06'!F18 -> 0 | G3: =G2+F3 -> 0.5081 | H3: 98.1299 | I3: =G3*H3 -> 49.86 | J3: =I3-E3 -> 0.86 | K3: =J3/E3 -> 0.0176 | L3: =I3-C3 -> -0.14 | M3: =L3/C3 -> -0.0028
A4: ='2024.07'!A1 -> 2024.07 | B4: ='2024.07'!B18 -> 0 | C4: =C3+B4 -> 50 | D4: ='2024.07'!C18 -> 0 | E4: =E3+D4 -> 49 | F4: ='2024.07'!F18 -> 0 | G4: =G3+F4 -> 0.5081 | H4: 97.6354 | I4: =G4*H4 -> 49.61 | J4: =I4-E4 -> 0.61 | K4: =J4/E4 -> 0.0124 | L4: =I4-C4 -> -0.39 | M4: =L4/C4 -> -0.0078
A5: ='2024.08'!A1 -> 2024.08 | B5: ='2024.08'!B18 -> 0 | C5: =C4+B5 -> 50 | D5: ='2024.08'!C18 -> 0 | E5: =E4+D5 -> 49 | F5: ='2024.08'!F18 -> 0 | G5: =G4+F5 -> 0.5081 | H5: 96.974 | I5: =G5*H5 -> 49.27 | J5: =I5-E5 -> 0.27 | K5: =J5/E5 -> 0.0055 | L5: =I5-C5 -> -0.73 | M5: =L5/C5 -> -0.0146
A6: ='2024.09'!A1 -> 2024.09 | B6: ='2024.09'!B18 -> 0 | C6: =C5+B6 -> 50 | D6: ='2024.09'!C18 -> 0 | E6: =E5+D6 -> 49 | F6: ='2024.09'!F18 -> 0 | G6: =G5+F6 -> 0.5081 | H6: 103.0733 | I6: =G6*H6 -> 52.37 | J6: =I6-E6 -> 3.37 | K6: =J6/E6 -> 0.0688 | L6: =I6-C6 -> 2.37 | M6: =L6/C6 -> 0.0474
A7: ='2024.10'!A1 -> 2024.10 | B7: ='2024.10'!B18 -> 0 | C7: =C6+B7 -> 50 | D7: ='2024.10'!C18 -> 0 | E7: =E6+D7 -> 49 | F7: ='2024.10'!F18 -> 0 | G7: =G6+F7 -> 0.5081 | H7: 101.377 | I7: =G7*H7 -> 51.51 | J7: =I7-E7 -> 2.51 | K7: =J7/E7 -> 0.0512 | L7: =I7-C7 -> 1.51 | M7: =L7/C7 -> 0.0302
A8: ='2024.11'!A1 -> 2024.11 | B8: ='2024.11'!B18 -> 0 | C8: =C7+B8 -> 50 | D8: ='2024.11'!C18 -> 0 | E8: =E7+D8 -> 49 | F8: ='2024.11'!F18 -> 0 | G8: =G7+F8 -> 0.5081 | H8: 97.03 | I8: =G8*H8 -> 49.3 | J8: =I8-E8 -> 0.3 | K8: =J8/E8 -> 0.0061 | L8: =I8-C8 -> -0.7 | M8: =L8/C8 -> -0.014
A9: ='2024.12'!A1 -> 2024.12 | B9: ='2024.12'!B18 -> 0 | C9: =C8+B9 -> 50 | D9: ='2024.12'!C18 -> 0 | E9: =E8+D9 -> 49 | F9: ='2024.12'!F18 -> 0 | G9: =G8+F9 -> 0.5081 | H9: 97.1032 | I9: =G9*H9 -> 49.34 | J9: =I9-E9 -> 0.34 | K9: =J9/E9 -> 0.0069 | L9: =I9-C9 -> -0.66 | M9: =L9/C9 -> -0.0132
A10: ='2025.01'!A1 -> 2025.01 | B10: ='2025.01'!B18 -> 0 | C10: =C9+B10 -> 50 | D10: ='2025.01'!C18 -> 0 | E10: =E9+D10 -> 49 | F10: ='2025.01'!F18 -> 0 | G10: =G9+F10 -> 0.5081 | H10: 101.9461 | I10: =G10*H10 -> 51.8 | J10: =I10-E10 -> 2.8 | K10: =J10/E10 -> 0.0571 | L10: =I10-C10 -> 1.8 | M10: =L10/C10 -> 0.036
A11: ='2025.02'!A1 -> 2025.02 | B11: ='2025.02'!B18 -> 0 | C11: =C10+B11 -> 50 | D11: ='2025.02'!C18 -> 0 | E11: =E10+D11 -> 49 | F11: ='2025.02'!F18 -> 0 | G11: =G10+F11 -> 0.5081 | H11: 108.6093 | I11: =G11*H11 -> 55.18 | J11: =I11-E11 -> 6.18 | K11: =J11/E11 -> 0.1261 | L11: =I11-C11 -> 5.18 | M11: =L11/C11 -> 0.1036
A12: ='2025.03'!A1 -> 2025.03 | B12: ='2025.03'!B18 -> 0 | C12: =C11+B12 -> 50 | D12: ='2025.03'!C18 -> 0 | E12: =E11+D12 -> 49 | F12: ='2025.03'!F18 -> 0 | G12: =G11+F12 -> 0.5081 | H12: 106.8559 | I12: =G12*H12 -> 54.29 | J12: =I12-E12 -> 5.29 | K12: =J12/E12 -> 0.108 | L12: =I12-C12 -> 4.29 | M12: =L12/C12 -> 0.0858
A13: ='2025.04'!A1 -> 2025.04 | B13: ='2025.04'!B18 -> 0 | C13: =C12+B13 -> 50 | D13: ='2025.04'!C18 -> 0 | E13: =E12+D13 -> 49 | F13: ='2025.04'!F18 -> 0 | G13: =G12+F13 -> 0.5081 | H13: 99.1555 | I13: =G13*H13 -> 50.38 | J13: =I13-E13 -> 1.38 | K13: =J13/E13 -> 0.0282 | L13: =I13-C13 -> 0.38 | M13: =L13/C13 -> 0.0076
A14: ='2025.05'!A1 -> 2025.05 | B14: ='2025.05'!B18 -> 0 | C14: =C13+B14 -> 50 | D14: ='2025.05'!C18 -> 0 | E14: =E13+D14 -> 49 | F14: ='2025.05'!F18 -> 0 | G14: =G13+F14 -> 0.5081 | H14: 101.9094 | I14: =G14*H14 -> 51.78 | J14: =I14-E14 -> 2.78 | K14: =J14/E14 -> 0.0567 | L14: =I14-C14 -> 1.78 | M14: =L14/C14 -> 0.0356
A15: ='2025.06'!A1 -> 2025.06 | B15: ='2025.06'!B18 -> 0 | C15: =C14+B15 -> 50 | D15: ='2025.06'!C18 -> 0 | E15: =E14+D15 -> 49 | F15: ='2025.06'!F18 -> 0 | G15: =G14+F15 -> 0.5081 | H15: 103.337 | I15: =G15*H15 -> 52.51 | J15: =I15-E15 -> 3.51 | K15: =J15/E15 -> 0.0716 | L15: =I15-C15 -> 2.51 | M15: =L15/C15 -> 0.0502
A16: ='2025.07'!A1 -> 2025.07 | B16: ='2025.07'!B18 -> 0 | C16: =C15+B16 -> 50 | D16: ='2025.07'!C18 -> 0 | E16: =E15+D16 -> 49 | F16: ='2025.07'!F18 -> 0 | G16: =G15+F16 -> 0.5081 | H16: 110.154 | I16: =G16*H16 -> 55.97 | J16: =I16-E16 -> 6.97 | K16: =J16/E16 -> 0.1422 | L16: =I16-C16 -> 5.97 | M16: =L16/C16 -> 0.1194
A17: ='2025.08'!A1 -> 2025.08 | B17: ='2025.08'!B18 -> 0 | C17: =C16+B17 -> 50 | D17: ='2025.08'!C18 -> 0 | E17: =E16+D17 -> 49 | F17: ='2025.08'!F18 -> 0 | G17: =G16+F17 -> 0.5081 | H17: 113.4161 | I17: =G17*H17 -> 57.63 | J17: =I17-E17 -> 8.63 | K17: =J17/E17 -> 0.1761 | L17: =I17-C17 -> 7.63 | M17: =L17/C17 -> 0.1526
A18: ='2025.09'!A1 -> 2025.09 | B18: ='2025.09'!B18 -> 0 | C18: =C17+B18 -> 50 | D18: ='2025.09'!C18 -> 0 | E18: =E17+D18 -> 49 | F18: ='2025.09'!F18 -> 0 | G18: =G17+F18 -> 0.5081 | H18: 130.2514 | I18: =G18*H18 -> 66.18 | J18: =I18-E18 -> 17.18 | K18: =J18/E18 -> 0.3506 | L18: =I18-C18 -> 16.18 | M18: =L18/C18 -> 0.3236
A19: ='2025.10'!A1 -> 2025.10 | B19: ='2025.10'!B18 -> 0 | C19: =C18+B19 -> 50 | D19: ='2025.10'!C18 -> 0 | E19: =E18+D19 -> 49 | F19: ='2025.10'!F18 -> 0 | G19: =G18+F19 -> 0.5081 | H19: 132.4888 | I19: =G19*H19 -> 67.32 | J19: =I19-E19 -> 18.32 | K19: =J19/E19 -> 0.3739 | L19: =I19-C19 -> 17.32 | M19: =L19/C19 -> 0.3464
A20: ='2025.11'!A1 -> 2025.11 | B20: ='2025.11'!B18 -> 0 | C20: =C19+B20 -> 50 | D20: ='2025.11'!C18 -> 0 | E20: =E19+D20 -> 49 | F20: ='2025.11'!F18 -> 0 | G20: =G19+F20 -> 0.5081 | H20: 127.617 | I20: =G20*H20 -> 64.84 | J20: =I20-E20 -> 15.84 | K20: =J20/E20 -> 0.3233 | L20: =I20-C20 -> 14.84 | M20: =L20/C20 -> 0.2968
A21: ='2025.12'!A1 -> 2025.12 | B21: ='2025.12'!B18 -> 0 | C21: =C20+B21 -> 50 | D21: ='2025.12'!C18 -> 0 | E21: =E20+D21 -> 49 | F21: ='2025.12'!F18 -> 0 | G21: =G20+F21 -> 0.5081 | H21: 129.0936 | I21: =G21*H21 -> 65.59 | J21: =I21-E21 -> 16.59 | K21: =J21/E21 -> 0.3386 | L21: =I21-C21 -> 15.59 | M21: =L21/C21 -> 0.3118
A22: ='2026.01'!A1 -> 2026.01 | B22: ='2026.01'!B18 -> 0 | C22: =C21+B22 -> 50 | D22: ='2026.01'!C18 -> 0 | E22: =E21+D22 -> 49 | F22: ='2026.01'!F18 -> 0 | G22: =G21+F22 -> 0.5081 | H22: 138.1357 | I22: =G22*H22 -> 70.19 | J22: =I22-E22 -> 21.19 | K22: =J22/E22 -> 0.4324 | L22: =I22-C22 -> 20.19 | M22: =L22/C22 -> 0.4038
A23: ='2026.02'!A1 -> 2026.02 | B23: ='2026.02'!B18 -> 0 | C23: =C22+B23 -> 50 | D23: ='2026.02'!C18 -> 0 | E23: =E22+D23 -> 49 | F23: ='2026.02'!F18 -> 0 | G23: =G22+F23 -> 0.5081 | H23: 142.3579 | I23: =G23*H23 -> 72.33 | J23: =I23-E23 -> 23.33 | K23: =J23/E23 -> 0.4761 | L23: =I23-C23 -> 22.33 | M23: =L23/C23 -> 0.4466
A24: ='2026.03'!A1 -> 2026.03 | B24: ='2026.03'!B18 -> 0 | C24: =C23+B24 -> 50 | D24: ='2026.03'!C18 -> 0 | E24: =E23+D24 -> 49 | F24: ='2026.03'!F18 -> 0 | G24: =G23+F24 -> 0.5081 | H24: 131.6219 | I24: =G24*H24 -> 66.88 | J24: =I24-E24 -> 17.88 | K24: =J24/E24 -> 0.3649 | L24: =I24-C24 -> 16.88 | M24: =L24/C24 -> 0.3376
A25: ='2026.04'!$A$1 -> 2026.04 | B25: ='2026.04'!$B$18 -> 0 | C25: =C24+B25 -> 50 | D25: ='2026.04'!$C$18 -> 0 | E25: =E24+D25 -> 49 | F25: ='2026.04'!$F$18 -> 0 | G25: =G24+F25 -> 0.5081 | H25: 146.789 | I25: =G25*H25 -> 74.58 | J25: =I25-E25 -> 25.58 | K25: =J25/E25 -> 0.522 | L25: =I25-C25 -> 24.58 | M25: =L25/C25 -> 0.4916
A26: ='2026.05'!$A$1 -> 2026.05 | B26: ='2026.05'!$B$18 -> 0 | C26: =C25+B26 -> 50 | D26: ='2026.05'!$C$18 -> 0 | E26: =E25+D26 -> 49 | F26: ='2026.05'!$F$18 -> 0 | G26: =G25+F26 -> 0.5081 | H26: 164.4934 | I26: =G26*H26 -> 83.58 | J26: =I26-E26 -> 34.58 | K26: =J26/E26 -> 0.7057 | L26: =I26-C26 -> 33.58 | M26: =L26/C26 -> 0.6716
A27: ='2026.06'!$A$1 -> 2026.06 | B27: ='2026.06'!$B$18 -> 0 | C27: =C26+B27 -> 50 | D27: ='2026.06'!$C$18 -> 0 | E27: =E26+D27 -> 49 | F27: ='2026.06'!$F$18 -> 0 | G27: =G26+F27 -> 0.5081 | H27: 159.8264 | I27: =G27*H27 -> 81.21 | J27: =I27-E27 -> 32.21 | K27: =J27/E27 -> 0.6573 | L27: =I27-C27 -> 31.21 | M27: =L27/C27 -> 0.6242
A28: ='2026.07'!$A$1 -> 2026.07 | B28: ='2026.07'!$B$18 -> 0 | C28: =C27+B28 -> 50 | D28: ='2026.07'!$C$18 -> 0 | E28: =E27+D28 -> 49 | F28: ='2026.07'!$F$18 -> 0 | G28: =G27+F28 -> 0.5081 | H28: 154.75 | I28: =G28*H28 -> 78.63 | J28: =I28-E28 -> 29.63 | K28: =J28/E28 -> 0.6047 | L28: =I28-C28 -> 28.63 | M28: =L28/C28 -> 0.5726
A29: ='2026.08'!$A$1 -> 2026.08 | B29: ='2026.08'!$B$18 -> 0 | C29: =C28+B29 -> 50 | D29: ='2026.08'!$C$18 -> 0 | E29: =E28+D29 -> 49 | F29: ='2026.08'!$F$18 -> 0 | G29: =G28+F29 -> 0.5081 | H29: 155.58 | I29: =G29*H29 -> 79.05 | J29: =I29-E29 -> 30.05 | K29: =J29/E29 -> 0.6133 | L29: =I29-C29 -> 29.05 | M29: =L29/C29 -> 0.581
A30: ='2026.09'!$A$1 -> 2026.09 | B30: ='2026.09'!$B$18 -> 0 | C30: =C29+B30 -> 50 | D30: ='2026.09'!$C$18 -> 0 | E30: =E29+D30 -> 49 | F30: ='2026.09'!$F$18 -> 0 | G30: =G29+F30 -> 0.5081 | H30: 154.73 | I30: =G30*H30 -> 78.62 | J30: =I30-E30 -> 29.62 | K30: =J30/E30 -> 0.6045 | L30: =I30-C30 -> 28.62 | M30: =L30/C30 -> 0.5724
AA200: =TODAY() -> 46295 | AB200: {=LOOKUP(2,1/(I:I>0),I:I)} -> 78.62

Sheet 2026.09
A1: 2026.09
A3: Nextury Technology Fund | B3: Suma, EUR | C3: Investuota | D3: Mokestis | E3: Kaina | F3: Kiekis | H3: Įnešta | I3: Investuota | J3: Mokestis
H4: =B9+B18 -> 0 | I4: =C9+C18 -> 0 | J4: =D9+D18 -> 0
A9: Viso: | B9: =SUM(B4:B8) -> 0 | C9: =SUM(C4:C8) -> 0 | D9: =SUM(D4:D8) -> 0 | F9: =SUM(F4:F8) -> 0
A12: Nextury Asia Technology Fund | B12: Suma, EUR | C12: Investuota | D12: Mokestis | E12: Kaina | F12: Kiekis
A18: Viso: | B18: =SUM(B13:B17) -> 0 | C18: =SUM(C13:C17) -> 0 | D18: =SUM(D13:D17) -> 0 | F18: =SUM(F13:F17) -> 0

Sheet 2026.08
A1: 2026.08
A3: Nextury Technology Fund | B3: Suma, EUR | C3: Investuota | D3: Mokestis | E3: Kaina | F3: Kiekis | H3: Įnešta | I3: Investuota | J3: Mokestis
H4: =B9+B18 -> 0 | I4: =C9+C18 -> 0 | J4: =D9+D18 -> 0
A9: Viso: | B9: =SUM(B4:B8) -> 0 | C9: =SUM(C4:C8) -> 0 | D9: =SUM(D4:D8) -> 0 | F9: =SUM(F4:F8) -> 0
A12: Nextury Asia Technology Fund | B12: Suma, EUR | C12: Investuota | D12: Mokestis | E12: Kaina | F12: Kiekis
A18: Viso: | B18: =SUM(B13:B17) -> 0 | C18: =SUM(C13:C17) -> 0 | D18: =SUM(D13:D17) -> 0 | F18: =SUM(F13:F17) -> 0

Sheet 2026.07
A1: 2026.07
A3: Nextury Technology Fund | B3: Suma, EUR | C3: Investuota | D3: Mokestis | E3: Kaina | F3: Kiekis | H3: Įnešta | I3: Investuota | J3: Mokestis
H4: =B9+B18 -> 0 | I4: =C9+C18 -> 0 | J4: =D9+D18 -> 0
A9: Viso: | B9: =SUM(B4:B8) -> 0 | C9: =SUM(C4:C8) -> 0 | D9: =SUM(D4:D8) -> 0 | F9: =SUM(F4:F8) -> 0
A12: Nextury Asia Technology Fund | B12: Suma, EUR | C12: Investuota | D12: Mokestis | E12: Kaina | F12: Kiekis
A18: Viso: | B18: =SUM(B13:B17) -> 0 | C18: =SUM(C13:C17) -> 0 | D18: =SUM(D13:D17) -> 0 | F18: =SUM(F13:F17) -> 0

Sheet 2026.06
A1: 2026.06
A3: Nextury Technology Fund | B3: Suma, EUR | C3: Investuota | D3: Mokestis | E3: Kaina | F3: Kiekis | H3: Įnešta | I3: Investuota | J3: Mokestis
H4: =B9+B18 -> 0 | I4: =C9+C18 -> 0 | J4: =D9+D18 -> 0
A9: Viso: | B9: =SUM(B4:B8) -> 0 | C9: =SUM(C4:C8) -> 0 | D9: =SUM(D4:D8) -> 0 | F9: =SUM(F4:F8) -> 0
A12: Nextury Asia Technology Fund | B12: Suma, EUR | C12: Investuota | D12: Mokestis | E12: Kaina | F12: Kiekis
A18: Viso: | B18: =SUM(B13:B17) -> 0 | C18: =SUM(C13:C17) -> 0 | D18: =SUM(D13:D17) -> 0 | F18: =SUM(F13:F17) -> 0

Sheet 2026.05
A1: 2026.05
A3: Nextury Technology Fund | B3: Suma, EUR | C3: Investuota | D3: Mokestis | E3: Kaina | F3: Kiekis | H3: Įnešta | I3: Investuota | J3: Mokestis
H4: =B9+B18 -> 0 | I4: =C9+C18 -> 0 | J4: =D9+D18 -> 0
A9: Viso: | B9: =SUM(B4:B8) -> 0 | C9: =SUM(C4:C8) -> 0 | D9: =SUM(D4:D8) -> 0 | F9: =SUM(F4:F8) -> 0
A12: Nextury Asia Technology Fund | B12: Suma, EUR | C12: Investuota | D12: Mokestis | E12: Kaina | F12: Kiekis
A18: Viso: | B18: =SUM(B13:B17) -> 0 | C18: =SUM(C13:C17) -> 0 | D18: =SUM(D13:D17) -> 0 | F18: =SUM(F13:F17) -> 0

Sheet 2026.04
A1: 2026.04
A3: Nextury Technology Fund | B3: Suma, EUR | C3: Investuota | D3: Mokestis | E3: Kaina | F3: Kiekis | H3: Įnešta | I3: Investuota | J3: Mokestis
H4: =B9+B18 -> 0 | I4: =C9+C18 -> 0 | J4: =D9+D18 -> 0
A9: Viso: | B9: =SUM(B4:B8) -> 0 | C9: =SUM(C4:C8) -> 0 | D9: =SUM(D4:D8) -> 0 | F9: =SUM(F4:F8) -> 0
A12: Nextury Asia Technology Fund | B12: Suma, EUR | C12: Investuota | D12: Mokestis | E12: Kaina | F12: Kiekis
A18: Viso: | B18: =SUM(B13:B17) -> 0 | C18: =SUM(C13:C17) -> 0 | D18: =SUM(D13:D17) -> 0 | F18: =SUM(F13:F17) -> 0

Sheet 2026.03
A1: 2026.03
A3: Nextury Technology Fund | B3: Suma, EUR | C3: Investuota | D3: Mokestis | E3: Kaina | F3: Kiekis | H3: Įnešta | I3: Investuota | J3: Mokestis
H4: =B9+B18 -> 0 | I4: =C9+C18 -> 0 | J4: =D9+D18 -> 0
A9: Viso: | B9: =SUM(B4:B8) -> 0 | C9: =SUM(C4:C8) -> 0 | D9: =SUM(D4:D8) -> 0 | F9: =SUM(F4:F8) -> 0
A12: Nextury Asia Technology Fund | B12: Suma, EUR | C12: Investuota | D12: Mokestis | E12: Kaina | F12: Kiekis
A18: Viso: | B18: =SUM(B13:B17) -> 0 | C18: =SUM(C13:C17) -> 0 | D18: =SUM(D13:D17) -> 0 | F18: =SUM(F13:F17) -> 0

Sheet 2026.02
A1: 2026.02
A3: Nextury Technology Fund | B3: Suma, EUR | C3: Investuota | D3: Mokestis | E3: Kaina | F3: Kiekis | H3: Įnešta | I3: Investuota | J3: Mokestis
H4: =B9+B18 -> 0 | I4: =C9+C18 -> 0 | J4: =D9+D18 -> 0
A9: Viso: | B9: =SUM(B4:B8) -> 0 | C9: =SUM(C4:C8) -> 0 | D9: =SUM(D4:D8) -> 0 | F9: =SUM(F4:F8) -> 0
A12: Nextury Asia Technology Fund | B12: Suma, EUR | C12: Investuota | D12: Mokestis | E12: Kaina | F12: Kiekis
A18: Viso: | B18: =SUM(B13:B17) -> 0 | C18: =SUM(C13:C17) -> 0 | D18: =SUM(D13:D17) -> 0 | F18: =SUM(F13:F17) -> 0

Sheet 2026.01
A1: 2026.01
A3: Nextury Technology Fund | B3: Suma, EUR | C3: Investuota | D3: Mokestis | E3: Kaina | F3: Kiekis | H3: Įnešta | I3: Investuota | J3: Mokestis
H4: =B9+B18 -> 0 | I4: =C9+C18 -> 0 | J4: =D9+D18 -> 0
A9: Viso: | B9: =SUM(B4:B8) -> 0 | C9: =SUM(C4:C8) -> 0 | D9: =SUM(D4:D8) -> 0 | F9: =SUM(F4:F8) -> 0
A12: Nextury Asia Technology Fund | B12: Suma, EUR | C12: Investuota | D12: Mokestis | E12: Kaina | F12: Kiekis
A18: Viso: | B18: =SUM(B13:B17) -> 0 | C18: =SUM(C13:C17) -> 0 | D18: =SUM(D13:D17) -> 0 | F18: =SUM(F13:F17) -> 0

Sheet 2025.12
A1: 2025.12
A3: Nextury Technology Fund | B3: Suma, EUR | C3: Investuota | D3: Mokestis | E3: Kaina | F3: Kiekis | H3: Įnešta | I3: Investuota | J3: Mokestis
H4: =B9+B18 -> 0 | I4: =C9+C18 -> 0 | J4: =D9+D18 -> 0
A9: Viso: | B9: =SUM(B4:B8) -> 0 | C9: =SUM(C4:C8) -> 0 | D9: =SUM(D4:D8) -> 0 | F9: =SUM(F4:F8) -> 0
A12: Nextury Asia Technology Fund | B12: Suma, EUR | C12: Investuota | D12: Mokestis | E12: Kaina | F12: Kiekis
A18: Viso: | B18: =SUM(B13:B17) -> 0 | C18: =SUM(C13:C17) -> 0 | D18: =SUM(D13:D17) -> 0 | F18: =SUM(F13:F17) -> 0

Sheet 2025.11
A1: 2025.11
A3: Nextury Technology Fund | B3: Suma, EUR | C3: Investuota | D3: Mokestis | E3: Kaina | F3: Kiekis | H3: Įnešta | I3: Investuota | J3: Mokestis
H4: =B9+B18 -> 0 | I4: =C9+C18 -> 0 | J4: =D9+D18 -> 0
A9: Viso: | B9: =SUM(B4:B8) -> 0 | C9: =SUM(C4:C8) -> 0 | D9: =SUM(D4:D8) -> 0 | F9: =SUM(F4:F8) -> 0
A12: Nextury Asia Technology Fund | B12: Suma, EUR | C12: Investuota | D12: Mokestis | E12: Kaina | F12: Kiekis
A18: Viso: | B18: =SUM(B13:B17) -> 0 | C18: =SUM(C13:C17) -> 0 | D18: =SUM(D13:D17) -> 0 | F18: =SUM(F13:F17) -> 0

Sheet 2025.10
A1: 2025.10
A3: Nextury Technology Fund | B3: Suma, EUR | C3: Investuota | D3: Mokestis | E3: Kaina | F3: Kiekis | H3: Įnešta | I3: Investuota | J3: Mokestis
H4: =B9+B18 -> 0 | I4: =C9+C18 -> 0 | J4: =D9+D18 -> 0
A9: Viso: | B9: =SUM(B4:B8) -> 0 | C9: =SUM(C4:C8) -> 0 | D9: =SUM(D4:D8) -> 0 | F9: =SUM(F4:F8) -> 0
A12: Nextury Asia Technology Fund | B12: Suma, EUR | C12: Investuota | D12: Mokestis | E12: Kaina | F12: Kiekis
A18: Viso: | B18: =SUM(B13:B17) -> 0 | C18: =SUM(C13:C17) -> 0 | D18: =SUM(D13:D17) -> 0 | F18: =SUM(F13:F17) -> 0

Sheet 2025.09
A1: 2025.09
A3: Nextury Technology Fund | B3: Suma, EUR | C3: Investuota | D3: Mokestis | E3: Kaina | F3: Kiekis | H3: Įnešta | I3: Investuota | J3: Mokestis
H4: =B9+B18 -> 0 | I4: =C9+C18 -> 0 | J4: =D9+D18 -> 0
A9: Viso: | B9: =SUM(B4:B8) -> 0 | C9: =SUM(C4:C8) -> 0 | D9: =SUM(D4:D8) -> 0 | F9: =SUM(F4:F8) -> 0
A12: Nextury Asia Technology Fund | B12: Suma, EUR | C12: Investuota | D12: Mokestis | E12: Kaina | F12: Kiekis
A18: Viso: | B18: =SUM(B13:B17) -> 0 | C18: =SUM(C13:C17) -> 0 | D18: =SUM(D13:D17) -> 0 | F18: =SUM(F13:F17) -> 0

Sheet 2025.08
A1: 2025.08
A3: Nextury Technology Fund | B3: Suma, EUR | C3: Investuota | D3: Mokestis | E3: Kaina | F3: Kiekis | H3: Įnešta | I3: Investuota | J3: Mokestis
H4: =B9+B18 -> 0 | I4: =C9+C18 -> 0 | J4: =D9+D18 -> 0
A9: Viso: | B9: =SUM(B4:B8) -> 0 | C9: =SUM(C4:C8) -> 0 | D9: =SUM(D4:D8) -> 0 | F9: =SUM(F4:F8) -> 0
A12: Nextury Asia Technology Fund | B12: Suma, EUR | C12: Investuota | D12: Mokestis | E12: Kaina | F12: Kiekis
A18: Viso: | B18: =SUM(B13:B17) -> 0 | C18: =SUM(C13:C17) -> 0 | D18: =SUM(D13:D17) -> 0 | F18: =SUM(F13:F17) -> 0

Sheet 2025.07
A1: 2025.07
A3: Nextury Technology Fund | B3: Suma, EUR | C3: Investuota | D3: Mokestis | E3: Kaina | F3: Kiekis | H3: Įnešta | I3: Investuota | J3: Mokestis
H4: =B9+B18 -> 0 | I4: =C9+C18 -> 0 | J4: =D9+D18 -> 0
A9: Viso: | B9: =SUM(B4:B8) -> 0 | C9: =SUM(C4:C8) -> 0 | D9: =SUM(D4:D8) -> 0 | F9: =SUM(F4:F8) -> 0
A12: Nextury Asia Technology Fund | B12: Suma, EUR | C12: Investuota | D12: Mokestis | E12: Kaina | F12: Kiekis
A18: Viso: | B18: =SUM(B13:B17) -> 0 | C18: =SUM(C13:C17) -> 0 | D18: =SUM(D13:D17) -> 0 | F18: =SUM(F13:F17) -> 0

Sheet 2025.06
A1: 2025.06
A3: Nextury Technology Fund | B3: Suma, EUR | C3: Investuota | D3: Mokestis | E3: Kaina | F3: Kiekis | H3: Įnešta | I3: Investuota | J3: Mokestis
H4: =B9+B18 -> 0 | I4: =C9+C18 -> 0 | J4: =D9+D18 -> 0
A9: Viso: | B9: =SUM(B4:B8) -> 0 | C9: =SUM(C4:C8) -> 0 | D9: =SUM(D4:D8) -> 0 | F9: =SUM(F4:F8) -> 0
A12: Nextury Asia Technology Fund | B12: Suma, EUR | C12: Investuota | D12: Mokestis | E12: Kaina | F12: Kiekis
A18: Viso: | B18: =SUM(B13:B17) -> 0 | C18: =SUM(C13:C17) -> 0 | D18: =SUM(D13:D17) -> 0 | F18: =SUM(F13:F17) -> 0

Sheet 2025.05
A1: 2025.05
A3: Nextury Technology Fund | B3: Suma, EUR | C3: Investuota | D3: Mokestis | E3: Kaina | F3: Kiekis | H3: Įnešta | I3: Investuota | J3: Mokestis
H4: =B9+B18 -> 0 | I4: =C9+C18 -> 0 | J4: =D9+D18 -> 0
A9: Viso: | B9: =SUM(B4:B8) -> 0 | C9: =SUM(C4:C8) -> 0 | D9: =SUM(D4:D8) -> 0 | F9: =SUM(F4:F8) -> 0
A12: Nextury Asia Technology Fund | B12: Suma, EUR | C12: Investuota | D12: Mokestis | E12: Kaina | F12: Kiekis
A18: Viso: | B18: =SUM(B13:B17) -> 0 | C18: =SUM(C13:C17) -> 0 | D18: =SUM(D13:D17) -> 0 | F18: =SUM(F13:F17) -> 0

Sheet 2025.04
A1: 2025.04
A3: Nextury Technology Fund | B3: Suma, EUR | C3: Investuota | D3: Mokestis | E3: Kaina | F3: Kiekis | H3: Įnešta | I3: Investuota | J3: Mokestis
H4: =B9+B18 -> 0 | I4: =C9+C18 -> 0 | J4: =D9+D18 -> 0
A9: Viso: | B9: =SUM(B4:B8) -> 0 | C9: =SUM(C4:C8) -> 0 | D9: =SUM(D4:D8) -> 0 | F9: =SUM(F4:F8) -> 0
A12: Nextury Asia Technology Fund | B12: Suma, EUR | C12: Investuota | D12: Mokestis | E12: Kaina | F12: Kiekis
A18: Viso: | B18: =SUM(B13:B17) -> 0 | C18: =SUM(C13:C17) -> 0 | D18: =SUM(D13:D17) -> 0 | F18: =SUM(F13:F17) -> 0

Sheet 2025.03
A1: 2025.03
A3: Nextury Technology Fund | B3: Suma, EUR | C3: Investuota | D3: Mokestis | E3: Kaina | F3: Kiekis | H3: Įnešta | I3: Investuota | J3: Mokestis
A4: 45733 | B4: 50 | C4: 48.99 | D4: =B4-C4 -> 1.01 | E4: 297.7964 | F4: =C4/E4 -> 0.1645 | H4: =B9+B18 -> 50 | I4: =C9+C18 -> 48.99 | J4: =D9+D18 -> 1.01
A9: Viso: | B9: =SUM(B4:B8) -> 50 | C9: =SUM(C4:C8) -> 48.99 | D9: =SUM(D4:D8) -> 1.01 | F9: =SUM(F4:F8) -> 0.1645
A12: Nextury Asia Technology Fund | B12: Suma, EUR | C12: Investuota | D12: Mokestis | E12: Kaina | F12: Kiekis
A18: Viso: | B18: =SUM(B13:B17) -> 0 | C18: =SUM(C13:C17) -> 0 | D18: =SUM(D13:D17) -> 0 | F18: =SUM(F13:F17) -> 0

Sheet 2025.02
A1: 2025.02
A3: Nextury Technology Fund | B3: Suma, EUR | C3: Investuota | D3: Mokestis | E3: Kaina | F3: Kiekis | H3: Įnešta | I3: Investuota | J3: Mokestis
H4: =B9+B18 -> 0 | I4: =C9+C18 -> 0 | J4: =D9+D18 -> 0
A9: Viso: | B9: =SUM(B4:B8) -> 0 | C9: =SUM(C4:C8) -> 0 | D9: =SUM(D4:D8) -> 0 | F9: =SUM(F4:F8) -> 0
A12: Nextury Asia Technology Fund | B12: Suma, EUR | C12: Investuota | D12: Mokestis | E12: Kaina | F12: Kiekis
A18: Viso: | B18: =SUM(B13:B17) -> 0 | C18: =SUM(C13:C17) -> 0 | D18: =SUM(D13:D17) -> 0 | F18: =SUM(F13:F17) -> 0

Sheet 2025.01
A1: 2025.01
A3: Nextury Technology Fund | B3: Suma, EUR | C3: Investuota | D3: Mokestis | E3: Kaina | F3: Kiekis | H3: Įnešta | I3: Investuota | J3: Mokestis
H4: =B9+B18 -> 0 | I4: =C9+C18 -> 0 | J4: =D9+D18 -> 0
A9: Viso: | B9: =SUM(B4:B8) -> 0 | C9: =SUM(C4:C8) -> 0 | D9: =SUM(D4:D8) -> 0 | F9: =SUM(F4:F8) -> 0
A12: Nextury Asia Technology Fund | B12: Suma, EUR | C12: Investuota | D12: Mokestis | E12: Kaina | F12: Kiekis
A18: Viso: | B18: =SUM(B13:B17) -> 0 | C18: =SUM(C13:C17) -> 0 | D18: =SUM(D13:D17) -> 0 | F18: =SUM(F13:F17) -> 0

Sheet 2024.12
A1: 2024.12
A3: Nextury Technology Fund | B3: Suma, EUR | C3: Investuota | D3: Mokestis | E3: Kaina | F3: Kiekis | H3: Įnešta | I3: Investuota | J3: Mokestis
A4: 45646 | B4: 50 | C4: 49.01 | D4: =B4-C4 -> 0.99 | E4: 368.2226 | F4: =C4/E4 -> 0.1331 | H4: =B9+B18 -> 50 | I4: =C9+C18 -> 49.01 | J4: =D9+D18 -> 0.99
A9: Viso: | B9: =SUM(B4:B8) -> 50 | C9: =SUM(C4:C8) -> 49.01 | D9: =SUM(D4:D8) -> 0.99 | F9: =SUM(F4:F8) -> 0.1331
A12: Nextury Asia Technology Fund | B12: Suma, EUR | C12: Investuota | D12: Mokestis | E12: Kaina | F12: Kiekis
A18: Viso: | B18: =SUM(B13:B17) -> 0 | C18: =SUM(C13:C17) -> 0 | D18: =SUM(D13:D17) -> 0 | F18: =SUM(F13:F17) -> 0

Sheet 2024.11
A1: 2024.11
A3: Nextury Technology Fund | B3: Suma, EUR | C3: Investuota | D3: Mokestis | E3: Kaina | F3: Kiekis | H3: Įnešta | I3: Investuota | J3: Mokestis
A4: 45618 | B4: 50 | C4: 49 | D4: =B4-C4 -> 1 | E4: 340.7458 | F4: =C4/E4 -> 0.1438 | H4: =B9+B18 -> 50 | I4: =C9+C18 -> 49 | J4: =D9+D18 -> 1
A9: Viso: | B9: =SUM(B4:B8) -> 50 | C9: =SUM(C4:C8) -> 49 | D9: =SUM(D4:D8) -> 1 | F9: =SUM(F4:F8) -> 0.1438
A12: Nextury Asia Technology Fund | B12: Suma, EUR | C12: Investuota | D12: Mokestis | E12: Kaina | F12: Kiekis
A18: Viso: | B18: =SUM(B13:B17) -> 0 | C18: =SUM(C13:C17) -> 0 | D18: =SUM(D13:D17) -> 0 | F18: =SUM(F13:F17) -> 0

Sheet 2024.10
A1: 2024.10
A3: Nextury Technology Fund | B3: Suma, EUR | C3: Investuota | D3: Mokestis | E3: Kaina | F3: Kiekis | H3: Įnešta | I3: Investuota | J3: Mokestis
H4: =B9+B18 -> 0 | I4: =C9+C18 -> 0 | J4: =D9+D18 -> 0
A9: Viso: | B9: =SUM(B4:B8) -> 0 | C9: =SUM(C4:C8) -> 0 | D9: =SUM(D4:D8) -> 0 | F9: =SUM(F4:F8) -> 0
A12: Nextury Asia Technology Fund | B12: Suma, EUR | C12: Investuota | D12: Mokestis | E12: Kaina | F12: Kiekis
A18: Viso: | B18: =SUM(B13:B17) -> 0 | C18: =SUM(C13:C17) -> 0 | D18: =SUM(D13:D17) -> 0 | F18: =SUM(F13:F17) -> 0

Sheet 2024.09
A1: 2024.09
A3: Nextury Technology Fund | B3: Suma, EUR | C3: Investuota | D3: Mokestis | E3: Kaina | F3: Kiekis | H3: Įnešta | I3: Investuota | J3: Mokestis
H4: =B9+B18 -> 0 | I4: =C9+C18 -> 0 | J4: =D9+D18 -> 0
A9: Viso: | B9: =SUM(B4:B8) -> 0 | C9: =SUM(C4:C8) -> 0 | D9: =SUM(D4:D8) -> 0 | F9: =SUM(F4:F8) -> 0
A12: Nextury Asia Technology Fund | B12: Suma, EUR | C12: Investuota | D12: Mokestis | E12: Kaina | F12: Kiekis
A18: Viso: | B18: =SUM(B13:B17) -> 0 | C18: =SUM(C13:C17) -> 0 | D18: =SUM(D13:D17) -> 0 | F18: =SUM(F13:F17) -> 0

Sheet 2024.08
A1: 2024.08
A3: Nextury Technology Fund | B3: Suma, EUR | C3: Investuota | D3: Mokestis | E3: Kaina | F3: Kiekis | H3: Įnešta | I3: Investuota | J3: Mokestis
H4: =B9+B18 -> 0 | I4: =C9+C18 -> 0 | J4: =D9+D18 -> 0
A9: Viso: | B9: =SUM(B4:B8) -> 0 | C9: =SUM(C4:C8) -> 0 | D9: =SUM(D4:D8) -> 0 | F9: =SUM(F4:F8) -> 0
A12: Nextury Asia Technology Fund | B12: Suma, EUR | C12: Investuota | D12: Mokestis | E12: Kaina | F12: Kiekis
A18: Viso: | B18: =SUM(B13:B17) -> 0 | C18: =SUM(C13:C17) -> 0 | D18: =SUM(D13:D17) -> 0 | F18: =SUM(F13:F17) -> 0

Sheet 2024.07
A1: 2024.07
A3: Nextury Technology Fund | B3: Suma, EUR | C3: Investuota | D3: Mokestis | E3: Kaina | F3: Kiekis | H3: Įnešta | I3: Investuota | J3: Mokestis
A4: 45502 | B4: 50 | C4: 49.01 | D4: =B4-C4 -> 0.99 | E4: 289.4636 | F4: =C4/E4 -> 0.1693 | H4: =B9+B18 -> 50 | I4: =C9+C18 -> 49.01 | J4: =D9+D18 -> 0.99
A9: Viso: | B9: =SUM(B4:B8) -> 50 | C9: =SUM(C4:C8) -> 49.01 | D9: =SUM(D4:D8) -> 0.99 | F9: =SUM(F4:F8) -> 0.1693
A12: Nextury Asia Technology Fund | B12: Suma, EUR | C12: Investuota | D12: Mokestis | E12: Kaina | F12: Kiekis
A18: Viso: | B18: =SUM(B13:B17) -> 0 | C18: =SUM(C13:C17) -> 0 | D18: =SUM(D13:D17) -> 0 | F18: =SUM(F13:F17) -> 0

Sheet 2024.06
A1: 2024.06
A3: Nextury Technology Fund | B3: Suma, EUR | C3: Investuota | D3: Mokestis | E3: Kaina | F3: Kiekis | H3: Įnešta | I3: Investuota | J3: Mokestis
H4: =B9+B18 -> 0 | I4: =C9+C18 -> 0 | J4: =D9+D18 -> 0
A9: Viso: | B9: =SUM(B4:B8) -> 0 | C9: =SUM(C4:C8) -> 0 | D9: =SUM(D4:D8) -> 0 | F9: =SUM(F4:F8) -> 0
A12: Nextury Asia Technology Fund | B12: Suma, EUR | C12: Investuota | D12: Mokestis | E12: Kaina | F12: Kiekis
A18: Viso: | B18: =SUM(B13:B17) -> 0 | C18: =SUM(C13:C17) -> 0 | D18: =SUM(D13:D17) -> 0 | F18: =SUM(F13:F17) -> 0

Sheet 2024.05
A1: 2024.05
A3: Nextury Technology Fund | B3: Suma, EUR | C3: Investuota | D3: Mokestis | E3: Kaina | F3: Kiekis | H3: Įnešta | I3: Investuota | J3: Mokestis
H4: =B9+B18 -> 50 | I4: =C9+C18 -> 49 | J4: =D9+D18 -> 1
A9: Viso: | B9: =SUM(B4:B8) -> 0 | C9: =SUM(C4:C8) -> 0 | D9: =SUM(D4:D8) -> 0 | F9: =SUM(F4:F8) -> 0
A12: Nextury Asia Technology Fund | B12: Suma, EUR | C12: Investuota | D12: Mokestis | E12: Kaina | F12: Kiekis
A13: 45439 | B13: 50 | C13: 49 | D13: =B13-C13 -> 1 | E13: 96.4352 | F13: =C13/E13 -> 0.5081
A18: Viso: | B18: =SUM(B13:B17) -> 50 | C18: =SUM(C13:C17) -> 49 | D18: =SUM(D13:D17) -> 1 | F18: =SUM(F13:F17) -> 0.5081

Sheet 2024.04
A1: 2024.04
A3: Nextury Technology Fund | B3: Suma, EUR | C3: Investuota | D3: Mokestis | E3: Kaina | F3: Kiekis | H3: Įnešta | I3: Investuota | J3: Mokestis
H4: =B9+B18 -> 0 | I4: =C9+C18 -> 0 | J4: =D9+D18 -> 0
A9: Viso: | B9: =SUM(B4:B8) -> 0 | C9: =SUM(C4:C8) -> 0 | D9: =SUM(D4:D8) -> 0 | F9: =SUM(F4:F8) -> 0
A12: Nextury Asia Technology Fund | B12: Suma, EUR | C12: Investuota | D12: Mokestis | E12: Kaina | F12: Kiekis
A18: Viso: | B18: =SUM(B13:B17) -> 0 | F18: =SUM(F13:F17) -> 0

Sheet 2024.03
A1: 2024.03
A3: Nextury Technology Fund | B3: Suma, EUR | C3: Investuota | D3: Mokestis | E3: Kaina | F3: Kiekis | H3: Įnešta | I3: Investuota | J3: Mokestis
H4: =B9+B18 -> 0 | I4: =C9+C18 -> 0 | J4: =D9+D18 -> 0
A9: Viso: | B9: =SUM(B4:B8) -> 0 | C9: =SUM(C4:C8) -> 0 | D9: =SUM(D4:D8) -> 0 | F9: =SUM(F4:F8) -> 0
A12: Nextury Asia Technology Fund | B12: Suma, EUR | C12: Investuota | D12: Mokestis | E12: Kaina | F12: Kiekis
A18: Viso: | B18: =SUM(B13:B17) -> 0 | F18: =SUM(F13:F17) -> 0

Sheet 2024.02
A1: 2024.02
A3: Nextury Technology Fund | B3: Suma, EUR | C3: Investuota | D3: Mokestis | E3: Kaina | F3: Kiekis | H3: Įnešta | I3: Investuota | J3: Mokestis
H4: =B9+B18 -> 0 | I4: =C9+C18 -> 0 | J4: =D9+D18 -> 0
A9: Viso: | B9: =SUM(B4:B8) -> 0 | C9: =SUM(C4:C8) -> 0 | D9: =SUM(D4:D8) -> 0 | F9: =SUM(F4:F8) -> 0
A12: Nextury Asia Technology Fund | B12: Suma, EUR | C12: Investuota | D12: Mokestis | E12: Kaina | F12: Kiekis
A18: Viso: | B18: =SUM(B13:B17) -> 0 | F18: =SUM(F13:F17) -> 0

Sheet 2024.01
A1: 2024.01
A3: Nextury Technology Fund | B3: Suma, EUR | C3: Investuota | D3: Mokestis | E3: Kaina | F3: Kiekis | H3: Įnešta | I3: Investuota | J3: Mokestis
A4: 45317 | B4: 100 | C4: 98 | D4: =B4-C4 -> 2 | E4: 248.0482 | F4: =C4/E4 -> 0.3951 | H4: =B9+B18 -> 100 | I4: =C9+C18 -> 98 | J4: =D9+D18 -> 2
A9: Viso: | B9: =SUM(B4:B8) -> 100 | C9: =SUM(C4:C8) -> 98 | D9: =SUM(D4:D8) -> 2 | F9: =SUM(F4:F8) -> 0.3951
A12: Nextury Asia Technology Fund | B12: Suma, EUR | C12: Investuota | D12: Mokestis | E12: Kaina | F12: Kiekis
A18: Viso: | B18: =SUM(B13:B17) -> 0 | F18: =SUM(F13:F17) -> 0
